S01B000074726F6E5F70646D5F6465746563745F6370752E7372656327
S315020000008008042269990002059700026599000298
S3150200001065990002659900026599000265990002D8
S3150200002000000000000000000000000065990002C8
S3150200003065990002000000006599000265990002B8
S3150200004015760002A9770002CD780002B179000286
S31502000050F5870002C5890002B56E00020D6F000227
S30902000060498E0002BB
S3150200006400000000000018A00000000000000000CC
S315020000740000000001010000020900000000000067
S315020000840CE402028A02000001000000F0E302020C
S3150200009401020000E0E30202D0E3020210000000C3
S315020000A4000000000000000001020000C0E302029A
S315020000B4D0E302021000000000000000000000006D
S315020000C401020000B0E30202D0E3020210000000C3
S315020000D4000000000000000001020000A0E302028A
S315020000E4D0E302021000000000000000000000003D
S315020000F40102000090E3020284E302020800000007
S3150200010400000000000000000102000070E3020289
S315020001145CE30202140000000100000040E3020254
S315020001240109000030DF020224DF0202100400008B
S315020001340100000010DF020201020000D0DE02020A
S31502000144C4DE0202400000000100000030DE0202AA
S3150200015401090000B0DC020290DC02028001000008
S315020001640100000040DC02020102000020DC02025F
S315020001740CDC02022000000001000000B8DB0202CF
S315020001840109000080DA020264DA02023801000080
S315020001940100000034DA0202020900000000000035
S315020001A420DA02028A02000001000000F0E30202E1
S315020001B402090000000000000CDA020290010000AD
S315020001C401000000F0D9020202090000000000004A
S315020001D4DCD902029001000001000000F0D90202FB
S315020001E40209000000000000C8D90202C80000008B
S315020001F401000000F0D9020202090000000000001A
S31502000204B4D90202C800000001000000F0D90202BB
S315020002140209000000000000A0D9020290010000B9
S31502000224010000008CD9020202090000000000004D
S3150200023478D9020290010000010000008CD9020262
S31502000244020900000000000064D90202D000000086
S31502000254010000008CD9020202090000000000001D
S3150200026458D90202D0000000010000008CD9020213
S3150200027402090000000000004CD902020500000039
S315020002840100000030D90202020900000000000049
S315020002944CD9020205000000010000001CD902022A
S315020002A400000000010300001D3201020B000000E1
S315020002B400800000000000000000000001030000AE
S315020002C4610501020A0000000004000000000000AB
S315020002D40000000001030000E90701020A00000011
S315020002E400800000000000004E4E3A202D206D735F
S315020002F400000000000000000000000000000000F2
S3150200030400000000000000000000000000000000E1
S3150200031400000000000000000000000000000000D1
S31502000324000000000000000044455445435445447F
S315020003343A202D000000000000000000000000002A
S3150200034400000000000000000000000000000000A1
S315020003540000000000000000000000000000000091
S315020003640000000000000000A9650E00B0CE0202E3
S31502000374B8CE020201000000C8CE02020300000049
S315020003848A020000803E000001000000803E000058
S315020003940000000000000000000000000000803D94
S315020003A400007A46010000009803002201000000C2
S315020003B438E402020100000018E40202010201000C
S315020003C4D4CE0202A00F0000040005000804002295
S315020003D40100000000000000000000C30000803B92
S315020003E4010000000300000054E4020201010100BE
S315020003F458E4020200000000020000008A02000023
S315020004048D470102BC03002270B8042201000000D9
S3150200041401000000000000000000000002000000CD
S315020004240400000001000000FC030022000000009A
S315020004340D0000000AD7A33C0AD7A33C2000000003
S31502000444000100006500000000000000000000003A
S3150200045448E17A3F0100000001000000DCCE0202FE
S315020004640000000000000000E4CE0202ECCE02020C
S31502000474F4CE0202FCCE020204CF02020100000004
S31502000484240400220000000084B80422ECB80422EA
S3150200049454B904220000000000000000000000001D
S315020004A40000000000000000000000000000000040
S315020004B40000000000000000000000000000000030
S315020004C40000000000000000000000000000000020
S315020004E00348044B834202D0034B03B118477047BB
S315020004F0700400227004002200000000064B074927
S31502000500C91A891048BF0131491003D0044B0BB1F7
S3150200051001481847704700BF700400227004002289
S315020005200000000010B5064C237843B9FFF7D8FF48
S31502000530044B13B10448AFF300800123237010BDAE
S31502000540882C04220000000028F1C90208B5054BD8
S315020005501BB105490548AFF30080BDE80840FFF727
S31502000560CDBF00BF000000008C2C042228F1C90276
S315020005700DF0C6BB022800D0704708B54FF47A7159
S31502000580C82009F07BF80449044806F0EFFDBDE8EF
S315020005900840012009F07EB974650102A42C0422E8
S315020005A008B5FFF7E5FF002008BD00BF2DE9F04FB3
S315020005B085B0BDF93860BDF93CC056B3BCF1000F39
S315020005C027DD98460023A2F1100722F00F0B914671
S315020005D01A463744A8F110066644BFB2B6B207F10E
S315020005E00F0E2EF00F0E06F10F0C2CF00F0C28F04A
S315020005F00F0A6BF30F036EF30F020D466AF31F43E6
S315020006006CF31F4202A904460293039206F07CFA97
S3150200061018B9002005B0BDE8F08F2046294605F03E
S3150200062083FA95F8D5303FB2980736B233D4D90754
S3150200063000F14A8100232946204602AA009302F0CD
S3150200064013FD064600232946204602AA04F03CFE74
S315020006500023294602AA204605F0FCFF0022D4F810
S31502000660B83103F10801C4F8B811C3E90026D4F879
S31502000670BC31013B9342C4F8BC3103DC2046D4F8BA
S31502000680C03198472046002202A905F00BFD012041
S3150200069005B0BDE8F08FDA0700F1168149EA0703D3
S315020006A048EA06021B0702F00F0200F0C982BDF9F2
S315020006B00830D4F8B811A3EB09031B0303F5803302
S315020006C001F10800C4F8B8014B6004230B60D4F8AA
S315020006D0BC31013BC4F8BC31002A00F00582002B74
S315020006E003DC2046D4F8C03198470A214FF4803201
S315020006F0D4F8B83103F10800C4F8B801C3E900120E
S31502000700D4F8BC31013B002BC4F8BC3103DC2046D3
S31502000710D4F8C031984700221021D4F8B83103F139
S315020007200800C4F8B801C3E90012D4F8BC31013B91
S315020007309342C4F8BC3103DC2046D4F8C031984752
S315020007400521BDF90830D4F8B821FF1A3B0303F599
S31502000750803302F10800C4F8B801C2E90013D4F8E4
S31502000760BC31013B002BC4F8BC3103DC2046D4F873
S31502000770C03198470B22D4F8B831DA4903F10800A0
S31502000780C4F8B801C3E90021D4F8BC31013B002BFF
S31502000790C4F8BC3103DC2046D4F8C03198470022A5
S315020007A01121D4F8B83103F10800C4F8B801C3E93D
S315020007B00012D4F8BC31013B9342C4F8BC3103DCCD
S315020007C02046D4F8C03198470621BDF90A30D4F83C
S315020007D0B821A3EB08031B0303F5803302F10800DB
S315020007E0C4F8B801C2E90013D4F8BC31013B002BAE
S315020007F0C4F8BC3103DC2046D4F8C0319847D4F89B
S31502000800B831002103F10802C4F8B8210C22C3E969
S315020008100021D4F8BC31013B8B42C4F8BC3103DC65
S315020008202046D4F8C0319847D4F8B8314FF4803115
S3150200083003F10802C4F8B8211222C3E90021D4F850
S31502000840BC31013B002BC4F8BC3103DC2046D4F892
S31502000850C03198470721BDF90A30D4F8B821F61AF3
S31502000860330303F5803302F10800C4F8B801C2E984
S315020008700013D4F8BC31013B002BC4F8BC3103DCB5
S315020008802046D4F8C031984700220D21D4F8B83159
S3150200089003F10800C4F8B801C3E90012D4F8BC3168
S315020008A0013B9342C4F8BC3103DC2046D4F8C03184
S315020008B098471322D4F8B83103F10801C4F8B811E5
S315020008C08849C3E90021F7E00421BDF90830D5F8CB
S315020008D01021A3EB090302FB03F302EB1312D4F874
S315020008E0B83103F10800C4F8B801C3E90012D4F81C
S315020008F0BC31013B002BC4F8BC3140F37E810A2295
S31502000900D4F8B831D5F8101103F10800C4F8B801CB
S31502000910C3E90021D4F8BC31013B002BC4F8BC3139
S3150200092040F3898100221021D4F8B83103F108007E
S31502000930C4F8B801C3E90012D4F8BC31013B9342B2
S31502000940C4F8BC3140F372810521BDF90830D5F8EF
S315020009501021FB1A02FB03F302EB1312D4F8B8318F
S3150200096003F10800C4F8B801C3E90012D4F8BC3197
S31502000970013B002BC4F8BC3140F353810B21D5F85F
S3150200098010315A42D4F8B83103F10800C4F8B8015C
S31502000990C3E90012D4F8BC31013B002BC4F8BC31C8
S315020009A040F33A8100221121D4F8B83103F108004C
S315020009B0C4F8B801C3E90012D4F8BC31013B934232
S315020009C0C4F8BC3140F30F810621BDF90A30D5F8CF
S315020009D01021A3EB080302FB03F302EB1312D4F874
S315020009E0B83103F10800C4F8B801C3E90012D4F81B
S315020009F0BC31013B002BC4F8BC3140F3EF80D4F884
S31502000A00B831002103F10802C4F8B8210C22C3E967
S31502000A100021D4F8BC31013B8B42C4F8BC3140F30F
S31502000A20E7801222D4F8B831D5F8101103F1080084
S31502000A30C4F8B801C3E90021D4F8BC31013B002B4C
S31502000A40C4F8BC3140F3C580BDF90A30D5F810218F
S31502000A50F31A02FB03F302EB13120723D4F8B811BD
S31502000A6001F10800C4F8B801C1E90032D4F8BC317A
S31502000A70013B002BC4F8BC3140F3C98000220D2192
S31502000A80D4F8B83103F10800C4F8B801C3E900127A
S31502000A90D4F8BC31013B9342C4F8BC3140F3B28076
S31502000AA0D4F8B831D5F8102103F10801C4F8B81109
S31502000AB013215242C3E90012D4F8BC31013B002B88
S31502000AC0C4F8BC3103DC2046D4F8C03198470F265F
S31502000AD0042300962946204602AA02F0C5FA0646D3
S31502000AE0B0E500BF0000FFFF002B03DC2046D4F870
S31502000AF0C0319847D4F8B8314FF4803103F1080277
S31502000B00C4F8B8210A22C3E90021D4F8BC31013B5A
S31502000B10002BC4F8BC3103DC2046D4F8C031984718
S31502000B20D4F8B831002103F10802C4F8B821102222
S31502000B30C3E90021D4F8BC31013B8B42C4F8BC3175
S31502000B4003DC2046D4F8C03198470521BDF90830A8
S31502000B50D4F8B821FB1A1B0303F5803302F108000F
S31502000B60C4F8B801C2E90013D4F8BC31013B002B2A
S31502000B70C4F8BC3103DC2046D4F8C03198470B22B6
S31502000B80D4F8B83103F10801C4F8B8117449C3E9BD
S31502000B900021D4F8BC31013B002BC4F8BC3103DC84
S31502000BA02046D4F8C031984700221121D4F8B83132
S31502000BB003F10800C4F8B801C3E90012D4F8BC3145
S31502000BC0013B9342C4F8BC3140F3C480032602239E
S31502000BD07FE72046D4F8C031984735E72046D4F857
S31502000BE0C03198470BE72046D4F8C0319847EBE668
S31502000BF02046D4F8C031984713E72046D4F8C031CE
S31502000C0098477CE62046D4F8C031984748E7204604
S31502000C10D4F8C031984731E72046D4F8C031984716
S31502000C20C0E62046D4F8C0319847A7E62046D4F855
S31502000C30C031984788E62046D4F8C031984771E615
S31502000C40002A3FF4F7AC0421BDF90A30D4F8B821E2
S31502000C50A3EB08031B0303F5803302F10800C4F873
S31502000C60B801C2E90013D4F8BC31013B002BC4F829
S31502000C70BC3103DC2046D4F8C0319847D4F8B831E9
S31502000C80002103F10802C4F8B8210A22C3E90021AF
S31502000C90D4F8BC31013B8B42C4F8BC3103DC20469C
S31502000CA0D4F8C0319847D4F8B8314FF4803103F103
S31502000CB00802C4F8B8211022C3E90021D4F8BC31D5
S31502000CC0013B002BC4F8BC3103DC2046D4F8C0310A
S31502000CD098470521BDF90A30D4F8B821F31A1B0347
S31502000CE003F5803302F10800C4F8B801C2E9001323
S31502000CF0D4F8BC31013B002BC4F8BC3103DC2046DE
S31502000D00D4F8C031984700220B21D4F8B83103F148
S31502000D100800C4F8B801C3E90012D4F8BC31013B9B
S31502000D209342C4F8BC3103DC2046D4F8C03198475C
S31502000D301122D4F8B83103F10801C4F8B8110849F0
S31502000D40C3E90021D4F8BC31013B002BC4F8BC3105
S31502000D503FF73CAF2046D4F8C031984736E700BF8C
S31502000D600000FFFF30B594468E461C4683B0BDF99F
S31502000D701850816A72466346CDE90045FFF716FCB4
S31502000D80002003B030BD00BF10B582B0BDF91040DF
S31502000D9000930194B0F86EE0B0F87030134401EBA2
S31502000DA00E021BB2C16A12B2FFF700FC002002B0AB
S31502000DB010BD00BF2DE9F04FB0F96C4091B0002C88
S31502000DC0BDF968C044DD102C0F4606469846C16A36
S31502000DD00BD091F8D730012B3ED1B1F9D830A342CE
S31502000DE03ADD91F8D530DB0736D41FFA8CFA95B284
S31502000DF0A2B2AB1AB8B20AEB420B0FFA83F90FFA98
S31502000E008BFB821A4B46079012B230460094CDF8FD
S31502000E1004B0FFF7CBFBCDE900844B463A46F16AB4
S31502000E203046FFF7C3FB0798CDF804B000EB080283
S31502000E3000944B46F16A12B230465544FFF7B6FBB0
S31502000E40F16A3A463046CDE900842BB2FFF7AEFB93
S31502000E50002011B0BDE8F08FBFB292B2A8F1080827
S31502000E60ACF1080C94440194B844C4F34F04083F0F
S31502000E70083A3F1B121BA044644492B2BFB21FFA47
S31502000E8088F8A4B2ADF82220ADF82620ADF820707D
S31502000E90ADF82C70ADF82480ADF82880ADF82A4064
S31502000EA0ADF82E40002304259DED907E0CAA82ED1E
S31502000EB0807E3046CDE903330295009504F0C8FAE8
S31502000EC0002011B0BDE8F08F2DE9F04105461C4621
S31502000ED00F46904682B0BDF9206020340096FFF797
S31502000EE069FF2036284604F0E1FD36B2A8F1100368
S31502000EF0A7F1100224B2A96A1BB212B22846CDE9A2
S31502000F000046FFF753FB284604F0F4FD002002B02A
S31502000F10BDE8F0812DE9F04104460E4617461D460E
S31502000F2082B0BDF920800093CDF80480B0F870300D
S31502000F301344B0F86E201BB20A4412B2C16AFFF71C
S31502000F4035FB204604F0B2FDA16A3B4632462046F6
S31502000F50CDE90058FFF72AFB204604F0CBFD00201E
S31502000F6002B0BDE8F08100BF2DE9F0410446D0F899
S31502000F707230D0F87620806E82B0C7060D46CDE973
S31502000F800032616C01D403294FDD204601F098F846
S31502000F901922D4F8B83103F10801C4F8B811C3E92B
S31502000FA00025D4F8BC31013B002BC4F8BC3103DC6C
S31502000FB02046D4F8C03198470022D4F8B83103F15C
S31502000FC00801C4F8B811C3E90022D4F8BC31013BC8
S31502000FD09342C4F8BC3103DC2046D4F8C0319847AA
S31502000FE00121636DD4F8B82143F0A07343F4805312
S31502000FF002F10800C4F8B801C2E90013D4F8BC3102
S31502001000013B002BC4F8BC3103DC2046D4F8C031C6
S31502001010984700222046694605F044F8204601F02A
S315020010204FF8002002B0BDE8F081042797FBF1F7E4
S31502001030206C90FBF7F107FB11000028A5D1E16BAC
S315020010408E07A2D1E16C88079FD143F30B100FFAEA
S3150200105083FC002899D1013942F30B10884216B25B
S3150200106093D1A16C072900F3CB80002910DB072955
S315020010700ED8DFE801F004D90DC80D0DC2B205F095
S315020010807F4141EA15612D0E41EA054141EA0525F6
S31502001090A6EB0C0820461E14C6EB224601F010F8F9
S315020010A01922D4F8B8314FEA281803F10801C4F816
S315020010B0B811C3E90025D4F8BC313611013B002B27
S315020010C008F1010806F10106C4F8BC3103DC20462A
S315020010D0D4F8C0319847D4F8B83103F10802C4F8FD
S315020010E0B8210022C3E90022D4F8BC31013B934265
S315020010F0C4F8BC3103DC2046D4F8C0319847D4F892
S31502001100B831624903F10802C4F8B8210122C3E9E1
S315020011100021D4F8BC31013B002BC4F8BC3103DCFE
S315020011202046D4F8C0319847236C1F2193FBF7F36E
S31502001130D4F8B8219BB202F10800C4F8B8011160D4
S315020011405360D4F8BC31013B002BC4F8BC3103DC3C
S315020011502046D4F8C0319847B8FBF7F31E21D4F8DD
S31502001160B82143EA064302F10800C4F8B801C2E90D
S315020011700013D4F8BC31013B002BC4F8BC3103DCAC
S315020011802046D4F8C0319847636C022B6BD0042BEF
S3150200119057D0012B7FF442AF2020BDF90220BDF9C2
S315020011A00030216C12111B1101FB0233D4F8B82155
S315020011B0E16B02F108051944C4F8B851C2E900010D
S315020011C0D4F8BC31013B002BC4F8BC313FF726AF43
S315020011D02046D4F8C031984720E705F0F0014FEADF
S315020011E0152E41EA157128090EF47045294300F4BB
S315020011F07060014301EB01454AE74FEA356547E76F
S3150200120041297FF445AF290C280B00F4706001F4E4
S3150200121070410143280A00F0F000C5F303150143AB
S31502001220294301EB014533E7290A680901F47841AC
S3150200123000F4FC60C5F3C4050143294301EB0145F3
S3150200124026E7BDF90220BDF90030216C12111B11EF
S3150200125001FB0233D4F8B821E16B202002F1080524
S3150200126001EB8301A8E7BDF90220BDF90030216C2C
S3150200127012111B1101FB0233D4F8B821E16B2020B5
S3150200128002F1080501EB430196E700BF0010600179
S315020012902DE9F04106464FF4BE7003F093FF044673
S315020012A0002800F096806FF07F424FF07F43466041
S315020012B0C4E902224FF4B05200254FF48031C4E94A
S315020012C05333C4F854314FF0FF3702201023C4F8C9
S315020012D01C214FF47032C4F8101184F8D50027612E
S315020012E0C4F8285184F80E51A382D6F88030C4F887
S315020012F03421042284F8E9204FF4002213F0006F0F
S315020013003B4B08BF4FF480039FED356B9FED367B59
S3150200131040F2011E4FF0400CC4F82C214FF0AA08EF
S315020013200122C4E94F55C4F82031C4F84451706D06
S3150200133084ED317F034343F4012343F4C063C4E9DC
S315020013404581C4F82431C4F83011C4F8162084F853
S31502001350D420A4F8D6E0C4F8D8C004F11C0084F85E
S315020013600F51C4E93F55A4F80C21C4E94155C4F80C
S31502001370485101F071FE04F1340001F06DFE04F1F2
S315020013804C0001F069FE04F1640001F065FE04F10F
S315020013907C0001F061FE04F1940001F05DFE04F1AF
S315020013A0AC0001F059FE0C22124B3046C4F8E43070
S315020013B02146C4E93757C4F8387184F8E82005F0A5
S315020013C031F8F36920462360F46186F8C651BDE818
S315020013D0F081012586F8C6512046BDE8F08100BF9E
S315020013E0AA00000004000000000000001000000037
S315020013F0080040200103030303464FF0000C10B41B
S315020014005C6A023122F07F4244F82120596A604622
S3150200141091F80E2142F0010281F80E2183F8C6C12D
S315020014205DF8044B704700BF00B5436A024693F865
S3150200143012C093F80E018C4540F0010E18BF40F021
S31502001440070083F80EE118BF83F80E01987D9974A0
S31502001450C0074FF0000044BF0906C3F84C1182F8DA
S31502001460C6015DF804FB00BF00B5436A024693F865
S3150200147016C093F80E018C4540F0010E18BF40F0DD
S315020014800700997583F80EE118BF83F80E01C907A4
S3150200149058BF4FF07F414FF0000044BF997C0906C8
S315020014A0C3F84C1182F8C6015DF804FB10B4446A15
S315020014B0032994F80E31844643F0010384F80E3171
S315020014C027D81A4B53F82110032A22D8DFE802F054
S315020014D02B04022841F480610022D4F82001D4F8BA
S315020014E02C31C4F81C110343DCF854000343D4F82E
S315020014F03C010343D4F840010343D4F844010343B7
S315020015000B43C4F824318CF8C62110465DF8044B0F
S31502001510704710228CF8C62110465DF8044B7047BE
S3150200152041F4A051D8E741F48051D5E77C6A010223
S3150200153030B4426A034692F8D50059B1002440F00D
S3150200154002010020C2F8284182F8D51083F8C601AC
S3150200155030BC70474FF480354FF0100C4FF4FC440A
S3150200156000F0FC01C2F81051A2F814C0E9E700BF6E
S315020015706FF07F43D0F84C11027C90F811C0090A33
S3150200158001FB023201FB0C3390F80E1102F07F428E
S3150200159003F07F4321F00201C0E9542380F80E11C3
S315020015A0704700BF2DE9F04F87B0BDF944E0BDF9A1
S315020015B0407091F8D5B01FFA8EFCA7EB0C061BF013
S315020015C0010FA3EB0C0C1546DDE9128904461FFA3E
S315020015D086FA1FFA8CF0149A36B20FFA8CFC00F0D7
S315020015E0C680C3F108030393C7F10803049306FBFD
S315020015F006F30CFB0C3303F1FF00002BB8BF0346C6
S31502001600B1F914A0D1F8100166440EEBDE7106EBB7
S315020016106106F117A6FB00764FEAE37B059700FB0E
S3150200162001661F12002A40F0528172464FF078403E
S31502001630D3174FF0FF3113F05DFF524650EA0F21E8
S31502001640D31713F057FF0BFB00FB07FB01BBA0FBF5
S3150200165007371BEB070702D50F3347F100079A46F8
S31502001660BB46059B019600935AEA2F1BDDE90067EC
S3150200167056EA0F17BAEB06026BEB07061346321E43
S3150200168002DAFF3342F100021E46174600290B46D4
S3150200169056EA2F2705DA40F6FF73C318184641F1BA
S315020016A000039B4682465AEA2F3B039B2A1D03FBF5
S315020016B00AF77F00002F07F10F03B8BF1F46049BEE
S315020016C03F1103FB0AFB4FEA4B0B0BF10F03BBF176
S315020016D0000FB8BF9B46D4F8B8314FEA2B1B03F173
S315020016E00801B9F1000F7CD07642A6EB0806C4F8D1
S315020016F0B8111A605E60D4F8BC31013B002BC4F805
S31502001700BC3103DC2046D4F8C0319847D4F8B8314E
S315020017107F4203F10802C4F8B8216A1D5F601A60AD
S31502001720D4F8BC31013B002BC4F8BC3103DC2046A3
S31502001730D4F8C0319847D4F8B831CBF1000703F199
S315020017400802C4F8B82105F11002C3E90027D4F84B
S31502001750BC31013B002BC4F8BC3103DC2046D4F873
S31502001760C0319847D4F8B831CAEBCA7A74E050EA65
S315020017700A0000F09980C3F10801724BC7F108070D
S3150200178093FBFEFA06FB06F366440CFB0C3C8CFB51
S315020017900A2C63464FEAEA0A0AFB01F10AFB07FB37
S315020017A04F004FEA4B0B002F52EAEF2307F10F03CC
S315020017B0B8BF1F46BBF1000F0BF10F03B8BF9B4624
S315020017C00EEBDE7E06EB6E06A2EB06363F114FEA05
S315020017D02B1BD4F8B8312A1D03F10801B9F1000F09
S315020017E082D14644C4F8B811C3E90026D4F8BC3104
S315020017F0013B002BC4F8BC3103DC2046D4F8C031CF
S315020018009847D4F8B8316A1D03F10801C4F8B81133
S31502001810C3E90027D4F8BC31013B002BC4F8BC3124
S3150200182003DC2046D4F8C0319847D4F8B83103F126
S315020018300802C4F8B82105F11002C3E9002BD4F856
S31502001840BC31013B002BC4F8BC3103DC2046D4F882
S31502001850C0319847D4F8B83103F108014FEA4A0675
S3150200186005F10B02C4F8B811C3E90026D4F8BC315D
S31502001870013B002BC4F8BC3103DC2046D4F8C0314E
S315020018809847D4F8B831113503F10802C4F8B821E3
S31502001890C3E90056D4F8BC31013B002BC4F8BC3175
S315020018A049DD07B0BDE8F08F274BCEF1080793FB61
S315020018B0FEFA0AFB07F77F00002F07F10F03B8BFF6
S315020018C01F46CEEB4E563F11BB46F60281E7D4F8D1
S315020018D080305B017FF5A9AE4FF0784393FBFEF3B0
S315020018E09B0193FBFAF3039A4FEA231A049902FB2C
S315020018F00AF201FB0AFB002A83FB071002F1070327
S31502001900B8BF1A46BBF1000F0BF10703B8BF9B46DF
S3150200191000284FEAE2074FEAEB0B04DA11F10F0354
S31502001920194640F100000A46034652EA2F1305996A
S31502001930A2EB81064DE72046D4F8C03107B0BDE8D8
S31502001940F04F18470000C0FF0000F8FFF8B5064642
S3150200195014200D46B76903F035FC002835D0002364
S315020019608560C360B36E044605EB8505D8074FEA6A
S31502001970850113D5084603F025FC606010B30023E9
S315020019802361B36ED90705D4D6F88430DA0613D4A8
S315020019909B0707D4002323602046F8BD304603F098
S315020019A04FFCEAE7A268042102EB82023846920063
S315020019B007F044F82061EDE70146384607F048F89B
S315020019C02061E7E7204603F0FFFB0024E4E700BFBF
S315020019D0F8B5876911B306460C460CE0304603F0AB
S315020019E051FC2A691AB1D6F884309B070DD42846D1
S315020019F003F0EAFB94B12546B36E2468DA076968F8
S31502001A00ECD5084603F0E0FBEBE73846042107F085
S31502001A1019F8284603F0D8FB002CECD1F8BD00BF1C
S31502001A2010B583680446186838B100224368C2605C
S31502001A3023618368A060E36110BD216A2068FFF715
S31502001A4085FF10B1A3681860EFE71522236883F8B3
S31502001A50C72110BD2DE9F0414569044682B0002D2B
S31502001A603CD0C169AB69002933D10268012BD2F897
S31502001A70188040F2978086682F69B268736802EB15
S31502001A80820203EB820307EB8207F26800690AB15E
S31502001A901760F160834207D91A1A013A22F003024B
S31502001AA08021043214F05CF8D6E90123102603EBF8
S31502001AB0830329699B004046009606F0CDFFAB6979
S31502001AC02F61013BAB61204602B0BDE8F041FFF752
S31502001AD0A7BF012B23D002B0BDE8F08140F2FF314F
S31502001AE00369774A1A6003695D6006698368321D75
S31502001AF0DA600369996003F10C02C3690261013B72
S31502001B00C0E90653FFF78CFF236893F9C731002B10
S31502001B107DD1A3685B68736002B0BDE8F081E969B4
S31502001B2002680129D2F8188041D9EE680139A768FE
S31502001B30E9617068002800F0AE80FB68002B55D082
S31502001B4018600023FB60A2692369032A0FD8DFE825
S31502001B5002F05840023340F2FF311A88D96042F04F
S31502001B60004242F400021A6003F1100222610021CF
S31502001B701027E369A268013BE361A161D2E901236F
S31502001B8003EB830329699B004046009706F064FF36
S31502001B907368002B97D0331DEB6072686B692A61FC
S31502001BA0AB6190E7E9690129BFD88CD1012B04BF4B
S31502001BB0152382F8C73186E71A6822F07F4242F07F
S31502001BC000421A6040F2FF321A612369143323611C
S31502001BD0CDE740F2FF311A78996042F0802242F452
S31502001BE000021A6003F10C022261C0E72369344A3B
S31502001BF01A60236958602369A2680433D360236993
S31502001C00083340F2FF3243F8042B2361AFE723691E
S31502001C10A269A3F10C012161032A11D8DFE802F0BF
S31502001C20162D1E0240F2FF3153F80C2C596022F099
S31502001C307F4242F0004243F80C2C2369143323619D
S31502001C400022E369013BC4E9062344E740F2FF317F
S31502001C50A3F1080243F80C1C2261F1E7194640F28F
S31502001C60FF3033F80C2C42F0004242F4000243F8F3
S31502001C700C2C41F8040B2161E2E740F2FF3113F824
S31502001C800C2C43F8041C42F0802242F4000243F872
S31502001C900C2C2361D4E7AA68042102EB8202404697
S31502001CA0920006F0CBFE706000287FF446AF012258
S31502001CB0236883F8C721706800283FF444AF3CE7E5
S31502001CC03280808083690269032B0CD8DFE803F037
S31502001CD0100220111146137843F0802343F40003C7
S31502001CE041F8083B01610022C369013BC0E90623B2
S31502001CF0704711461368002223F07F4343F00043E6
S31502001D0041F8103BC3690161013BC0E90623EFE7D5
S31502001D1011461388002243F0004343F4000341F8BE
S31502001D200C3BC3690161013BC0E90623E0E700BF42
S31502001D3010B504460068816E11F0200104D13B22E1
S31502001D4000F5BC7013F00CFF63686269C4E90233E4
S31502001D5062B11368D36063691A6812681A616369AB
S31502001D605A68DA6163695A699A6163680022596836
S31502001D7021619B68E262C4E9062310BD2DE9F047A2
S31502001D804FF000080D4686692C6814F0803F14D087
S31502001D90B4F1803F3DD02204E7B23CD5322F00F0A9
S31502001DA09680394630466A6801F032FA202F65D0AD
S31502001DB0AC68083514F0803FEAD15FFA84FA5146DE
S31502001DC030466A6801F024FABAF1200FC4F30729F3
S31502001DD0C4F307474FEA14644CD049463046AA6812
S31502001DE001F016FAB9F1200F40D039463046EA68BA
S31502001DF001F00EFA202F35D0214630462A6901F02D
S31502001E0007FA202C2AD01435BEE7002C42DBFF2F1E
S31502001E1017D00435B8E72302F7D5FF2FC4F30724FA
S31502001E2030D0394630466A6801F0F2F9202F55D093
S31502001E3021463046AA6801F0EBF9202C4AD00C352F
S31502001E40A2E7C4F30728B8F1020F02D0B8F1040FD3
S31502001E503DD13046043501F0E1F995E7304601F00F
S31502001E60DDF9D0E7304601F0D9F9C5E7304601F091
S31502001E70D5F9BAE7304601F0D1F9AEE7304601F0BE
S31502001E80CDF995E7022C21D1304601F0C7F9A046DB
S31502001E90043579E7394630466A6801F0B9F9202FE8
S31502001EA0C4F30729C4F3074424D049463046AA6836
S31502001EB001F0AEF9B9F1200F18D021463046EA6892
S31502001EC001F0A6F9202C0DD010355DE7A04640465C
S31502001ED0BDE8F087304601F0A1F9B0E7304601F0DF
S31502001EE09DF9A5E7304601F099F9EDE7304601F094
S31502001EF095F9E2E7304601F091F9D6E72DE9F04F80
S31502001F00876EC468D0E96D5117F02007A1EB05086A
S31502001F1081462268A66983B04FEAE80851D1A942F0
S31502001F20236945D002F5BC718946DFF890A10835D0
S31502001F3002F18C0B019005E00137B84505F1080561
S31502001F4034D9226892F9C72103EB860E701C6ABB4C
S31502001F5055E9022C1AF8021061B119F9021019B1E9
S31502001F605BF822106145E7D04FF0010109F8021033
S31502001F704BF822C09A55CEF804C0E26A10F0030666
S31502001F8002F10102E262D7D1E2692369013A14330E
S31502001F90012A2361E261CFD82046A6610137FFF705
S31502001FA059FDB845236905F10805CAD8DDF804903C
S31502001FB0A6614023D9F8B421C9E96E2303B0BDE86E
S31502001FC0F08FE36A4344E36292F9C731002BF0D102
S31502001FD026B32069B8F1000FEBD0424605F108039B
S31502001FE001E0083386B153E90217013A815500EB45
S31502001FF0860106F101061D464F6006F0030608F14A
S31502002000FF38EED1002ED4D1002223691433236186
S31502002010E369013B012BC4E906234BD95FEA980722
S315020020204FF0000605D125E00136BE4205F1200536
S3150200203020D0236893F9C731E3B92A6823691A7055
S31502002040AA685A702A699A70AA69DA706A685A6026
S31502002050EA689A606A69DA60EA691A61E36922697A
S31502002060013B1432012B2261E361DDD82046FFF7E2
S31502002070F1FCD9E718F003089BD008F1010805F135
S31502002080080305EBC805AC460EE0A169206953E9D1
S3150200209002574A1C083300EB810602F0030263452D
S315020020A045547760A26184D0226892F9C721002A3A
S315020020B0EBD07EE72046FFF7CDFCAFE7906A010240
S315020020C038B50446FFF71AFFE06882690369032AF6
S315020020D00FD8DFE802F03326021940F2FF451A88CC
S315020020E003F1100142F0004242F400021A60DD6080
S315020020F001610022C369013B012BC0E9062323D9F2
S31502002100002084F8C60138BD40F2FF411A68196101
S3150200211022F07F4242F000421A60036914330361DF
S31502002120E7E740F2FF451A7803F10C0142F08022FC
S3150200213042F400021A609D600161DAE740F2FF4252
S3150200214043F8042B0361D4E7FFF784FC002084F8EC
S31502002150C60138BD38B50446FFF7D0FEE06882698D
S315020021600369032A0FD8DFE802F03326021940F288
S31502002170FF251A8803F1100142F0004242F40002E0
S315020021801A60DD6001610022C369013B012BC0E9CF
S31502002190062323D9002084F8C60138BD40F2FF2168
S315020021A01A68196122F07F4242F000421A600369FE
S315020021B014330361E7E740F2FF251A7803F10C01B5
S315020021C042F0802242F400021A609D600161DAE761
S315020021D040F2FF2243F8042B0361D4E7FFF73AFCEF
S315020021E0002084F8C60138BD2DE9F041036882B0AB
S315020021F09D6E15F0010526D1D0E90274BC428046D7
S315020022009E6912D0236830461BB1E2680AB11B6987
S315020022101360A368626803EB830321699B00009540
S3150200222006F01AFC2468A742ECD10025D8F81C0057
S31502002230A36862681B1A03EB8303216930469B007D
S31502002240009506F009FC02B0BDE8F08103689A6EBB
S31502002250D20720D42DE9F041D0E90264B442074600
S315020022609D690BD0A368626803EB830304212846A9
S315020022709B000FF069FA2468A642F3D1FA69A368B3
S3150200228028469B1A03EB830362680421BDE8F041EA
S315020022909B000FF059BA704703689A6ED20726D48C
S315020022A02DE9F041D0E90264B44207469D6911D096
S315020022B02368042128461BB1E2680AB11B69136030
S315020022C0A368226903EB83039B000FF03DFA24689F
S315020022D0A642EDD1FA69A36828469B1A03EB83034B
S315020022E022690421BDE8F0419B000FF02DBA704728
S315020022F02DE9F0410C46054682B008681746FFF7FD
S31502002300FDFDA2692369032A0FD8DFE802F04235F0
S31502002310022840F2FF311A88D96042F0004242F4A4
S3150200232000021A6003F1100222610022E369013BF6
S31502002330C4E90623EB6F002B55D06369002B46D008
S315020023406FBB00232046E361FFF784FBA268636943
S31502002350E260002B60D0186902B0BDE8F08140F25D
S31502002360FF311A68196122F07F4242F000421A6078
S31502002370236914332361D8E740F2FF311A78996052
S3150200238042F0802242F400021A6003F10C0222613A
S31502002390CBE740F2FF3243F8042B2361C5E7002561
S315020023A0206800F003FAE169A268D2E901235B1A08
S315020023B0616903EB830309699B00009506F04CFBF8
S315020023C02046FFF7B5FC002318466362C4E7D5F83A
S315020023D0843020469A0730D4DB0629D5FFF75CFF06
S315020023E0002FAED0ECE7D4F80880D8F8003053B30B
S315020023F0A36A01333C2BA3629FD1D8F8006000E0A8
S31502002400884631463668002EFAD12068FFF7E0FA90
S31502002410C8F80060A66290E7D5F8843013F0120F70
S3150200242002D01069002897D1206902B0BDE8F08178
S31502002430FFF70CFF002F84D0C2E7FFF7D5FE002F6F
S315020024403FF47FAFBCE7A36277E700BFB1F9343050
S315020024500A6B002B0FDD002310B41C46043A42F827
S31502002460044FB1F9340001339842F8DC00235DF8D9
S31502002470044BCB8670470023CB867047F8B5B1F97B
S315020024803400B1F93660431EB3420C461746096B57
S3150200249006DD731CB00041F82670E3860844F8BDD9
S315020024A0103000B2A0860122800002F08FFEB4F93D
S315020024B0343001469E422063EBDA35460022B000F4
S315020024C001EB860343F8042BB4F934C00135AC455D
S315020024D0F8DC731C41F82670E3860844F8BD00BF99
S315020024E02DE9F843002708604F61D0F87C80064644
S315020024F00C46B8F1000F74D0D8F8003020204B609B
S3150200250002F060FE05466061002867D0D8F8080030
S31502002510800002F057FE8146286000285ED0D8F877
S3150200252008106960D6F88830D8F8042003FB02F256
S31502002530AA60D8F804306B6171B1012307606A683A
S315020025409A4206D92A6842F823706A6801339A4287
S31502002550F8D8D5F80090AA68C5F80C9002EB82026A
S315020025600421B069920006F069FAC9F800002B68E6
S315020025701B68002B32D069686A692B61C5E906219E
S315020025806068E06050B300231022A06041682161B8
S3150200259081684020C4E90631C4E90A33A28602F002
S315020025A011FE2063D0B1636903B31B681A68B4F9DC
S315020025B03430002B09DD00231D46011F41F8045F5C
S315020025C0B4F9340001338342F8DB00232146304656
S315020025D0E386FFF753FF0120BDE8F8830020BDE83C
S315020025E0F8831146FFF7B2F96060CAE7D6F884208D
S315020025F0636812F0120F02D01A69002AD7D15A68FC
S31502002600D5E700BFF8B505464FF4EA7002F0DAFDE9
S315020026100446002857D000264FF0000202234FF44A
S315020026200011A0F8C621C0E90666C0E91236856621
S3150200263041650665FEF72CFEA6EE100B6A0684EDD2
S31502002640087F03D4702002F0BDFD0646002315F074
S31502002650040F0CBF05210421C4E90D33C4E90F336D
S31502002660C4E91B3384F8C63184F8C43163646367F2
S31502002670A4F87830636180EF50602B074FF0330087
S315020026804FF000054FF0010748BF21F00401221D5B
S315020026902663676682ED007F40F22712C4F888003F
S315020026A0E16504F18C0029462566E56713F058FAC0
S315020026B00822064BC4F88050196884F8C851216074
S315020026C084F8C5211C602046F8BD00BF642D042293
S315020026D070B5044600F076FDA06100285ED03B226C
S315020026E0002104F5BC7013F03BFAE56F7DB1D4F816
S315020026F088102046FFF72AF906462E602046D4F8AF
S315020027008810FFF723F930602B681A681360D4F833
S3150200271088202046114603F0EBF80346D4F88820B9
S3150200272023611146204603F0E3F8226903466061FD
S31502002730F2B1E8B10025C4E9022263604FF40070E9
S31502002740656302F03FFD184B4022C4F8C0310346D0
S315020027500A21C4E96D33A069C4F8BC2184F8C951C1
S3150200276006F0E6F848B9002384F8C631184670BD6B
S31502002770012384F8C631184670BDFF232A460A2172
S31502002780A06906F0ABF82A460A21A06906F0C2F84B
S31502002790FF2804BF012384F8C931E4E7052384F83E
S315020027A0C631184670BD00BFFD1E00028069704723
S315020027B0002843D038B5436E04468B420D4617D0E7
S315020027C0082B1AD0082929D003F0A8F90021626A39
S315020027D092F80E3143F0010382F80E31626A84F8F0
S315020027E0C611656692F80E3143F0010382F80E3186
S315020027F0002384F8C631184638BD426A616692F8EB
S315020028000E3143F0010382F80E3103F073F9082DFD
S315020028100CD0002384F8C631184638BD426A616678
S3150200282092F80E3143F0010382F80E31204603F08E
S315020028303DF9002384F8C631184638BD0220704798
S3150200284040B110B5044600F0F3FC002384F8C6310B
S31502002850184610BD022070472DE9F04F89B0DDE918
S31502002860127C149C07FB07FED4F810411CF0010FE2
S3150200287008BFA346804618BF4FF0000B03FB03E0D8
S315020028801CF0020F1D4608BFA2468946164618BF0F
S315020028904FF0000A02F01EFC159B240194FBF0F493
S315020028A003B11C60784204FB00F005FB04F44D44BE
S315020028B0241104FB05F50011374400FB1755149B40
S315020028C0C9F10001D3F810210AEB2513029300FB8C
S315020028D001F304FB163300FB06F604FB0166CDE9A1
S315020028E00504520802EB23120BEB261604920796F6
S315020028F09DED045F43460094424264420394019272
S315020029009DED007FA3EC045F83ED007FC8F82000F5
S3150200291009B0BDE8F08F00BF2DE9F04F89B0DDE9BF
S3150200292012B60BFB0BFC6FEA0609804603FB03C0DB
S315020029301D468A461746149C02F0CCFB4FF48013C0
S3150200294086F00206C6F340064FEA094993FBF0F009
S31502002950360409F4803904B12060CBF1000300FB90
S3150200296003F300FB05F41B115544CAF1000A03FBED
S315020029700AF2241104FB1722BB4403FB07F704FBEC
S315020029800A77CDE90534121102F5004209EB271741
S31502002990049207979DED045F424604FB05F503FB8F
S315020029A01B55009406EB2516594264420296019184
S315020029B003949DED007FA2EC045F82ED007FC8F8D0
S315020029C0203009B0BDE8F08F2DE9F04F89B0DDE97E
S315020029D01245EF4385F0020CCCF3400C3F04002B6A
S315020029E0DDF850904FEA0C4C07F4803704EB0205F1
S315020029F003EB01084ADB002C23DBC2F1000AA342E7
S31502002A004FEA0A3A69DD5E42240494FBF6F402FBBD
S31502002A1004FE04FB05F501FB04F64FEA2E1E2D11FA
S31502002A20C5EB0835AEEB013EAAEB2616C4F100084B
S31502002A30B9F1000F01D0C9F800304FF480337D4957
S31502002A4065E0C4F1000A4E429A454FEA063BC0F2DF
S31502002A5096801B0493FBFAF301FB03FE08FB03F8C3
S31502002A6002FB03F62D034FEA2E1EC5EB2815CEEB0D
S31502002A70023EABEB26165942B9F1000F01D0C9F856
S31502002A8000A04FF48034DFF8AC8140E0002CC0F2A5
S31502002A9091805E42A6424FEA013A52DD240494FB3B
S31502002AA0F3F401FB04F604FB05F502FB04FE4FEA10
S31502002AB00838C8F100083611A8EB2515C6EB023610
S31502002AC00AEB2E1EC4F10008B9F1000F01D0C9F8B5
S31502002AD000304FF48031574B19E01B0493FBF4F39B
S31502002AE003FB02F2121108FB03F8C2EB013603FBE9
S31502002AF001F12D03AAEB211E05EB28155942B9F166
S31502002B00000F38D04FF48038C9F80040494C06F51A
S31502002B100046CDE904647744079706939DED045F6A
S31502002B2002466544CDE90251CDF8048000939DED3D
S31502002B30007FA2EC045F82ED007F046209B0BDE86B
S31502002B40F08F1B0493FBF4F301FB03FE02FB03F677
S31502002B5008FB03F82D03C2F1000B4FEA2E1EAAEB67
S31502002B60261605EB2815CEEB0B3E5942B9F1000F9E
S31502002B7001D0C9F800404FF480382E4CC7E75E42B8
S31502002B80240494FBF6F401FB04F604FB05F502FBB0
S31502002B9004FEC2F1000A36112D11C5EB08350BEB06
S31502002BA02E1EC6EB0A36C4F10008B9F1000F7FF4F7
S31502002BB042AF42E7A3424FEA023E1EDA240494FBE6
S31502002BC0F3F401FB04F604FB05F5AEEB261602FB55
S31502002BD004FE4FEA0838C8F100084FEA013AA8EBAA
S31502002BE025150AEB2E1EC4F10008B9F1000F3FF4B9
S31502002BF070AF5B42C9F800306BE764421B0493FB7B
S31502002C00F4F302FB03F6C1F1000A08FB03F803FB27
S31502002C1001F12D033611AEEB211EC5EB2815C6EBCD
S31502002C200A365942B9F1000F3FF42BAFC9F80040FA
S31502002C3027E700BF0000FFFF10B4002B019C2CDB2E
S31502002C40002C16DBA34238DD240494FBF3F44FF484
S31502002C50803304FB01F112036442C2EB2111029A92
S31502002C60C0E90143002A51EA01915DF8044B016073
S31502002C707047C4F1000C194422449C4512B209B2B1
S31502002C80E2DB1B0493FBF4F303FB02F209034FF4AA
S31502002C9080345B42C1EB2211E1E7002C22DBC3F157
S31502002CA0000CA44514DD240494FBF3F404FB01F1A7
S31502002CB00911104BC1EB0231D1E71B0493FBF4F36C
S31502002CC002FB03FC4FEA2C1C0A4CCCEB0131C6E793
S31502002CD01B0493FBF4F303FB02F21211054CC2EB45
S31502002CE00131BCE719442244A34212B209B2DADD29
S31502002CF0C7E700BF0000FFFF2DE9F043002BDDE927
S31502002D00075EDEF8104138DB002D1EDBAB424ADCE3
S31502002D104FEA034C9CFBF5FC8CFB04631F4656EA08
S31502002D202F4702FB0CF212116542C2EB0132BEF9C9
S31502002D301430120192FBF3F204EBD47302EB63023A
S31502002D40C0E901560260BDE8F0836E4219442A4486
S31502002D509E4212B209B247DA2D0495FBF3F585FBC2
S31502002D600483994658EA2F4901FB05F51203C2EB83
S31502002D7025122646C8F10005D9E7002D44DB5F423D
S31502002D80AF42C4F100061FDD2D0495FBF3F585FB6A
S31502002D900483994658EA2F4901FB05F52D11C5EB27
S31502002DA002324546C3E72D0495FBF3F383FB048504
S31502002DB0A94658EA2F4901FB03F312032646C2EB42
S31502002DC02312C8F10005B2E71B0493FBF5F335465F
S31502002DD083FB0486B14658EA2F4903FB02F212111D
S31502002DE04646C2EB0132A2E71B0493FBF5F383FBD3
S31502002DF004652F4656EA2F4703FB02F209032546CE
S31502002E00C1EB2212764292E719442A44AB420FFAE8
S31502002E1082FC09B20FDD1A0492FBF5F282FB04630F
S31502002E201F4656EA2F470CFB02F209032546C1EB61
S31502002E30221276427BE72D0495FBF3F585FB04838C
S31502002E40994658EA2F4901FB05F52D11C5EB0C32BF
S31502002E50664245466BE700BF10B4019C002C03DABC
S31502002E601944224409B212B204FB01F103FB121205
S31502002E701B0383601302029A6442002A53EA0393F5
S31502002E80240303F50043446003605DF8044B704776
S31502002E902DE9F041069D0646002D0C4690461F463A
S31502002EA004DA1C44A84424B20FFA88F805FB05F09C
S31502002EB007FB070002F00EF94FF48013B3FBF0F0A4
S31502002EC06D4200FB05F500FB07F72D11644205FB79
S31502002ED004F43F1107FB1842079B1211002B52EA1A
S31502002EE00292C6E9015702F500423260BDE8F0815E
S31502002EF08268036810B401FB0233544284600360A3
S31502002F005DF8044B704700BFF8B5B1F916C00D461F
S31502002F10ACEB030C8B68069E03FB0CFCB1F9143078
S31502002F2004469B1A4A6802FB03C20B681211511C23
S31502002F3013F0080F18BF0A4613F0100FA2F58031DE
S31502002F4018BF0A46590751BF012740F20127A2F5C9
S31502002F50004202F1FF325B0607FA06F704D54FF488
S31502002F60003371088B401F43D4F8B831C2F1000C0C
S31502002F70079A311D03F10800C4F8B80119608ABB2B
S31502002F80C3F804C0D4F8BC31013B002BC4F8BC31F1
S31502002F905DDDD4F8B8316A6803F10801C4F8B811E6
S31502002FA05A6006F10A021A60D4F8BC31013B002BC2
S31502002FB0C4F8BC3146DDD4F8B831AA6803F1080179
S31502002FC01036C4F8B811C3E90062D4F8BC31013B2B
S31502002FD0002BC4F8BC3103DC2046D4F8C031984734
S31502002FE03846F8BD4FEA8C125A60D4F8BC31013B20
S31502002FF0002BC4F8BC3120DD6A68D4F8B8319201DE
S3150200300003F10801C4F8B8115A6006F10A021A60FF
S31502003010D4F8BC31013B002BC4F8BC3104DDAA68EC
S31502003020D4F8B8319201C9E7D4F8C031204698479E
S31502003030AA68D4F8B8319201C0E72046D4F8C03164
S315020030409847D9E72046D4F8C0319847B3E72046D7
S31502003050D4F8C03198479CE7002380EF50600360A4
S3150200306080ED017F436170472DE9F0411D464B7E9D
S315020030700C46D9078046174682B011D5E269D207B7
S3150200308006D5052D089E6CD9304602B0BDE8F08102
S31502003090042D00F28480089A023522F40002089276
S315020030A09E0738D4089EA37D990719D5627E5207DA
S315020030B016D5E26CD00777D5052DE5D806F08073D4
S315020030C00193B7F9023000954046B7F9002004F1A2
S315020030D04C01FFF719FFA37D3043013520F40006AA
S315020030E05907D1D5637E1A07CED5636EDB0762D543
S315020030F0052DC9D806F080730193B7F90230B7F9E6
S3150200310000204046009504F16401FFF7FDFE3043BE
S3150200311020F40006B8E7636BD8071BD5052D089E79
S31502003120B2D806F080730193B7F902300095404693
S31502003130B7F9002004F13401FFF7E6FE636B304372
S3150200314020F4000613F0400F20F4400018BF064694
S315020031500135A8E7042D22D8089B023523F4000680
S31502003160A1E706F080730193B7F902300095B7F92B
S31502003170002004F11C01FFF7C7FEE369013513F0D5
S31502003180400F089B40EA030020F4000220F44000AE
S3150200319018BF0246637E08929E0783D5BBE7089E48
S315020031A0304602B0BDE8F081042D3FF66DAF26F43D
S315020031B00006023594E726F40003052D38BF1E46A5
S315020031C062E700BF38B50546084605F055FB0446DA
S315020031D0B8B10122114605F09DFB420144BF01230D
S315020031E085F8C8318303C5F880000CD53122012148
S315020031F02046EB6D05F072FB204605F027FCC5F86C
S315020032008400204638BDAB6E43F00103AB66EDE7A2
S315020032108C4613460121624605F060BB10B5044692
S3150200322000220121204605F075FBC307F8D410BD24
S3150200323038B5836E05468469D8070AD5012100226E
S31502003240204605F067FB8107F8D138BDAB6E9A07B9
S3150200325007D500220121204605F05CFB0307F5D4C1
S31502003260F3E7C8220421204605F096FBF1E700BFEA
S3150200327070B54C680B6B816E0546C90786690CD41E
S315020032801A684AB190F9C91191B13046BDE8704049
S315020032903222012105F022BB70BD5AB9002CFBD0A7
S315020032A028466168FEF76AFD0328F5D02468F5E72B
S315020032B01346EAE71968BDE87040FEF75FBD00BF36
S315020032C02DE9F04FA9B0BDF9C8E0BDF9CCC0AEEB0F
S315020032D00206ACEB030A0D4656EA0A01BDF9D08096
S315020032E000F03C8295F8D67008F10F010446012FD2
S315020032F04FEA61000C90069000F04682359911F46F
S315020033000051079140F02E82079912911FFA8EF111
S31502003310002EBDF818B00D911FFA82F940F35582BE
S3150200332001F10F025A44A9EB0B0122F00F0221F020
S315020033300F0112B209B2ADF86C20ADF868101FFA8F
S315020033408CF299B2BAF1000F0992089140F33082D9
S3150200335002F10F035B44A1EB0B0223F00F0322F0F1
S315020033600F021BB212B220461AA9ADF86E30ADF8A2
S315020033706A2003F0C9FB002800F0F081BDF868302E
S31502003380089AA9EB03090FFA89F30A93BDF86A3082
S31502003390B8F12F0F1593A2EB03031BB20B9302DCBA
S315020033A0022F08BF01273599359A01F001010E91C6
S315020033B0359995F8D53002F0030201F00201032A8D
S315020033C003F003030F9100F0C082032B00F0418447
S315020033D0DDE90A12359BB8F11F0FCDE900A31CAB3C
S315020033E01846139317AB0293334640F3FB81FFF75C
S315020033F093FA1C9B012F03EBC8231C934FEA083355
S31502003400119300F0EB822946204602F08DFBD5F897
S315020034102831BAF1000F109340F34C82F60FAB7DC0
S31502003420109ADFF8809902F4185213F0060F42EA56
S31502003430090913D0079A022F14BF02230523002A73
S3150200344018BF0523CDF80090294620461AAAFFF791
S315020034500BFE10F4000F814608BF002695F8D42013
S3150200346093072DD50A9B2199A5F890300B9BD5F889
S31502003470D000A5F892302123EB6795F80E310901A9
S3150200348043F0080312F0080F85F80E3191FBF0F1B4
S31502003490209B00F0C1825B421B0193FBF0FC0B46B2
S315020034A0D5F8CC10C5E9203C0B03C5F88830530784
S315020034B006D5179B1B0193FBF0F30B44C5F8CC30E2
S315020034C03346294620461AAA01F0FEFE334629460D
S315020034D020461AAA03F0BEF8022F00F0F2810E9BD4
S315020034E0002B40F037820F9B002B40F09A829846C1
S315020034F01493359B13F4C05F15D01A0505D51FAB7F
S3150200350093E80700369B83E80700359BDB0405D565
S31502003510369B22AA0C3307CA83E807001AAB03CBF1
S31502003520379B18605960B346002E40F04382079BD2
S31502003530B3B1129B03F5803A359B980506D5389BA5
S31502003540D3E9002352EA030140F02E84359B5B0542
S3150200355006D5389BD3E9022352EA030140F0BE8323
S315020035600422D4F8B8311C9903F10800C4F8B80152
S31502003570C3E90021D4F8BC31013B002BC4F8BC31AD
S3150200358003DC2046D4F8C03198470A22D4F8B83171
S315020035901D9903F10800C4F8B801C3E90021D4F863
S315020035A0BC31013B002BC4F8BC3103DC2046D4F805
S315020035B0C03198471022D4F8B8311E9903F1080099
S315020035C0C4F8B801C3E90021D4F8BC31013B002B91
S315020035D0C4F8BC3103DC2046D4F8C0319847D4F88D
S315020035E0B8311F9A03F10801C4F8B8115A60B8F14C
S315020035F0000F00F0FA8008221A60D4F8BC31013BB1
S31502003600002BC4F8BC3103DC2046D4F8C0319847FD
S315020036100E22D4F8B831209903F10800C4F8B80193
S31502003620C3E90021D4F8BC31013B002BC4F8BC31FC
S3150200363003DC2046D4F8C03198471422D4F8B831B6
S31502003640219903F10800C4F8B801C3E90021D4F8AE
S31502003650BC31013B002BC4F8BC3103DC2046D4F854
S31502003660C03198470522D4F8B831229903F10800EF
S31502003670C4F8B801C3E90021D4F8BC31013B002BE0
S31502003680C4F8BC3103DC2046D4F8C03198470B227B
S31502003690D4F8B831239903F10800C4F8B801C3E994
S315020036A00021D4F8BC31013B002BC4F8BC3103DC49
S315020036B02046D4F8C03198471122D4F8B83124995B
S315020036C003F10800C4F8B801C3E90021D4F8BC31FB
S315020036D0013B002BC4F8BC3103DC2046D4F8C031D0
S315020036E098471622D4F8B83103F10801C4F8B81184
S315020036F01199C3E90021D4F8BC31013B002BC4F86F
S31502003700BC3103DC2046D4F8C03198470022D4F8F5
S31502003710B83103F10801C4F8B811C3E90029D4F895
S31502003720BC31013B9342C4F8BC3103DC2046D4F8D9
S31502003730C03198470C9A069B2046134403F10F08A2
S315020037404FEA281842461AA9002E00F0B08002F06D
S3150200375039FD022F00F06C81012000E0002029B023
S31502003760BDE8F08F95F8D7104FEA6800042900F0FB
S315020037704A81B5F9D810014401EB8100090312917F
S3150200378040F38F010691C1E5359901F00301032942
S315020037903FF4B4AD00EB4001C0EBC10141F30F11A0
S315020037A00691359911F4005107913FF4ADADD9E771
S315020037B0089B099A0F335B44A2EB0B0223F00F031B
S315020037C022F00F021BB212B2CDE50D9909F10F02DA
S315020037D05A44A1EB0B0122F00F0221F00F0112B2A3
S315020037E009B2A8E5FFF7F0F803E605221A60D4F855
S315020037F0BC31013B002BC4F8BC3103DC2046D4F8B3
S31502003800C03198470B22D4F8B831209903F1080049
S31502003810C4F8B801C3E90021D4F8BC31013B002B3E
S31502003820C4F8BC3103DC2046D4F8C03198471122D3
S31502003830D4F8B831219903F10800C4F8B801C3E9F4
S315020038400021D4F8BC31013B002BC4F8BC3103DCA7
S315020038502046D4F8C03198470822D4F8B8312299C4
S315020038609818C4F8B801C3E90021D4F8BC31013B69
S31502003870002BC4F8BC3103DC2046D4F8C03198478B
S315020038800E22D4F8B831239903F10800C4F8B8011E
S31502003890C3E90021D4F8BC31013B002BC4F8BC318A
S315020038A003DC2046D4F8C0319847142205E702F01B
S315020038B0F9FB4EE700F00F82002ED4BF0026012648
S315020038C0ADE508F110080E9B4FEA68011491002B32
S315020038D000F07681BDF868300D9AD31A1BB2002E1D
S315020038E040F0E481BDF86A200998821A12B203EB0D
S315020038F04107002F18464FF000074FEA41011FDD2E
S315020039004FF0010802EB010CBCF1000F13DDA0EB36
S31502003910010EBDF968C0BDF96C00A0EB0C0086452E
S3150200392009DABDF96E00BDF96AC0511AA0EB0C00A6
S315020039308142C0F224830E9B13B3B8F1000F0BD061
S315020039404FF0010849F400590AE0032B00F0858282
S3150200395000273DE5002314934FF0000849F48069DF
S31502003960359B980500F148811F9BBAF1000F03F5BC
S31502003970004202F1010203F50043C8BF13461F933A
S315020039800F9B002B3FF4B5ADB8F1000F4BD049F4B5
S315020039908069359B590500F14181229BBAF1000FDE
S315020039A003F5004202F1010203F50043D8BF1346B4
S315020039B022939EE5BDF96A20BDF96E3013989B1AD3
S315020039C04FEA231B5946FFF793FA59461FA8FFF7FA
S315020039D08FFA594622A8FFF78BFAA8E50E9B33B950
S315020039E0119A1F9BA2F5803203EB62031F930F9B72
S315020039F0002B7FF408AD119A229BA2F5803203EBCD
S31502003A0062032293FFE4069901EB810141F38F01E0
S31502003A1006910103129179E41B0193FBF0F38C46A4
S31502003A203EE50E9B14934FF0000849F40059B0E7A7
S31502003A30002294460D9FBDF85030099907F10F09EF
S31502003A409944A7EB030A01F10F0E9E446AF30F0293
S31502003A50CB1A69F30F0C18A863F31F426EF31F4CBF
S31502003A60014622F00F122CF00F13204618921993DA
S31502003A7003F04AF800283FF46FAE4FF00009149B9A
S31502003A8009990193BDF862302046CB1A1BB2009306
S31502003A90BDF860302946FB1A4A461BB2CDE90399A6
S31502003AA0CDF80890FDF77EFD109BBD4F03F4007321
S31502003AB02946204618AA1F434B4601F005FC4B46F1
S31502003AC02946204618AA02F0C5FDAB7D13F0060F63
S31502003AD040F04282BDF96830BDF96010BDF962203E
S31502003AE0C91ABDF96A302498D21A091112111EB1E7
S31502003AF04042A2EB0B0224900626229B239D5B42A8
S31502003B0005FB113300FB1233D4F8B82103F101137C
S31502003B1002F10801C4F8B811C2E90063D4F8BC3155
S31502003B20013B002BC4F8BC3103DC2046D4F8C0317B
S31502003B3098470C21D4F8B831239A03F1080052426F
S31502003B40C4F8B801C3E90012D4F8BC31013B002B1A
S31502003B50C4F8BC3103DC2046D4F8C03198471221A0
S31502003B60D4F8B831249A03F108005242C4F8B801D5
S31502003B70C3E90012D4F8BC31013B002BC4F8BC31B6
S31502003B8003DC2046D4F8C0319847D4F8B83103F1A3
S31502003B900802C4F8B8210022C3E90027D4F8BC31D0
S31502003BA0013B9342C4F8BC3103DC2046D4F8C03151
S31502003BB09847204618A948F30B1202F073FACBE590
S31502003BC00B9A56B1BDF86E20159B13441A46BDF8E2
S31502003BD06A30D21A089BD21A12B20F9B002B6BD0F4
S31502003BE00A98002700EB4103002B4FEA41017FF7B9
S31502003BF01AAFB8460A9B85E60023DDE90A1201934D
S31502003C00389B1FA85B684FEA4B0B0093389B1B68D7
S31502003C10FFF722F90FFA8BF30693B1E60123BDF8FB
S31502003C206A200193099BBDF868109A1A0D9B12B27D
S31502003C30591A389B09B2DB6822A85B420093389B6B
S31502003C409B685B42FFF708F9069B5B001BB2069373
S31502003C504FE4359BDDE90A12CDE900A31CAB1846F9
S31502003C60139317AB039302953346FEF7F5FDD5F88A
S31502003C7010311C9908FB03F2012F01EB62111C9112
S31502003C804FEA22114FEA621209D10E9810B91F9813
S31502003C9010441F900F9810B92298104422905B0886
S31502003CA0A3F580330B441193FFF7ADBBBDF86E202D
S31502003CB00998121A12B21AE60A98DDF83CC000EB0D
S31502003CC04103002BE04649F400594FEA41017FF7D0
S31502003CD010AC034616E65646FFF7A1BB0092002239
S31502003CE009990192BDF86A200D988A1ABDF86810E2
S31502003CF05B42411A109812B200F4805040EA090061
S31502003D0040F0080909B225A8FFF7C2F8002E40F0D4
S31502003D102C813598D4F8B8210004259B02F10801BC
S31502003D2040F1E6805344C4F8B81153600723136088
S31502003D30D4F8BC31013B002BC4F8BC3103DC20466D
S31502003D40D4F8C03198470D22D4F8B831269903F138
S31502003D500800C4F8B801C3E90021D4F8BC31013B1C
S31502003D60002BC4F8BC3103DC2046D4F8C031984796
S31502003D701322D4F8B831279903F10800C4F8B80120
S31502003D80C3E90021D4F8BC31013B002BC4F8BC3195
S31502003D903FF7E6AB2046D4F8C0319847FFF7E0BBC1
S31502003DA0450840001380C000002001901098009240
S31502003DB000F4006040EA090040F004095B4225A8CD
S31502003DC0DDE90A12FFF764F8002E40F0D380D4F83A
S31502003DD0B821359802F10801C4F8B8114104259BAF
S31502003DE054D45344536006231360D4F8BC31013BC8
S31502003DF0002BC4F8BC3103DC2046D4F8C031984706
S31502003E000C22D4F8B831269903F10800C4F8B80197
S31502003E10C3E90021D4F8BC31013B002BC4F8BC3104
S31502003E2003DC2046D4F8C03198471222D4F8B831C0
S31502003E30279903F10800C4F8B801C3E90021D4F8B0
S31502003E40BC31013B002BC4F8BC313FF77FAB2046A7
S31502003E50D4F8C0319847FFF779BB359BDDE90A12E2
S31502003E60CDE900A31CAB1846139317AB0393029537
S31502003E703346FEF7F1FCD5F810311C9A08FB03F124
S31502003E8002EB611200271C92091108E7AAEB030351
S31502003E90536006231360D4F8BC31013B002BC4F8EF
S31502003EA0BC3103DC2046D4F8C03198470C21D4F843
S31502003EB0B831269A03F108005242C4F8B801C3E9A0
S31502003EC00012D4F8BC31013B002BC4F8BC3103DC30
S31502003ED02046D4F8C03198471221D4F8B831279A2F
S31502003EE003F108005242C4F8B801C3E90012A6E77A
S31502003EF0AAEB0303C4F8B811536007231360D4F87E
S31502003F00BC31013B002BC4F8BC3103DC2046D4F89B
S31502003F10C03198470D21D4F8B831269A03F108002A
S31502003F205242C4F8B801C3E90012D4F8BC31013BCD
S31502003F30002BC4F8BC3103DC2046D4F8C0319847C4
S31502003F401321D4F8B831279A03F108005242C4F873
S31502003F50B801C3E9001215E7009729460323204654
S31502003F6018AAFFF781F80746B4E5594625A8FEF7D1
S31502003F70BFFFCEE6594625A8FEF7BAFF27E74FF060
S31502003F80000C0092149A2946019220460222CDE99B
S31502003F9003CCCDF808C0FDF705FB109B03F40063C4
S31502003FA043EA090343F4801949F08409C3E400BFD4
S31502003FB04FF0000C2DE9F0479EB2634688B0BDF97A
S31502003FC040501FFA82F91035C5F34F07884609F1AA
S31502003FD00F013944A9EB070E06F10F023A4461F3C9
S31502003FE00F03F71B6EF30F0C67F31F4C62F31F43AD
S31502003FF02CF00F1723F00F1306A904460697079312
S3150200400002F082FD10B908B0BDE8F0870022BDF8C3
S315020040101A306D10F61A36B2BDF8183001950096B0
S31502004020D8F82861A9EB030341462046CDE90322CD
S315020040301BB20292FDF7B6FA06F4007242F480024F
S3150200404042F04102022300924146204606AAFFF7A9
S315020040500BF8119B0F3506462D09002B69D0139BD1
S31502004060BDF91820B3F900309B1A4FEA2319139BA6
S31502004070BDF91A20B3F902309B1A1F11119BDA07F8
S3150200408000F189804FF0020A119B9B0753D5072145
S31502004090129B129ADB681269C3F5803302FB09335D
S315020040A0129A526902FB0733D4F8B821013302F19E
S315020040B00800C4F8B801C2E90013D4F8BC31013BC8
S315020040C0002BC4F8BC3140F3C9800D21129B1B6939
S315020040D05A42D4F8B83103F10800C4F8B801C3E96A
S315020040E00012D4F8BC31013B002BC4F8BC3140F3BA
S315020040F0A1801321129B5A69D4F8B831524203F1B6
S315020041000800C4F8B801C3E90012D4F8BC31013B77
S31502004110002BC4F8BC3140F38880BAF1030F46F491
S3150200412080560CBF4FF0040A4FF0020A46F008060A
S3150200413001E04FF0020A5346414606AA204600967F
S31502004140FEF792FF0022D4F8B83103F10801C4F851
S31502004150B811C3E90020D4F8BC31013B9342C4F83C
S31502004160BC3103DC2046D4F8C0319847414620468C
S3150200417006AA002301F0A8F800234146204606AA13
S3150200418002F068FA20462A4606A901F08BFF0120B2
S3150200419008B0BDE8F0870621129B129A1B68526886
S315020041A0C3F5803302FB0933129A926802FB073386
S315020041B0D4F8B821013302F10800C4F8B801C2E903
S315020041C00013D4F8BC31013B002BC4F8BC3140DDEE
S315020041D00C21129B5B685A42D4F8B83103F10800ED
S315020041E0C4F8B801C3E90012D4F8BC31013B002B74
S315020041F0C4F8BC3128DD1221129B9B685A42D4F8BE
S31502004200B83103F10800C4F8B801C3E90012D4F8C2
S31502004210BC31013B002BC4F8BC3110DD46F400660C
S315020042204FF0030A46F004062EE72046D4F8C031C2
S31502004230984772E72046D4F8C031984759E7204696
S31502004240D4F8C0319847E9E72046D4F8C0319847F8
S31502004250D1E72046D4F8C0319847B9E72046D4F8CA
S31502004260C031984731E700BF2DE9F04FADB0BDF937
S31502004270E040BDF9D850BDF9DCA00994BDF9E4408F
S31502004280CDE9105A0F950894AD1A0446AAEB03001D
S31502004290079355EA00030C9203D100202DB0BDE826
S315020042A0F08F00FB00F091F8D63005FB0500894639
S315020042B0069300F00FFF4FF0807393FBF0F2134664
S315020042C01592079A03FB05F5A2EB0A0603FB06F60F
S315020042D0099936122D1206FB01F805FB01F708991A
S315020042E04FEA684C06FB01FB05FB01F34FEA6B4103
S315020042F01291591413910C994FEA674E01EB6840DB
S31502004300A1EB6848114602EB6742A1EB67470F999A
S315020043100D9001EB6B40A1EB6B410B910AEB634BEA
S31502004320AAEB6341069B0E90022B0A9100F0E982EA
S315020043303A9B03F00303032B00F06983069B012BD0
S315020043401AD13A9BD80707D40D9BA8EB0E08A3EB0C
S315020043500E030D93624467443A9B99070CD4139952
S315020043600E9B0B440E930B9B0B440B9312990A9BC9
S31502004370ABEB010B5B1A0A93DDE90D139942A8BF59
S3150200438019460B9B4345A8BF43469942ADBF23F04E
S315020043900F0321F00F010BB21BB2ADF87830DDE945
S315020043A00D139942B8BF19460B9B4345B8BF434606
S315020043B0994240F361820F3121F00F010BB2ADF841
S315020043C07C300A9B5A451146A8BF5946BB42A8BF34
S315020043D03B469942ADBF23F00F0321F00F010BB20A
S315020043E01BB2ADF87A300A9B5A451146B8BF5946F8
S315020043F0BB42B8BF3B46994240F339820F3121F0A6
S315020044000F010BB220461EA91292ADF87E3002F0C1
S315020044107BFB00283FF441AFDDE90D329A1ABDF865
S3150200442078000D92129ABDF87AC0A2EB0B011B1A04
S315020044300E9119B2A2EB0C030FFA83FE079B0C9A9C
S31502004440A3EB0C030FFA83FB0F9BAAEB0C0C1B1AB4
S315020044501BB205FB03F30FFA8CFC06FB1C331B1184
S3150200446003F500431B9306FB0BF3101A00B205FB80
S3150200447010331B1103F580332596764219951A9649
S3150200448018939DED187F1FFA88F212920B9A99F8EB
S31502004490D530A2EB080213920A9A03F00303D21B49
S315020044A06D42032B14928DED207F72461690249551
S315020044B0BEB200F0CA8200250E9B0195009326AB80
S315020044C0184617930D9BFEF7B7FB1298BDF87A2094
S315020044D0BDF87810149B411AB21A009329A8139BAF
S315020044E0019512B209B21290FEF7A6FB269B03F5BE
S315020044F000432693299B03F5004329933A9B03F035
S315020045000106069B012B00F085824946204601F0F2
S315020045100BFB069BD9F82851022B0BD145F40073ED
S31502004520002E08BF1D463A9B13F0020F45F4806326
S3150200453008BF1D4699F8D42093072DD5169B2298BD
S31502004540A9F890302123C9F87C3099F80E31D9F8B0
S31502004550D01043F00803000112F0080F89F80E315B
S3150200456090FBF1F0219BA9F892B000F0B1825B4278
S315020045701B0193FBF1FC0346D9F8CC00C9E9203CA8
S315020045800303C9F88830530706D5159B1B0193FB15
S31502004590F1F30344C9F8CC300A9B9F4240F3718180
S315020045A00B9BA8EB03030D930D9B002BC0F27381AB
S315020045B00023494620461EAA00F086FE00234946ED
S315020045C020461EAA02F046F8079B9A4580F2A3826D
S315020045D04FF00008BDF97A20AAEB0202DDE90831A4
S315020045E09942B8BF194699F8160005F4F05343F4F8
S315020045F0400341F30B1110F0060F43F00F0301EBDA
S31502004600020740F05F81002E00F06C81012200203B
S31502004610CDE90A20089A42F34F020D92C346B8F139
S31502004620000F40F02F820021D4F8B82102F10800D1
S31502004630C4F8B801C2E90013D4F8BC31013B8B427D
S31502004640C4F8BC3103DC2046D4F8C031984799F847
S31502004650D53003F00303032B00F0AD81209A042129
S31502004660D4F8B83103F10800C4F8B801C3E900125E
S31502004670D4F8BC31013B002BC4F8BC3103DC204624
S31502004680D4F8C03198470A22D4F8B831219903F1F7
S315020046900800C4F8B801C3E90021D4F8BC31013BD3
S315020046A0002BC4F8BC3103DC2046D4F8C03198474D
S315020046B01022D4F8B831229903F10800C4F8B801DF
S315020046C0C3E90021D4F8BC31013B002BC4F8BC314C
S315020046D003DC2046D4F8C03198470522D4F8B83115
S315020046E0239903F10800C4F8B801C3E90021D4F8FC
S315020046F0BC31013B002BC4F8BC3103DC2046D4F8A4
S31502004700C03198470B22D4F8B831249903F1080036
S31502004710C4F8B801C3E90021D4F8BC31013B002B2F
S31502004720C4F8BC3103DC2046D4F8C03198471122C4
S31502004730D4F8B831259903F10800C4F8B801C3E9E1
S315020047400021D4F8BC31013B002BC4F8BC3103DC98
S315020047502046D4F8C03198470622D4F8B8312699B3
S3150200476003F10800C4F8B801C3E90021D4F8BC314A
S31502004770013B002BC4F8BC3103DC2046D4F8C0311F
S3150200478098470C22D4F8B831279903F10800C4F8E7
S31502004790B801C3E90021D4F8BC31013B002BC4F8AF
S315020047A0BC3103DC2046D4F8C03198471222D4F833
S315020047B0B831289903F10800C4F8B801C3E9002109
S315020047C0D4F8BC31013B002BC4F8BC3103DC2046D3
S315020047D0D4F8C03198470722D4F8B831299903F1A1
S315020047E00800C4F8B801C3E90021D4F8BC31013B82
S315020047F0002BC4F8BC3103DC2046D4F8C0319847FC
S315020048000D22D4F8B8312A9903F10800C4F8B80188
S31502004810C3E90021D4F8BC31013B002BC4F8BC31FA
S3150200482003DC2046D4F8C03198471322D4F8B831B5
S315020048302B9903F10800C4F8B801C3E90021D4F8A2
S31502004840BC31013B002BC4F8BC3103DC2046D4F852
S31502004850C03198473A4620461EA9B8F1000F63D0E8
S3150200486001F0B0FC069B022B63D0012016E50F3344
S3150200487023F00F031BB2C5E50F3323F00F031BB260
S315020048809DE50E9B002B3FF78FAE3FF491AE0D9B3D
S31502004890002B7FF78DAE0123494620461EAA00F063
S315020048A013FD01231EAA4946204601F0D3FE079BAB
S315020048B0BDF97E209A454FF00108B4BFD21AA2EB89
S315020048C00A028BE600934946042320461EAAFEF7F7
S315020048D0CBFB10F4000F034608BF4FF00008002E72
S315020048E07FF494AE3A9A12F0020200F0F680079A2A
S315020048F00B9611920C9A0A961092099A52100D92E0
S315020049008CE6099B0899302B3A9BB8BF43F001030A
S315020049102F293A9303F0030340F3CE80033B18BFDB
S3150200492001235B00069327E501F0BCFB069B022BE5
S315020049309BD100231E46BDF83410BDF84050BDF889
S31502004940442005EB010C8F186D1A0CF10F0C521A4C
S315020049500F3765F30F036CF30F0662F31F4367F31A
S315020049601F4623F00F1326F00F1620461CA91C9390
S315020049701D9602F0C9F8002840F0E4800B9B002B3C
S315020049803FF473AF20463C9C0A9B03943B9C012B4D
S315020049900294DDE908534FF0010408BF1D460C9945
S315020049A0079B0F9A14BF53460A460095494601943F
S315020049B0FFF7FEFA59E7069B022B3FF44FAEA90515
S315020049C0209A0FD4219BB9F914001901229B91FB5D
S315020049D0F0F11B0193FBF0F3120192FBF0F2CDE929
S315020049E0211320926B053FF53AAE23982499259B15
S315020049F0B9F91450000109011B0190FBF5F091FB76
S31502004A00F5F193FBF5F3CDE92301259327E6002380
S31502004A100693B1E43EB9099A209B1203A2F58032AD
S31502004A2003EB620320933A9B9A077BD4089A239B53
S31502004A301203A2F5803203EB620349462046239312
S31502004A4001F072F8D9F8285174E50E9BCDF804905E
S31502004A50009326AB184617930D9BFEF74DF9129855
S31502004A60BDF87A20BDF87810149BB21A411A009349
S31502004A7029A8139BCDF8049012B209B21290FEF740
S31502004A803BF93BE5BDF97A10BDF97E2020A8521A02
S31502004A904FEA221B59460E93FEF72AFA594623A8D5
S31502004AA0FEF726FA59461798FEF722FA5946129841
S31502004AB0FEF71EFA0E9BB6E543F00203033B18BF50
S31502004AC001233A995B0041F002013A91069353E4BD
S31502004AD01B0193FBF1F384464EE5DDE908018142B1
S31502004AE027DC01210A91089941F34F010D912CA966
S31502004AF002EB420201EB820201211EAEB4463B9E4C
S31502004B00303A0B9107CA86E80700BCE803003C9AD4
S31502004B101060516082E5BDF97A20079B4FF00008CC
S31502004B209A1A5BE54946204600F0FEFFD9F828515D
S31502004B3000E5079A0A9611920C9A109201221141E7
S31502004B400D91D4E700221199BDF972300D9DCB1A51
S31502004B501BB210990093BDF970302046CB1A29B2C8
S31502004B601BB20191CDE9032249460292FCF71AFDD6
S31502004B702B460F331B090693B8F1000F00F039815B
S31502004B800A992CAA01EB410302EB830353F8282C62
S31502004B904F00524243F8282C289BBDF978205B42ED
S31502004BA028932B9B5B422B93BDF970309B1A1D11E8
S31502004BB0BDF97A20BDF972309B1ACBEB231600237E
S31502004BC0494620461CAA00F07FFB002349462046A0
S31502004BD01CAA01F03FFDDDE92632062102FB053360
S31502004BE0289A02FB0633D4F8B82102F10800C4F869
S31502004BF0B801C2E90013D4F8BC31013B002BC4F85A
S31502004C00BC3103DC2046D4F8C03198470C22D4F8D4
S31502004C10B831279903F10800C4F8B801C3E90021A5
S31502004C20D4F8BC31013B002BC4F8BC3103DC20466E
S31502004C30D4F8C03198471222D4F8B831289903F132
S31502004C400800C4F8B801C3E90021D4F8BC31013B1D
S31502004C50002BC4F8BC3103DC2046D4F8C031984797
S31502004C60DDE92932072102FB05332B9A02FB0633C3
S31502004C70D4F8B82102F10800C4F8B801C2E9001359
S31502004C80D4F8BC31013B002BC4F8BC3103DC20460E
S31502004C90D4F8C03198470D22D4F8B8312A9903F1D5
S31502004CA00800C4F8B801C3E90021D4F8BC31013BBD
S31502004CB0002BC4F8BC3103DC2046D4F8C031984737
S31502004CC01322D4F8B8312B9903F10800C4F8B801BD
S31502004CD0C3E90021D4F8BC31013B002BC4F8BC3136
S31502004CE003DC2046D4F8C031984708220A9BF918FB
S31502004CF02CAB03EB810151F8303C51F82C0CC3F577
S31502004D00803300FB153351F8281C01FB1633D4F807
S31502004D10B81101338818C4F8B801C1E90023D4F8E0
S31502004D20BC31013B002BC4F8BC3103DC2046D4F86D
S31502004D30C03198470E210A9B2CAAFB1802EB83036B
S31502004D4053F82C2CD4F8B831524203F10800C4F8B7
S31502004D50B801C3E90012D4F8BC31013B002BC4F8F8
S31502004D60BC3103DC2046D4F8C031984714210A9B93
S31502004D701F442CAB03EB870757F8282CD4F8B8311D
S31502004D80524203F10800C4F8B801C3E90012D4F88C
S31502004D90BC31013B002BC4F8BC3103DC2046D4F8FD
S31502004DA0C0319847D9F82831494603F4D052184BF6
S31502004DB02046134300931CAA0523FEF755F9002249
S31502004DC0D4F8B83103F10801C4F8B811C3E90020D8
S31502004DD0D4F8BC31013B9342C4F8BC3103DC204613
S31502004DE0D4F8C03198472046069A1CA901F05AF910
S31502004DF0C4E5BDF97820BDF970309B1A1D11BDF9C5
S31502004E007A20BDF972309B1A1E110A9B5F00D6E604
S31502004E105D2040002DE9F04F91F8D5C091B01CF00D
S31502004E20010FBDF968A0BDF96CB0BDF970701FD154
S31502004E302F2F0C4605469146984604DD91F8D6C0BA
S31502004E40BCF1020F26D02146209C1D9B06941F9C76
S31502004E50CDE9027305941E9C43464A462846CDE98F
S31502004E6000AB0494FEF72CFA012011B0BDE8F08FD6
S31502004E701D9C08AD04940AACCDE90277CDE905453F
S31502004E80CDF804B0CDF800A0FFF7EEF9012011B07D
S31502004E90BDE8F08F1D9E06F0030CBCF1030FD2D0C5
S31502004EA0209ECDE901B706961F9ECDF800A0059675
S31502004EB01E9E04961D9E46F4C05C4CF0030CCDF873
S31502004EC00CC0FEF7FDF90028CED01D9BDA0710D5DF
S31502004ED01D9B9B07C8D4022621461F9C5B46039452
S31502004EE01E9C52462846CDE900760294FFF760F8EA
S31502004EF0BAE71F99434603911E994A460291012138
S31502004F002846019100972146FFF752F8E0E700BFD5
S31502004F10F0B58C461D46002491B00DF1200E0AAF65
S31502004F20816ABDF95830CDE9047EBDF95C60189FEF
S31502004F300193CDE902671346069462460095FFF790
S31502004F4069FF204611B0F0BD30B5002591B000933F
S31502004F5013460A461699BDF95040039108A90591D0
S31502004F600AA9019406950491B0F86C10BDF9544053
S31502004F7004EB410424B2C16A0294FFF74BFF2846B0
S31502004F8011B030BD30B50025964691B0BDF954201A
S31502004F9006950292169ABDF950C0039208AA059286
S31502004FA00AAA0492B0F86E2013441BB20093B0F81A
S31502004FB070300A449C440FFA8CF47344C16A12B2EC
S31502004FC001941BB2FFF726FF284611B030BD00BF81
S31502004FD02DE9F04F4FF0000993B01E9DBDF97440C4
S31502004FE003951D468B4690460294099404460AAFE1
S31502004FF00CAE0597CDF818900496B0F86E20B0F86E
S315020050007030BDF970A0511909B2009103EB0A0183
S3150200501009B201915A444344C16A12B21BB2FFF764
S31502005020F9FE204600F042FD1E9A099BCDE904676F
S3150200503003920293CDF81890CDF804A0A16A4346D4
S315020050405A4620460095FFF7E5FE204600F052FD3F
S31502005050484613B0BDE8F08F2DE9F04F1D464FF0DC
S3150200506000088B46044693B0BDF970901E9B0AAFAA
S315020050700CAE0393CDF804900597CDF818800496EC
S315020050800095BDF974A0B0F86C1013460AEB410105
S3150200509009B20291C16A09925A46FFF7BBFE20463F
S315020050A000F004FD1E9BCDE90467CDE902A3CDF80D
S315020050B01880CDF80490A16A5A46099B20460095AD
S315020050C0FFF7A8FE204600F015FD404613B0BDE8E6
S315020050D0F08F00BFB0F1804F03466ED34FF0A0426F
S315020050E04FF4004003F14043934224BF00F5804051
S315020050F09B1A820302F18062934224BF00F500509C
S315020051009B1A420302F18072934224BF00F580503B
S315020051109B1A020302F58002934224BF00F5006047
S315020051209B1AC20202F58012934224BF00F58060E8
S315020051309B1A820202F58022934224BF00F5007078
S315020051409B1A420202F58032934224BF00F5807018
S315020051509B1A020202F58042934224BF80309B1AB8
S31502005160C20102F58052934224BF40309B1A82014B
S3150200517002F58062934224BF20309B1A420102F557
S315020051808072934224BF10309B1A0201403293422E
S3150200519024BF08309B1AC2001032934224BF043047
S315020051A09B1A82000432934224BF02309B1A4200A9
S315020051B00132934250EA309070474FF080520020FD
S315020051C092E700BF03F034BC03F034BC2DE9F04192
S315020051D00D4668B306460846904603F02DFC044683
S315020051E048B386422F4602D23846BDE8F0813046A1
S315020051F003F01EFC0746F0B1B8F1000F12D0A40866
S3150200520010D0A400A4F1040E4FEA9E0E0EF1010E78
S3150200521002464EF001E02B1F53F8041F42F8041B0E
S315020052200FF007C0284603F005FC3846BDE8F081BA
S31502005230084603F0FFFB00273846BDE8F08100BFB1
S3150200524038B504460D46FDF7B1FAD4F88430DA07CC
S3150200525011D4DB0604D42846BDE8384003F0E8BB87
S315020052602A460421044603F0E9FB01462046BDE82E
S31502005270384003F0EFBB2A46BDE83840042103F06C
S31502005280DDBB00BF38B505460C46FDF78FFAD5F8EB
S315020052908430DA0711D4DB060AD52146054603F027
S315020052A0D7FB042102462846BDE8384003F0CABBB4
S315020052B02046BDE8384003F0BDBB2246BDE8384073
S315020052C0042103F0BFBB00BF2DE9F0410D46C97DA5
S315020052D0022901D0BDE8F081E96F0446D5E92067CD
S315020052E001F02000B5F990C0B5F99210002B4DD10E
S315020052F0002800F09F8001FB07F706FB0C77D5F824
S31502005300883003EB27132421D4F8B8215B4202F13B
S315020053100800C4F8B801C2E90013D4F8BC31013B55
S31502005320002BC4F8BC3103DC2046D4F8C0319847C0
S315020053302522D4F8B831D5F8801003F10800C4F854
S31502005340B801C3E90021D4F8BC31013B002BC4F8F3
S31502005350BC3103DC2046D4F8C03198472622D4F863
S31502005360B831D5F8841003F10800C4F8B801C3E9CE
S315020053700021D4F8BC31013B002BC4F8BC31A9DCB6
S315020053802046D4F8C031BDE8F0411847B2F900E032
S31502005390B2F90280B2F90630002842D006FB0CF6BA
S315020053A0A3EB08035B1A07FB1366D5F8882002EB0A
S315020053B026132421D4F8B8215B4202F10800C4F86E
S315020053C0B801C2E90013D4F8BC31013B002BC4F882
S315020053D0BC3103DC2046D4F8C03198472522D4F8E4
S315020053E0B831D5F8801003F10800C4F8B801C3E952
S315020053F00021D4F8BC31013B002BC4F8BC3103DCDC
S315020054002046D4F8C03198472621D5F88420D4F80E
S31502005410B831524203F10800C4F8B801C3E90012D8
S31502005420A7E7CB1A07FB03F3ACEB0E0E06FB0E3314
S315020054301B11BEE7B2F90230B2F90020CB1A07FB04
S3150200544003F3ACEB020C06FB0C331B115BE700BF4C
S3150200545080EF50602DE9F04FA7B00A93309BBDF95B
S31502005460C440022B0F948DED1C7FCDE91010329CA7
S31502005470BDF9CC60BDF9D050159200F2EA8040F039
S31502005480E480002313930B9314F00403B1B2A8B281
S3150200549016930D91309B0E9040F0EE80013B3093B7
S315020054A0159BE2431D460E995B8802F001020B44EE
S315020054B00FFA83FA0D9935F8043B0B441BB21F46CB
S315020054C0309B012B00F0458116990C91002604F0C1
S315020054D006031293309BB046023BB14614930996DB
S315020054E0134656463A4604350EE0149BA3EB0903CF
S315020054F0B3FA83F35B095B00309809F10109814530
S3150200550005F1040500F0A1800D9835F8044C0896C3
S31502005510044435F8026C0E9824B20644944236B21C
S3150200552000F0C5800B9883F00307002800F0BB80CB
S31502005530099858EA000000F0E280C246DDF824B07D
S31502005540F8070AD583F4007701EB0A035B421D9341
S315020055500C9B87F003075B441C93BB072ED5309B3D
S31502005560CDE91712013B4B4500F0E6806B880D9A98
S31502005570B5F8008013441BB29B1B03FB03F0904457
S315020055800FFA88F8A8EB040808FB08000993FFF74E
S31502005590A1FDDDE9171240B1099B4FEA08281B025B
S315020055A093FBF0F398FBF0F8099308EB0A035B42CE
S315020055B01F93099B47F480675B441E930A9B2BB19A
S315020055C0184650F8043B012B0A902CD0139847F446
S315020055D0C053002870D10B98A8B10C9B0AFB03F0AC
S315020055E00BFB01F3984247F4605347F4F047C8BFF8
S315020055F03B4609990BFB08F00AFB01F1814243F491
S315020056000041C8BF0B461CA906911AA905910F991C
S315020056100393CDE9016120A90491089B0094DDE979
S315020056201010FFF7F7FB129B51462246CDF830B019
S31502005630002B3FF45AAF309809F1010981454FF02A
S31502005640000305F104057FF45FAF012027B0BDE832
S31502005650F08F0F9B102B7FF714AF109B93F8D73068
S31502005660002B73D0022B0CBF0123002313930CBF14
S31502005670002301230B9307E7159D03F18043013BAA
S3150200568005EB830235F823300B441BB21F465388C1
S3150200569003440FFA83FA0B9B002B62D10B9A159DDA
S315020056A011460C9212E7C246DDF824B086E7089846
S315020056B0B0427FF437AF1FE703931CAB06931AABD6
S315020056C005930F9B20AFCDE90163DDE91010089B1E
S315020056D0009404970C92FFF79DFB169A52EA09036F
S315020056E0A1D0012102971AAF03970F9F0191089B40
S315020056F00C9A0097DDE91010FEF75AFC93E7CDE904
S315020057001831089BA4EB020AA6EB030B0BFB0BF06A
S315020057100AFB0A001792FFF7DDFCDDE91723199948
S3150200572000283FF40DAF4FEA0A2A4FEA0B2B9AFBE9
S31502005730F0FA9BFBF0FB03E7159A0E995388B2F831
S3150200574000800B441BB20D9A9B1B16E713930B9317
S315020057509AE6A6073FF5B8AE169942F002020C91F8
S31502005760B4E632F8021C32F8043C02460A4412B28B
S31502005770AAEB02050D9A05FB05F013441BB2F91AB2
S3150200578001FB010008910C95FFF7A4FC089902465B
S3150200579048B12B0293FBF0F3090291FBF0F10022D0
S315020057A0159D0C9392E6159D90E600BFF8B5C66866
S315020057B0D6E90F329A4221D0D0F8C0712F4D044655
S315020057C0AF423FD0FCF79AFBE36FC3B12046FCF72A
S315020057D095FBF36BC4F8BC31E26F6AB9E268516CAF
S315020057E01364C4F8B411936CC4F8B831D36CC4F81A
S315020057F0BC31136DC4F8C031F36B3364F8BDE36892
S31502005800D4F8B4215A64D4F8B8219A64D4F8BC21E5
S31502005810DA64D4F8C0211A659A6BC4F8B421D3E9C4
S315020058200F10091A02EBC102C4F8B8211B6C2046FC
S31502005830C4E96F35FCF762FBF36BAF42C4F8BC31C7
S31502005840CAD1D9E7D0F8BC313364736CC0F8B4312D
S31502005850B36CC0F8B831F36CC0F8BC31336DC0F824
S31502005860C031FCF74BFBE36F002BC8D02046FCF798
S3150200587045FBF36BC4F8BC31BEE700BF815800029A
S31502005880012270B5C5680446D5E90E163001964068
S31502005890FFF79CFCC0B1D5E90F32F31A1A44C5E9E9
S315020058A00F62A86383B1D4F8BC21E1681344C4F83B
S315020058B0BC318B6BD4E96D02121A1344C4F8B831A9
S315020058C08B6BC4F8B43170BDE36F33B1E368D4F8BF
S315020058D0B4211B6CC4E96E2370BD2046FFF766FF38
S315020058E0E368D4F8B4211B6CC4E96E23F4E700BF65
S315020058F0F8B500B3022906460D4619D9022A1746FB
S3150200590016D95820FFF75EFC0446B8B100230146BB
S315020059102A463046A363FCF7E3FDE8B1F36F8BB189
S315020059200023C4E90873636586F8C6312046F8BDCC
S315020059300D2386F8C63100242046F8BD012386F8D9
S31502005940C631F8E74FF40070FFF73CFCA06318B1CC
S315020059504023C4E90F33E3E70123204686F8C63124
S31502005960FFF732FCE7E700BFF8B505460C46FCF741
S31502005970C5FAEB6F2BB1EE68A64202D0776D002F07
S3150200598035D0002C31D000236365EC606B63626A0C
S31502005990CAB96369F3B11B681E6821462846FCF73B
S315020059A055FD214632462846FCF768FDA96E11F0E0
S315020059B0200104D13B2205F5BC7010F0D1F800207D
S315020059C085F8C601F8BD63622046FCF7B1F9636942
S315020059D0002BE0D1D5F88420636812F0120F02D0B2
S315020059E01E69002ED9D15E68D7E7AC68CBE7304690
S315020059F0FCF768F93369094A31461A603369284661
S31502005A005F603369B2680433D36033693A46083358
S31502005A103361B761FCF76CFCB3E700BF328080806C
S31502005A202DE9F041D0E90268C660736A0446476808
S31502005A306BBB0121736D716263B9436E082B29D06A
S31502005A40E36F13B92046FFF7B1FE01223146204625
S31502005A50FCF74EFC01230022736531462046FDF712
S31502005A6007FC0023736294F9C751C4F80C80A84658
S31502005A7084F8C7313946204684F8C651FFF774FFC9
S31502005A80C4E9016784F8C6514046BDE8F081122593
S31502005A90A846EFE7FCF78CFED2E700BF10B5044636
S31502005AA0FCF7CEFE002084F8C60110BDC36F03B119
S31502005AB07047C368D0F8B41130B45964D0F8B8113D
S31502005AC09A6B9964D0F8BC11094CD964D0F8C0110C
S31502005AD01965C0F8B4211D6CD96B491B02EBC102D2
S31502005AE0C0F8B8211B6CC0E96F3430BC704700BFE8
S31502005AF081580002C36F7BB9C368D0F8BC115A6CD7
S31502005B001964C0F8B4219A6CC0F8B821DA6CC0F8EE
S31502005B10BC211B6DC0F8C031704700BFC36F03B113
S31502005B207047FFF743BE00BF2DE9F041436B0446C1
S31502005B308B420D4617D0656395F80E312A7E23F007
S31502005B400103012A85F80E3100F00A82D5F8246194
S31502005B50EB7D46F08077032B09D8DFE813F02701A7
S31502005B605E01A7010A0091F80E31DE07E3D4BDE813
S31502005B70F08195F80E31590700F11F821922D4F8E7
S31502005B80B831D5F8601103F10800C4F8B801C3E9C9
S31502005B900021D4F8BC31013B002BC4F8BC3103DC34
S31502005BA02046D4F8C0319847287ED4F8B831012867
S31502005BB0D5F8642103F1080104D1E87C22F07F4282
S31502005BC042EA00621A20C4F8B811C3E90002D4F806
S31502005BD0BC31013B002BC4F8BC3103DC2046D4F8AF
S31502005BE0C0319847D5F83C3113F0807302D194F94D
S31502005BF0C42132B12046FCF7ADFAD5F83C3103F0A8
S31502005C008073003B18BF01232F21D4F8B82184F8F2
S31502005C10C431D5F8F83002F10800C4F8B801C2E977
S31502005C200013D4F8BC31013B002BC4F8BC3103DCB1
S31502005C302046D4F8C03198472D22D4F8B831D5F889
S31502005C40EC1003F10800C4F8B801C3E90021D4F846
S31502005C50BC31013B002BC4F8BC3103DC2046D4F82E
S31502005C60C03198472E22D4F8B831D5F8381103F14D
S31502005C700800C4F8B801C3E90021D4F8BC31013BDD
S31502005C80002BC4F8BC3103DC2046D4F8C031984757
S31502005C903922D4F8B83195F80D1103F10800C4F889
S31502005CA0B801C3E90021D4F8BC31013B002BC4F88A
S31502005CB0BC3103DC2046D4F8C0319847D4F8803092
S31502005CC09A024BD5D5F8082113F0807F0CBF102716
S31502005CD04FF48077002A00F07E81A16B8A4200F0A1
S31502005CE07481012385F80C3100223721D4F8B831AA
S31502005CF003F10800C4F8B801C3E90012D4F8BC31B4
S31502005D00013B9342C4F8BC3103DC2046D4F8C031CF
S31502005D10984700264FF03808BF00D5F80821D4F876
S31502005D20B831925903F10801C4F8B811C3E90082E7
S31502005D30D4F8BC31013B002BC4F8BC3103DC20464D
S31502005D40D4F8C03198470436BE42E6D10023D5F8CE
S31502005D50082185F80C31D4F88030A2639B01D5F86E
S31502005D60442103D5B2F1806F00F07B81D5F834115E
S31502005D70D5F82431D5F83C010B43D5F8401143EA56
S31502005D8002050543A26D0D43C54B45F002056A4067
S31502005D901340002B40F01581D4F8B831A56503F104
S31502005DA00801C4F8B81101225D6027E0D5F84C114C
S31502005DB0AA68D4F8B8310A43192103F10800C4F8D5
S31502005DC0B801C3E90012D4F8BC31013B002BC4F878
S31502005DD0BC3103DC2046D4F8C0319847A26DB04BE3
S31502005DE07A401340002B40F0B7800122D4F8B83134
S31502005DF0A76503F10801C4F8B8115F601A60D4F808
S31502005E00BC31013B002BC4F8BC313FF7B0AE204693
S31502005E10D4F8C031BDE8F0411847D5F84C11AA684C
S31502005E20D4F8B8310A43192103F10800C4F8B801BD
S31502005E30C3E90012D4F8BC31013B002BC4F8BC31D3
S31502005E4003DC2046D4F8C0319847287ED4F8B8310E
S31502005E500128EA6803F1080100F0A080D5F84C0198
S31502005E60C4F8B8111A210243C3E90012D4F8BC31AE
S31502005E70013B002BC4F8BC3103DC2046D4F8C03108
S31502005E809847A26D46F08076854B46F400567240DE
S31502005E901340002B40F08D80D4F8B831A66503F18B
S31502005EA00801C4F8B81101225E60A7E795F80E3121
S31502005EB098077AD4A968D5F85021D4F8B8310A439C
S31502005EC0192103F10800C4F8B801C3E90012D4F895
S31502005ED0BC31013B002BC4F8BC3103DC2046D4F8AC
S31502005EE0C0319847E968D5F85421D4F8B8310A4345
S31502005EF01A2103F10800C4F8B801C3E90012D4F864
S31502005F00BC31013B002BC4F8BC3103DC2046D4F87B
S31502005F10C03198471D22D4F8B831D5F8141103F1CF
S31502005F200800C4F8B801C3E90021D4F8BC31013B2A
S31502005F30002BC4F8BC3103DC2046D4F8C0319847A4
S31502005F40D5F83031A26D1F4347F00107544B7A4012
S31502005F501340002B3FF449AF2046FCF7B1F844E763
S31502005F601A21D5F82431EA7C23F44003C5F82431FA
S31502005F70D4F8B831120603F10800C4F8B801C3E92F
S31502005F800012D4F8BC31013B002BC4F8BC313FF7F8
S31502005F90DDAD2046D4F8C0319847D7E5E87CC4F891
S31502005FA0B81142EA00621A215EE72846FBF7E0FAD8
S31502005FB080E72046FCF784F86EE7284600F02CFBC3
S31502005FC0DCE52046FCF77CF8E6E695F90C21002A8A
S31502005FD07FF48AAEC2E6D5F80421002A3FF4BEAEAB
S31502005FE0A16B8A4256D0012385F80C310022372153
S31502005FF0D4F8B83103F10800C4F8B801C3E90012B5
S31502006000D4F8BC31013B9342C4F8BC3103DC2046D0
S31502006010D4F8C031984700264FF03808BF00D5F8AB
S315020060200421D4F8B831925903F10801C4F8B81121
S31502006030C3E90082D4F8BC31013B002BC4F8BC3161
S3150200604003DC2046D4F8C03198470436B742E6D17D
S315020060500023D5F8042185F80C31D4F88030A263E8
S315020060607CE63A22D4F8B831D5F8481103F1080093
S31502006070C4F8B801C3E90021D4F8BC31013B002BB6
S31502006080C4F8BC3103DC2046D4F8C0319847D5F8B1
S3150200609044216BE695F90C21002AA7D15EE600BFE2
S315020060A0C801F0302DE9F0410F464FF01F0CB1F94F
S315020060B00450B0F84010D0F8B83101EB0241B7F9FC
S315020060C0002003F1080EB7F90660AD1AB7F90220EF
S315020060D0C0F8B8E1C3E900C1D0F8BC31B61A013B39
S315020060E02D113611002B044605F1010506F10106B4
S315020060F0C0F8BC3102DCD0F8C03198471E22D4F871
S31502006100B83105EB064503F10801C4F8B811C3E935
S315020061100025D4F8BC31013B002BC4F8BC3103DCAA
S315020061202046D4F8C0319847636C022B38D0042B32
S315020061301ED0012B1AD12020B7F90220B7F9003060
S31502006140216C12111B1101FB0233D4F8B821E16B49
S3150200615002F108051944C4F8B851C2E90001D4F89D
S31502006160BC31013B002BC4F8BC3113DDBDE8F08124
S31502006170B7F90220B7F90030216C12111B1101FB8D
S315020061800233D4F8B821E16B202002F1080501EBB5
S315020061908301E0E72046D4F8C031BDE8F041184754
S315020061A0B7F90220B7F90030216C12111B1101FB5D
S315020061B00233D4F8B821E16B202002F1080501EB85
S315020061C04301C8E72DE9F0414FF01F0C0F46036C5F
S315020061D012045B4212FA83F3D0F8B821B1F90450E3
S315020061E0B1F9001002F1080EB7F906606D1AB7F997
S315020061F00210C0F8B8E1C2E900C3D0F8BC31761A81
S31502006200013B2D113611002B044605F1010506F15D
S315020062100106C0F8BC3102DCD0F8C03198471E2214
S31502006220D4F8B83105EB064503F10801C4F8B811F4
S31502006230C3E90025D4F8BC31013B002BC4F8BC31BC
S3150200624003DC2046D4F8C0319847636C022B38D061
S31502006250042B1ED0012B1AD12020B7F90620B7F93C
S315020062600030216C12111B1101FB0233D4F8B82144
S31502006270E16B02F108051944C4F8B851C2E90001FC
S31502006280D4F8BC31013B002BC4F8BC3113DDBDE8A8
S31502006290F081B7F90620B7F90030216C12111B11F3
S315020062A001FB0233D4F8B821E16B202002F1080584
S315020062B001EB8301E0E72046D4F8C031BDE8F041A6
S315020062C01847B7F90620B7F90030216C12111B11D5
S315020062D001FB0233D4F8B821E16B202002F1080554
S315020062E001EB4301C8E700BF10B50446FAF73CFECE
S315020062F0002084F8C60110BD30B50446406E83B056
S315020063000138BDF9185007280ED8DFE800F004134B
S315020063101C252E0D0D0420460095FAF723FD43B2E7
S3150200632084F8C63103B030BD0923184684F8C63155
S3150200633003B030BD20460095FAF73CFD43B284F81F
S31502006340C63103B030BD20460095FAF7BDFD43B213
S3150200635084F8C63103B030BD20460095FAF714FD25
S3150200636043B284F8C63103B030BD20460095FAF731
S31502006370D1FD43B284F8C63103B030BD70B50446D0
S31502006380406E84B00138BDF92050BDF9246007285B
S3150200639011D8DFE800F00416222E3A1010040A98EB
S315020063A00095CDE901602046FEF7B2FD43B284F8BE
S315020063B0C63104B070BD0923184684F8C63104B04C
S315020063C070BD0A980095CDE901602046FEF7BCFD36
S315020063D043B284F8C63104B070BD0A980095CDE97F
S315020063E001602046FEF738FE43B284F8C63104B097
S315020063F070BD0A980095CDE901602046FEF7C2FD00
S3150200640043B284F8C63104B070BD0A980095CDE94E
S3150200641001602046FEF7DCFD43B284F8C63104B0C3
S3150200642070BD00BF91F8E43010B5013B062B00F2B7
S31502006430ED80DFE803F004151B22282F35004FF00C
S315020064407F434FF0FF0C1A46604691F8E5E0BEF135
S31502006450070F77D8DFE80EF02C837BB4AEA8A172C3
S3150200646091F8DC0003061A468446EEE700234FF055
S315020064707F424FF0FF0C1846E7E700224FF07F43BA
S31502006480FF209446E1E7002391F8DCC018464FEA64
S315020064900C62DAE7002291F8DC0094460306D4E7A0
S315020064A091F8DC0091F8E0C003064FEA0C62CCE7F3
S315020064B04FF0000C604691F8E6E0BEF1070F5AD89D
S315020064C0DFE80EF00498908A84655E554FF0000C62
S315020064D0604691F8E7E0BEF1070F00F29380DFE82D
S315020064E00EF0072823201D19041291F8DF0003433A
S315020064F091F80E01C1F8583140F00403C1F85C214D
S3150200650081F80E3110BD91F8DF4091F8E300234384
S315020065100243EDE791F8DF000243E9E743F0FF03A8
S31502006520E6E742F0FF02E3E791F8DF0003430243A6
S31502006530DEE743F0FF0342F0FF02D9E791F8DD0000
S3150200654091F8E1C043EA004342EA0C42B3E791F80C
S31502006550DD00844643EA004342EA0042ABE74FF0DD
S31502006560FF0C43F47F03604642F47F02A3E791F8EF
S31502006570DE0091F8E2C043EA002342EA0C22A8E7D1
S3150200658091F8DE004FF0000C43EA0023A1E791F8F0
S31502006590DEC0002042EA0C229BE791F8DD004FF0B4
S315020065A0000C43EA004386E791F8DDC0002042EA88
S315020065B00C4280E74FF0000CFF2043F47F037AE79A
S315020065C04FF0FF0C002042F47F0274E74FF0000CFC
S315020065D0FF2043F47F437CE74FF0FF0C002042F498
S315020065E07F4276E791F8DE00844643EA002342EAD8
S315020065F000226EE74FF0FF0C43F47F43604642F4FD
S315020066007F4266E7034342EA0C0271E700231A4619
S315020066109C46184619E700BF6FF07F43D0F84C112D
S3150200662030B4D0E95654090A2A0E01FB023265F348
S315020066301702250E01FB053390F80E1164F31703BA
S31502006640C0F8602121F00402C0F8643180F80E21FE
S3150200665030BC70472DE9F04FCD7D81B0032D02D0BD
S3150200666001B0BDE8F08F0E46B2F90050B1F9A8109C
S31502006670D6F8FC70491BD6F89850044605FB01FC77
S31502006680D6F8B050B6F9AAB005FB01F1D6F8A0507B
S31502006690D6F89C8007EB050ED6F8A470D6F8005102
S315020066A0D6F8B4A005EB0709D0F8B87107F10805CA
S315020066B0002B40F0C780B2F90230C0F8B851ABEBFC
S315020066C0030308FB03CC0AFB03112423AEEB2C15B0
S315020066D07D603B60D0F8BC31A9EB2115013B002B54
S315020066E0C0F8BC3102DCD0F8C03198472522D4F874
S315020066F0B831D6F8981003F10800C4F8B801C3E916
S315020067000021D4F8BC31013B002BC4F8BC3103DCB8
S315020067102046D4F8C03198472622D4F8B831D6F8A4
S315020067209C1003F10800C4F8B801C3E90021D4F8AB
S31502006730BC31013B002BC4F8BC3103DC2046D4F843
S31502006740C0319847D6F8EC102B1401FB03F327212E
S31502006750D4F8B821D6F8B07002F10800D6F8B480A1
S31502006760C4F8B801C2E90013D4F8BC31013B002BCE
S31502006770C4F8BC3103DC2046D4F8C031984728223D
S31502006780D4F8B831ADB203F10801C4F8B811C3E9BF
S315020067900025D4F8BC31013B002BC4F8BC3103DC24
S315020067A02046D4F8C03198472921D6F8EC303A145D
S315020067B003FB02F2D4F8B83103F10800C4F8B801B9
S315020067C0C3E90012D4F8BC31013B002BC4F8BC313A
S315020067D003DC2046D4F8C0319847D6F8EC304FEAAD
S315020067E0284203FB02F2D4F8B83103F10801C4F8D7
S315020067F0B8112A21C3E90012D4F8BC31013B002B9F
S31502006800C4F8BC3103DC2046D4F8C03198472B21AA
S31502006810D4F8B821BBB202F1080043EA0843C4F82F
S31502006820B801C2E90013D4F8BC31013B002BC4F80D
S31502006830BC313FF715AF2046D4F8C03101B0BDE8F0
S31502006840F04F1847B2F90630C0F8B851ABEB030562
S3150200685008FB05C8AEEB28137B6024233B60D0F807
S31502006860BC310AFB0515013B002BA9EB2515C0F827
S31502006870BC3102DCD0F8C03198472522D4F8B831B1
S31502006880D6F8981003F10800C4F8B801C3E900214C
S31502006890D4F8BC31013B002BC4F8BC3103DC2046E2
S315020068A0D4F8C0319847D4F8B831D6F89C2003F111
S315020068B00801C4F8B81126215242C3E90012D4F8DD
S315020068C0BC31013B002BC4F8BC3103DC2046D4F8B2
S315020068D0C0319847D6F8EC102B1401FB03F3D6E926
S315020068E02C71C1F100082721D4F8B82102F1080061
S315020068F0C4F8B801C2E90013D4F8BC31013B002B3D
S31502006900C4F8BC3103DC2046D4F8C03198472822AB
S31502006910D4F8B831ADB203F10801C4F8B811C3E92D
S315020069200025D4F8BC31013B002BC4F8BC3103DC92
S315020069302046D4F8C03198472921D6F8EC303A14CB
S3150200694003FB02F2D4F8B83103F10800C4F8B80127
S31502006950C3E90012D4F8BC31013B002BC4F8BC31A8
S3150200696003DC2046D4F8C0319847D6F8EC304FEA1B
S31502006970284203FB02F2D4F8B83103F10801C4F845
S31502006980B8112A21C3E90012D4F8BC31013B002B0D
S31502006990C4F8BC3103DC2046D4F8C03198472B2218
S315020069A0D4F8B831BFB203F1080147EA0847C4F880
S315020069B0B811C3E9002736E7F0B5C66C054637B20B
S315020069C0006DBDF914C09F42D8BF06F1FF330FFA1E
S315020069D080FED8BF1BB2E645DCBF00F1FF3C0FFAD2
S315020069E08CFC2CEAEC744FF0000C21EAE1718F4228
S315020069F022EAE272DCBF06F1FF3631B29645E6467E
S31502006A00D8BF00F1FF3023EAE373D8BF02B209010F
S31502006A101B0160461201240185F8C6C163F30F0EFD
S31502006A2061F30F0C62F31F4C64F31F4EC5F872C07C
S31502006A30C5F876E0F0BD00BFF0B583B0DDE90856D3
S31502006A40072E0446C0E91335C1638664026409DC75
S31502006A50002E10DB072E0ED8DFE806F03C41360882
S31502006A600D0D474C402E2FD0412E04D14FF440112C
S31502006A70022261656264E669BEB1D6F82C71D6F867
S31502006A801C21606DD6F820113A430243D6F83C71B8
S31502006A90D6F840010A433A43D6F8441102430A4360
S31502006AA0C6F824213668002EE7D10022013D2DB218
S31502006AB0013B2046114600951BB2FFF77DFF0020E1
S31502006AC084F8C60103B0F0BD4FF4001104226165DB
S31502006AD06264D0E70021012241654264CBE74FF4AC
S31502006AE08011022241654264C5E7042204494264D8
S31502006AF04165C0E70222034942644165BBE700BF24
S31502006B000001200000013000B0F97620B1F9003012
S31502006B109A4227DBB1F90220B0F978C0944521DB0D
S31502006B2030B5B1F904E0B0F972C0E6451CDBB1F943
S31502006B300650B0F97440A54216DB6345BCBFA1F806
S31502006B4000C0B0F97440A242B8BF4C80B0F97630AA
S31502006B509E45C8BF8B80B0F978309D4200DDCB8060
S31502006B60012030BD00207047002030BD30B5436A99
S31502006B7083B004468C466D469BB193E8030085E8D4
S31502006B80030083F804C0A16ADA8019601846236AF2
S31502006B909847636A1BB195E8030083E8030003B0D4
S31502006BA030BD2B46EDE700BF2DE9F047DFF8249113
S31502006BB04C680F464FEA042A804609EB04248E6984
S31502006BC0EFF31085012181F310883F4B9A6822F07A
S31502006BD080729A609B681E2002F050FD85F3108831
S31502006BE04FF00B0E3246387A797A00234EF001E0E6
S31502006BF041EA0071307E41EA0011307D41EA0061CE
S31502006C00707D41EA0041B07D41EA0031F07D41EA02
S31502006C1000212162B17E707E090441EA006130786A
S31502006C2001436162B18BA162F18BE162318C216316
S31502006C3032F8221F616332F8020F03F10E0144F8A3
S31502006C40210001330FF009C84FF0140E324600231B
S31502006C504EF001E032F83A1F616632F8025F03F144
S31502006C601A0C44F82C5001330FF009C801220020F7
S31502006C7096F86430C4F8C030B6F86610B6F86830D4
S31502006C8043EA0143C4F8C430F36EC4F8C830336F24
S31502006C90C4F8CC300D4B4AF80920A361D6E901327B
S31502006CA01343F2681343326913432361C8E901743B
S31502006CB03A69074BC8F820207A69C8F80030C8E953
S31502006CC00902BDE8F08700BF003020400200070835
S31502006CD04D445000006125402DE9F84346680546BB
S31502006CE0B06990F86440880779D14FF0FF30A04030
S31502006CF023EA000002F0030420436DD19208B2FB9E
S31502006D00F3F003FB1020002866D11E272A61012218
S31502006D1047F001E0AC68C5E90510E960EB61C4F82B
S31502006D20E020D4F8E8300FF005C0D5E90170D7F8B5
S31502006D300C80D7F818C0B8F1000F3BD040F6DF71CF
S31502006D400122D8F80430D5F80CE01B68E830B3F815
S31502006D50029001EA0901D5F8109058600EEB8900FD
S31502006D60D5F80CE041F42041C3F808E059809CF8BC
S31502006D7064108A4092B2DA819CF86410AA8BCA40E7
S31502006D8092B29A816B69EA6903EB820398426B615C
S31502006D909CBFEB686B61FB68D8F80820D3E9000159
S31502006DA012689047C8B9FA68D8F808301068DB68E4
S31502006DB0984790B996F92130002B02DBE368DB0392
S31502006DC03AD5E36843F00403E36096F91F30002BDB
S31502006DD009DA0020BDE8F8831720BDE8F88340F2FF
S31502006DE0EB30BDE8F883327F2F4C03F1604012018D
S31502006DF02E49D2B200F5614080F8002303F5C6524F
S31502006E0044F8235051F8220020F4803041F8220041
S31502006E1051F82220BFF35F8F01215A09920003F035
S31502006E201F0302F1604202F5614201FA03F3C2F85E
S31502006E30803113600020CDE7E36843F48033E360DA
S31502006E4096F92120B37F002A26DB1B0102F160415D
S31502006E50DBB201F5614181F800331349134B41F866
S31502006E60225002F5C65153F8210020F4803043F82F
S31502006E70210053F82130BFF35F8F012153099B0094
S31502006E8002F01F0203F1604303F5614301FA02F2C5
S31502006E90C3F880211A6094E705491B0102F00F002E
S31502006EA0DBB20B54D9E700BFE82D04220060004094
S31502006EB014ED00E038B5EFF303830221114A103BCB
S31502006EC05CB252F82450AA68136923F002031361D4
S31502006ED0AB6899612B6A1BB100222846FFF746FE72
S31502006EE0094A04F5C65352F8231021F4803142F8B8
S31502006EF0231052F82330AA68136943F00203136180
S31502006F0038BD00BFE82D04220060004010B5EFF343
S31502006F1003830E4A103B5CB252F824000C49836884
S31502006F205A690A409A61036A1BB10321120CFFF7E0
S31502006F301DFE084A04F5C65352F8231021F4803187
S31502006F4042F8231052F8233010BD00BFE82D042268
S31502006F50000007080060004038B338B504681CB367
S31502006F60236A0BB36268A38B9169D26891F8645065
S31502006F709068A168EB409BB28568E8311068626947
S31502006F80A8476369E069E56803EB8003206900228C
S31502006F9005EB8000834228BF2B4663612046BDE88D
S31502006FA038400121FFF7E2BD38BD704700200123BA
S31502006FB08242CAB203FA02F39AB24FEA034308BF05
S31502006FC01A460B0A5B0103F1804303F580039A60BC
S31502006FD0704700BF2DE9F84F0388DBB14FF0000A76
S31502006FE080464FF00109DFF8D4B00024314D4FEA54
S31502006FF0CA07D8F8043035F8022BD9198988914284
S315020070000AD00134032CF4D1B8F800300AF1010A8F
S315020070105345EAD8BDE8F88FDB5909FA04F603F0BE
S31502007020B853B3F1807F244BF6B293F84C2C12D0AE
S31502007030324230D104F120021BF81230DB09E0D0D3
S315020070401BF81230012123F08003C8200BF81230FE
S3150200705002F014FBD5E7324210D004F120021BF8ED
S315020070601230DB09CDD11BF81230012143F0800327
S31502007070C8200BF8123002F001FBC2E7012002F031
S31502007080A9FB0D4B012093F84C2C324383F84C2C70
S3150200709002F070FBE1E7012002F09CFB064B0120A7
S315020070A093F84C2C22EA060283F84C2C02F062FB7F
S315020070B0C0E700BFCC6A010200E001400020204088
S315020070C0F8B50646FFF786FFEFF31082012383F336
S315020070D01088234F3B681BB9402022490B7508755F
S315020070E03B6801333B6082F31088338800211BB36F
S315020070F01D4D08E01B01134445F823403288013137
S315020071008BB29A4218D9736853F8314003EBC10225
S315020071109288E0034FEA1223D2B2EBD502EB0310B8
S3150200712055F820E024F4803C2EF4803E45F820E019
S315020071301B0145F820C0DEE7EFF31082012383F33B
S3150200714010883B6813B13B68013B3B603B681BB947
S31502007150802004490B75087582F31088F8BD00BFBC
S31502007160E42D0422000D40400008404008B5034BC0
S3150200717003600846FFF7A4FF002008BD54524F5093
S3150200718008B50846FFF79CFF002008BD034600200D
S3150200719059601A72704700BF30B5836B83B00446DC
S315020071A00A466D46A3B193E8030085E80300E16B46
S315020071B01A7119601846636B9847A36B1BB195E861
S315020071C0030083E80300002384F82B3003B030BDAC
S315020071D02B46ECE730B5454B83B01B6A0169019338
S315020071E0019B03F00F230193019A019D0B7C90F8FA
S315020071F02C409CB9C2F30322DBB2A2EB1562934088
S315020072009B0804D1082003B030BD013BFAD04A786E
S31502007210C2F3C014D209F8D1CC710169002390F8E7
S3150200722026408569026880F82B30C56180F82D30CA
S3150200723080F8274080F82E3080F8283080F82F30EA
S31502007240036280F83030546A227894F801E0012A09
S3150200725014BF4FF0040C4FF0050C6279120142EA9A
S315020072604E0294F806E042EACE124CEA0202D2B28A
S31502007270CA7001690A7942F010020A7101690A7933
S3150200728063F3C3020A7101690A7963F304120A718C
S315020072900269E179137961F3C713137102695379AC
S315020072A043F001035371036893F90F30002B07DB98
S315020072B0012203F01F040E495B09A24041F8232074
S315020072C0BF210269537A03F0F30353720369D9713A
S315020072D090F82C302BB1002380F82C30002003B01C
S315020072E030BD022203695A70F8E700BF00E0014090
S315020072F000E100E090F808C0C0E90512BCF1010FF8
S3150200730080F82A3008D10022436880F826C05B0044
S3150200731080F8243080F82520002380F82930FFF7F2
S3150200732059BF00BF90F808C0C0E90512BCF1010FB1
S3150200733080F82A300AD10022436880F826C05B0012
S3150200734043F0010380F8243080F82520012380F8D9
S315020073502930FFF73FBF00BF70B400244022036903
S315020073601C7003691A70026913785B06FCD5C02388
S315020073701370036802695B6A804D1B794FF0000C3B
S3150200738043F0E0031374036802695B6AB324DB7893
S3150200739043F0E0035374036802695B6A9B781B013E
S315020073A003F0700343F008039370036802695B6A93
S315020073B01E78012E5E7814BF0423052343EA460392
S315020073C0DBB2D37003685B68AB4214BF7722F72245
S315020073D003695A71036983F806C00369DC7191F97E
S315020073E011204B7B6245C0F2AA801B0102F1604468
S315020073F0DBB204F5614484F80033614C614B44F816
S31502007400220002F5C65553F8256026F4803643F865
S31502007410256053F82530BFF35F8F012553099B0082
S3150200742002F01F0203F1604303F5614305FA02F21B
S31502007430C3F880211A6091F90F204B7B002AC0F213
S3150200744095801B0102F16045DBB205F5614585F8C1
S3150200745000334C4B44F8220002F5C65553F825601A
S3150200746026F4803643F8256053F82530BFF35F8F44
S31502007470012553099B0002F01F0203F1604303F545
S31502007480614305FA02F2C3F880211A6091F91020CD
S315020074904B7B002A63DB1B0102F16045DBB205F57B
S315020074A0614585F80033374B44F8220002F5C6558C
S315020074B053F8256026F4803643F8256053F82530C4
S315020074C0BFF35F8F012553099B0002F01F0203F1F0
S315020074D0604303F5614305FA02F2C3F880211A609C
S315020074E091F90E204B7B002A31DB1B0102F1604130
S315020074F0DBB201F5614181F80033224B44F82200E8
S3150200750002F5C65153F8214024F4803443F8214051
S3150200751053F82130BFF35F8F012153099B0002F01C
S315020075201F0203F1604303F5614301FA02F2C3F855
S3150200753080211A609F2203691A7070BC7047124C30
S3150200754002F00F051B01DBB22C44237655E70E49E8
S3150200755002F00F051B01DBB229440B76CDE70B4D7A
S315020075601B0102F00F06DBB2AB559CE7074D1B0170
S3150200757002F00F06DBB2AB556BE700BF40420F00CD
S31502007580E82D042200600040FCEC00E014ED00E06F
S31502007590F8B500250A781C4B016013441B020361EF
S315020075A08B680E4643600B7B04460372CB694363CA
S315020075B00B6A80F82950C36380F82A50856380F8E5
S315020075C02B50C0E90555C0E9075580F82C50EFF35A
S315020075D01087012181F310880C4A33785068C3F171
S315020075E0090301FA03F320EA0303536053681E20DA
S315020075F002F044F887F3108820463146FFF7ACFEC6
S31502007600034B2846E360F8BDE025400000302040E9
S315020076104349495210B582B0EFF30383103B5F4AE8
S315020076205BB203F5C65352F8231021F4803142F8B7
S31502007630231052F82330EFF30383594A103B5BB20F
S3150200764052F8234094F82D305BBBA369022B22D952
S31502007650E369012B0ED12269137943F010031371EA
S315020076602269137943F0080313712269137923F00F
S315020076701003137123685B6ADB79002B3ED101226A
S315020076802369DB7CDBB28DF807309DF8073084F87E
S315020076902D2002B010BD2269137943F04003137105
S315020076A0D6E7E369002BF4D02268526AD279FAB996
S315020076B0032B17D0022B26D0012B34D02269236A42
S315020076C0D17C6269D154D4E907320132013BC4E963
S315020076D00732002BDDD121690A7963F386120A711A
S315020076E002B010BD2269137943F040031371E5E736
S315020076F005212046FFF750FDE369D9E7052120461B
S31502007700FFF74AFDBBE72269137943F010031371B1
S315020077102269137943F0080313712269137923F05E
S3150200772010031371CAE794F82A2072B322681D481F
S3150200773092F90F20510902F01F0203FA02F22031D8
S3150200774040F82120BFF34F8FBFF36F8F04202169CA
S31502007750CA7942F08002CA7121690A7942F010029E
S315020077600A7121690A7922F008020A7121690A79E5
S3150200777022F010020A712269507021694A7922F0B8
S3150200778001024A7184F82C3098E708212269537A5B
S3150200779003F0F7035372236959708FE700600040C4
S315020077A0E82D042200E100E010B5EFF30383103B5D
S315020077B0434A5BB203F5C65352F8231021F48031D3
S315020077C042F8231052F82330EFF303833D4A103B6D
S315020077D05BB252F8234094F82730002B40D194F83C
S315020077E02930002B3BD123685B6ADB792BB194F8F5
S315020077F02B3013B9236A002B5CD1E3692169002B74
S3150200780041D1CB79C02223F08003CB71216901E0FB
S31502007810013A02D0CB79DB09FAD12368284A93F9D7
S31502007820103003F5C65352F8231021F4803142F882
S31502007830231052F82330236893F91030002B09DB0A
S3150200784001215A09204803F01F03603201FA03F3AB
S3150200785040F822302269D37943F04003D37110BD38
S3150200786094F82630032B1CD094F8242023699A74AA
S3150200787094F8282094F827300132013B84F8282016
S3150200788084F8273010BD236A6269D35C8B74D4E90D
S3150200789007320132013BC4E90732002BDFD12169ED
S315020078A0AFE794F82830022BDED194F83030002B63
S315020078B0DAD110BD05212046FFF76EFC9DE700BF19
S315020078C000600040E82D042200E100E038B5EFF345
S315020078D00383344A103B5BB252F8234023685B6A47
S315020078E0DB79002B4BD194F829301BB194F8273061
S315020078F0012B52D0E369E3B12169C023CA7922F090
S315020079004002CA71216901E0013B02D0CA795206DE
S31502007910FAD4EFF30383103B234A5BB203F5C65353
S3150200792052F8231021F4803142F8231052F8233002
S3150200793038BD94F82A203AB3012022681B4D92F9E9
S315020079400F20510902F01F02203100FA02F245F817
S315020079502120BFF34F8FBFF36F8F4FF0040C2169C5
S31502007960CA7942F08002CA71226982F801C021698D
S315020079704A7963F300024A7184F82C00BCE70521B8
S315020079802046FFF709FCAEE708212269537A03F085
S31502007990F703537223695970AEE794F83030002B1F
S315020079A0AAD0A7E7E82D04220060004000E100E02B
S315020079B038B5EFF303834F4A103B5BB252F823000C
S315020079C00269537A517ADC0601F0E00151725FFADC
S315020079D083FC03F003022CD50369597849064ED479
S315020079E00024012580F82B50DC710168FFF7B4FCF6
S315020079F0B32290F82630816980F82830036980F82E
S31502007A002C400162C46180F82A402946DA71FFF7E8
S31502007A10C3FBEFF30383103B374A5BB203F5C6534E
S31502007A2052F8231021F4803142F8231052F8233001
S31502007A3038BD002A5CD11CF0080F11D0C369002B97
S31502007A4045D190F82B30002B41D1B32290F8291062
S31502007A500369C1F10301C9B2DA71FFF79DFBD8E7E9
S31502007A6090F82C200CF0040342B3002BD1D0C3694A
S31502007A70002B3BD190F82B30002B37D1E5E7002ABB
S31502007A80AED15A78C2F380115206D4D5082280F8B4
S31502007A902B105A70036801695A6A947913785279DD
S31502007AA043EAC41343EA021343F00203DBB2CB7088
S31502007AB00269537943F001035371AAE7002BA8D058
S31502007AC003685B6ADB79002BA3D00421C5E7002398
S31502007AD0B32190F826508469026980F82C3080F828
S31502007AE028500462C36180F82A30D1710121B4E7BB
S31502007AF0036975E7E82D0422006000400346002072
S31502007B00D3E902235360704730B48C6E01342AB134
S31502007B10944203D930BC013A1A607047029D496B00
S31502007B200078ED0754BF01F01F01C1F30441032899
S31502007B3008D9090981F001016AB9A1B930BC02224A
S31502007B405A60704701F00C01A1F10401B1FA81F10A
S31502007B504909002AF1D0944201D80029EED130BC5D
S31502007B6003225A607047002CE8D0F8E74FF0010C68
S31502007B702DE9F0430B7C00250CFA03F3C360C3F333
S31502007B800D03B3FA83F35B09416003740B7CAD4AC0
S31502007B900E461A44120282604B69044643618B699F
S31502007BA085B0C0E90653CD69EFF310878CF31088D0
S31502007BB0097CA54B0A1F052A83BF4FF00042CA4023
S31502007BC0D2436FF000621B6913409F4A1361136927
S31502007BD001211E2001F052FD87F31088E368190780
S31502007BE00DD0EFF31081012383F31088974AE068E2
S31502007BF053889BB223EA0003538081F310884FF423
S31502007C0025400022A3684FF000411860A368DA629B
S31502007C10A368DA63A3689A64337A3078DB050328AB
S31502007C2043F4803008BF0346A7687068FB62A36806
S31502007C3001381961A3685961A3689961A1684A620A
S31502007C40A1688A62A168AB69CB61A168EB690B6224
S31502007C50A1688866A16848664FF0FF300021CDE929
S31502007C60020130782F6D002840F0F08101204FF09C
S31502007C70030E7368D4F808805B08013B0293C8F8C8
S31502007C805430A26893653278032A03D9A268D36571
S31502007C90A26813662B6DD3B92B78A3B133786A78B1
S31502007CA0022B4FEA821C4FEA021100F00282032BDA
S31502007CB003D0002A0CBF062309233B4343EA0C03E5
S31502007CC00B4343F48077AB78002B40F0DA81002334
S31502007CD06268D16991F8482001F1300CDA40D20786
S31502007CE00ED5032B5CF8232016D0042B21D002F1EB
S31502007CF0FF38A26803F1120902EB8902C2F8048076
S31502007D000133062B1DD091F84820DA40D207F7D569
S31502007D10032B5CF82320E8D1A368013ADA6591F8CF
S31502007D204820D30640F1A7810423042BDCF8102057
S31502007D30DDD1A368013A9A6591F848309B0600F1B5
S31502007D409C810123327C9340C3F30D0313B10022BD
S31502007D50A3685A640023A2689363A268C2F88830B3
S31502007D602B6D3BB995F8213095F820205B0743EA45
S31502007D7042331F4395F84830002B14BF4FF4A0023C
S31502007D804FF4AA02A3681A643378012B04D10023A4
S31502007D90A268D364A2681365A3685F63A26895F8B4
S31502007DA05410D36A43EA011395F8551043EA411376
S31502007DB0D362A368C3F830E0A3681863D4E9023239
S31502007DC0DA6096F91230002B26DB727C03F16041F1
S31502007DD012011F48D2B201F5614181F800231D4A02
S31502007DE040F8234003F5C65152F8210020F48030B2
S31502007DF042F8210052F82120BFF35F8F01215A0970
S31502007E00920003F01F0302F1604202F5614201FA99
S31502007E1003F3C2F88031136095F92830002B33DB67
S31502007E2095F8222003F1604112010948D2B201F508
S31502007E30614181F80023074A40F8234003F5C65101
S31502007E400AE000BF203240000030204000403240AD
S31502007E50E82D04220060004052F8210020F4803010
S31502007E6042F8210052F82120BFF35F8F01215A09FF
S31502007E70920003F01F0302F1604202F5614201FA29
S31502007E8003F3C2F88031136095F92930002B27DB02
S31502007E9095F8232003F1604112018848D2B201F518
S31502007EA0614181F80023864A40F8234003F5C65112
S31502007EB052F8210020F4803042F8210052F82120A5
S31502007EC0BFF35F8F01215A09920003F01F0302F1EB
S31502007ED0604202F5614201FA03F3C2F8803113608F
S31502007EE095F92A30002B27DB95F8242003F160410F
S31502007EF012017248D2B201F5614181F80023704A3B
S31502007F0040F8234003F5C65152F8210020F4803090
S31502007F1042F8210052F82120BFF35F8F01215A094E
S31502007F20920003F01F0302F1604202F5614201FA78
S31502007F3003F3C2F88031136095F92B30002B27DB4F
S31502007F4095F8252003F1604112015C48D2B201F591
S31502007F50614181F800235A4A40F8234003F5C6518D
S31502007F6052F8210020F4803042F8210052F82120F4
S31502007F70BFF35F8F01215A09920003F01F0302F13A
S31502007F80604202F5614201FA03F3C2F880311360DE
S31502007F9095F92C30002B27DB95F8262003F160415A
S31502007FA012014648D2B201F5614181F80023444AE2
S31502007FB040F8234003F5C65152F8210020F48030E0
S31502007FC042F8210052F82120BFF35F8F01215A099E
S31502007FD0920003F01F0302F1604202F5614201FAC8
S31502007FE003F3C2F88031136095F92D30002B27DB9D
S31502007FF095F8272003F16040304D12013049D2B284
S3150200800000F5614080F8002303F5C65245F8234087
S3150200801051F8220020F4803041F8220051F8222043
S31502008020BFF35F8F01215A09920003F01F0302F189
S31502008030604202F5614201FA03F3C2F8803113602D
S315020080400020204B236005B0BDE8F0830128D4F858
S31502008050088029D00092F268606802AB4146FFF7B9
S3150200806053FDDDE90232100440EA026040F0030EDD
S3150200807040F0010003E6052330E60523DCF8142070
S3150200808035E6E97832780B01022A43EA811312D0E7
S31502008090032A03D000290CBF06220922134347EA0A
S315020080A0034343F0807712E64FF0030E4FF0FF339F
S315020080B0E5E5092301E60922F0E700BFE82D0422DF
S315020080C0006000405450470001464FF0020C094B35
S315020080D000201A6842F480721A601A6842F001029D
S315020080E01A60D3F8402442F00102C3F8402481F812
S315020080F000C0704700303440F0B502F11103144D50
S315020081001B02E858C60720D412480468C4F30020AC
S31502008110E4051AD4002915BF4FF0030E4FF0010EE5
S315020081200127002741F20C1C05EB022202F58954B5
S3150200813026686EF301062660EC18676042F80C109A
S31502008140EA5842F00102EA50F0BD40F2EE30F0BDCC
S3150200815000203440003034402DE9F04F9246AC4CBA
S31502008160037B026834F81360876885B0002A00F042
S31502008170EC8041F21C15A74A4FEA0A2CD25CA64BA8
S31502008180120763445A5190F80CE0B1F9003034F802
S315020081901EB0A24C8568A4881A469C42039580F2BA
S315020081A09C809E4A837BB2F900200468B1F902E002
S315020081B00192002B40F0D880984D1A46B5F80690E9
S315020081C00293F145C0F2B480BEF1000FB0F806800A
S315020081D0C0F2D280A9EB0E09C1451FFA89F9B8BFD0
S315020081E0C84641F20C1907FB06F68B4FF6086744A0
S315020081F047F80940447B002C847B56EA06B6002CDD
S3150200820000F09C8041F210140026B0F810B03E51E6
S31502008210048A08FB04F4019841F228191044024624
S3150200822041F2301841F2181541F2241741F22C1688
S315020082307B489B090BF1FF3B013B9BB200EA0B4BD0
S315020082404BEA030B029B00EA02421A43724BC4F347
S315020082500A04634443F805B043F8092043F80820AA
S315020082606E4AB2F90220724400EA02402043D85113
S3150200827098510A7A002A5FD0012A41F234104B7AC9
S3150200828014BF4FF47F04002441F2381141F2030671
S31502008290614A4FEA0343624418BF43F080731350A6
S315020082A0604B54501B68604A023342F82A3001215F
S315020082B041F250100024584A0AF11103944402EB89
S315020082C003225A4B0CF589552E6051604CF800403A
S315020082D01970597005B0BDE8F08F002BB0F804E0B4
S315020082E05ADBE41A7445A4B2B8BFA6464B4BCEF38A
S315020082F00A05B3F90030046801930BFB0EF30295ED
S31502008300DB0890F80E80B1F902E0B8F1000F03D055
S31502008310B0F8068008FB03F39D06404D18BF23F014
S315020083203F03B5F8069018BF4033F145BFF64CAF90
S315020083304FF0000EF04654E70326B8E741F210105C
S315020083403604C34644463E5065E70120324B0AF1E5
S31502008350110403EB0A2101F5895103EB042308609A
S315020083605A6005B0BDE8F08F0023B0F806801A46C1
S31502008370029308FB03F3CFE7F044B8F1000FD7DD11
S31502008380039D1FFA88F80BFB05F94FEAD9090EFB84
S3150200839019444FF0000E24E703EB0E04002C7FF77E
S315020083A000AFBBF1070F20D84FF0010842461B4D24
S315020083B05B42B5F90050954201951EDAB3FBF8F817
S315020083C018FB02F80022AEEB080E1FFA8EF403FB2E
S315020083D00BFE0BFB04F3C4F30A0402940468DB08E5
S315020083E004EBEE0424F03F048BE740224FEADB085D
S315020083F0B2FBF8F2904612B2D9E7B3FBF8F208FBE9
S31502008400123292B214445242A4B212B2DFE700BF51
S31502008410E06A0102F06A010200203440782D04224B
S315020084200000FF07682D0422702D0422140000228A
S31502008430F8B5002305460C460370EFF310860121BA
S3150200844081F31088C14B9A6822F010029A609B68E9
S315020084501E2001F013F986F31088BD490B6843F418
S3150200846080330B60D4F8842094F83C005379A0F151
S3150200847003001279B0FA80F0B2FA82F2400903F0F0
S315020084803F03520943EA003343EA022343F040031F
S31502008490C1F8503494F84020D4F884300AB14FF42D
S315020084A0BC72C1F8E4230022A94EC6F8042493F94B
S315020084B0000093F90110471C93F9022040F07081E5
S315020084C0481C40F05781531C40F01C814FF0011CA0
S315020084D0628E218D9F4B9E4FC1F30A0103EA02422F
S315020084E00A437A60C7F808C0A18DB4F82AC00131E0
S315020084F0CCF30A0C03EA014141EA0C013961E18E2F
S31502008500954E013103EA0143A18E0022C1F30A010D
S315020085100B43FB6094F8453094F846101B0203EBBC
S31502008520014394F8441020460B447B61A38D04F169
S315020085305C013380E38E7380638DB380A38EF380F8
S31502008540FFF70AFE012204F1680104F11400FFF7A5
S3150200855003FE94F83C20814B94F83D009B5C012875
S315020085604FEA033343F0805008BF034694F83E00B7
S3150200857043F0807C012808BF6346794994F8587015
S31502008580895C032A43F4007208BF1346D4F88400B8
S3150200859009042FB18279022A00F0198141F480116F
S315020085A04FF4007C4FF00227B56007200626684A82
S315020085B0C2F8C4336B4BC2F8D413C2F8C8C3C2F8AC
S315020085C0CC73C2F8D033E36F6B60D4F88030C5E960
S315020085D00234A18EE38E0B44D2F85012013363F3B8
S315020085E00A01C2F85012C2F84064C2F84404EB68A9
S315020085F093F97720002A28DB93F874305A4C02F15B
S3150200860060401B015949DBB200F5614080F8003336
S3150200861002F5C65344F8225051F8230020F4803064
S3150200862041F8230051F82330BFF35F8F012153092C
S315020086309B0002F01F0203F1604303F5614301FA56
S3150200864002F2C3F880211A60EB6893F97820002AB7
S3150200865028DB93F87530444C02F160401B01434914
S31502008660DBB200F5614080F8003302F5C65344F8E8
S31502008670225051F8230020F4803041F8230051F8AB
S315020086802330BFF35F8F012153099B0002F01F02C3
S3150200869003F1604303F5614301FA02F2C3F8802154
S315020086A01A60EB6893F97920002A27DB93F8763073
S315020086B02D4C02F160401B012C49DBB200F56140F2
S315020086C080F8003302F5C65344F8225051F82300CD
S315020086D020F4803041F8230051F82330BFF35F8F36
S315020086E0012153099B0002F01F0203F1604303F5C7
S315020086F0614301FA02F2C3F880211A6001232B704A
S315020087000020F8BD94F83F301BB90121104BC3F885
S31502008710281417490F4B51F822100D480A6842F0E7
S3150200872007020A60A28D618D03EA0242C1F30A01C1
S315020087300A43C0F82024E18EA28E03EA0143C2F363
S315020087400A021343C0F81034C0E600BF00302040CE
S31502008750003034400000FF07782D0422D86A010257
S31502008760D46A010280808000E82D04220060004065
S31502008770F86A010294F83A3033B91C48D0F80C343E
S3150200878043F01003C0F80C34194B184853F8213043
S3150200879019681960238FC3F30A03C0F8083492E6F6
S315020087A094F830302BB9D6F81C3443F01003C6F8CF
S315020087B01C340F4B53F82000036843F00203036096
S315020087C0E38D0A48C3F30A03C0F8183478E6427AFE
S315020087D0C779120142EA0732877A007A3A4342EAB5
S315020087E0002242F400121143DAE600BF00303440A0
S315020087F0F86A010230B51A4B1A491A6889680132B9
S315020088001A601B6883B023B900240025164BC3E9FE
S3150200881000450122154B48681A705A7038B1032276
S315020088208B68684601934B688DF800209847104A7A
S31502008830D2F8483443F00103C2F84834EFF3038315
S31502008840103B0C4A5BB203F5C65352F8231021F4CF
S31502008850803142F8231052F8233003B030BD00BFF6
S31502008860682D0422782D0422702D04221400002281
S315020088700030344000600040F8B50126154C6660B1
S31502008880EFF3108786F31088134DAB6823F040038D
S31502008890AB60AB681E20314600F0F0FE87F310880D
S315020088A0204600F04FF808B12046F8BD0746EFF320
S315020088B0108486F31088AB6843F04003AB60AB6864
S315020088C01E20314600F0DAFE84F310883C4620462C
S315020088D0F8BD00BF842D042200302040012904D0B7
S315020088E00A2900D0704743607047322A06D09200A8
S315020088F002F1402202F5880213607047416800299E
S31502008900F5D053F8041B024AC2F8C8100360704738
S3150200891000404440012904D00A290CBF40680020C7
S315020089207047920002F1402202F5880210687047F1
S3150200893001291DBFA1F10A00B0FA80F040090846DC
S31502008940704700BF70B42E260E4B0F4D1B780F4A90
S315020089501B010F49DBB2C5F8C06082F80533D1F8B6
S3150200896014330C4C23F480336061C1F81433D1F80C
S315020089701433BFF35F8F2023C2F8803113600120C6
S3150200898070BC7047006401020040444000E100E010
S3150200899000C00040E82D04220949931C086828B942
S315020089A022B1013B09D10B68002BFCD000230868D9
S315020089B00B60C01A18BF01207047013AEEE700BFEC
S315020089C08C2D042210B4EFF303832E20144A103B9D
S315020089D011685BB28906C2F8C0000DD5114951F87B
S315020089E023104868B0B1086804689CB10068C2F8F0
S315020089F0C8000A6804320A600B4A03F5C65352F8E5
S31502008A00231021F4803142F8231052F823305DF806
S31502008A10044B704705490A6801320A60ECE700BF59
S31502008A2000404440E82D0422006000408C2D0422C0
S31502008A300CF056BF0CF05CBF0120704710460CF0DC
S31502008A404FBF00BF10460CF053BF00BF0120704756
S31502008A50084670470846704708B5084611461A4642
S31502008A600DF0FAF8012008BD034609019B6841F0A2
S31502008A700101C9B200205977704700BF00238268FE
S31502008A8018465377704700BF034601229B680020B1
S31502008A901A77704730B44FF480654FF4803403463A
S31502008AA08D600C609C684FF6FF72B4F810C0E468E3
S31502008AB01CF4404F18BF2A464C609B68002030BC0D
S31502008AC09B689BB2C1E90223704700BF062070472C
S31502008AD003460020D9605A61704700BF30B40024B3
S31502008AE04268134D52680346117801F5C55145F89F
S31502008AF0214081680C77D168A9B14FF0010C92F937
S31502008B0001100C4D480901F01F0120300CFA01F149
S31502008B1045F82010BFF34F8FBFF36F8F064992F9C6
S31502008B20012041F822400020186030BC704700BF87
S31502008B300060004000E100E0E82D04222DE9F04744
S31502008B4000244368774A5D682B7803F5C55342F8DB
S31502008B50234083681C772B786E8903F5C55342F848
S31502008B60236083685C7791F803C091F80290E0462F
S31502008B70C9F38102CCF381039201CE8942EA8332A0
S31502008B8008F0C0074FEA9C139B03CCF3011C802F0D
S31502008B90B6B243EA0C2308D0402F06D0C02F00F00D
S31502008BA0B880A24643F400530AE08C8906EB0646D7
S31502008BB0C9F3001C26F0FC261FFA84FA43EA0C339A
S31502008BC0B5F80AC0D0F80CE0BCF1000F18BF43F0AC
S31502008BD00103BEF1000F3DD019F0200F5ED14FF018
S31502008BE0100E95F802C095F901704FEA0C1C002F81
S31502008BF05FFA8CFCC0F2858007F1604808F561488F
S31502008C0088F800C3DFF820C107F5C6584CF82700DC
S31502008C10DFF810C15CF8289029F480394CF82890C6
S31502008C205CF828C0BFF35F8F4FF001084FEA571C6C
S31502008C304FEA8C0C07F01F070CF1604C0CF5614CE7
S31502008C4008FA07F7CCF88071CCF8007091F8038027
S31502008C5008F0C007C02F28D04FF0000CE046876806
S31502008C6092B2C7F8288087689BB2C7F82CC087687B
S31502008C70BA82826813824A6883681A608A6883683D
S31502008C805A6083689E608368C3F80CA083686A682A
S31502008C909A61836883F813E0BDE8F087C02F14BF9A
S31502008CA04FF01C0E4FF0100E9BE7B1F80CC008F007
S31502008CB00C08B8F1040F1FFA8CFC08BFE04691F8C5
S31502008CC00290CF8909F00C0918BFB5F80880BFB227
S31502008CD008BF42F40052B9F1040F18BF1CFB07F794
S31502008CE0846818BF1FFA87FC4F6808BF42F020024B
S31502008CF027628F68846808EB08480CEB0C4C6762A5
S31502008D00ADE7DFF8288007F00F09C84488F818C0D5
S31502008D1078E78C8906EB064626F0FC261FFA84FACB
S31502008D204EE700BF00600040E82D0422FCEC00E0A4
S31502008D3010B50446FFF702FF0122A36800201A7746
S31502008D4010BD00BF2DE9F04100264A684160137844
S31502008D500D4603F1807303F520739B018360D3688C
S31502008D600446C3605369C0E90463EFF31088012720
S31502008D7087F310880B4B1A6822F480021A601B686C
S31502008D801E20394600F07AFC88F31088064B2046EE
S31502008D901F701E742968FFF7D1FE044B304623600C
S31502008DA0BDE8F0810030204000A8004043414D4418
S31502008DB00346002230B45968094D4C6810462178A2
S31502008DC001F5C55145F8212099680A772178648909
S31502008DD001F5C55145F821409B685A7730BC70476A
S31502008DE00060004030B4002482B0019100924268D3
S31502008DF0144D51680A7802F5C55245F82240826838
S31502008E0014770A78498902F5C55245F82210826814
S31502008E105477019A12B1019982681160009A12B1CF
S31502008E208268009951608268118A11F4404F14BF1A
S31502008E30D36093608368012200201A7702B030BCA7
S31502008E40704700BF0060004010B582B0EFF30383A5
S31502008E50103B0D4A5BB203F5C65152F8210020F4CD
S31502008E60803042F8210052F82120084A01A852F81F
S31502008E7023406269E36801929847A368DA680AB1F7
S31502008E8001221A7702B010BD00600040E82D0422CC
S31502008E901D4A92F82630928CDBB202F00F02A2F142
S31502008EA0080103292BD8DFE801F020160C02174926
S31502008EB0174A51F82330A2FB03231B09154A1360F4
S31502008EC070471249124A51F82330A2FB0323114A72
S31502008ED0DB08136070470D490D4A51F82330A2FB97
S31502008EE003230C4A9B08136070470849084A51F845
S31502008EF02330A2FB0323074A5B081360704703492A
S31502008F0051F82330D340D9E700E00140800804221B
S31502008F10ABAAAAAA1C2E0422704700BF4AF203512A
S31502008F20F8B5594B594AB3F8FA43A3F8FA135368FA
S31502008F300746D903A4B21AD5544B00255A689203A0
S31502008F4029D50026504A524992F8753092F86D207A
S31502008F5003F00F0302F00F0251F82330072A00F242
S31502008F608E80DFE802F0292929888A828486EFF337
S31502008F701086012585F31088536843F480335360C5
S31502008F8053681E20294600F079FB86F310883F4B72
S31502008F905A689203D5D4EFF31086012181F3108823
S31502008FA05A6842F400325A605B681E2000F066FB83
S31502008FB086F310880226C5E7012101FA02F2B3FB05
S31502008FC0F2F30121334AA2FB03239B0C03FA01F0BD
S31502008FD000F054FB2C4A92F8753043F0400382F8B5
S31502008FE0753092F87530DB09FBD07B78264982F81A
S31502008FF06D303B7843F0400382F875303B7882F857
S31502009000753091F87530DB09FBD135B9BEB91E4B07
S3150200901044F42544A3F8FA43F8BDEFF31085012181
S3150200902081F31088194B5A6822F480325A605B68C1
S315020090301E2000F023FB85F31088002EE7D0EFF305
S315020090401085012181F31088104B5A6822F40032F0
S315020090505A605B681E2000F011FB85F310880A4BEC
S3150200906044F42544A3F8FA43F8BD0322A7E70522F0
S31502009070A5E70A22A3E70622A1E708229FE7102115
S31502009080083A01FA02F29AE700E001400030204075
S315020090908008042283DE1B434AF203529FEDBC4B37
S315020090A09FEDBD5BC24BC348C34930B5C3E9080156
S315020090B0C24CC3499FEDBA6B9FEDBB7B9962A4F884
S315020090C0FA23A3EC045F83B083ED007FFFF7E0FE93
S315020090D009230A2284F8502A84F8A23094F8003C24
S315020090E023B994F8013C9C0700F06182B34C94F8D2
S315020090F0003C002B00F050820022B04B83F8012C7A
S3150200910083F8002C0022AD4B83F8362083F83220F8
S3150200911093F83C201007FBD549F2025540F253441E
S3150200912000204FF6021140F25142C3F8C850A3F88C
S315020091304E4083F84A00C3F8AC10A3F84C20BFF3A4
S315020091404F8FBFF36F8F9F4A516921F400315161EE
S31502009150C2F85002BFF34F8FBFF36F8F9A490A6866
S3150200916022F440520A60BFF34F8FBFF36F8F012084
S31502009170197D924A60F302011975137DD906FCD452
S31502009180914A136843F440531360BFF34F8FBFF302
S315020091906F8FA2F57342536913F4003311D1BFF3F3
S315020091A04F8FBFF36F8FC2F85032BFF34F8FBFF3AB
S315020091B06F8F536943F400335361BFF34F8FBFF38D
S315020091C06F8F00237D4A82F82A3092F83C309B0644
S315020091D0FBD500227D4B1A701A781A781A785A68CB
S315020091E0FA2A04D07A4959605A68FA2AFBD1774B8F
S315020091F09A687D2A04D0774999609A687D2AFBD1BC
S31502009200052242F220116D4B73481862998483F845
S315020092102620FFF73DFE01211E2000F02FFA6B4AA1
S315020092205368C3F30903642B84BF01231370FFF74A
S315020092302FFE4AF20152694B1A80BFF35F8F012259
S315020092401A72BFF35F8F4FF425415C4A198092F878
S31502009250DA3043F0400382F8DA3092F8DA30DB098A
S31502009260FBD0C923032082F8D40082F8DA3092F8C0
S31502009270DA30524903F0BF0382F8DA3091F8DA3075
S31502009280DB09FBD10124802081F8534081F83E306E
S3150200929081F83E0091F87430484A43F0400381F861
S315020092A0743092F87430DB09FBD007204A210A2376
S315020092B0424C82F86C0082F8741082F8743094F88A
S315020092C07430DB09FBD14FF0090301A8ADF8043075
S315020092D0FFF724FE94F87630384A43F0400384F8C8
S315020092E0763092F87630DB09FBD0CA23032082F867
S315020092F06E0082F8763092F87630304903F0BF037A
S3150200930082F8763091F87630DB09FBD191F8553048
S315020093102A4A43F0400381F8553092F85530DB096A
S31502009320FBD0CA23022082F8540082F8553092F804
S315020093305530224903F0BF0382F8553091F8553073
S31502009340DB09FBD191F857301C4A43F0400381F800
S31502009350573092F85730DB09FBD0C723002082F83A
S31502009360560082F8573092F85730144903F0BF037B
S3150200937082F8573091F85730DB09FBD191F85D300E
S315020093800E4A43F0400381F85D3029E0AFF30080D6
S31502009390006CDC0200127A000080000000366E01CA
S315020093A00080000000CA9A3B00A3E1115543DE1378
S315020093B0800804220084D71700C2EB0B00E00140AC
S315020093C0001C4E0E00ED00E000E001E000C013407C
S315020093D0FA00001E7D0000E13234233200200040F4
S315020093E092F85D30DB09FBD0CA2082F85C3082F845
S315020093F05D0092F85D30704903F0BF0382F85D307C
S3150200940091F85D30DB09FBD191F878306A4A43F076
S31502009410400381F8783092F87830DB09FBD0C92313
S31502009420022082F8700082F8783092F87830624929
S3150200943003F0BF0382F8783091F87830DB09FBD16C
S3150200944091F85F305C4A43F0400381F85F3092F84E
S315020094505F30DB09FBD0CA2082F85E3082F85F00FB
S3150200946092F85F30544903F0BF0382F85F3091F8F7
S315020094705F30DB09FBD191F877304F4A43F0400366
S3150200948081F8773092F87730DB09FBD0CA230420C3
S3150200949082F86F0082F8773092F87730464903F007
S315020094A0BF0382F8773091F87730DB09FBD191F868
S315020094B05B30414A43F0400381F85B3092F85B30FF
S315020094C0DB09FBD0CA23022082F85A0082F85B30FD
S315020094D092F85B30384903F0BF0382F85B3091F8AB
S315020094E05B30DB09FBD191F8DB30334A43F04003B2
S315020094F081F8DB3092F8DB30DB09FBD0C523022092
S3150200950082F8D50082F8DB3092F8DB302A4903F084
S31502009510BF0382F8DB3091F8DB30DB09FBD191F82F
S31502009520DC30254A43F0400381F8DC3092F8DC3027
S31502009530DB09FBD0C52082F8D63082F8DC0092F82F
S31502009540DC301D4903F0BF0382F8DC3091F8DC30D1
S31502009550DB09FBD191F8DE30174A43F0400381F86C
S31502009560DE3092F8DE30DB09FBD0C923092082F80F
S31502009570D80082F8DE3092F8DE300F4903F0BF03DE
S3150200958082F8DE3091F8DE30DB09FBD14FF4254359
S31502009590A1F8FA3303B030BD0121C82084F8001CBB
S315020095A000F06CF894F8003C012BFBD1A4E54FF4D3
S315020095B07A70FFF7B1FCA5E500E0014038B5002559
S315020095C0284C0121C82084F8285000F057F884F866
S315020095D0245094F82430002BFBD194F824302149EE
S315020095E043F0020384F8243091F82430C3F3400098
S315020095F09B07F9D41B4A81F8220092F8223003F025
S31502009600FF00002BF9D192F84030164960F3C713D8
S3150200961082F8403091F84030DB09FBD191F84200E4
S31502009620104A63F3C71081F8420092F84230DB0910
S31502009630FBD192F844000B4963F3C71082F8440049
S3150200964091F84430C3F3C014DB09F9D1012000F0CC
S31502009650C1F8054B012083F84C4CBDE8384000F0B8
S3150200966089B800BF0020204000E0014000BEFEE7AE
S31502009670A0F101000028FBD1704700BF1E4B1F4A14
S315020096801B6800FB01F1934213D302F1854202F5F6
S31502009690071203F5742302F6834203F23F23A2FB69
S315020096A003239B0CA3FB01314FF0FF30E1B1FFF71F
S315020096B0DFBF4FF47A7210B4114C4FF0FF30B4FB97
S315020096C0F3F3A1FB02C434B9BCFBF3F080B15DF83D
S315020096D0044BFFF7CDBFB1FBF3F1A1FB0212002A47
S315020096E0F5D1084620B1F2E71846002BDFD17047C4
S315020096F05DF8044B704700BF1C2E042200127A004C
S3150200970000CA9A3BF8B5002401260D4B0D4FD3F83B
S315020097100021D3F82051154006FA04F32B4204D057
S3150200972057F82430E0B203B198470134152CF3D12F
S31502009730034AC2F81051D2F820312B42FBD1F8BDB0
S3150200974000C00040902D04220022092310B40748CD
S31502009750074C30F8021F02F5C65C013209B144F823
S315020097602C10013BF5D15DF8044B7047666A010285
S3150200977000600040EFF31081012383F31088124B3F
S3150200978033F8102092B22AB133F81020013A92B27D
S3150200979023F8102033F810309BB293B910B40B4A59
S315020097A00B4CB2F8FA3334F810009BB243F425435B
S315020097B023EA0003A2F8FA3381F310885DF8044B1A
S315020097C0704781F3108870470C2E042200E0014096
S315020097D0646D010230B4EFF31081012383F3108824
S315020097E00E4A32F810309BB26BB90D4C0D4DB4F8DF
S315020097F0FA3335F810C09BB243EA0C0343F425430F
S315020098009BB2A4F8FA3332F8103001339BB222F835
S31502009810103081F3108830BC704700BF0C2E042232
S3150200982000E00140646D0102F8B5164E356847192D
S31502009830B7F5802F1DD8144C0346226813480F2A09
S31502009840284414DC226802EB420E2268216802EBED
S31502009850420201EB410C0E4941F82E30236801EB1E
S315020098608202013301EB8C01556088602360376008
S31502009870F8BD0CF0D1F90C2203461A604FF0FF3006
S31502009880F8BD00BF182E0422703204228004002282
S3150200989074320422F8B506462F4C94F8503C03F075
S315020098A0FF05002BF9D187221023A4F8242C84F873
S315020098B0003C002E3DD101220023274981F8022CCB
S315020098C081F8013C91F8503C002BFBD1C6B14FF414
S315020098D00C73214AA1F8483C92F8503CD907FBD4B4
S315020098E0012347F2A83011211C4CC2F8444C82F8DD
S315020098F0403CA2F8140C82F8163C82F8001CF8BD13
S31502009900012347F2A830154C134AC1F8444C81F89A
S31502009910403CA1F8140C81F8163C92F8003CDB0797
S31502009920FBD492F8503C002BF7D1012382F8103C6D
S31502009930F8BD01272846FFF74DFF094B284683F855
S315020099405370FFF717FF044A84F8207C92F8503CC4
S315020099501807FBD4AFE700BF00300040032505001F
S3150200996000E0014000BE704708B500F035F8F6F792
S3150200997017FEFEE7F8B5174F05463E68A6B17C68A6
S3150200998006EB460604EB860602E00C34B4420BD024
S31502009990637AAB42F9D1D4E900020021121A0C34DF
S315020099A00CF0DEF8B442F3D1BE6896B1FC6804EB63
S315020099B0061602E01034A6420BD0637BAB42F9D105
S315020099C0D4E90002A168121A10340CF045F9A64235
S315020099D0F3D1F8BD346B0102F8B5844A844B5A615F
S315020099E0BFF34F8FBFF36F8F1B6803F47002B2F59C
S315020099F0801F00F0D48013F4600F00F0BC807D4A13
S31502009A00136823F004031360BFF34F8FBFF36F8F06
S31502009A104FF47002784B764C0020C4F88820A3607D
S31502009A20F6F7A8FD0025FFF737FB4AF202514FF47D
S31502009A302542724B0120A3F8FA1383F8B05AA3F811
S31502009A40FA23F6F797FD6E4B83F30A88694B1A6879
S31502009A50910704D5A268B2F1007F00F0A48000202D
S31502009A60FFF788FFFFF714FAFFF7A8FD0320FFF7B9
S31502009A70B1FE00234FF00E0E1C464EF001E0614986
S31502009A8003F10C0221F8224001330FF007C803202C
S31502009A90FFF770FE0320FFF79DFE5B4B03205C6021
S31502009AA09C60DC601C61554CFFF764FED4F8D83329
S31502009AB09A0747D5D4F8D833504CD4F8D8335B0735
S31502009AC027D5D4F8D8330220F6F754FD0120FFF744
S31502009AD051FFBFF34F8FBFF36F8F0024444BC3F880
S31502009AE05042BFF34F8FBFF36F8F484B484D5B1BFE
S31502009AF0A3424FEAA30605DD55F8043B0134984715
S31502009B00A642F9DCFFF720FEBDE8F840002000F08F
S31502009B1081B894F81431002BD5D00120FFF75AFEF4
S31502009B2094F8143103F0C003802BF9D10023334A91
S31502009B3084F8143192F814313F2BFBD80120FFF739
S31502009B4019FEC0E794F81031002BB5D00120FFF7BB
S31502009B5041FE94F8103103F0C003802BF9D10023A3
S31502009B60264A84F8103192F810313F2BFBD8012097
S31502009B70FFF700FEA0E71F4A136843F004031360D1
S31502009B80BFF34F8FBFF36F8F4FF0E022936843F41A
S31502009B9080339360BFF34F8FBFF36F8F38E7180799
S31502009BA07FF42DAF27E701211A695869C2F3C30270
S31502009BB0093201FA02F300260027DB0843F005C04A
S31502009BC0E5E802670FF005C0C0F3C303093301FAE3
S31502009BD003F34FF00052DB0843F007C0AFF30080F7
S31502009BE0E2E802670FF005C039E700BF01020E0086
S31502009BF000ED00E000E001E00000000200E00140AC
S31502009C0080040422000D40400040204078E9020210
S31502009C106CE90202704700BF2DE9F04FBC4B2DEDF7
S31502009C20108BA6EE103BBB4B6FF07F42A8EE103BAB
S31502009C30002321FE430FA2EE102BFDEE102AC9B01F
S31502009C40ADF81021B44AB54CAAEE102BB44AAEEECA
S31502009C50104BACEE102B4FF0F20C6FF000408DED76
S31502009C6024DF8DED0CFFACEE10CBAEEE100B4FF0F9
S31502009C7080708DED04DF00EF5221ACEE100B22FF57
S31502009C804C284FF0806A22FF4008A6498DED2CBF72
S31502009C90A4EE101B0CEF50C14FF00068AAEE10ABF9
S31502009CA0A14E8DED3C9F8DED345F2DFEC30FA4EECC
S31502009CB0106B0AEF50A14FF00055A8EE108B9B4F88
S31502009CC08DED407F8DED145FA6EE107BFDEE10CA82
S31502009CD008EF50812BFEC30FA4EE105B4FF08042BB
S31502009CE08DED1C7FFDEE106A04EF504129FEC30F75
S31502009CF0A6EE102BFDEE105A06EF506125FEC30F9D
S31502009D004FF00071FDEE104A27FEC30FA6EE101BA0
S31502009D104FF0805E06EF5061FDEE100A27FEC30F7C
S31502009D20A6EE10EB06EF5061A4EE103BFDEE107AA4
S31502009D3027FEC30F24EF54A1FDEE101AEDEE10CA52
S31502009D4024EF546171FE4D0FB0FFC4A5EDEE107AFB
S31502009D5024EF540171FE4D0FB0FFC465EDEE106A9B
S31502009D608DED38BF71FE4D0FB0FFC40524EF54A12F
S31502009D70EDEE105A71FE4D0FB0FFC4A5EDEE101AAE
S31502009D808DED20BF24EF54A171FE4D0FB0FFC4A587
S31502009D90EDEE104A8DED18BF24EF54A171FE4D0F62
S31502009DA0B0FFC4A5A5EF52258DED10BFEDEE100A4A
S31502009DB024EF54A1BDF8102123EE4E2F71FE4D0F54
S31502009DC0B0FFC4A5EDEE102A8DED00FF22FF428BF7
S31502009DD08DED08BF71FE4D0FB0FFC4459DED00BF6E
S31502009DE06FF0010B8DED281FAEEE10BB28FF480B5E
S31502009DF08DED005F0AEF54418DED445F00EF5E4149
S31502009E00A1EF544020EF54008DED307F2EEF400538
S31502009E1028FF426B9DED40FF26EF40684FF0FF3969
S31502009E2026FF4E6BACEE109B26EF486806EF5C41B0
S31502009E30A1EF544026EF54602CEF46659DED3C9F02
S31502009E4026EF426828FF466B26EF48689DED349F51
S31502009E509DED383F26FF484B16EF526104EF524103
S31502009E609DED2C9F04FF56419DED303F24FF486B2C
S31502009E7014EF524106EF52619DED24DF06FF546155
S31502009E809DED281F26FF4C4B16EF506104EF504103
S31502009E9004FF56419DED1C7F9DED20BF24FF466BBE
S31502009EA014EF5A4106EF5A619DED143F06FF5461C5
S31502009EB09DED18BF26FF424B16EF5A6104EF5A4139
S31502009EC09DED0CFF04FF56419DED10BF24FF4E6B26
S31502009ED014EF5A4106EF5A619DED04DF06FF546105
S31502009EE09DED08BF26FF4C0B16EF5A6100EF5A0193
S31502009EF09DED005F00FF560110EF54019DED445F9A
S31502009F0004FF500149B0BDEC108BBDE8F08F00BFD5
S31502009F10ABAAAA2A94A8F570F2CBA24D11FE0A00AA
S31502009F206CAC162F7BBEAF63B72A5802A4AA521195
S31502009F302DE9F04F2DED108B0124A3B004933C9B29
S31502009F40199204FA03F50B1E209340F34785114636
S31502009F500F3201F11E0348BF1A460024002901F1FF
S31502009F600303A8BF0B4601EB000BD946AA461A9477
S31502009F7021F003049B101B94041901F00301121132
S31502009F80189363420894069121920793089B1B9AA1
S31502009F909E1A199B002B40F30886219A6FF07F0BBD
S31502009FA0012AB8BF012242F001E003F001E8A9EB61
S31502009FB0030271FE4D0F92ED007E71FE4D0FE2EE31
S31502009FC006BF103B4FFA8BFB0FF011C8189D002DF0
S31502009FD000F0F185049B0022AAEE103B6FF00B0302
S31502009FE037460096ACEE103BA8EE102B90463D9EEF
S31502009FF003E0013D07F1040723D097ED000F21EEA0
S3150200A0004B1F21FE461FFDEE104AA4B2002CF0D0D3
S3150200A01021EE6A1E20FF4A0BFFF7FEFD00EF5C6190
S3150200A020A1EF566020EF5600EDEE104A2CEF4005E8
S3150200A03031FE090FF9EE002F013D904407F10407A6
S3150200A040DBD1069B009ECDF80880002B00F08881AC
S3150200A050CDE9146ADA46089FCDF8589017F9011B24
S3150200A0603D9BA1EB0A018B4200F370813C9B049A53
S3150200A070994082EA0103002BCF4BADBF4FF08040DF
S3150200A08018464FF0FF340024C2FB0104002C05DA07
S3150200A0906FF00043C318184644F1000402462346F3
S3150200A0A052EAEF73049B16468B4200F0DB844FF0B4
S3150200A0B08043002546F07F42540104F18054C4FBDC
S3150200A0C00435921BC2F34071C2F3807009910139C3
S3150200A0D01191002D00F1FF311290139105DA6FF004
S3150200A0E0004159180B4645F100051846294650EA23
S3150200A0F0EF71A0FB00C801FB00F91CF1804C48EB94
S3150200A1004908B8F1000F05468E46034606DA6FF097
S3150200A11000411CEB01018C4648F10008CDF800C055
S3150200A120CDF80480DDE9008958EAEF7904FB0EFEDA
S3150200A1304FEAE47C05FB0CEEA4FB05150591C2F380
S3150200A1400071C2F38060C2F3C06BC2F3406C754407
S3150200A150C2F3006E4A1E0B920BF1FF320C92421EA4
S3150200A1600E920EF1FF32CDE900890F920CF1FF3209
S3150200A1700A910D901092DDE90001C20F013200F042
S3150200A180030883EA040900928010009A8A4942452C
S3150200A19050EAA090B9F1000FAABF4FF080414FF0EC
S3150200A1A0FF394FF00009059A891845EB0905002D7C
S3150200A1B006DA6FF0004811EB0808414645F1000542
S3150200A1C0A946884658EAEF797C4940447A4A414092
S3150200A1D00029B5BF15464FF080454FF0FF384FF0C6
S3150200A1E00008764AC0FB0258B8F1000F05DA6FF094
S3150200A1F0004169180D4648F100082846414650EAD2
S3150200A200EF710344591005D413F0010F01F1010354
S3150200A21018BF19466A4B21444B40002BB8BF4FF07A
S3150200A220FF34654BA4BF00244FF08043002E00F09C
S3150200A230DD83634AC1FB0234002C05DA6FF000416C
S3150200A24059180B4644F10004184621464FF0804344
S3150200A250002650EAEF719946B04600F1E240594AAB
S3150200A260A0F52520A0F26C70C0FB029845464C462C
S3150200A27054EAEF759846354604FB0EFE0F99109A7E
S3150200A28001408EEA010E02EA0E044F4ACEFB028517
S3150200A2902946404650EAEF719E46354600FB0CFCC5
S3150200A2A00E9A8CEA040C0CEA0204484ACCFB02E53C
S3150200A2B07046294650EAEF719C46B6460D9A444DC1
S3150200A2C000FB02F26240C2FB05CE6046714650EACE
S3150200A2D0EF7100FB0BFB0C9C9C4614408BEA040BB3
S3150200A2E034463C4DB646CBFB05C46046214650EA91
S3150200A2F0EF719C460A9C0B9A00FB04F4364D0BEA5E
S3150200A30002026240C2FB05CE6046714650EAEF7118
S3150200A310119C1440099A00FB02F26240F224C2FB2D
S3150200A32004361846314650EAEF71139B1A40129BC7
S3150200A33000FB03F3534013F4006F4FEA233303F198
S3150200A340010218BF1346029A1A440292079B069A02
S3150200A3503B449342FFF682AE149ED346DDE915A92D
S3150200A360029B002B00F04583B3FA83FCCCF1230257
S3150200A3700F9240F3158403FA0CF303F1004313F131
S3150200A38000424FEAE37343F1000301930092DDE9D1
S3150200A390000150EA6F01114C434204FB0133A0FB5A
S3150200A3A004541C44044B0746ED1864F10004002CC7
S3150200A3B0CDE900011ADA13E0010000C0ABAAAA2A0D
S3150200A3C094A8F5707BBEAF63F2CBA24D6CAC162F90
S3150200A3D0A4AA5211B72A580211FE0A00C4C3C3C363
S3150200A3E06FF00043EB181D4644F100042A4623464B
S3150200A3F0DDE9004552EAEF7302F15A3202FB05FE2D
S3150200A400D31703FB04EEA2FB043813F180431C4668
S3150200A4104EEB080554EAEF75C4F1005492EA040FB4
S3150200A42082FB048540F1F6824FF0FF3E5A4B13EB56
S3150200A43008034EEB050EBEF1000F05DA6FF000447D
S3150200A4401C1923464EF1000E7546DDE900011C4635
S3150200A45054EAEF7502EB840282EA0703002B4E4BA5
S3150200A460ADBF4FF0804E9E464FF0FF384FF00008CA
S3150200A47002FB01F5D31703FB0055009BA2FB033435
S3150200A48013EB0E032C4444EB080EBEF1000FC0F290
S3150200A490678375461C4654EAEF75C4F1005482EA96
S3150200A4A00403002BB4BF4FF0FF3E4FF0000E3A4BB1
S3150200A4B0A8BF4FF08043C2FB043EBEF1000F05DA8F
S3150200A4C06FF000441C1923464EF1000E1C467546D9
S3150200A4D054EAEF75B4F1005F80F2EE82B4F1604F98
S3150200A4E000F3818302F1004292EA070F00F13F83F3
S3150200A4F0DDE9004502FB05F1D31703FB0411A2FBBC
S3150200A500040410F1804041EB04010029C0F24183AA
S3150200A51004460D4654EAEF75C4F1005404FB03F3F6
S3150200A520E11702FB0131A4FB02040B191A49441874
S3150200A53063F10003002B05DA6FF0004161180C4647
S3150200A54043F100032046194650EAEF71B0F1604F1D
S3150200A55000F34B8302F1004352000C92B3F1404FD9
S3150200A5600C9BD8BF4FF000430C93189B3E9D1C4694
S3150200A570002B49D0ACF12303AEEE103B049BDDF871
S3150200A580F480AAEE103B0C9BA8EE103B6FF07F0303
S3150200A590ACEE103B08E000BF010000C0013CA5EC98
S3150200A5A0046F06F104062FD096ED000F21EE4B1F25
S3150200A5B021FE481FFDEE107ABFB22CEF5C61002F20
S3150200A5C0ECD021EE6A1E20FF4A0BFFF725FB28FF7F
S3150200A5D0400B00EF5E61A1EF566020EF56602EEF52
S3150200A5E046657F232CEF4668A4EE103B26EF4C66A9
S3150200A5F0EDEE107A26EF546637FE0D6F013CA5ECA0
S3150200A600046F06F10406CFD1069B002B00F0D4811D
S3150200A61001233E991B98089A0144059106990092D6
S3150200A6208A180D920F9ACDF838B09340013B1C93CD
S3150200A6305B10CDE91D3ACDF87C90009B13F9011B06
S3150200A64000930E9BC91A3D9B8B4200F3CC813C9B27
S3150200A650049A994082EA0103002BCE4BADBF4FF01C
S3150200A660804018464FF0FF340024C2FB0104002C40
S3150200A67005DA6FF00043C318184644F10004024697
S3150200A680234652EAEF731346049A8A4200F0C781C0
S3150200A6904FF080420026B3FA83F943F07F48A8EBD5
S3150200A6A003034FEA481808F18058C8FB0826C3F38B
S3150200A6B08071C3F3006416910139601E15914FEA49
S3150200A6C05919C3F300711790C3F34065C3F3407081
S3150200A6D00A91C3F3C06B09F1FF31C3F38063002E05
S3150200A6E00B901491099305DA6FF0004151180A464E
S3150200A6F046F100061046314650EAEF71A0FB007E95
S3150200A70001FB00FA17F180474EEB4A0EBEF1000F2D
S3150200A71006468C46024605DA6FF0004179180F4666
S3150200A7204EF1000EB9F1000F14BF6FF00043002383
S3150200A7300297CDF80CE0DDE9020150EAEF7108FB61
S3150200A7400CFC4FEAE87706FB07CCA8FB06761093CB
S3150200A750099B664403F1FF3C0BF1FF3311930A9BFD
S3150200A760CDE90201013B12930B9BC10F013B1393EF
S3150200A770029B82EA080905F1FF3E013103F0030A52
S3150200A7809810514550EAA090B9F1000F8149AABF2D
S3150200A7904FF080414FF0FF394FF00009C91946EBDF
S3150200A7A00909B9F1000F05DA6FF000468E19314634
S3150200A7B049F100090E464F4656EAEF77764930448C
S3150200A7C0414000297349ADBF4FF080460E464FF017
S3150200A7D0FF3700277049C0FB0167002F05DA6FF0CB
S3150200A7E0004171180E4647F100073046394650EAD5
S3150200A7F0EF710244511005D412F0010F01F101026A
S3150200A80018BF1146654A41444A40002AB4BF4FF078
S3150200A810FF3600265F4AA8BF4FF080425F48C1FB61
S3150200A8200026002E05DA6FF0004151180A4646F15D
S3150200A8300006104631464FF080424FF0000850EABB
S3150200A840EF719146C24600F1E240554BA0F5252034
S3150200A850A0F26C70C0FB039A4E46574656EAEF7753
S3150200A860174606FB04F4464617994E4B01404C40E8
S3150200A870C4FB03763846314650EAEF7116460EEAB5
S3150200A880040E444600FB05F5474B8EEA0505C5FB5B
S3150200A89003643046214650EAEF71174605EA0C0C6E
S3150200A8A04546099B414E00FB03F38CEA0303C3FBB7
S3150200A8B006753846294650EAEF7100FB0BFB119CE0
S3150200A8C016461C4084EA0B0B4446394D1746CBFB11
S3150200A8D005643046214650EAEF7145460A9C129BB2
S3150200A8E000FB04F4334E03EA0B036340C3FB067515
S3150200A8F03846294650EAEF71139C1C400B9B00FB1D
S3150200A90003F36340F224C3FB04281046414650EA8F
S3150200A910EF71159A0C9C1340169A00FB02F25340F3
S3150200A920149A1340109A534083EA0402002A194AE1
S3150200A930ADBF4FF0804111464FF0FF300020C3FB00
S3150200A9400410002805DA6FF00043CB18194640F1CF
S3150200A95000000A46034652EAEF730F9952FA01F1D2
S3150200A96041D41C981D9B0240934280F2F380A1F1D0
S3150200A9707F037F2B5BB2A8BF7F23059A02F8013BB8
S3150200A9800592009B0D9A93427FF457AEDDE91EA90C
S3150200A99012E000BF010000C0ABAAAA2A94A8F57073
S3150200A9A07BBEAF63F2CBA24D6CAC162FA4AA52119A
S3150200A9B0B72A580211FE0A00199B3E991A9A19449F
S3150200A9C03E91089999441944089107990132CB1A84
S3150200A9D00793209B1A9293427FF4D8AA23B0BDEC28
S3150200A9E0108BBDE8F08F6FF07F03C6E74FF40023AC
S3150200A9F0A9E403234FF0200C0F934FF0FF304FF0E2
S3150200AA00FF314FF0FF374FF05A32CDE90001DFF840
S3150200AA10FC81784D4FF080434FF0000E07E5049A13
S3150200AA20B2F1004F7FF434AE00244FF0FF334FF4FF
S3150200AA30003001212546A346A2469E469C46CDE904
S3150200AA401534CDE91133DFF8BC816B4ADFF8C091CA
S3150200AA506A4F6B4E17930B9414930A9409941094AD
S3150200AA6013938EE6049BB3F1004F7FF420AB4FF0B5
S3150200AA70FF32002311464FF0000C09931192012375
S3150200AA8000225E4D009305956FF000464FF40030AC
S3150200AA90E046E346E646CDE90DC1CDE90F11594C34
S3150200AAA0554BDFF86C91564D12921391CDF828C092
S3150200AAB00B910C91FFF769BB6FF000431A445740A4
S3150200AAC0002F514BAABF4FF080434FF0FF340024B2
S3150200AAD00199009802FB01F1D51705FB0011A2FBB3
S3150200AAE00005C0180D4445EB0403002B05DA6FF090
S3150200AAF000414118084643F100031D46044654EA44
S3150200AB00EF75C4F1005482EA0403002BB4BF4FF080
S3150200AB10FF3500253C4BA8BF4FF08043C2FB0435EE
S3150200AB20002D05DA6FF0004159180B4645F1000574
S3150200AB301846294650EAEF71B0F1005F43DB6FF029
S3150200AB4000431A44B2F1804F4FEA4202B8BF13469D
S3150200AB500C930AE5A1F1800300297FF40AAF0CE702
S3150200AB606FF000441C1923464EF1000E91E4009941
S3150200AB70D31703FB01F4019902FB01440099A1FBDF
S3150200AB8002012144204C001961F100010029BFF69F
S3150200AB90BFAC6FF000440419204641F10001B7E44E
S3150200ABA023234FF0000C0F9327E7189D6FF07F0BBE
S3150200ABB0002D7FF40FAA069B002B3FF41AAF189BB9
S3150200ABC00293FFF745BAB0F1604F7FF7C3AC02EBD1
S3150200ABD080035A00B3F1804F0C92FFF6BFAC6FF0C0
S3150200ABE000430C93C1E4A30068E702EB80035A001A
S3150200ABF00C92B3E44B4B4B0BF8FFFF0100010040F4
S3150200AC00FFFF1F00E0FFFF0F010000C05A5A5A9AC9
S3150200AC101800000E2DE9F04F2DED0C8B9FB0DDE9EB
S3150200AC2034044668806809930B9010460A46836886
S3150200AC304168D0F80CA0D0F800800793184603FBB1
S3150200AC4001F30AFB03F31593536865689768A468D2
S3150200AC5012961193D6681368B8F1000F0A93DDF8BD
S3150200AC60D8900D950894109113961497D2E9043250
S3150200AC7040F30F81ECEE103B04FB05F3EAEE102BDA
S3150200AC800AFB03F51AF10F020AF11E0348BF1A4620
S3150200AC904FEA221B5A4615F10F0305F11E0148BF62
S3150200ACA00B4600FB0AF102910AFB04F1D3469246D7
S3150200ACB00D9A0F91002AC7F10001C6F1000C1691F8
S3150200ACC04FEA231340F3DA80139E0022CDE9175C84
S3150200ACD037464D460E92CDF864801A93CDF8D89039
S3150200ACE0089B002B40F38780109B129A3B449A42A2
S3150200ACF0A8BF1A4691460022079C27EAE77E0EEB7A
S3150200AD000C0004FB00F0CDE91BC5149B16990C90B0
S3150200AD1005EB0B041D970798A4EB0B08C6180B98B6
S3150200AD2023EAE3778642A8BF0646CE4556DA0C9852
S3150200AD30F4460D1809983D440BFB05050020CDE9A4
S3150200AD4003E1CDE90523B7423EDA002840F09880B8
S3150200AD502B4642460BF007C0B3EC101EA2EC101EA7
S3150200AD601FF007C038460BEB0501013086422AD098
S3150200AD70BBF1000F5944F8DDBAF1010FD646B8BF50
S3150200AD804FF0010E5A464EF001E0019502F001E83D
S3150200AD90A31A8D1A71FE4D0F95ED003E71FE4D0FF1
S3150200ADA093ED005E28EF586171FE4D0F04EF426687
S3150200ADB0103A71FE4D0F83ED007E0FF019C8013077
S3150200ADC08642019DD4D10120029B0CF1010CE14582
S3150200ADD01D44B8D1DDE903E1DDE905230A98013214
S3150200ADE001441B1A08985C44904294D1DDE91BC5C4
S3150200ADF00F9B1D9F1D44119A0E9B9444BF1A0D9AD8
S3150200AE0001339A420E937FF46BAFDDE918C82846E8
S3150200AE101A9B179DDDF8D890002D23DD012B9E4647
S3150200AE20B8BF4FF0010E29464EF001E009EB0504CA
S3150200AE3001F001E8621A71FE4D0F92ED005E26EFF7
S3150200AE40562171FE4D0F04EF4C2626EF564171FE38
S3150200AE504D0F02EF5A46103971FE4D0F82ED005E1C
S3150200AE600FF01BC0099A1599B8F101080A44099214
S3150200AE7009D00D9A8146002A3FF726AF4846CBE70E
S3150200AE803846294674E740461FB0BDEC0C8BBDE838
S3150200AE90F08F4FF0FF30F7E72DE9F04F2DED108BD5
S3150200AEA09DB09946DDE939A8389B3F9D032B0F904B
S3150200AEB00C91079240F39F810646D81E3D9B6A007D
S3150200AEC0AEEE103B3E9B1692ACEE103B002305EB1A
S3150200AED04502B6461792159514939DED14BF409FF1
S3150200AEE0409AC846CAEB850106EB4706DDF8E890AC
S3150200AEF0920004960D91CDF814E00E90BAF1000F6F
S3150200AF00D8BFC64640F38F800498409908EB0A0ED4
S3150200AF100144089140980599CDF8E4A001440991AD
S3150200AF203699CA46A1F1040C3799079FA1F1040B81
S3150200AF30D9460C9DCDF818E00A93CDF808C00097C3
S3150200AF400B92CDF80C80049A2B461746DDF814B006
S3150200AF500999089C0AF023C04FF000064FF0000C36
S3150200AF604FF000084FF000024FF00000B3EC101E45
S3150200AF70F1EE206FBBEC103EF0EE22CFB1EC105E8C
S3150200AF80F0EE248FB7EC107EF0EE262FB4EC109E76
S3150200AF90F0EE280FB3EC101E1FF017C03B9BCDE955
S3150200AFA010C8CDE9122003FB06F6079B9DED107F24
S3150200AFB0554413B1009B1B681E44009B029904333F
S3150200AFC051F8042F009359F8043F029123EAE371E2
S3150200AFD0A2EE101B27EE466F22EF46645B4223EA7F
S3150200AFE0E3735B42A4EE103B27FE626E06EF54212A
S3150200AFF0A1EF522026EF526024EF46653C9B039A4E
S3150200B00027EE436F26EF4E6626EF5C6682EC0A6FEA
S3150200B010069B01329342039295D1D146DDF8E4A014
S3150200B0209E46DDE90A3205990433114405910D99CC
S3150200B0300EEB01080499114404910E998B42FFF616
S3150200B0405DAF389B0F99043B9B0803FB0222CDF8A8
S3150200B050E8901144C14601333F9DDDF8E8800F9127
S3150200B0609800389B834240F3BB804FF0000B4A4660
S3150200B070A4EE10BB56463D9B0F9FACEE103B3E9B8B
S3150200B0800290AAEE103BA5EB0A0304930AF003030F
S3150200B0900593002E40F3AC80DDE936590024009278
S3150200B0A0DDF830C0079A6346394600BF08F011C082
S3150200B0B04FF0000A4FF00000B3EC101EF1EE20AF85
S3150200B0C0B1EC103EF0EE220FB3EC101E1FF00BC0D7
S3150200B0D03B9B04F0030103FB0A00C44412B152F87D
S3150200B0E0243018441CAB03EB8103032904F1010449
S3150200B0F043F8100C24D1B9EC043F23FE6B1F9DEDDF
S3150200B100187F33FE05EFB5EC041F2EEF466435FEBD
S3150200B110032F26FF406B06EF5201A1EF500026EFE8
S3150200B120506022EF46653C9B27EE436F26EF4C6646
S3150200B130009B26EF5A66194681ED006F0433009391
S3150200B140A642B0D1009A409B1F44059B002B4DD0CE
S3150200B150A9F1040A043D0DF1600C02EB0309039701
S3150200B1605AF8043F5CF8044B23EAE3718C40DE464E
S3150200B1704FF0804155F8047F5B42C7FB041ECDE9C0
S3150200B180001E012123EAE37301FA03F4DDE900015B
S3150200B19050EAEF71CDE90001009940FA03F30098F5
S3150200B1A0013CC90F01EB64012040814253EAA3939B
S3150200B1B03C990B443D998B42B8BF0B463E998B4254
S3150200B1C0A8BF0B4602F8013B4A45C9D1039F029B21
S3150200B1D038990133049A994202934A447FF459AF4B
S3150200B1E000201DB0BDEC108BBDE8F08F9146EEE756
S3150200B1F0DDE93659A7E7002033E700BF2DE9F04F16
S3150200B2002DED108B9FB03E9E0023002E06F1030506
S3150200B210A8BF3546419C1A931B941446AA1006925F
S3150200B220419A8C4652001C92419A02EB42021D92AE
S3150200B230429A9DED1A1F002A00F05981032E40F30F
S3150200B240D4800A933A9BAEEE102BAAEE103B3F9B9C
S3150200B250CDE90F0CA8EE103B3D9B389D03F11E0273
S3150200B2600F3348BF13463D9A079402EB420E3C9AAF
S3150200B2708E4409923B9AF34608923D9A11949100A4
S3150200B280419A92000E923D9A0EEB020AAEEB020929
S3150200B2900CEB02071A113D9BC3180193409BA6EEC5
S3150200B2A0103B8DED027F079B184690ED005F103331
S3150200B2B007933D9B35EE104B002B15EE106B34EECB
S3150200B2C010CB14EE108A40F36382012A9646B8BF69
S3150200B2D04FF0010E00204EF001E0CDE90B120D9564
S3150200B2E003F001E8A9EB030171FE4D0F91ED005E3B
S3150200B2F00199AAEB0302C91A71FE4D0F91ED007E68
S3150200B30071FE4D0F92ED003EFD1AABEB030271FE8C
S3150200B3104D0F95ED00DEF4EE26CF71FE4D0F92ED48
S3150200B320005EFCEE268FF1EE260FF2EE264FF4EECD
S3150200B330266F103B0FF02DC0DDE90B12CDE9168CFE
S3150200B340CDE918649DED165F0D9DA6EE100B26EF56
S3150200B3505E690998089C50F8043B26EF44680990F8
S3150200B36054F8040B0A9E089423EAE374A2EE104BE7
S3150200B37022EF46645B4223EAE3735B42A4EE103B90
S3150200B38027FE606E06EF5421A1EF522026EF52608F
S3150200B39024EF46652AEF46689DED025F26EF486672
S3150200B3A026EF546601360A9685EC006F0E9B8A4498
S3150200B3B01D44069B8B44B34289440F443FF773AF47
S3150200B3C0DDE90F0C389A03FB01CC0E99119C03FBA5
S3150200B3D0012238923B9A04EB031402EB83023B925E
S3150200B3E03C9A3E9E02EB83033C93734203F00303B3
S3150200B3F006F0030656EA43B6002E72DD3D9B3D9AE1
S3150200B4000CEB030112F10F05184403F11E0348BFAA
S3150200B4101D462D114FF0804A4FF0000B0127AC4616
S3150200B42004EB860601963D9B54F8048B002B1FDD28
S3150200B430BCF1010FE646B8BF4FF0010E1A460026D0
S3150200B4404EF001E002F001E88B1A71FE4D0F93ED0A
S3150200B450005E831A71FE4D0F93ED007E103AF1EEF7
S3150200B460266FF4EE268F0FF013C8429B06FB038865
S3150200B4705646DE463D9B19443C9B53F8042B3C93AF
S3150200B4803B9B53F8045B3B9322EAE27308FA03F30D
S3150200B490C3FB056EB046F14658EAEF79524222EAFC
S3150200B4A0E27207FA02F3013B4FEAD87548FA02F252
S3150200B4B005EB630503EA0808A84552EAD2923A9BCD
S3150200B4C01A443F9B9A42B8BF1A46409B9A42A8BF6B
S3150200B4D01A46389B1A70419A13443893019BA34229
S3150200B4E0A1D100201FB0BDEC108BBDE8F08F032E5A
S3150200B4F040F3D2803A9BDDF808E1AAEE103B3F9B6F
S3150200B500ACEE10EBA8EE103B409BCDE90E0CA6EE7E
S3150200B510103B3D9B8DED027F03F11E020F3348BFA8
S3150200B52013463D9ADDF8E0A002EB420B3C9A8B44AF
S3150200B53008923B9A019407923D9ACDF824E0910035
S3150200B540419A109492000D923D9A3E960BEB020898
S3150200B550ABEB02070CEB02051A113D9B00EB03094C
S3150200B560019B184690ED007F103301933D9B37EE09
S3150200B570100B002B17EE104B36EE106B16EE10CAA0
S3150200B5803EDD012A9646B8BF4FF0010E4EF001E0AD
S3150200B590CDE90A12CDF830A003F001E8F91A71FEDE
S3150200B5A04D0F91ED005EA9EB030171FE4D0F91ED7A
S3150200B5B0007EA8EB030271FE4D0F92ED003EA5EB55
S3150200B5C0030AABEB030271FE4D0F9AED00FEF4EE99
S3150200B5D0266F71FE4D0F92ED005EFEEE26CFF2EE65
S3150200B5E0260FF4EE264F103B0FF02BC0DDE90A12B0
S3150200B5F0CDE912C6CDE914409DED127FDDF830A0EB
S3150200B600079B8844184690ED003F0898103304467D
S3150200B610103094ED005F0890002025FE601F35FE75
S3150200B6200DEF2EEF46643DFE054F26FF426B06EFF9
S3150200B6305421A1EF522026EF526024EF46652AEFED
S3150200B64046689DED025F26EF486626EF546607932D
S3150200B650099B8B44013309938AEC006F0D980F44C2
S3150200B660824406980D4498423FF77AAFDDE90E0C04
S3150200B670069B389A01FB03CC0D99109C03FB012211
S3150200B68038923B9A04EB031402EB03123B923C9A68
S3150200B6903E9E02EB03133C93734206F0030803F04B
S3150200B6A0030358EA43B8B8F1000F7FF71AAF3D9B80
S3150200B6B03D9A0CEB030112F10F05184403F11E0328
S3150200B6C048BF1D4604EB88082D11CDF804804FF0C3
S3150200B6D080494FF0000AA846DDF8E0C03D9B54F8C9
S3150200B6E0046B002B18DDB8F1010FC646B8BF4FF048
S3150200B6F0010E4EF001E003F001E8CA1A71FE4D0F89
S3150200B70092ED007EC21A71FE4D0F92ED005E103B65
S3150200B710F6EE246F0FF011C8CB46D6463D9B194470
S3150200B7203C9B53F8042B3C933B9B53F8045B3B93A3
S3150200B73022EAE27306FA03F3C3FB05BE5E467746C8
S3150200B740012356EAEF77524222EAE2729340013B24
S3150200B750F50F46FA02F205EB63051E40AE4252EAC7
S3150200B760D2923A9B1A443F9B9A42B8BF1A46409BD2
S3150200B7709A42A8BF1A46419B8CF800209C44019B22
S3150200B7809C42ABD100201FB0BDEC108BBDE8F08F00
S3150200B7900020DAE52DE9F04F2DED108BA1B0409B8C
S3150200B7A0409D409C002B04F10304A8BF2C460023B5
S3150200B7B0439D0E461746A11011926A001E920A91E7
S3150200B7C005EB450244991D951C931F929DED1C1F86
S3150200B7D0DDF8FCE01290002900F06081409903290F
S3150200B7E040F3D78080469C46449B1EF10F04A2EE8E
S3150200B7F0103B3E9B4FEA8505C3F1000323EAE37340
S3150200B800C3F10003A4EE103B3C9B1095AAEE103B3D
S3150200B8100EF11E0348BF1C460EEB4E03F2183E9B6A
S3150200B82002EB0E0523EAE373AEEE103B419B039552
S3150200B830A8EE103B06EB0E05429B04954546A6EE86
S3150200B840103B754424119146A2EB0E0B05958DED26
S3150200B850067F2546724664463A984FEA8E010B9752
S3150200B86013960B9B002A1E4696ED00DF03F110038A
S3150200B8703DEE10CB1DEE108B3CEE10AB0B9340F35E
S3150200B8805782012DAE464FF00006B8BF4FF0010EAB
S3150200B89013464EF001E08DED00CA3746CDE90C5055
S3150200B8A00E940F913F9203F001E8049C059DE41A61
S3150200B8B0ED1A71FE4D0F95ED007E71FE4D0F94ED62
S3150200B8C000DE009CABEB0300FCEE264F71FE4D0F33
S3150200B8D090ED00DEA9EB03013E46FCEE26AF71FEBB
S3150200B8E04D0F91ED00DE039AF1EE266FD21AFCEEB1
S3150200B8F0268F71FE4D0F92ED00DE3746FCEE26CF07
S3150200B9000094103B0FF031C8DDE90C50009FCDE9E1
S3150200B9101A8CCDE9187A9DED18DF0E9C0F993F9A85
S3150200B920A6EE106B26EF526926EF4C682EEF4664A0
S3150200B930039B01340B440393049B89440B440493F5
S3150200B9403D9B8B4427FE636E06EF54C1A1EF5CC09C
S3150200B95026EF5C6024EF46652AEF46689DED06DF1A
S3150200B96026EF486626EF5C6680EC006F109B184453
S3150200B9700A9BA3423FF775AF139E964601FB0366E9
S3150200B9803A9A109901FB03223A92119A02EB031397
S3150200B9901193409B5A4202F0030203F0030353EA57
S3150200B9A042B3002B74DD4FF0010811981EF10F0708
S3150200B9B000EB830303930EF11E0348BF1F463E9B13
S3150200B9C006EB0E01C3F1000C2CEAEC7C08FA0CF82B
S3150200B9D008F1FF38CDE904C84FEA680AF046129E1C
S3150200B9E023EAE373DDF8E8C0764400933F110AF1D7
S3150200B9F00109B8F1000F50F8042B1EDD012FBE46D7
S3150200BA00B8BF4FF0010E434600244EF001E003F0AA
S3150200BA1001E8CD1A71FE4D0F95ED005EF51A71FE25
S3150200BA204D0F95ED007E103BF1EE264FF4EE262FDC
S3150200BA300FF013C8449B04FB03224FF0804E4FF0D5
S3150200BA40000B009B41449A403D9BC3FB02EB7446AC
S3150200BA505D4654EAEF75049B059A54FA03F304EA29
S3150200BA6002044CBF4A465246944253EAD3933C9A46
S3150200BA701344419A9342B8BF1346429A9342A8BFCF
S3150200BA8013468CF80030439B9C44039B9842B0D1EA
S3150200BA90002021B0BDEC108BBDE8F08F409B032B3C
S3150200BAA040F3BD803C9B1EF10F00AAEE103B419B6A
S3150200BAB0439DA8EE103B429B4FEA8505A6EE103B3E
S3150200BAC03E9B0D95C3F1000323EAE373C3F1000421
S3150200BAD00EF11E0348BF1846129D0EEB4E03F118D7
S3150200BAE03E9B754423EAE37300950511AEEE103BC7
S3150200BAF02B468B4611998DED067F03914FEA8E01F7
S3150200BB000D46ACEE104B1946449A3A9F0BEB0E0AC1
S3150200BB10ABEB0E0906EB0E080E96CDF8FCE0039B86
S3150200BB20184690ED007F103303933F9B37EE100BC0
S3150200BB30002B17EE104B36EE106B16EE10CA3FDDD9
S3150200BB4001298E46B8BF4FF0010E4EF001E0CDE955
S3150200BB500451CDE90B7203F001E8A9EB030571FE6E
S3150200BB604D0F95ED005E009DABEB0301ED1A71FEE4
S3150200BB704D0F95ED007EF4EE266F71FE4D0F91EDA1
S3150200BB80005EAAEB0302A8EB030771FE4D0F97EDC9
S3150200BB90003EF4EE264F71FE4D0F92ED005EF2EE80
S3150200BBA026CFF4EE260F103B0FF02BC8DDE9045129
S3150200BBB0DDE90B72CDE914C6CDE916409DED147F81
S3150200BBC02EEF46643D9B013227FE636E06EF5C4113
S3150200BBD0A1EF544026EF54602CEF46652AEF4668E3
S3150200BBE09DED065F26EF486626EF546687EC006FEA
S3150200BBF00D9BAA441F440A9BAB449342A944A84402
S3150200BC008DDC3A9A0D990E9E03FB01223A92119A05
S3150200BC1005FB0366DDF8FCE002EB03131193409B80
S3150200BC20409A5B4202F0030C03F003035CEA43BC56
S3150200BC30BCF1000F7FF72CAF4FF001080EF11E0387
S3150200BC4006EB0E011EF10F0648BF1E463E9B4FF045
S3150200BC50804B5F4227EAE77708FA07F805977746A7
S3150200BC60129808F1FF38119C704423EAE3734FEAF5
S3150200BC70680A3A9D04EB8C0C049336110AF1010909
S3150200BC80CDF828800390002F54F8042B1CDD012EDA
S3150200BC90B646B8BF4FF0010E3B464EF001E00398A0
S3150200BCA003F001E8A1EB030871FE4D0F98ED007E4B
S3150200BCB0A0EB030871FE4D0F98ED005E103BF6EE09
S3150200BCC0242F0FF013C80390049B4FF0000802FACA
S3150200BCD003FE5A463D9B3944C3FB0E28CDE9002894
S3150200BCE0DDE9002352EAEF73CDE90023009A059BB2
S3150200BCF0009852FA03F34CBFCE46D6460A9A104033
S3150200BD00704553EAD3933C9A1344419A9342B8BF7F
S3150200BD101346429A9342A8BF13462B70439B64452F
S3150200BD201D44B0D1002021B0BDEC108BBDE8F08FD0
S3150200BD300026F5E52DE9F04FD0F800C08FB01D685A
S3150200BD40DDE9186ADDE91D97BCF1000F30D05DB35D
S3150200BD5090464FF0010B0C46D9F80C30DAF8001079
S3150200BD60CDF834C06268CDE909B220690693D8F8E5
S3150200BD7004200890E36805910793D8F80030A1687B
S3150200BD80CDE9033222683046CDE901211C9B1A997E
S3150200BD9000970D9AFFF732FADAF80010D9F80C304C
S3150200BDA0013D0E441F44DDD100200FB0BDE8F08FE7
S3150200BDB04FF0FF30F9E700BF2DE9F04FD0F800C091
S3150200BDC08FB01D68DDE9186ADDE91D97BCF1000F29
S3150200BDD030D05DB390464FF0010B0C46D9F80C30CB
S3150200BDE0DAF80010CDF834C06268CDE909B22069EC
S3150200BDF00693D8F804200890E36805910793D8F8CB
S3150200BE000030A168CDE9033222683046CDE901212E
S3150200BE101C9B1A9900970D9AFFF7BCFCDAF80010E2
S3150200BE20D9F80C30013D0E441F44DDD100200FB07D
S3150200BE30BDE8F08F4FF0FF30F9E700BF70B59668A6
S3150200BE408AB0D2E90054A6B1149A08950692139ABA
S3150200BE5009940592129A0492119A0392109A0292E6
S3150200BE600F9A01920E9A009208AAFFF763FF0AB090
S3150200BE7070BD2A6808922268149C09920694139C43
S3150200BE800F9A0594129C01920494119C0E9A0394A3
S3150200BE90109C0092029408AAFFF78EFF0AB070BDAA
S3150200BEA02DE9F04F9B465B689FB0012BDDF8A08021
S3150200BEB0DDF8B890189240F052818B690C46012B3E
S3150200BEC040F04D8103688246002B00F04881896864
S3150200BED0002900F04481DBF80CE00EFB01F20E9221
S3150200BEE012F003021D9240F03A812D9A2998926827
S3150200BEF08068561E01FB06060F92DBF80820D4F86E
S3150200BF0010C0B61A06F00107139257EA57B202EBAF
S3150200BF104C02B2420D9040F0F780B2EB0C0206D012
S3150200BF200A44013A92FBF1F2012AB8BF0122BCF19E
S3150200BF30000F40F0EE80164660460F9DAE1B26EAC5
S3150200BF40E6750CFB0EF61095CDE9116617B102FBEC
S3150200BF500EF51195109D2A442D9D0244EE680F9D03
S3150200BF60AA4240F0E0800D9A02FB0EF5DBF80020B3
S3150200BF700D95002AA5EB0E05199540F3EC80139A50
S3150200BF800F9F0EFB02F21A92109A06FB00F5821818
S3150200BF90BF1A01FB02F200FB01F1A2EB0C02A1EBBC
S3150200BFA00C010EFB02FC109A15910EFB01F106FB29
S3150200BFB0025E07FB06E21395CDF870B0189DDDF818
S3150200BFC074B00F97CDF85CC014911B921690CDF801
S3150200BFD060E05DE00D99CDE90967CDE9036110994D
S3150200BFE00E970291626A2A990892226A07926268F9
S3150200BFF00692226805926A6801922A6800922C9A31
S3150200C000FEF74AFF1898179909EB00030F98414467
S3150200C010002879DBDAF80020199F104607F007C0DE
S3150200C020B1EC101EA0EC101E1FF007C021683A44A6
S3150200C0304942119FE0EE101B07F005C0A2EC101E4C
S3150200C0401FF005C00E9A0D99CDE90962CDE903618B
S3150200C0500F982A990290626A0BF1010B0892226AE2
S3150200C060079262680692226805926A6801922A68B5
S3150200C0700092DAF800002C9AFEF70EFF1B9B9944F9
S3150200C0801A9B98441C9B1B685B4564DDDAF80030FA
S3150200C0902268194612985242E0EE102B00F005C0B3
S3150200C0A0A1EC101E1FF005C042460D99034401F093
S3150200C0B007C0B2EC101EA3EC101E1FF007C00E9FA5
S3150200C0C0CDE90361CDE909670D9116992C9A029182
S3150200C0D0636A2A990893236A079363680693236817
S3150200C0E005936B6801932B680093DAF800004B46C0
S3150200C0F0FEF7D2FE149908EB0100139901EB09032E
S3150200C10015990029BFF666AF6FF002001FB0BDE8B1
S3150200C110F08F01EB0C06013E96FBF1F00128B8BF49
S3150200C1200120161809E721462B9C2D9B0394299C76
S3150200C1300693CDE9008400242C9B504604932A9B47
S3150200C140189A0293CDF81C905B46059400F0C2F84B
S3150200C1501FB0BDE8F08F00201FB0BDE8F08F4FF092
S3150200C160FF30D3E72DE9F04F9E460B6995B0DDE926
S3150200C1702306002B72D10C46496900296ED1DEF8DE
S3150200C1800850E3689046D0E9022905FB03F3D0F88C
S3150200C19004A0DEF80C00DEF800C000FB03F3BCF1DD
S3150200C1A0000F0C9009FB02FBA0680D9352DD0B46B3
S3150200C1B00C99CDF84CC001FB00F19C460E91194634
S3150200C1C024964E46DDF890900F9201FB05F5DEF8B7
S3150200C1D004001E9BBAF1000F00FB053530DD002777
S3150200C1E0CDE9101CCDF848E001E0BA4524D00E9BFB
S3150200C1F0626ACDE909630892226A0C9B079204934C
S3150200C20062680396069222680F9B05920293D8F8FB
S3150200C21004204B460192D8F8002028460092209925
S3150200C220229AFEF739FE0D9B01371D44D944002898
S3150200C230DBD015B0BDE8F08FDDF848E0DDE9101C73
S3150200C2400C9B0CF1010C1944139B634502D0DEF8DA
S3150200C2500850BAE7002015B0BDE8F08F4FF0FF3066
S3150200C260E7E700BF0869002830D170B54D698CB088
S3150200C2704DBB8868012826D1C868012823D1159CA0
S3150200C280D868E4680490099403949C680A90486A02
S3150200C2900890086A0790D1E900600690D3E9003158
S3150200C2A004FB01F1D2E9000403FB01F10090CDE9A0
S3150200C2B00141169B149A129910980596FEF7ECFD09
S3150200C2C028460CB070BD4FF0FF30FAE74FF0FF3052
S3150200C2D0704700BF2DE9F04F0068C9B0539F2E90FA
S3150200C2E0DDE95786002800F05C82F868DC683D8943
S3150200C2F01FFA84FC84B2BCFBF4F4389484B2B88886
S3150200C300CDF864C0119000FB05F004FB00FE18682E
S3150200C310B7893D90D3E901B00B69D6E901693A9331
S3150200C3204B693B93D1E902C33C93D1E906A312932D
S3150200C3304B6830930B6A31934B6A32930B682F9397
S3150200C3401368199940935368389A4193B1FBF2F3F3
S3150200C3502797B7FBF2F702FB13132997002B40F03E
S3150200C3602082279B02FB1733002B40F01A82B8F17A
S3150200C370000F00F01182D8E90132A3F10203B3FAE9
S3150200C38083F35B091793A2F10203B3FA83F35B0902
S3150200C3901593159A83B20F9313412493179B1FFA91
S3150200C3A08BF81EF00302CDF8A0E048FA03F340F042
S3150200C3B0EE813D9A002A40F34D81249A199802FB98
S3150200C3C003F300FB03F704FB05F31493279B1FFA01
S3150200C3D089F103FB01F3B6B21A91359606FB03F116
S3150200C3E00F9E1FFA8CF206FB00F3129E1B9206FBAF
S3150200C3F003F6149B1396119E0AFB00FB03FB06F63B
S3150200C4002696299E1B9B06FB0EFCCDF8FCC003FB61
S3150200C41000FC279B4FEA86099B003493289BCDF8A4
S3150200C4200891A3EB0E031E932F9BB9465E42274645
S3150200C430CDE943B600222E4644460D46CDF87CC0D1
S3150200C440CDF8CCE0389B002B00F0F980DDF8648152
S3150200C45000234595CDF8DC805546A04634464199E1
S3150200C4603E932D91409936932C91569946922B9153
S3150200C47054992A912E990C91379B2593359B002B23
S3150200C48000F07C81DDE943CA0020CDF81C91034609
S3150200C49081461A9A002A00F0878000221892BDF877
S3150200C4A0F020BDF8EC1009FB02F2521A0F99209205
S3150200C4B002FB01F2BDF8E810199E3698521A06FBE5
S3150200C4C002026646494210915299CDF8E4908A18C2
S3150200C4D01692179A002A40F0C180159A002A40F057
S3150200C4E0BD80119A002A46D0DDF858B04FF0000EF2
S3150200C4F01C935B46F3469E46DDF880C0DDF830901D
S3150200C5006CB300234A46CDE90CE91099CDF838E020
S3150200C51015E00F98884214D9DDF83090104607F0DE
S3150200C52007C0B9EC101EA0EC101E1FF007C00C9835
S3150200C530013330449C423A440C9029440BD0E045E6
S3150200C540E7D89146E0EE10AB07F005C0A9EC101E45
S3150200C5501FF005C0EBE7149BDDE90D9E9944139B82
S3150200C5600BF1010B9E44129B9C44119B5B45C7D168
S3150200C5701C9BCDF830900C9A1E9901330A44042B69
S3150200C5800C9200F0D48016991F98189A01441691BD
S3150200C5901B9810990132014410911A9918929142EE
S3150200C5A097D1B446DDF8E490359A09F101094A4576
S3150200C5B03FF76FAF259ADDF81C91002A00F0E28062
S3150200C5C0E3B102931346289A2E9E0A92279A304680
S3150200C5D00992329A0892319A0792309A06922F9AC3
S3150200C5E00592339A0492299A03922D9A01922C9AD1
S3150200C5F00092DDE92A12FEF74FFC0C962A9A3F9921
S3150200C6003E9B0A442A922B99429A013311442B915A
S3150200C6102C993E9311442C912D9911442D91379AC0
S3150200C62029990A443792369A3A443692389A9A4265
S3150200C6307FF422AF26464446AA46469A459D529B19
S3150200C64001324B445293599B2B4459933D9B93423F
S3150200C6507FF4F8AE002049B0BDE8F08FDDF830C0B7
S3150200C66026996246E0EE10AB01F005C0A2EC101E60
S3150200C6701FF005C0119800283FF47DAF4FF0000966
S3150200C6808646C3462296CDF88CA02099DDF85080C6
S3150200C690129EDDF83CA021938B4503D9C8070FD51E
S3150200C6A0179B6BB1C44409F10109CE453144F3D15C
S3150200C6B0D846219B229EDDF88CA0CDF830C05AE7E1
S3150200C6C0179B41FA03F3002CEDD0249ACDF838805B
S3150200C6D002FB03F360460022F046CDE91C160D93D9
S3150200C6E0109B0C949A4515D9D90701D5159989B984
S3150200C6F015990D9E43FA01F1199C3144529E04FB91
S3150200C7000161064607F007C0B1EC101EA6EC101E2A
S3150200C7101FF007C00C990132914238442B44E1D1F3
S3150200C720DDE91C16C6460C9CDDF83880BAE7029392
S3150200C730289BDDF894B00A93279BDDF8B8900993FD
S3150200C740329BDDE92A120893319B48460793309BB8
S3150200C75006932F9B0593339B0493299B03932D9B4F
S3150200C76001932C9B00935B46FEF796FB5A4634993F
S3150200C77000230A442592CDF8309004E7379B002B1C
S3150200C7807FF43CAF6FF0010049B0BDE8F08F0EF1C7
S3150200C79004018A1A28920CE6CDF85480CDF85C8002
S3150200C7A0F7E54FF0FF30EFE72DE9F04F8DB0169C1D
S3150200C7B08C46DDE9176BDDE919A9DDE91B870B94C8
S3150200C7C00C699E46CDE909020CB94C69F4B1DEF852
S3150200C7D00430012B06D1DCF81830012B02D1736824
S3150200C7E0012B23D00B9C7346009400246146CDE9AD
S3150200C7F00687CDE903A90A9A0998CDF808B00196E9
S3150200C8000594FFF767FD0DB0BDE8F08FB468012C03
S3150200C810DDD17468012CDAD18C69012CE2D1CC69A4
S3150200C820012C20D0DEF80430012BDBD1DEF80C20FF
S3150200C830DCF8083002FB03F39B07D3D1F3689A4274
S3150200C840D0D1734661460B9C0A9A0998CDE91B879B
S3150200C850CDE919A9CDF860B0179616940DB0BDE8CA
S3150200C860F04FFFF71DBBDC68F568AC42DAD18C6885
S3150200C870012C02D1CC68012C11D0734661460B9C67
S3150200C8800A9A0998CDE91B87CDE919A9CDF860B0B6
S3150200C890179616940DB0BDE8F04FFFF763BC0DB0C6
S3150200C8A0BDE8F04FFFF7DEBCB0F5807F37D00FD979
S3150200C8B0B0F5006F30D026D8B0F5007F15D0DFED89
S3150200C8C01B7AB7EE000AB0F5806F07FE800A704742
S3150200C8D0402827D00FD810280AD0DFED157AB7EEF8
S3150200C8E0000A202807FE800A70479FED120A704749
S3150200C8F09FED110A7047DFED117AB7EE000A802824
S3150200C90007FE800A7047DFED0E7AB7EE000AB0F531
S3150200C910805F07FE800A70479FED0A0A70479FED07
S3150200C9200A0A70479FED090A704700BF0000803A65
S3150200C9300000003D0000003B0000803D0000003C7E
S3150200C940000080390000003A0000803B0000803C75
S3150200C9502DE9F04F2DED108B16469208012A91B063
S3150200C96040F2E9800D46034610EE100AA0EE101BB7
S3150200C9700021B1460E960F902E46084615461146E0
S3150200C9804FF0010B1A46D2E904341F58D36954F802
S3150200C99000C003EB8703176A9469069307EB8C03BF
S3150200C9A024580793536ABBF1000F03EB84030893E1
S3150200C9B06DDDB4464FF0000801EB4104CB00E40004
S3150200C9C0CDE90901CDE90B52009305944B080C0100
S3150200C9D04FEAC90A049406EB03190D96049A0099C4
S3150200C9E0059862449CED007F92ED009F614460448D
S3150200C9F0002B41D0DDE90767A9EB0C0EAEF1100E54
S3150200CA004FEA1E1E0EF1010E4EF001E06446069D2F
S3150200CA1090ED00BF91ED003F06EF484D26EF486DC1
S3150200CA200AEF428D04EF48CD22EF4A2D84ED00DF56
S3150200CA3024EF484D96FC42A896FD4288B6EC043F88
S3150200CA4032FE046EB2FC4468A1EC047FB5EC045FCE
S3150200CA5034FE0A6EB4FC4A6882ED007FB7EC045FCE
S3150200CA6034FE086EB4FC4868A0EC047FB4ED047F83
S3150200CA70B2ED049F0FF035C008F10108D845D44441
S3150200CA80D144ABD1DDE90901DDE90B520D9EAD10B2
S3150200CA90012D89464FEA91034FEA8B0B00F1040000
S3150200CAA001DD19466FE7264B0E9E93ED005F24EFDC
S3150200CAB0404824EF5461B6FD103E0F98F60846F042
S3150200CAC001E0B4FD109EA0EE100B96FD04BE96FD8D
S3150200CAD006FE28EF4A4D96FD023E8DED005F08EFF9
S3150200CAE04ACD0EEF424D26EF56A122EF4E2D0CEF08
S3150200CAF044ED2CEF444DBAFD109E0EFF50EDB6FDEF
S3150200CB0010BE04FF504D06FD10FE06FD0E5E9DEDA5
S3150200CB10005F24EF54E194FC42C89EFD42480CFF9C
S3150200CB2050CD04FF504D06FD0CDE96FD04BE06FDFB
S3150200CB300A5E0FF035C011B0BDEC108BBDE8F08F68
S3150200CB40806D01022DE9F04F2DED108B16469208ED
S3150200CB50012A8DB040F2D6800D4603461446A0EE59
S3150200CB60101B0021B14608460B9611462E464FF081
S3150200CB70010B1A462546D2E904341F58D36954F8E4
S3150200CB8000C003EB87030393136A946903EB8C03D8
S3150200CB9024580493536ABBF1000F03EB84030593F5
S3150200CBA06DDDB4464FF00008CC00009401EB410461
S3150200CBB0E400CDE90601CDE908524B0802940C01C6
S3150200CBC04FEAC90A019406EB03190A96019A0099DB
S3150200CBD0029862449CED007F92ED009F614460449E
S3150200CBE0002B41D0DDE90467A9EB0C0EAEF1100E65
S3150200CBF04FEA1E1E0EF1010E4EF001E06446039D41
S3150200CC0090ED00BF91ED003F06EF484D26EF486DCF
S3150200CC100AEF428D04EF48CD22EF4A2D84ED00DF64
S3150200CC2024EF484D96FD42A896FC4288B6EC043F96
S3150200CC3032FE046EB2FD4468A1EC047FB5EC045FDB
S3150200CC4034FE0A6EB4FD4A6882ED007FB7EC045FDB
S3150200CC5034FE086EB4FD4868A0EC047FB4ED047F90
S3150200CC60B2ED049F0FF035C008F10108D845D4444F
S3150200CC70D144ABD1DDE90601DDE908520A9EAD10C9
S3150200CC80012D89464FEA91034FEA8B0B00F104000E
S3150200CC9001DD19466FE71E4B0B9E93ED005F24EFF5
S3150200CCA0404824EF5461B6FD103EF60846F001E016
S3150200CCB0B4FD109E96FD041E96FD02FE96FD065ECE
S3150200CCC008EF40CD28EF40AD04EF4E2D26EF56017A
S3150200CCD02EEF444DB0FD109E0CEF42EDB6FD101E38
S3150200CCE02CEF422D06FD10FE9AFC44C89AFD44E83C
S3150200CCF006FD0E3E96FD041E06FD0CFE06FD0ADE30
S3150200CD000FF027C00DB0BDEC108BBDE8F08F00BF51
S3150200CD10706D01022DE9F8432DED0C8B012A0646B2
S3150200CD200C461F46008800F09280B0F5807F00F026
S3150200CD30A98011D9B0F5006F18D000F29F80B0F526
S3150200CD40007F13D0B0F5806F00F09C80002F41D198
S3150200CD50BDEC0C8BBDE8F883402800F0938000F20E
S3150200CD60DA80102800F08E802028EFD14FEA900E4C
S3150200CD704FEA0E1EAEF1100E4FEA1E1E04EB8005A0
S3150200CD800EF1010E4EF001E0A446294673684FEA01
S3150200CD90500891ED005F6046BCEC047FB3EC043FA3
S3150200CDA026EF440D06EF446D32FE004EB2FD4048BA
S3150200CDB080ED007FA1EC045F0FF015C842462146C4
S3150200CDC03046FFF7BFFE424629463046FFF7BAFE17
S3150200CDD0002FBDD00123B268A6EE103BBAFC040FA9
S3150200CDE0B18921FE062ECB0821FE065E21D043F034
S3150200CDF001E094FCD20F94FCD48F1346BBFC04CF03
S3150200CE0084ECD28F84ECD40F2DFE068E9BFD00AFF0
S3150200CE102DFE061E2BFE062E94FCD0CF2BFE065EA2
S3150200CE2094FCD8AF103284ECD8CF84ECD0AF0FF09C
S3150200CE3021C04B078CD094FCD26F94FCD40F84ECA7
S3150200CE40D20F84ECD46FBDEC0C8BBDE8F883B0F541
S3150200CE50807F0BD01CD9B0F5006F21D062D8B0F517
S3150200CE60007F1DD0B0F5806F7FF470AFFFF71CFD19
S3150200CE70024621463046FFF76BFD67E7B0F5805F55
S3150200CE807FF464AF024621463046FFF75BFE5DE75C
S3150200CE904028EBD043D81028E8D020287FF456AF9C
S3150200CEA0FFF702FD4FEA900E4FEA0E1EAEF1100E8C
S3150200CEB04FEA1E1E04EB80080EF1010EB0EE40AAE8
S3150200CEC04EF001E02146434675684FEA500993ED5C
S3150200CED0009F0846B1EC047FB5EC045F26EF482DAF
S3150200CEE006EF486D80ED007F34FE026EB4FC4268A8
S3150200CEF0A3EC047F0FF015C8B0EE4A0A4A46214653
S3150200CF003046FFF725FDB0EE4A0A4A46414630460C
S3150200CF10FFF71EFD1AE780283FF428AF16E78028A0
S3150200CF20BED013E7B0F5805F7FF410AF9EE700BF77
S3150200CF3030B51049104C114A114B85B0CDE900416C
S3150200CF40CDE902234FF4006E03469DED007F4FF4B8
S3150200CF50F86C00200B490C4D0C4C0D4A83ED047FF6
S3150200CF60A3F800E0A3F80CC099605D601C625A62E7
S3150200CF7005B030BD00AB020218AB0202E8AA0202FB
S3150200CF8048A0020210ED0102880B0202A8950202D5
S3150200CF90088B020230B51049104C114A114B85B06C
S3150200CFA0CDE90041CDE902234FF4806E03469DEDA3
S3150200CFB0007F4FF4787C00200B490C4D0C4C0D4A37
S3150200CFC083ED047FA3F800E0A3F80CC099605D60CE
S3150200CFD01C625A6205B030BD00AB020218AB0202F7
S3150200CFE0E8AA020248A0020290FC0102884B020251
S3150200CFF0A8950202088B020230B51049104C114A5C
S3150200D000114B85B0CDE90041CDE902234FF4007EF4
S3150200D01003469DED007F4FF4F07C00200B490C4D3A
S3150200D0200C4C0D4A83ED047FA3F800E0A3F80CC074
S3150200D03099605D601C625A6205B030BD20B302027F
S3150200D04030B3020210B3020270B0020250040202AE
S3150200D050886B0202D0AD020230AB020230B5104933
S3150200D060104C114A114B85B0CDE90041CDE902239E
S3150200D0704FF4807E03469DED007F4FF0F00C0020BA
S3150200D0800B490C4D0C4C0D4A83ED047FA3F800E0CE
S3150200D090A3F80CC099605D601C625A6205B030BD8F
S3150200D0A020B3020230B3020210B3020270B00202CF
S3150200D0B010080202887B0202D0AD020230AB0202E5
S3150200D0C030B51049104C114A114B85B0CDE90041DB
S3150200D0D0CDE902234FF0800E03469DED007F4FF00F
S3150200D0E0700C00200B490C4D0C4C0D4A83ED047F4D
S3150200D0F0A3F800E0A3F80CC099605D601C625A6256
S3150200D10005B030BD2CB5020238B5020220B50202C6
S3150200D11080B40202F009020288830202E0B302022C
S3150200D12040B3020230B51049104C114A114B85B07A
S3150200D130CDE90041CDE902234FF0400E03469DEDB5
S3150200D140007F4FF0380C00200B490C4D0C4C0D4A59
S3150200D15083ED047FA3F800E0A3F80CC099605D603C
S3150200D1601C625A6205B030BD2CB5020238B5020205
S3150200D17020B5020280B40202D00A020288870202A5
S3150200D180E0B3020240B3020230B51049104C114A14
S3150200D190114B85B0CDE90041CDE902234FF0200EB7
S3150200D1A003469DED007F4FF0180C00200B490C4DF5
S3150200D1B00C4C0D4A83ED047FA3F800E0A3F80CC0E3
S3150200D1C099605D601C625A6205B030BDB0B502025C
S3150200D1D0B8B50202A8B5020288B50202400B0202E5
S3150200D1E08889020268B5020248B5020230B51149C1
S3150200D1F0114C124A124B85B0CDE90041CDE902230A
S3150200D2004FF0100E03469DED007F4FF00C0C0020F0
S3150200D2100C490D4D0D4C0E4A996003EB0E01A3F815
S3150200D22000E0A3F80CC05D601C6281ED007F5A62CB
S3150200D23005B030BDB0B50202B8B50202A8B5020209
S3150200D24088B50202700B0202888A020268B50202DF
S3150200D25048B502022DE9F04F2DED108B8B46904614
S3150200D26081469A4695B001F1080402F10805002BA1
S3150200D27000F0CD80D1ED016AD1ED007A4FF07C57F6
S3150200D280002237EEA67A23EE6F4F77EEE67A06EEA7
S3150200D290907AB9FFC44327EE267A67EEA67A038808
S3150200D2A0C66A03F1FF3C4FEAAC0000288DED005F31
S3150200D2B088ED007AC8ED017A06F1080601EBCC0387
S3150200D2C040F36D81400100F108028A18A2EB040EB8
S3150200D2D0AEF1200E4FEA5E1E0EF1010E13924EF0D3
S3150200D2E001E0AB4632461946CDE911C38C469DEDA7
S3150200D2F0007F634626EF56810CF1040C93FC474FE0
S3150200D3009CFC496F94FC001FB4FC201FB9FFC66742
S3150200D31024EF40CD26EF42ED04EF404D06EF426D7D
S3150200D32092FC001FB2FC201FB9FFC2A70CFF508D52
S3150200D3300EFF500D2AEF5E8C0AEF5C0C04EF484D8F
S3150200D34006EF406D35EE674E37EE676E8DED085F80
S3150200D3508DED0C7F08AB93EC086B20398BFC007FBC
S3150200D360ABFC207F0FF03FC0DDE911C306441B1A58
S3150200D37005441CF0030C3FD0B6EE004A139A0CF19A
S3150200D380010C06EBCC0C08350832083B083612EDC8
S3150200D390025A93ED027AD3ED034A56ED026A16ED6E
S3150200D3A0016A52ED015A75EE477A37EE057A34EE86
S3150200D3B0A55A75EEE45A66EEA74A66EE277A66EE37
S3150200D3C0856A26EE056A37EE647A77EEA57A37EE37
S3150200D3D0467A77EEE67A27EE047A67EE847A08369C
S3150200D3E0B44505F1080502F10802A3F1080305EDAB
S3150200D3F0047A45ED037ACAD101235246414648468C
S3150200D40015B0BDEC108BBDE8F04FFFF783BC52465A
S3150200D4100123FFF77FFCDBED007A9BED017A4FF0EB
S3150200D4207C5137EE077A77EEA77A77EE876A77EE40
S3150200D430C77A07EE101A26EE877A06EE901A2BEEB8
S3150200D4406FCF67EEA67AB9F80020D9F82C3002F130
S3150200D450FF394FEAA90ABAF1000FB9FFCCC388ED2A
S3150200D460007AC8ED017A03F1080C0BEBC90040F310
S3150200D47098804FEA4A1A0AF10808D844A8EB040E23
S3150200D480AEF1200E4FEA5E1E0EF1010E4EF001E0E5
S3150200D4902F466646024613469B46043393FC4D6F5F
S3150200D4A094FC009FB4FC209F9BFC4DEFB9FFC6671E
S3150200D4B02EEF480D26EF4A4D0EEF48ED06EF4A6D68
S3150200D4C096FC009FB6FC209F00FF582D2AEF542C95
S3150200D4D004FF584D0AEF504C0EEF422D06EF446DF5
S3150200D4E033EE612E37EE616E8DED003F8DED047FDA
S3150200D4F09DEC086B203A87FC007FA7FC207F0FF08B
S3150200D50037C0A0EB0A00D444554419F0030941D0B0
S3150200D510F6EE003A09F101090CF10802083508F1A4
S3150200D5200801A0F108030CEBC90CD3ED025A11ED68
S3150200D530025A11ED017A52ED026A12ED016A93ED79
S3150200D540034A75EEC57A74EE074A35EE855A77EECA
S3150200D550445A26EEA77A66EE277A66EEA46A26EE85
S3150200D560246A37EE057A77EEA57A37EE067A77EEF3
S3150200D570E67A27EE237A67EEA37A0832624505F148
S3150200D580080501F10801A3F1080305ED047A45ED4A
S3150200D590037ACAD115B0BDEC108BBDE8F08F139497
S3150200D5A0E7E6A046B1E700BFB1F5007F38B50C4605
S3150200D5B0054657D00FD8802940D030D820291CD014
S3150200D5C0402938D1002836D0FFF7DEFD10B92A4BA4
S3150200D5D02C85EB6238BDB1F5006F39D0B1F5805FAD
S3150200D5E014D0B1F5806F26D128B3FFF705FD0028C8
S3150200D5F0F0D1224B2C85EB6238BDE0B1FFF7F6FD88
S3150200D6000028E7D11E4B2C85EB6238BD98B1FFF797
S3150200D6108FFC0028DED11B4B2C85EB6238BDB1F5A1
S3150200D620807F08D138B1FFF74BFD0028D2D1164BC7
S3150200D6302C85EB6238BD4FF0FF3038BD0028FAD09A
S3150200D640FFF770FD0028C5D1104B2C85EB6238BD63
S3150200D6500028F0D0FFF79EFC0028BBD10C4B2C858E
S3150200D660EB6238BD0028E6D0FFF7F8FC0028B1D1FE
S3150200D670084B2C85EB6238BD90EB010290CD01027E
S3150200D68090EC0102906D010290E5010290E901021F
S3150200D69090AD010290DD01024FF0000C30B56FF43F
S3150200D6A000048D08A2EE10CBA6EE104B2DEE6E0FE7
S3150200D6B010D086466C1CA400BEEC045F35EE061F35
S3150200D6C031FE032F2DEE6E0FA44535FE076FF3D103
S3150200D6D000EB05106FF4000CEEEE06CFA0EE101B69
S3150200D6E037EE4C1F0C4633FE012F05EE90CA11F0A1
S3150200D6F0030CEAFE824F0FD0A1EB0C0CF0EC017A80
S3150200D700F4EEE57AF1EE10FAC8BF64460CF1010CAC
S3150200D71077FEA55A6145F1D11C60C2ED005A30BDB3
S3150200D72010B50024A646DFF888C0A0EE104B8C0880
S3150200D7302DED048B2FEE6E4FA6EE10CB10D0844645
S3150200D74080EF548044F001E0BCEC043F33EE871FC7
S3150200D75035FE010F33FE076F24EF48480FF00DC068
S3150200D760DFF84CC0A2EE101BEEEE86CF37EEEC1FB2
S3150200D7700C4631FE030F05EE90CA11F0030CEAFEC9
S3150200D780804F0FD0A1EB0C0CF0EC017AF4EEE75AC5
S3150200D790F1EE10FAC8BF64460CF1010C77FEA55AE9
S3150200D7A06145F1D1BDEC048B1C60C2ED005A10BD7F
S3150200D7B0FFFF7F7F30B543884C68018810EE10CAA0
S3150200D7C003FB01F18D08406811D0A4EE10CB02468E
S3150200D7D0234645F001E0B2EC047F04FF566DA3EC4C
S3150200D7E0047F0FF009C000EB051004EB051411F0DD
S3150200D7F0030110D021F001E8FDEE103A90ED005F32
S3150200D800A6EE10CB9BB206FF546DEDEE103A71FEFA
S3150200D8104D0F84ED007F002030BD00BF00000000E8
S3150200D8202DE9F0474D880A880346AA4244684868AB
S3150200D83005D1022A42D0032A60D0042A49D0002206
S3150200D8401E88B3F802C006F0030727F001E8A4EE2B
S3150200D85010CB23EE6E6FFDEE10AA24EF5649B508E3
S3150200D8604FEA0C1101FB05F9B6004FEA05181FFA3B
S3150200D8708AFA05B30246234645F001E093FC456F5A
S3150200D8800B44A2EC047F0FF007C804EB090200EB7D
S3150200D89008033FB192FC456FEDEE10AA71FE4D0FE3
S3150200D8A083ED007FBCF1010C04F104043044E0D1A5
S3150200D8B00020BDE8F08703462246EAE794ED005FC2
S3150200D8C09FED196B9FED1A7B80EC474F0020BDE858
S3150200D8D0F08794FC011F94FC211F94FC411F94FCC9
S3150200D8E0611F00F1200200F13003A0EC041F80ED5D
S3150200D8F0003F82ED005F83ED007FD9E72346B3EC5C
S3150200D900041F9FED0D2B9FED0E3B93ED005F9FEDE8
S3150200D9100E6B9FED0F7B80EC430F80EC474F236A23
S3150200D9200362C5E7AFF300800000000002000000BA
S3150200D93001000000030000000000000003000000D8
S3150200D94006000000010000000400000007000000BD
S3150200D950020000000500000030B5950810EE104ADE
S3150200D9600FD08C46034645F001E0B3EC047F36EE59
S3150200D970446FACEC047F0FF009C000EB051001EB1D
S3150200D980051112F003020ED022F001E8FDEE103A64
S3150200D99090ED007F9BB236EE446FEDEE103A71FECB
S3150200D9A04D0F81ED007F30BD00290FDD10B4084A0E
S3150200D9B0084C0144D2F848389B00FBD510F8013BCD
S3150200D9C081422371F6D15DF8044B7047704700BF60
S3150200D9D0008035400088354030B4112000251024DF
S3150200D9E00849094B4A6822F400024A60074AC3F80A
S3150200D9F00858C3F80C48C3F81028C3F8080830BC06
S3150200DA00704700BF00302040008035401020008063
S3150200DA1080F31188BFF36F8F704700BFEFF3118059
S3150200DA20704700BFEFF31180102383F3118870470C
S3150200DA3030B4002001244FF0E0234FF08052044D11
S3150200DA40044928600C60C3F8042D30BCFFF7E0BF20
S3150200DA50942A0422982A04224FF0E0234FF080529F
S3150200DA60C3F8042D704700BF30484FF00101016032
S3150200DA702F480168002909D14FF0085282F30A881B
S3150200DA80DFF8B0D02C4A82F30A8811E02DE9F00FB4
S3150200DA9000B50A6912F4805205D01EF0100302D1B5
S3150200DAA02DED108A08B4C1F818D04FF000020260BA
S3150200DAB01F4C224D224E4FF0100282F31188D5F8E8
S3150200DAC00080B8F1000F0DD1D6F800C0BCF1000FEE
S3150200DAD008BF00F09FF94FF0000282F31188BFF3EE
S3150200DAE06F8FE8E7C4F800804FF0085282F30A8885
S3150200DAF0D8F818D0D8F81C2082F30A88D8F8100073
S3150200DB0010F4805006D0009B13F0100302D108BC1B
S3150200DB10BDEC108A5DF804EBBDE8F00F03484FF048
S3150200DB200001016081F3118870470000982A0422DF
S3150200DB30942A0422282F0422282E0422902A042220
S3150200DB40402F042208B5024800F086F9FEE700BF1E
S3150200DB50C0B5020208B54FF0E0230A4A1168D3F8AD
S3150200DB602C2D01B18968530007D54FF0E0230648F2
S3150200DB70D3F8283D00F0A6FCFEE7044800F0A2FC1C
S3150200DB80FAE700BF942A0422C8B50202FCB50202D3
S3150200DB9008B5024800F060F9FEE700BF28B60202A7
S3150200DBA008B5024800F058F9FEE700BF34B6020293
S3150200DBB04FF0E02203462DE9F04FD2F8281D83B03C
S3150200DBC01848D3E900A9D3E90287D3E90465D3E962
S3150200DBD0064B019100F076FC019913480A0C00F0FD
S3150200DBE071FC5146114800F06DFC4946104800F0A0
S3150200DBF069FC41460F4800F065FC39460E4800F0C4
S3150200DC0061FC31460D4800F05DFC29460C4800F0E7
S3150200DC1059FC21460B4800F055FC59460A4800F0CB
S3150200DC2051FCFEE740B6020258B6020278B602027C
S3150200DC3090B60202A8B60202C0B60202D8B6020224
S3150200DC40F0B6020208B7020220B702021EF0040F63
S3150200DC500CBFEFF30880EFF30980FFF7A9BF00BFFF
S3150200DC6008B5024800F0F8F8FEE700BF38B702022E
S3150200DC7008B5024800F0F0F8FEE700BF40B702021E
S3150200DC8010B5054C23680133236001F06FFF23684A
S3150200DC90013B236010BD00BF202E042270B40E4843
S3150200DCA00E490F4A0F4B85B0CDE90001CDE902239B
S3150200DCB00D480E4B0E499DED007FC3E90E01002073
S3150200DCC00C4E0D4D0D4C83ED027FC3E90B549E6144
S3150200DCD005B070BC704700BF45DB000255DB000291
S3150200DCE091DB0002A1DB000269DA000200BA04221B
S3150200DCF081DC00024DDC000261DC000271DC000204
S3150200DD002DE9F047FFF78EFE00F060F84FF0700E37
S3150200DD104FF0E021214C4EF001E02346D1F8081DD8
S3150200DD201F4A1160091B5A5843F8042B0FF005C805
S3150200DD304FF0E0221B494FF6FF4AB1F1085F98BF48
S3150200DD404FF008514FF4E0294FF00008C2F8084D91
S3150200DD50D2F80C3D144803EA0A03144F144E154D2B
S3150200DD60DFF854E0DFF854C043F0BF6343F40033F6
S3150200DD70C2F80C3DC2F8249D4FF00853C2F81C8D20
S3150200DD80C2F8207D31602860CEF80010CCF8000081
S3150200DD9083F30A8802F078F8FEE700BF00BA04228D
S3150200DDA0382F042200C1042200000E220000F010C7
S3150200DDB0342F0422302F04222C2F0422282F04224F
S3150200DDC0002070470020704700207047704700BF50
S3150200DDD008B5FFF727FEFEE7821C08B510D0431CE4
S3150200DDE004D0033008D06FF0100008BD064800F0DA
S3150200DDF033F86FF0080008BD044800F02DF8F8E784
S3150200DE00034800F029F8F4E750B702028CB7020281
S3150200DE1070B70202704700BFFFF7DEBD10B582B0D1
S3150200DE208DF80700FFF7FEFD9DF8073004460A2B22
S3150200DE300AD001210DF10700FFF7B6FD2046FFF7D4
S3150200DE40E7FD002002B010BD01210248FFF7ACFD3C
S3150200DE50EFE700BF07CF0202F0B5054683B0FFF732
S3150200DE60E1FD2B780646D3B1104F0AE001210DF1F0
S3150200DE700700FFF799FD2046FFF7CAFD15F8013F97
S3150200DE806BB18DF80730FFF7CDFD9DF807300446DC
S3150200DE900A2BEBD101213846FFF786FDE6E730462D
S3150200DEA0FFF7B6FD002003B0F0BD00BF07CF0202A8
S3150200DEB038B5138800290B44138007DD044645183C
S3150200DEC014F8010BFFF7AAFFA542F9D138BD00BF2E
S3150200DED02DE9F04F17468BB0009317F8013BA3B11B
S3150200DEE082468B46002016461946252907F101046B
S3150200DEF00ED03978002866D03E4627460029F4D14E
S3150200DF0018B1391A5A460139D0470BB0BDE8F08F1D
S3150200DF1018B1391A5A460139D0474FF0000814F899
S3150200DF20012C2046A2F12003102B0AD8DFE803F0C9
S3150200DF30480909450909090909090942093F09095F
S3150200DF403A002A2A62D1009A52F8040B01B2002939
S3150200DF5003DA404201B248F0010800922278B81C66
S3150200DF602E2A68D04FF0FF3402F0FB03682B4FF0E5
S3150200DF7000038DF8173028D0782A10D8632A73D96F
S3150200DF800123A2F16407FDB2AB40974D2B4240F04C
S3150200DF90F381732A00F0D380702A00F02F8106469F
S3150200DFA001382CE048F0100827460134B7E748F05C
S3150200DFB00108F9E748F00208F6E748F00808F3E72F
S3150200DFC048F00408F0E7304696E7064616F8015B85
S3150200DFD0782D14D8632D3DD90123A5F164075FFA84
S3150200DFE087FC03FA0CF3DFF800C213EA0C0F40F0C9
S3150200DFF04981732D00F0A480702D00F00081374610
S3150200E00017F8011B00297FF470AF79E7A2F13003FC
S3150200E010DCB2092C4FF00001A2D810F8012B01EB5B
S3150200E020810103EB4101A2F13003DCB2092C09B2F2
S3150200E030F3D92E2A96D102782A2A25D1009B427834
S3150200E04053F8044B023024B2009324EAE47408F035
S3150200E050EF0889E7582D00F0E281632D2BD0002DC1
S3150200E060CDD10BB0BDE8F08F582A00F0F081632ABB
S3150200E07020D0002A93D110F8011C0746461E1046EE
S3150200E08000297FF432AF3BE7A2F13003DDB2092D5E
S3150200E0904FF0000400F10100D9D804EB840410F813
S3150200E0A0012B03EB44031CB2A2F13003DDB2092DAE
S3150200E0B0F3D9CCE70646012201398DB20A214FF087
S3150200E0C0FF34009B029253F8042B01910DF12509AE
S3150200E0D08DF825200093039118F0110872D09DF84F
S3150200E0E0173023B15A4601210DF11700D047019B83
S3150200E0F0002B48DB013D002C2DB206F1010758DD4D
S3150200E100013C24B2013C01215A46384824B2D04788
S3150200E110611CF7D148465A460299D047002DC0F2F3
S3150200E120AB80013D5A46012131482DB2D0476B1CC6
S3150200E130F7D13178002000297FF4D7AEE0E6064613
S3150200E1400098002C50F8049B8DB2A3B2C0F2F7805F
S3150200E150013B1CB2621C00F09881A1B24A46844679
S3150200E160013102E0013900F0FD801746A3B212F830
S3150200E170010B5C1E24B20028F4D160460A220090EC
S3150200E1800192039261E019485A460121D047039B46
S3150200E190D806AFD513F0400F164B17485A4618BF8C
S3150200E1A018460121D047013D002C2DB206F1010788
S3150200E1B0A6DCB8F1100F55D0013C2204AAD447F6CA
S3150200E1C0FF749FE7013D2FB2002FADB287DB084DEA
S3150200E1D0013F5A46012128463FB2D0477B1CF7D160
S3150200E1E04FF6FF757BE700BF21081200B0B70202A7
S3150200E1F0ACB70202A4B70202A8B702020646009A08
S3150200E2008DB252F8043B002B00F0A480023D0F2B86
S3150200E210ADB20DF1260740F24B81B9469E4803F096
S3150200E2200F0C10F80CC0FF2B09F801CD4FEA13139F
S3150200E230F5D86FF06F01019190210391C35C0092B2
S3150200E24009F8013C09F1FF39A3B2A7EB09020292D0
S3150200E25092B29C1A24B2002CD5BFAA1AEB1A95B216
S3150200E2609DB239E7002D03DB2C464FF0FF3549E717
S3150200E27048465A460299D0473178002000297FF451
S3150200E28034AE3DE66C2A2CD1009A52F8043B009239
S3150200E29089B20D46142F0CD8DFE807F02D0B0B0BB5
S3150200E2A00B2D0B0B0B0B0B420B0B0B0B0B0B0B0B5D
S3150200E2B080000A2201920392002B79D1002C3AD0D7
S3150200E2C00DF12607B946039B73484FEAA30E0EF0DB
S3150200E2D0100E10F80E3009F1FF3989F80030A3B29A
S3150200E2E0B3E70098682A50F8043B0090D0D1692D14
S3150200E2F048D11BB289B2002B0D46C0F2828018F0BB
S3150200E300020F49D118F0040FD3D020228DF817201E
S3150200E3100A2201398DB201920392002BCED047E038
S3150200E32018F0080F32D0002B40F09A800823019390
S3150200E3300393002CC4D102940DF12609CCE699F878
S3150200E3400070002F00F086804F4617F8012F002A32
S3150200E350FBD113E70A210DF12607B9464E48019172
S3150200E36003916BE70A2317461A460193CDF800C0BC
S3150200E3704FF6FF73039268E7009A064652F8043B8B
S3150200E380009285E7642DB4D09BB281E70822019200
S3150200E3900392002B92D00BE02B22B7E710220392B6
S3150200E3A018F0080F28D19DF90C200192002B85D078
S3150200E3B003998A1002F0100E01F03F02934271D3C4
S3150200E3C00DF12607B9463448029400EB0E0CB3FB56
S3150200E3D0F2F102FB11340B461CF80410934209F8C1
S3150200E3E0011DF4D29E4410F80E30029C09F8013C3D
S3150200E3F009F1FF39A3B228E7DBB99DF90C30019385
S3150200E4005CE70A224D1E019211462D224FF0000EA4
S3150200E4108DF817205B420A46ADB20391CEE76C2A0D
S3150200E42028D1009A5023039352F8043B8DB20092EE
S3150200E430B6E7039A022142F08000821002F0100E23
S3150200E4401022039040B20190691A8DB2B6E70646D1
S3150200E450009AE7E70A2300900297019303933BE6AB
S3150200E4606FF077028821019203914FF0000E082285
S3150200E4700121E9E70098682A50F8043B00900DD183
S3150200E48050229BB28DB203928AE70A2300220090A1
S3150200E490CDE9013203931FE608CF020250228DB264
S3150200E4A003927DE70DF12607B94605489E4410E71B
S3150200E4B06FF06F0101919021B94601480391BDE6C3
S3150200E4C008CF02024FF0000C0FB400B583B004ABC4
S3150200E4D053F8042B07480DF10201ADF802C001936F
S3150200E4E0FFF7F6FCBDF9020003B05DF804EB04B0D9
S3150200E4F0704700BFB1DE0002F0B50546012685B0C1
S3150200E50017468E40FFF78EFA6B6801336B60FFF792
S3150200E5107FFA08E0A8682122314603AB009700F093
S3150200E520B7FB041E0ADBFFF77DFA2C6846EA0401F4
S3150200E53029603440FFF76CFA002CEBD1FFF772FA30
S3150200E5406B68013B6B60FFF763FA204605B0F0BDCE
S3150200E5504FF0FF32FFF7D0BF38B5044601258D4094
S3150200E560FFF760FA236823EA05032360FFF750FAF0
S3150200E570606800B938BD2946A068BDE8384000F099
S3150200E5801FBB00BF70B50923002584B0084A0446A4
S3150200E59068460E46CDE90135009200F08DFAA84292
S3150200E5A0A06003DB2846C4E90055E66004B070BDEE
S3150200E5B04D4C4F4310B504468068002807DD00F035
S3150200E5C0C1FA002802DB00231846A36010BD6FF0D3
S3150200E5D0100010BD072A38B58C461446054635DDAF
S3150200E5E083073ED00346C9B21A4603F8011B9807B1
S3150200E5F0FAD1013C2C44A41A4FEA0C4202F47F02DF
S3150200E60001EB01200243032C42EA0C6225DD043CA5
S3150200E6104FEA940C0CF101004FEA800EAEF1040EA3
S3150200E6204FEA9E0E0EF1010E4EF001E003EB800062
S3150200E63043F8042B0FF005C0CCEB8C7C04EB8C0466
S3150200E64014B1224607F08CFA284638BD002AFBDDB3
S3150200E650C9B207F085FA284638BD1846002CF0D113
S3150200E660F2E7C9B24FEA0C4201EB012302F47F0240
S3150200E6701A4342EA0C620346C9E700BF38B5174996
S3150200E6801748FFF77FFF041E1FDB164C16480025AE
S3150200E69021460822C0E90000144B246000E003462C
S3150200E6A0013AC3E9004103F148000B6019461D72A5
S3150200E6B0F5D1636000F0A6F9041E06DB00240C4BBC
S3150200E6C01D6000F059F9204638BD00F069F900F0E6
S3150200E6D0CBF90348FFF76EFF204638BDB4B70202F6
S3150200E6E0000B0422AC080422B4080422BC0804224B
S3150200E6F0FC0A04222DE9F04F0B46054685B000219F
S3150200E70097480393FFF724FF6B690024D3E90D268C
S3150200E710D3F814A0029201F027F82B6BC5E90D0479
S3150200E720A34200F3FB80A94659F8204F4C4524D05A
S3150200E7308C4FE368F3B1237F43F010032377FFF78F
S3150200E74071F93A680020538D01335385FFF760F95A
S3150200E7505346012204F11001E068B047FFF762F95F
S3150200E7603A680020538D013B5385FFF751F9AB6B95
S3150200E7700133AB6324684C45DBD100217848FFF7AF
S3150200E780EBFEAB6B002B05DD4FF0FF320121E86B90
S3150200E79000F078FD4FF0000B71485946C5F834B0C9
S3150200E7A0FFF7D6FE2C6A4C453ED06E4F6E4EDFF812
S3150200E7B0B0810195237F002143F010032377404661
S3150200E7C0FFF7CAFEFFF72EF93A680020538D013390
S3150200E7D05385FFF71DF9012153464FF0FF32029D83
S3150200E7E004F11000A847FFF71DF93A680020538D7F
S3150200E7F0013B5385FFF70CF900214046FFF7A8FEBF
S3150200E80023689C4203D06268136062685A60736828
S3150200E810C4E9006373681C60019BC4F808B07460A5
S3150200E8201C6AA145C6D11D4600214D48FFF794FE3C
S3150200E83000214B48FFF78CFED5E90594E86BD9F821
S3150200E8402C60D9F8147000F0DFFC2B689D4203D0CF
S3150200E8506A6813606A685A602B4653F8082F9A4210
S3150200E86003D0EB681A60EB685360002349462B61BC
S3150200E87051F8403F994203D113E01B68994210D0E8
S3150200E8809A699442F9D1D9F8181011F0010104D10C
S3150200E8903348FFF761FE00242DE0039B23F00103BA
S3150200E8A0039300212E48FFF757FE002EF3D0DFF820
S3150200E8B0B480FFF7B7F8D8F800200020538D013353
S3150200E8C05385FFF7A5F82948294BA9EB0000C0108C
S3150200E8D003FB00F001303A46039904EB0020B047EF
S3150200E8E00446FFF79FF8D8F800200020538D013B1D
S3150200E8F05385FFF78DF800211948FFF729FE1D4BB6
S3150200E90000215A681648C5E900325A6815605D60EA
S3150200E910FFF722FE204605B0BDE8F08F114FD5F86D
S3150200E9202C80FFF77FF83A682046538D05F12009BF
S3150200E93001335385FFF76CF8D5E90B12534658F8A5
S3150200E940040CB047FFF76EF83A682046538D013B38
S3150200E9505385FFF75DF8AB6B0133AB630DE700BF81
S3150200E960000B0422942A04221C0B0422BC08042253
S3150200E970398EE338640E042238B5074D0021284645
S3150200E980FFF7E6FD0021054C2846C4E90044A160D4
S3150200E990BDE83840FFF7E0BD000B0422100B04224D
S3150200E9A0F8B5154D2B682BB3002700211348FFF746
S3150200E9B0CFFD134AA96813682C685B1AAC42136030
S3150200E9C0AF6011D00D4E0021A7603046FFF7C4FD9F
S3150200E9D00021A4F10800FFF78DFE00213046FFF763
S3150200E9E0B7FD2C68AC42EED1BDE8F84000210348E1
S3150200E9F0FFF7B2BDF8BD00BF100B0422000B0422C4
S3150200EA003C2F042230B54FF0100E134D002128463C
S3150200EA104EF001E0114B2D60024619611D605A60ED
S3150200EA201846136040330FF009C84FF0100E0C4C15
S3150200EA306860214600204EF001E00A4B24600A4637
S3150200EA4098601C605A601946136034330FF009C887
S3150200EA506160002030BD00BF640E04226C0E0422E9
S3150200EA601C0B0422240B042200207047836B044AE9
S3150200EA70013B03EB4303014602EBC30001F0D6B9A7
S3150200EA807412042230B40A4C002521461022094B86
S3150200EA90246000E00346013AC3E901151C6003F154
S3150200EAA018000B601946F5D16360002030BC704730
S3150200EAB06C1204227412042230B5436883B033F018
S3150200EAC0090330D10546FEF7ADFF184A1368934293
S3150200EAD026D0174C17491C1BE41001FB04F41968D5
S3150200EAE001344A60C3E9013411601B602A68DA60A6
S3150200EAF06A681A61AA685A610F4A104B12681B6843
S3150200EB009A4203D00E4B1B68034304D0FEF780FFE4
S3150200EB10204603B030BD0190FEF79EFF0198F5E74F
S3150200EB206FF02104E8E76FF00A04F1E76C120422A1
S3150200EB3074120422ABAAAAAA942A0422902A0422B4
S3150200EB40982A0422F8B5441E0F2C2BD8FEF76AFF2A
S3150200EB50164F04EB440407EBC406B3680546E4000B
S3150200EB6083B96FF02904124A124B12681B689A4243
S3150200EB7003D0114B1B682B4311D02846FEF748FFE2
S3150200EB802046F8BD304601F0EFF800220B4B5968DB
S3150200EB903B51716014460E605E60B260E3E7FEF7B9
S3150200EBA05BFFEAE76FF01104EAE700BF7412042282
S3150200EBB0942A0422902A0422982A04226C120422FD
S3150200EBC02DE9F84F451E0F2D56D80C46FEF72AFFA3
S3150200EBD02B4F05EB450307EBC30BDBF808208146F9
S3150200EBE04FEA4508DB008AB3F858DBF8143058457B
S3150200EBF044EA0301CBF8141006D125E073B95C454B
S3150200EC0022D02046DBF81410D0E9126A1AF0010F5E
S3150200EC10046806EA0103F1D19E42F0D1036D196040
S3150200EC2001F03AF81AF0200F06D0DBF8143023EA86
S3150200EC300603CBF814303BB11AF0100FDFD00023D5
S3150200EC40A84407EBC8077B61002401E06FF02904A2
S3150200EC500C4A0D4B12681B689A4204D00B4B1B6878
S3150200EC6059EA030305D04846FEF7D2FE2046BDE820
S3150200EC70F88FFEF7F1FEF6E76FF01104F6E700BF34
S3150200EC8074120422942A0422902A0422982A042224
S3150200EC902DE9F04B0027441E82B00F2C019700F29B
S3150200ECA088800E46002900F08180994632F03103B1
S3150200ECB015467BD10A9B013378DB3F4F3B68002B1D
S3150200ECC071D13E4B1B68002B6DDCDFF804B1DBF81B
S3150200ECD00030002B67D0FEF7A1FE002863D1FEF7B5
S3150200ECE0A1FE3749804604EB440001EBC00083686D
S3150200ECF06200002B50D0D0F810C01CF0080F2ED0A6
S3150200ED00131901EBC3035B6915F0010F06EA030E43
S3150200ED102ED0BEF1000F2DD12A4B1CF0010F2A4A2C
S3150200ED2018BF1A46DBF800300A995A6301AAC3E9EA
S3150200ED301265C3F850905A6401F044F8234BDBF88D
S3150200ED4000201B689A4203D03B6858EA030327D087
S3150200ED504046FEF75DFE019802B0BDE8F08B13193E
S3150200ED6051F833309842CBD06FF028030193E5E790
S3150200ED707645D1D1A806C9F8003005D5101923EA7F
S3150200ED80060301EBC0004361EB06D7D500202244FF
S3150200ED9001EBC2035861D1E76FF029030193CDE776
S3150200EDA0FEF75AFED4E76FF01800D5E76FF01000B1
S3150200EDB0D2E76FF01100CFE7982A0422202E042210
S3150200EDC07412042228CF020234CF0202902A0422AD
S3150200EDD0942A042230B40A4C002521460822094B03
S3150200EDE0246000E00346013AC3E901151C6003F101
S3150200EDF01C000B601946F5D16360002030BC7047D9
S3150200EE00F4130422FC130422034653F80C2BD01CE1
S3150200EE10002AB8BF0246B1EBA20F18460EDD002249
S3150200EE2002E0C26891420DDA40688342F9D18A4211
S3150200EE3007DB00687047C2688A4202DA00688342CA
S3150200EE40F9D17047FDDD0068704700BF70B50E4608
S3150200EE500C4656F8081B0546891BFFF7D5FF636863
S3150200EE600C3523F00103A842636002D0C3688B42CB
S3150200EE7009D000234268C4E902024268166046606D
S3150200EE80C4E9043170BD23460246816843F8101F67
S3150200EE9042F8083F2169626101B14B600023A36019
S3150200EEA070BD00BF0268836892B153B1426843E9FC
S3150200EEB002024268083B1360D0E9022143605160B6
S3150200EEC00268904203D043681A60436853607047F1
S3150200EED0C2681360002BFAD0C2685A60704700BF3E
S3150200EEE000282DE9F0413BDD0F288ABF07301025A7
S3150200EEF020F00705FEF796FDDFF86C800746D8F886
S3150200EF00006029463046FFF77FFF0C36B0420446C2
S3150200EF1011D0FFF7C7FFC3685B1B172B0DD854F838
S3150200EF20043C43F0010344F8043C3846FEF770FD06
S3150200EF302046BDE8F0810024F7E74119A0F1080355
S3150200EF404B6050F8082C4251536803F001030B43FF
S3150200EF50536040F8081CD8F80000FFF777FFDEE799
S3150200EF6000242046BDE8F081DC14042270B5054673
S3150200EF70FEF758FD55E9023424F0010445F8044C25
S3150200EF805A680646D2070ED56368DB0720D5A5F177
S3150200EF900804174B21461868FFF758FF3046BDE8AC
S3150200EFA07040FEF735BD03F10800FFF77BFF55F809
S3150200EFB0082CD2E9003121F001010B605968526830
S3150200EFC061F300025A6055F8044C6368DB07DED42D
S3150200EFD004F10800FFF766FF2268D2E9003121F04A
S3150200EFE001010B605968526861F300025A60D0E76A
S3150200EFF0DC14042270B52248224D03682A680333C2
S3150200F00023F0030303F11B0121F007011E4C103A02
S3150200F010521A23601A6022682B6884B0151DCDE946
S3150200F0200055036002F10C03CDE902339DED007F2A
S3150200F03082ED017F106808300B185D6055680D502F
S3150200F040686800F0010018436860256853602A1D4D
S3150200F0504A606E680E607268206802F001020A4316
S3150200F060726069605A6842F001025A60836843F02E
S3150200F07001038360FFF7EAFE002004B070BD00BF03
S3150200F080342F0422302F0422DC14042210B40B4C39
S3150200F0900020214608220A4B246000E06346013A1A
S3150200F0A0C3E9011018631C6003F1380C0B601946A2
S3150200F0B0F4D1636000205DF8044B7047E01404222B
S3150200F0C0E81404220B4810B40146002404220A4B19
S3150200F0D00060013AC3E90114186003F1340C0B60B5
S3150200F0E0194601D06346F4E743605DF8044B0020FD
S3150200F0F0704700BFA8160422B016042230B40A4C88
S3150200F100002521460822094B246000E00346013A05
S3150200F110C3E901151C6003F134000B601946F5D1F1
S3150200F1206360002030BC70478017042288170422CF
S3150200F1300B4810B40146002404220A4B0060013A2F
S3150200F140C3E90114186003F1200C0B60194601D0C3
S3150200F1506346F4E743605DF8044B0020704700BF46
S3150200F16028190422301904222DE9F041846BDFF8B4
S3150200F1705880013CC4EBC40700294FEAC40508EBDA
S3150200F180870703DB0146384600F050FE2B1B08EBCF
S3150200F190830632699B00920714D458F80340A742AB
S3150200F1A010D0736909E0284600F076FD7369AA6CEF
S3150200F1B0A742A3EB0203736104D02546AA6C246816
S3150200F1C09A42F0DDBDE8F081B81904224FF0FF3112
S3150200F1D0FFF7CABF30B40A4C002521461022094B5C
S3150200F1E0246000E00346013AC3E901151C6003F1FD
S3150200F1F01C000B601946F5D16360002030BC7047D5
S3150200F200B0190422B8190422F8B5441E0F2C2BD8C3
S3150200F210FEF708FC164FC4EBC40407EB8406B3687A
S3150200F2200546A40083B96FF02904124A124B1268EC
S3150200F2301B689A4203D0114B1B682B4311D02846F8
S3150200F240FEF7E6FB2046F8BD304600F08DFD0022B3
S3150200F2500B4B59683B51716014460E605E60B2609A
S3150200F260E3E7FEF7F9FBEAE76FF01104EAE700BF0E
S3150200F270B8190422942A0422902A0422982A0422E3
S3150200F280B019042200232DE9F04F441E85B00F2C3D
S3150200F290039379D899420D4673DD501C174670DBED
S3150200F2A0DFF8FCA0DAF80030002B67D1384B1B6878
S3150200F2B0002B63DCDFF8EC90D9F80030002B5DD030
S3150200F2C0FEF7ACFB002859D1FEF7ACFBDFF8D8B04D
S3150200F2D0C4EBC4060BEB8606B3688046E200002B3D
S3150200F2E043D0B169D9F80030A9420BDB31698907ED
S3150200F2F01BD5111B0BEB81014869A8421FDB401B82
S3150200F300486102E06FF010020392224A12689A42A2
S3150200F31004D0DAF8003058EA03032CD04046FEF750
S3150200F32077FB039805B0BDE8F08F19463046019287
S3150200F33000F098FDD9F80030019A8342D9D0121B09
S3150200F3400BEB820BDBF81020134C12F0010F134A61
S3150200F35018BF22465A6303AA9D645A643946304648
S3150200F36000F030FDD9F80030CFE76FF02902D9F866
S3150200F37000300392C9E7FEF76FFBCFE76FF0180084
S3150200F380D0E76FF01000CDE76FF01100CAE700BFBB
S3150200F390202E0422902A042240CF02024CCF0202DF
S3150200F3A0982A0422942A0422B8190422202270B52B
S3150200F3B0194C0021234642F001E0184D18482960F5
S3150200F3C0016043F8042BC3E9003308330FF005C884
S3150200F3D00026042231461348134DC4F80461C4F8CA
S3150200F3E00C61FFF7F7F811492C4620203246B44645
S3150200F3F00F4B2D600E6000E00B4601320138C3E967
S3150200F400014283F82FC01D6003F1700123601C4680
S3150200F410F2D16B60002070BD80290422902A04225A
S3150200F420942A0422882A0422781B0422982A042277
S3150200F430801B042230B400226FF006054FF0807460
S3150200F4404FF0080C90F8303090F82C1023F003039C
S3150200F45080F82D1080F82E1080F8303090F92810A0
S3150200F460836EC263418502644264C26680F82FC01D
S3150200F47043F8044C43F8445C43F80C2C4269A3F16C
S3150200F480440422F0010243F8082C836E0269456A9D
S3150200F490D91C42F480525B1BC0E9064330BC0162B0
S3150200F4A002617047012330B490F82E50104C80F858
S3150200F4B02F3004EBC5018A68AB4042600A4604322B
S3150200F4C002608A681060D4F8082188601A43C4F87A
S3150200F4D0082190F830309B07236848BFC4F80C0116
S3150200F4E09D4202DA034B2560186030BC704700BFAC
S3150200F4F080290422902A042210B52D4B90F82E1052
S3150200F500D3F80C21904204BF0022C3F80C210268F2
S3150200F510904203D0446822604468546090F83020D8
S3150200F520D40734D403EBC10C6246DCF8044004323F
S3150200F530944209D01F4A1168814200D010BDD3F807
S3150200F5400C1169B3116010BD4FF0010ED3F80841DA
S3150200F5501A680EFA01FC24EA0C049142C3F8084127
S3150200F560E8D11F2A22DC1CEA040F0AD1C2F12001CB
S3150200F57002E01CEA040F04D1013201390EFA02FC40
S3150200F580F7D11A600B4A11688142D7D1D7E722F028
S3150200F590010280F83020074A11688142CED1CEE7B7
S3150200F5A0196803EBC10359681160CCE72022E8E72A
S3150200F5B080290422902A04222DE9F041426822F48D
S3150200F5C0995323F00103002B6ED106690546002EDE
S3150200F5D067DBC368013B1F2B63D8920642D57F2E99
S3150200F5E05FDDD0F81480FEF71DFA314B07461C6822
S3150200F5F09C4229D00122216820464B6019602B6863
S3150200F600E3606B682361AB686361EB686662013B2A
S3150200F610464484F82C3084F828206285A666FFF7D3
S3150200F62009FF244A244B12681B68A4689A4203D035
S3150200F630224B1B683B4321D03846FEF7E9F9002CE2
S3150200F64007DB2046BDE8F081D8B1FEF7E1F96FF09D
S3150200F65021046B689B06F4D44046FFF787FC2046DC
S3150200F660BDE8F081873626F007063046FFF738FCFC
S3150200F67080460028B7D16FF02004E2E7FEF7ECF9E6
S3150200F680DAE70D4A0B4B12681B689A42DDD00B4B28
S3150200F6901C68002CD9D1FEF7DFF92046FEF7B8F92F
S3150200F6A0D5E76FF01004CCE76FF00A04C9E700BF94
S3150200F6B0781B0422942A0422902A0422982A0422DD
S3150200F6C070B5244B0D461B68002B23DD441E1F2CF0
S3150200F6D03CD8214EFEF7A6F9204BC4EBC40403EB3B
S3150200F6E0041393F82F200446082A23D0002A14BFB5
S3150200F6F06FF028056FF02905194B32681B689A428C
S3150200F70003D0184B1B68234311D02046FEF780F91D
S3150200F710284670BD104E3368ABB128B1441E1F2C6B
S3150200F72014D89B688342D5D16FF02805F0E7FEF71F
S3150200F73093F9EAE79A6918465562DB6800259362EF
S3150200F740FFF7B0FED8E7441E1F2CC3D96FF0110590
S3150200F750DEE700BF202E0422942A0422801B042204
S3150200F760902A0422982A0422024B186800B1806863
S3150200F770704700BF942A042200232DE9F04182B08B
S3150200F7800193431C43DB234F3B68002B3CD1224BA6
S3150200F7901B68002B38DCDFF88C80D8F80030002B91
S3150200F7A032D00446FEF73AF9054668BBFEF73AF947
S3150200F7B0D8F800300646DA6B002A0FDD013ADA6322
S3150200F7C0164A12689A4202D03B68334319D0304631
S3150200F7D0FEF71EF9019802B0BDE8F0816FF0310222
S3150200F7E00192002CECD00E4A9D635A6301AA5A6418
S3150200F7F02046294600F074FAD8F80030C3E90033EF
S3150200F800DEE7FEF729F9E2E76FF01800E3E76FF0AB
S3150200F8101000E0E7982A0422202E0422902A0422CD
S3150200F82064CF0202942A0422F8B52C4B1B68002BE3
S3150200F83037DD441E1F2C47D8294EFEF7F3F8294A16
S3150200F840C4EBC40302EB031393F82F1005464F07CC
S3150200F8504FEAC4001ED0890703D523495F6B8F4246
S3150200F86038D06FF00041001B02EB0012D36B8B42C3
S3150200F87024D00133D36300241C4B32681B689A429E
S3150200F88003D01B4B1B682B4321D02846FEF7C0F83A
S3150200F8902046F8BD002914BF6FF028046FF0290432
S3150200F8A0EAE70F4E336863B128B1441E1F2C0BD80A
S3150200F8B09B688342C1D16FF02804E9E76FF02A04FE
S3150200F8C0DAE7441E1F2CB8D96FF01104E0E7FEF701
S3150200F8D0C3F8DAE7184600F0DFF9CCE7202E042257
S3150200F8E0942A0422801B042264CF0202902A042254
S3150200F8F0982A042270B5204B82B01B68002B23DDA8
S3150200F90001381F2834D81D4CC0EBC00004EB00148C
S3150200F910FEF788F894F82F30194D0BB3082B0FD148
S3150200F9206FF02806174B2A681B689A4203D0164BBB
S3150200F9301B68034317D0FEF76BF8304602B070BD62
S3150200F9400023E66BE363EDE70D4D2C68002CD7D060
S3150200F9500028D5D1FEF766F894F82F30002BDDD1BA
S3150200F9606FF02906DEE70190FEF776F80198E2E7E6
S3150200F9706FF01106E1E700BF202E0422801B04224D
S3150200F980942A0422902A0422982A04220023F0B5FB
S3150200F990051E83B0019333DB1B4F3B686BBB1B4BCE
S3150200F9A01B68002B29DC1A4E336833B3FEF736F890
S3150200F9B0044610BB15B9019803B0F0BDFEF732F844
S3150200F9C00246336813499C6359632146144601AAC9
S3150200F9D05A64284600F0A6F933680F4A1B6012687B
S3150200F9E05B60934202D03B68234303D02046FEF776
S3150200F9F00FF8E0E7FEF730F8F8E76FF01800DBE7FC
S3150200FA006FF01000D8E700BF982A0422202E0422A5
S3150200FA10942A042258CF0202902A04220B4810B4D8
S3150200FA200146002404220A4B0060013AC3E901148C
S3150200FA30186003F1280C0B60194601D06346F4E7FF
S3150200FA4043605DF8044B0020704700BFC42B0422BC
S3150200FA50CC2B042230B40A4C002521460822094B3D
S3150200FA60246000E00346013AC3E901151C6003F174
S3150200FA7024000B601946F5D16360002030BC704744
S3150200FA809C2A0422A42A042210B40E4B0E4C196896
S3150200FA902368A3420DD0826801F100410131A2EB35
S3150200FAA0010C02E01B68A34203D09A68521A9445DD
S3150200FAB0F8D25A68C0E900325A68106058605DF898
S3150200FAC0044B7047802C0422702C04220021002053
S3150200FAD038B50C4A0C4B0D4CC2E90001C4E90001D1
S3150200FAE006250024C3E90033FDF79CFF4FF0E0230F
S3150200FAF0072207491D6159619C611A61FDF788FF5A
S3150200FB00204638BD802C0422702C0422782C042234
S3150200FB107F9698004FF0E02300221A61704700BFDB
S3150200FB20C0E903234B1C10B404D1C0E900005DF800
S3150200FB30044B7047044B5DF8044B1B680A330B44B5
S3150200FB408360FFF7A1BF00BF802C042210B5064CCC
S3150200FB50C0E90323246804F10A0E71448160BDE8FA
S3150200FB601040FFF791BF00BF802C04224FF0E02324
S3150200FB704FF0007270B51969C3F8042DFDF752FFF4
S3150200FB80194B0646D3E900520A3542F10002C3E98F
S3150200FB900052164C0CE09A68AA1A002A0BDB1A6865
S3150200FBA0934203D059680A6059685160DA688AB983
S3150200FBB02368A342EFD10E4A0E4B12681B689A4283
S3150200FBC003D00D4B1B68334307D03046BDE8704067
S3150200FBD0FDF71EBF18699047EAE7FDF73DFF30467D
S3150200FBE0BDE87040FDF714BF802C0422702C04225D
S3150200FBF0942A0422902A0422982A042208B5FFF79E
S3150200FC00D5FB002823DBFFF7E5FA00281FDBFEF70A
S3150200FC1039FF00281BDBFFF7DDF8002817DBFFF7AB
S3150200FC206DFA002813DBFFF783FA00280FDBFFF7D4
S3150200FC3049FA00280BDBFFF729FA002807DBFFF752
S3150200FC40EDFE002803DBFFF705FF00EAE07008BDC2
S3150200FC500368984203D04268136042685A6090F87B
S3150200FC602F30022B07D0042380F82F30436B9B687A
S3150200FC7003B11847704700B583B00190FFF712FC35
S3150200FC800198436B9B681BB103B05DF804EB184700
S3150200FC9003B05DF804FB00BF034610B553F8542FBA
S3150200FCA004469A4203D0836D1A60836D53602368BB
S3150200FCB09C4203D06268136062685A6094F82F30DF
S3150200FCC0022B06D00423002284F82F30636C1A60BC
S3150200FCD010BD2046FFF7E6FB0022636C1A6010BDDA
S3150200FCE070B50E4D04462B6893F82F20012A0DD0CD
S3150200FCF0042A07D02146BDE87040094A03F15400A0
S3150200FD00FFF70EBF062283F82F20F3E71846FFF708
S3150200FD10F3FB02222B6883F82F20EBE7942A0422B6
S3150200FD2051FC000270B50E4D04462B6893F82F2045
S3150200FD30012A0DD0042A07D02146BDE87040094A9F
S3150200FD4003F15400FFF702BF062283F82F20F3E7E0
S3150200FD501846FFF7D1FB02222B6883F82F20EBE728
S3150200FD60942A042251FC0002F8B50468A04227D066
S3150200FD70054604276FF0320606E0636C84F82F709E
S3150200FD801E602C68A5421BD0234653F8542F9A4274
S3150200FD9003D0A36D1A60A36D536023689C4203D0FF
S3150200FDA06268136062685A6094F82F30022BE4D1BD
S3150200FDB02046FFF777FB636C1E602C68A542E3D1F1
S3150200FDC0F8BD00BF6FF0310238B5174D2B685B6C7A
S3150200FDD01A6001B938BD044682682B6808469A63E0
S3150200FDE02169FFF77DFF2369DB0707D462682B6869
S3150200FDF0C3E9004262681360636038BD23682868FD
S3150200FE009C4290F82E1003D106E01B689C4203D058
S3150200FE1093F82E208A42F8D95A68C0E900325A6805
S3150200FE201060586038BD00BF942A04220B689942BC
S3150200FE3003D04A6813604A685A60036891F82EC074
S3150200FE40984203D106E01B68984203D093F82E200D
S3150200FE506245F8D95A68C1E900325A681160596098
S3150200FE60704700BF0346006883420AD01B69DB075E
S3150200FE7008D590F82E3091F82E209A4238BF0846BF
S3150200FE8070470846704700BF08B5FDF7CBFDFDF782
S3150200FE90C3FFFFF7AFF8002820DBFDF791FF00282C
S3150200FEA028DBFDF7FBFE00281CDBFFF7A7FE002878
S3150200FEB024DBFFF70BFE002824DB1648FFF77CFB4A
S3150200FEC0002813DB0021FFF7FBFB00281EDBFDF7F2
S3150200FED0AFFDFFF71FFEFDF77BFFFEE70E48FDF7BE
S3150200FEE0BBFFFAE70D48FDF7B7FFF6E70C48FDF74B
S3150200FEF0B3FFEEE70B48FDF7AFFFEEE70A48FDF763
S3150200FF00ABFFE8E70948FDF7A7FFE4E70848FDF776
S3150200FF10A3FFDEE770CF0202BCB70202ECB7020211
S3150200FF2070B80202D4B7020208B802022CB8020262
S3150200FF304CB8020208B5FFF7EDFDFDF749FFFEE7F3
S3150200FF4010B5FEF79BFB002816DBFDF73BFF0028EA
S3150200FF5012DB002203210E48FEF7B4FA01F0A0FDDF
S3150200FF600446FDF731FF002C0BDA2046FDF734FF7D
S3150200FF70BDE81040FFF7DEBF0648FDF76DFFFDF74F
S3150200FF8023FF0548FDF768FFBDE81040FFF7D2BF23
S3150200FF9094B80202B8B80202D4B802022DE9F04FB0
S3150200FFA0C023DFF8E082CBB045460D9300F5187307
S3150200FFB03AAC0C9300F5C873A3460B910A920890CB
S3150200FFC009930FCD0FC40FCD0FC495E803000DF1B1
S3150200FFD0800C08F1280E84E80300BEE80F00ACE8A6
S3150200FFE00F009EE80F002AAE20AC08F14807B14682
S3150200FFF08CE80F000FCFCDE90E460FC697E80F002B
S3150201000005F1480486E80F0094E80F0010AD10349C
S3150201001085E80F0094E80F000B9C14AD85E80F00EC
S315020100200094904C089804948F4C0DF1700A029436
S3150201003018AC039407F13004CDE905A094E80F004A
S3150201004018AC019584E80F0007F1400494E80F000B
S3150201005010AC8AE80F0023460CAC20465C46594692
S315020100600EAA08F1A805FCF79FFB0FCD0FC495E870
S31502010070030008F1C00784E8030097E80F0008F1BE
S31502010080E00605F1180420AD8AE80F0094E80F0096
S3150201009085E80F0096E80F0089E80F000095002514
S315020100A0CDE9185518AD284620AD2E464C46099B7A
S315020100B052465946CDE90193089BFAF7ABFDDC4658
S315020100C008F1F0070FCF0FC60FCF0FC697E803004F
S315020100D008F58C7586E803000FCD0FC40FCD0FC44A
S315020100E00FCD0FC495E80F0084E80F005C4608F5B2
S315020100F0AC7EBEE80F00ACE80F00BEE80F00ACE82C
S315020101000F00BEE80F00ACE80F009EE80F00503565
S315020101108CE80F0095E80F0010AD85E80F0007F196
S31502010120980595E80F0014ADCDE90E9B85E80F0001
S315020101304E4D099904954E4D0898029518AD0395B1
S3150201014014AD019507F1A8050091069095E80F00F7
S3150201015018ADCDF814A085E80F0007F1B80595E8AA
S315020101600F0020AD8AE80F0029460CAD10AB0EAA8E
S31502010170284608F1A805FCF717FB0FCD0FC495E831
S31502010180030008F5EC7784E8030097E80F0005F110
S3150201019018048AE80F0094E80F0008F5F47620ACFB
S315020101A084E80F0096E80F0089E80F000094002406
S315020101B009995246CDE90191089B594618A8CDE9FC
S315020101C01844FAF727FD6FF006035D460EA8109351
S315020101D0284B149008F5FC7610A815900E930FCEB5
S315020101E00FC5336808F503772B6018AD08F5077C50
S315020101F097E80F00169485E80F009CE80F0008F5B2
S315020102000B7420AD8AE80F0094E80F0085E80F0011
S315020102100999DFF874E0009117481849CDE902E51A
S3150201022004900C916FF03D0594E80F001924089E85
S31502010230CDF804A0CDE9059689E80F00594618AB19
S3150201024014AA0CA8FBF7FAFD30460A9E05220121E3
S31502010250CDE901560A4B0094F9F76AFE4BB0BDE8A7
S31502010260F08F00BF88D50202A8D50202C8D30202C6
S3150201027008D402023604176388CF0202B0D30202FF
S31502010280003A7841E0D60202A0CF020208B54FF445
S315020102900861034610209847044B186008B10020F4
S315020102A008BD034801F0FCFC012008BD50320422BE
S315020102B0ECB802020B4610B54FF0000E114A108837
S315020102C092F800C040BA8883D168BCF1020F9961E5
S315020102D09168546883F81EE0596102D10A49096896
S315020102E00C440A491C6103C983E8030019780129F0
S315020102F006D1526911684968996052685268DA6092
S31502010300002010BD180000225032042228000022CB
S315020103100B4610B54FF0000E144AB2F8100292F8CD
S3150201032010C240BA8883D2F81C12BCF1020F99613D
S31502010330D2F81812D2F8144283F81EE0596102D19A
S315020103400B4909680C440B491C6103C983E8030084
S315020103501978012907D1D2F82422116849689960CE
S3150201036052685268DA60002010BD00BF18000022F0
S31502010370503204223802002208B50B4B1A7859680A
S31502010380022A02D1094A1268114493F81002D3F8DB
S315020103901422022802D1054B1B681A440448FFF7AE
S315020103A0FDFD002008BD00BF1800002250320422C4
S315020103B0482F042238B5094A094D03461068984761
S315020103C02B683BB10024002000F0E8F82B680134C9
S315020103D0A342F8D80020286038BD00BF503204225B
S315020103E04C32042210B4114A114B126802F5C8713B
S315020103F002F5247002F1D0045860C3F82421C3F82F
S315020104003C01C3F85421C3F86C11C3F88421C3F823
S315020104109C11C3F8B421C3F8CC11C3F8E421C3F883
S31502010420FC41C3F814225DF8044B70475032042292
S315020104301800002209B32DE9F0414FF0000C41F0FA
S3150201044001E04FF47A550E4F0E4E0F4C3B680344B2
S315020104506344A4FB0381890A05FB113336F9133080
S315020104600CF1010C07EE903AF8EEE77AE2EC017A2A
S315020104700FF015C00020BDE8F0810020704700BFD3
S315020104804C3B0422503B0422D34D62100E4B0F4AC1
S3150201049082B0019313782BB107E0019B013B0193D3
S315020104A0137813B9019B002BF7D1019B53B1137832
S315020104B0012B4FF000030CBF4FF4967018461370D0
S315020104C002B070471420FBE740420F006D3204224E
S315020104D003680868184700BF10B404680868116801
S315020104E01A6823465DF8044B184700BFF0B5202A67
S315020104F0144607460E468DB014D0402A12D0802AE1
S3150201050010D0B2F5807F0DD0B2F5007F0AD0B2F5D8
S31502010510806F07D0B2F5006F04D0B2F5805F01D0CB
S315020105200D4806E06846A1B2FDF73EF8054610B150
S315020105300A480DB0F0BD0346324668463946FCF715
S3150201054089FE002328467268640806EBC4046360C8
S31502010550226073600DB0F0BD05FCFFFF10FCFFFFCA
S31502010560F8B50B4E0B48314651F8485F0A4F2A46F9
S31502010570FDF7A8FFB46CA54204D0224629463846A7
S31502010580FDF7A0FF0120FFF701FA2546F2E700BFBA
S315020105900803002214B9020254B9020205F0A8B9ED
S315020105A008B50868FFF7FAFF08BD00BF70B58C46AB
S315020105B006464FF0300E002482B0134D012302226B
S315020105C0124801A92C708DF8056064468DF804E085
S315020105D0F6F790FE034620B1B3FA83F0400902B062
S315020105E070BDFFF753FF03460028F5D101222146CC
S315020105F006482B70F6F796FE03460028ECD1FFF764
S3150201060045FF0346E8E700BF6D320422C02C0422EF
S3150201061008B528B130F8023CC01AFFF7BFFF08BD82
S315020106206B21024B024A0348F9F720F884B9020208
S3150201063088B90202B4B902022DE9F04F89B0DDF898
S315020106404890049099F90040002C70D01D4603EBA6
S3150201065043034FEA430B00EBC22093020393059037
S3150201066041F2820C4FF6FF7E2346584601F10A0AF1
S31502010670022D61D0059ACDE906A1884602EB410217
S3150201068001F1030B0023AA464946052B52D091F9E3
S315020106900040544D203C04EB84042C44E65C03EBFD
S315020106A0430917464446CDE90083D944029204E040
S315020106B00134A14507F1020724D0B4F5806FF7D2C0
S315020106C04FF00008B8F1070F3A4618D046FA08F378
S315020106D013F0010F14BF75466546002322F8135025
S315020106E003F58063B3F5406FF8D108F10108B8F15B
S315020106F0080F02F5C052DBD0B8F1070FE6D141F27D
S315020107008205EAE7DDE90083029A0133062B08F145
S31502010710030802F10602B8D155468946DDF818A04A
S31502010720079919F9013F01448244002BA0D109B06E
S31502010730BDE8F08F0026B2E7203B5E2BF1D80F46CB
S315020107400026284A03EB83039A180095052E07D043
S31502010750B7F5806F09D30136052E07F10207F7D1E6
S31502010760BAF5806F38D3009DDBE73B4612F806B037
S315020107707C1C039DE41A2B44049D4FF0000805EBF3
S3150201078043030725CDE901274BFA08F212F0010FBF
S3150201079014BF7246624603F50067013D1A8008F1ED
S315020107A0010823F81420A3F8002827F8142003F5DA
S315020107B08053E9D1DDE901270136A3F800C0062EEF
S315020107C023F814C0A3F800C803F5006307F1020772
S315020107D023F814C0BAD1C6E753464FF0000B01F114
S315020107E00B04C6E770E402022DE9F04FDFF864A3B9
S315020107F0B84CDAF80030B3B0B74DB84E2268009360
S315020108002B68B16CB648FDF75DFE4FF47A70FFF7BF
S31502010810BDF8B449B448F6F7B3FCDAF800302268F9
S3150201082000932B68B16CB148FDF74CFE0120F9F734
S3150201083031F8DAF80030226800932B68B16CAC48C3
S31502010840FDF740FE0023AB48C0F88430BFF34F8F5B
S3150201085043F6E076D0F88030C3F3C905C3F34E33CD
S315020108605C0105F1010E2B464EF001E004EA060198
S3150201087041EA8372C0F87422013B0FF007C8203C9B
S3150201088014F1200FEDD1BFF34F8FBFF36F8F9A484B
S31502010890FDF718FE9948FDF715FE002240F209718F
S315020108A09148F6F783FB6420FFF770F840F209716D
S315020108B001228D48F6F77AFB0A20FFF767F890487E
S315020108C0FDF700FE8F499048F7F750F9002800F02E
S315020108D02C838E48FDF7F6FD8D498E48F6F758FEB4
S315020108E00446002800F0E88212AB079322AB0D936F
S315020108F0894C8A482146FDF7E5FD4FF4806E0023B7
S315020109004EF001E026462246854804F5805783EAE1
S31502010910000142F8041B01330FF007C804F01F055A
S31502010920BFF34F8F7C4B3D446FEA030EAE444FEA51
S315020109305E1E0EF1010E4EF001E06E4AC2F87032F1
S3150201094020330FF005C8BFF34F8FBFF36F8F00211E
S315020109504FF48062724F06E0013A01F1010106F19C
S31502010960040600F0CA83306881EA07039842F3D08D
S3150201097032686C48FDF7A6FD6B48FDF7A3FD554BA2
S3150201098056491A68DAF8003068480093524B896C66
S315020109901B68FDF797FDBFF34F8FE3434FF0010E3F
S315020109A02A1B2B44203A5B0973442032C8BF9E4658
S315020109B04EF001E04F4BC3F8704220340FF005C8E8
S315020109C0BFF34F8FBFF36F8F5948FDF77BFD4FF092
S315020109D0120E002313204EF001E0564903F58862F8
S315020109E021F8220001330FF007C85348FDF76AFDCB
S315020109F04FF416120021484805F0B2F84FF4961248
S31502010A0000214E4805F0ACF800233A48C0F884307C
S31502010A10BFF34F8F43F6E076D0F88050C5F34E34DC
S31502010A206401C5F3C90505F1010E2B464EF001E03D
S31502010A3004EA060141EA8372C0F87422013B0FF00F
S31502010A4007C8203C14F1200FEDD1BFF34F8FBFF33E
S31502010A506F8F204CDAF800302268204900931E4B32
S31502010A60896C1B683648FDF72DFD3648FDF72AFDD0
S31502010A7000224FF484711C48F6F798FA012240F2DB
S31502010A8006611948F6F792FA4FF4FA70FEF77EFFFD
S31502010A90002240F206611448F6F788FAC820FEF7EA
S31502010AA075FF012240F206610F48F6F77FFA4FF40D
S31502010AB0FA70FEF76BFF24492448F7F7B9FC0146A1
S31502010AC0002849D02248FDF7FDFC4FF47A70FEF763
S31502010AD05DFFFAE700C004227CB804220803002263
S31502010AE05CBA020274650102A42C0422C0BA020293
S31502010AF024BB020200ED00E088BB0202C0BB020277
S31502010B00ECBB020234640102002D042220BC020263
S31502010B1004640102C02C04220000006824BD020202
S31502010B20AA55AA5554BD02029CBD0202F0BD02029B
S31502010B3054BE02020030004098BE020200802568BF
S31502010B40C4BE020228BF020268630102AC2C04225F
S31502010B5048BF020280B80422BC48F7F7B5FA8046BC
S31502010B60002840F06981DAF80030B94EB94D2268A1
S31502010B700093B16C2B68B848FDF7A4FCB74B0FAFD5
S31502010B8093E8070087E807004246B549AF48F7F7F9
S31502010B90B3FADAF80030226800932B68B16CB148D7
S31502010BA0FDF790FC012240F20E51AF48F6F7FEF92D
S31502010BB0AE48FDF787FCDAF80030226800932B680D
S31502010BC0B16CAB48AB4EFDF77DFCAB48FDF77AFC49
S31502010BD03368DFF8D492002B14DD4D46DFF8CCB230
S31502010BE0AC68D5E90023414658460094FDF76AFCF4
S31502010BF0336808F10108434505F10C0502DDB8F138
S31502010C00100FEDD1642004F06BFE04469B48214689
S31502010C10FDF758FC204604F06BFE00203568F1F71B
S31502010C20F1FC0146DFF888B29548CBF80010FDF7D2
S31502010C3049FC33689D4218DA0F2D16DC0C23DFF8C6
S31502010C40748203FB059901E0102D0ED0D9E9002328
S31502010C50D9F80840294640460094FDF733FC33682B
S31502010C600135AB4209F10C09EEDCDAF80030854CAC
S31502010C70774922680093774B896C1B688248FDF796
S31502010C8021FCDBF80000002800F0EC830021F1F7DB
S31502010C901FFDDAF8003022686D4900936D4B896CAD
S31502010CA01B687A48FDF70EFC00220121DBF80000E1
S31502010CB0F0F7FCFB0121DBF80000F0F7D5FBFF2181
S31502010CC0DBF80000F0F7B0FB0021DBF80000F0F7DB
S31502010CD02FFC6F48FDF7F6FB4FF00008B946DBF82B
S31502010CE00000F4F79DFE4FF416730122CDE900329E
S31502010CF04FF4806359F8041B1A46DBF800004FF4DF
S31502010D00F074F5F799FE20266249DBF80000F5F743
S31502010D10EBFA0021604ADBF80000F0F76DFB0022D6
S31502010D20CDE9004602922146224643F62063DBF8CC
S31502010D300000F5F723FB002242F2A035CDE901625C
S31502010D4000952A46214643F62063DBF80000F5F7B3
S31502010D5015FB0023CDE90163009523462246214670
S31502010D60DBF80000F5F70AFB0023029343F6206342
S31502010D70CDE900562246452632241946DBF8000003
S31502010D80F5F7FCFADBF80030444D0493CDF81880F0
S31502010D90CDF82090203E5E2E00F2CD80DDF8108047
S31502010DA03F4B06EB8606334400214046394A0593FA
S31502010DB0F0F722FB4FF4C073260137B239464FF4DE
S31502010DC04872404600934FF49073F5F795FA404600
S31502010DD0314A0021F0F710FB059BB6B25A1EB946FD
S31502010DE04FF0300837461646CDE9094504330593D7
S31502010DF0002416F8015F02E00134072C13D045FAEC
S31502010E0004F3DB07F8D504EB4402120102F548723A
S31502010E10302349460498CDF8008012B20134F5F721
S31502010E206BFA072CEBD1059B07F130009E4287B284
S31502010E307FD00FFA87F9DBE701461A48FDF742FB35
S31502010E404FF47A70FEF7A2FDFAE700BFAC2C04223A
S31502010E50080300227CB8042294BF02024CE6020275
S31502010E6000000068F8BF0202A42C04225CC0020240
S31502010E7074C0020270320422D8C0020204C1020204
S31502010E8024C1020200C0042240C1020250C202026F
S31502010E90B4C20202151010FFFFE500FF28BA0202D2
S31502010EA070E402026CBF020274320422A4C102027D
S31502010EB0BC2C0422E4C1020201223C21CD48F6F7F0
S31502010EC065F9CD48FDF7FEFA12AB194643F20A005F
S31502010ED007938DF848408DF88840FFF767FB22ABF0
S31502010EE00D93F0B1194643F20B00FFF75FFBC0B158
S31502010EF09DF888209DF84810C048FDF7E3FA9DF851
S31502010F004830562B09D19DF88830A3F14002012AB7
S31502010F1040F2B0824C2B00F0AD82B948FDF7D2FA0D
S31502010F20E6E4B848FDF7CEFAE2E4B748F6F7E6FD9D
S31502010F30CFE4DDE9094515F9016F1234002E7FF47C
S31502010F4029AF3146B14ADBF80000DDF81880DDF839
S31502010F502090F0F751FA4FF4965300934FF434620E
S31502010F604FF467534FF44871DBF80000F5F7C4F903
S31502010F703146A74ADBF80000F0F73EFA4FF49553E3
S31502010F8000934FF4356243F6A0134FF44C71DBF82C
S31502010F900000F5F7B1F931469C4ADBF80000F0F79B
S31502010FA02BFA4FF4F07300934FF4FF524FF4675349
S31502010FB04FF44871DBF80000F5F79EF93146944A81
S31502010FC0DBF80000F0F718FA4FF4E073009341F6EC
S31502010FD0F07243F6A0134FF44C71DBF800008D4C0E
S31502010FE0F5F78AF9DBF80000F4F758FDC4F88460D6
S31502010FF0BFF34F8F43F6E076D4F88050C5F34E30F7
S315020110004001C5F3C90505F1010E4EF001E02B467B
S3150201101000EA060141EA8372C4F87422013B0FF029
S3150201102007C8203810F1200FEDD1BFF34F8FBFF360
S315020110306F8FDBF80000F1F703FC0023C4F884305C
S31502011040BFF34F8F43F6E076D4F880507148C5F36B
S315020110504E346401C5F3C90505F1010E4EF001E0F6
S315020110602B4604EA060141EA8372C0F87422013B67
S315020110700FF007C8203C14F1200FEDD1BFF34F8FBB
S31502011080BFF36F8F08F10108B8F1030F7FF427AEA2
S31502011090DAF80030604C614E614F22680093336882
S315020110A0B96C6048FDF70EFA5F48FDF70BFA5F4926
S315020110B05F48F5F779FD0546DAF8003022680093B4
S315020110C05C483368B96C0C95FDF7FCF9CDB95A4801
S315020110D0FDF7F8F91E20FEF759FC4FF4C8634FF4E9
S315020110E0485256495248F5F7F7FD0C90002840F050
S315020110F0C6815348FDF7E6F907E05248FDF7E2F9E2
S315020111003DE40C995048FDF7DDF95048FDF7DAF94F
S315020111104FF0000C01230220CDE905CCCDE90830C0
S31502011120DFF83C91DFF83CA14FF00002484B00206A
S315020111301A70FEF7DFFB6420FEF71EFB454A069B8B
S3150201114002FB03F302F18042013AB2EBB30F80F0E4
S315020111507181DBF80000F4F763FC4FF41673012288
S31502011160CDE900324FF48063059C32AA02EB840278
S3150201117052F88C2CDBF8000011460A92A2000B925F
S315020111801A46F5F759FC0021214ADBF80000F0F76F
S3150201119033F94FF4955300934FF4356243F6A01396
S315020111A04FF44C71DBF80000F5F7A6F800212A4A44
S315020111B0DBF80000F0F720F9102100234FF4A552C5
S315020111C03326CDE90113009243F6D0434FF44C7115
S315020111D0DBF80000F5F7D2F80021204ADBF800001F
S315020111E0F0F70AF900274FF4A57440F2DF183546E5
S315020111F03DE000BFC02C04224CBC02027CBC0202B0
S3150201120008BD0202A8BC0202002D04224A3A3AFF94
S315020112101A1414FF00ED00E000C004227CB8042277
S3150201122008030022FCC2020260C30202B064010288
S31502011230202D042280C30202E4C302020040386860
S3150201124010C40202D0BD020260C402028CC40202B0
S315020112506C320422295C8FC2352A2AFF66FF00FFFF
S3150201126048330422E117298E02273E44049DB8021F
S31502011270AAFB0030400A39F91000220100EB800076
S31502011280C0EBC0008000002800F1FF04B8BF204671
S315020112900012C0F5A5744445A8BF4446330129018D
S315020112A0B52CB8BFB5241BB212B209B20496002FEF
S315020112B0DAD04FF0200E00254FEA041C0FFA8CFCFF
S315020112C0DBF80000CDE900CE0295F5F757F840F2BA
S315020112D09A3302379F4206F10206C7D100216A4AB2
S315020112E0DBF80000F0F788F84FF4E073009341F65B
S315020112F0F07243F6A0134FF44C71DBF80000F4F7D9
S31502011300FBFF624B624A1B6807FB03F3934200F33E
S315020113108E80FF2B15DD43F30F1323F00F040021FB
S315020113205C4ADBF80000F0F767F84FF4E0730093CC
S3150201133041F6F07223464FF44C71DBF80000F4F7E4
S31502011340DBFF0C9B002B6CD1534B07981A68534950
S3150201135004F092FB0A9D079B284600935F22022313
S315020113603221FFF769F9494B0D9C1A684C4B20460D
S315020113704C491B6804F080FB00944B4C284602231F
S315020113807D223221FFF758F90094484C284603235F
S3150201139055224FF40271FFF74FF9032382224FF4CC
S315020113A0027128460094FFF747F9DBF80000F4F7CB
S315020113B075FB05F5203305F01F01BFF34F8F6FEA69
S315020113C0030E05F5AF220A4496444FEA5E1E0EF15C
S315020113D0010E4EF001E0364AC2F8703220330FF0A8
S315020113E005C8BFF34F8FBFF36F8FDBF80000F1F72C
S315020113F027FA0B9B0022C8336B4453F88C1C2D48E9
S31502011400F6F77AFE014610B12B48FDF75BF8DDE9E6
S31502011410053201320692099A0592089ACDE90832F5
S3150201142082E60C9A0798254904F026FB92E743F6D1
S31502011430A01474E7059B15490193214B21481A68AB
S31502011440154B1B68096800910699FDF73BF81E4A80
S315020114501E481146D3680093936809685268FDF7DE
S3150201146031F876E61A48FDF72DF84FF47A70FEF751
S315020114708DFAFAE71748FDF725F8FFF739BA0C99FD
S315020114801548FDF71FF840E61A1414FF3C330422EF
S31502011490FF9A0300FFE500FF4033042228C502023A
S315020114A03833042268C50202C802002288020022D9
S315020114B000ED00E0AC2C04228CC502024CC50202EE
S315020114C068320422C8C4020200403868FCC402021F
S315020114D028C20202D0BC020234C40202F0B5C668B6
S315020114E0DDF814C096F854001F6F70B1002107F1A0
S315020114F0040E57F8314024B15EF83150AA4207D0A2
S3150201150035B1013801F10101F3D16FF02000F0BDCF
S31502011510B6F86220D2B100222168DCED006A895652
S315020115209CED017A07EE901AF8EEE77A77EEE67A03
S3150201153067EE877A716E083351F82210C3ED017A8C
S315020115401960B6F8621001329142E5D80020F0BD69
S31502011550012A02D1016000207047022A05D0032A1E
S31502011560F9D0002AF7D10260F5E70B680360F2E7CA
S31502011570012A02D1016000207047022A05D0032AFE
S31502011580F9D0002AF7D10260F5E70B680360F2E7AA
S31502011590012A02D1016000207047022A05D0032ADE
S315020115A0F9D0002AF7D10260F5E70B680360F2E78A
S315020115B0012A02D1016000207047022A05D0032ABE
S315020115C0F9D0002AF7D10260F5E70B680360F2E76A
S315020115D02DE9F04F04680868A1681268B0FBF1F8BA
S315020115E0B2FBF1FA1B6887B00193E3681A6A02FB40
S315020115F008F802FB0A8AD04538BF4FF0000B29D200
S3150201160021B3019B00254FF0010903EB8B0606E08E
S31502011610A1686B1C8B4206F1040613D21D46D4E95E
S3150201162000035B5D82684344CDE903390596AAB19D
S31502011630C76805AB04AA03A9B8470028E8D007B0D2
S31502011640BDE8F08F0BF1010BE368AB441A6A9044D3
S31502011650C245D5D8002007B0BDE8F08F03F0EFFAF6
S3150201166070B5D0E9001291F83C3005468BB10024E1
S31502011670264652F8240038B10368DB6898476B683E
S3150201168043F82460D5E9001291F83C3001349C42BA
S31502011690EFD31046FEF782FF284670BD07EE901A79
S315020116A0F8EE677A012A20EE270A60EEA70A82B0CF
S315020116B03ED0FBFE407AF4EEC07AF1EE10FA2AD45D
S315020116C0FAFE407AFBFE606AF4EEE06AFDEEE77A24
S315020116D0F1EE10FA17EE903A27D570EEE67A9FED03
S315020116E0197AF4EEC77AF1EE10FA1ED5FDEEE67A14
S315020116F017EE902A9B1AC01A07EE900AF8EE677A3D
S3150201170087EEA67AFBFE477AFDEEE77ACDED017A00
S31502011710019802B0704730EE677ADFED0A6AB4EEDD
S31502011720E67AF1EE10FACDD4CAE7FAFE606ADDE78F
S31502011730B8FE400AFDEEC07AF8FE606A17EE903AEC
S31502011740D9E700BF6F12833A002B24DD02F01F0195
S3150201175000B51944BFF34F8F6FEA020E0120A1F1C2
S31502011760200311448E444FEA5E1E20330EEB000124
S315020117708E46CCBF8E4686464EF001E0074BC3F835
S31502011780682220320FF005C8BFF34F8FBFF36F8F68
S3150201179001205DF804FB0120704700BF00ED00E067
S315020117A02DE9F04F884683B0914619468268019326
S315020117B0D8F80830934240F08B80436801EB090A5E
S315020117C0D8F80410044603EB0A0081424D467FD144
S315020117D0002B7FD009F1FF36B9F1000F2ED04FF061
S315020117E0010B00270CE0BBF1000F62D06368012BED
S315020117F065D04FF0010B5F44013E731CA2681CD0F9
S3150201180002FB07FCD8F800002168920002FB0600E1
S3150201181001EB8C0104F020FA002FE4D06268013A50
S31502011820BA4249D0BBF1000FE3D1013E731C4FF01E
S31502011830000BA26807F1FF37E2D1636802FB09F9DF
S3150201184003FB02F2D8F800002168920000EB89003E
S3150201185004F002FA6068019B0027461E53B924E090
S3150201186087B36368012B31D001273E440135AA456E
S315020118701BD06068A268D8F800302168920028441B
S3150201188002FB061102FB003004F0E6F9002EE7D056
S315020118906368013BB34217D0002FE5D10135AA4552
S315020118A04FF0000706F1FF36E3D1002003B0BDE891
S315020118B0F08F4FF0010B9FE7BBF1000FB5D04FF050
S315020118C0000B99E70127D1E7002FE7D00027CDE7E3
S315020118D00148EBE70148E9E714FCFFFF12FCFFFFB1
S315020118E00379012B00D070474FF4C8622DE9F04FFE
S315020118F04F4B504D1B7802FB03F305EB83052B4639
S31502011900BFF34F8F4FF0C80E4EF001E04A4AC2F8BC
S315020119105C3220330FF005C8BFF34F8FBFF36F8FD1
S3150201192000224FF000446FF000464FF0010B1046C3
S315020119309646424FDFF81C91DFF81CA1DFF81C81A5
S31502011940043D55F8043F43F3130C6645A8BF6646AA
S31502011950644543F30F11B8BF6446B2F5806F0B4677
S31502011960C1FB010E05D228F81210D10703D50132A7
S31502011970E7E7D1070CD4D7F800C0396829F81C303B
S315020119800131B1F57A5F24BF00218AF800B03960CE
S315020119900132B2F5C86FD4D10246734652EA1F53D9
S315020119A0C0F31307C2F31302BB18CEF313294B4438
S315020119B0DFF8AC8003EB1E72A8FB0273DB0803EBB4
S315020119C0830303EB8303D31ADFF898C0C01A0CFB17
S315020119D000F7A4EB06011A4E6EF1000E06FB0E7716
S315020119E0A0FB06060246174D0911BB1929604FF0E5
S315020119F000440021102552EA9F13631893429CBFAB
S31502011A001919D21A013D4FEA51014FEA9404F4D150
S31502011A1001240D4B0D48064D196002682B780C49BD
S31502011A202244634002602B700C70BDE8F08F00BF48
S31502011A30343304220040386800ED00E04C3B0422B6
S31502011A40295C8FC2383304223C33042240330422F8
S31502011A5035330422503B0422483B042248330422F4
S31502011A601F85EB51F5285C8F014B02791A7070477D
S31502011A706D3204220378032B00D070470121054BF6
S31502011A80054A1970136805480B4400681360FDF78F
S31502011A90CBBE00BF6C3204226832042264320422B5
S31502011AA008B50E48FCF7D8F90D48FDF785FD0D4B33
S31502011AB000211860FDF704FE0B48FDF77DFD0021AC
S31502011AC0FDF7FEFD0948FDF777FD0021FDF7F8FD5B
S31502011AD04FF0FF30FDF750FE002008BDACC50202F3
S31502011AE070020022643204225802002240020022BD
S31502011AF0002070472DE9F0430546C068984690F8E4
S31502011B00443085B01BB30E461746002404E0E8684C
S31502011B1090F84430A3421AD9826C04EB440302EBD7
S31502011B20C30CDCF81030CDF80C80DCF80820314605
S31502011B30CDE901729CF814200092DCF80490224649
S31502011B40C84701340028E2D005B0BDE8F083FFF7AB
S31502011B50CFFF831C18BF002005B0BDE8F08300BF8C
S31502011B60164B1A68D20717D515490868134A154B39
S31502011B7052681B68101A0A60E3B1134AA2FB0323D7
S31502011B809B0CB0FBF3F0114BD3E90021801841F114
S31502011B900001C3E9000170470D480949D0F8FC204C
S31502011BA042F08072C0F8FC201A6842F001021A6003
S31502011BB05868DBE74FF4F073E3E700BF001000E07B
S31502011BC0603204221C2E042283DE1B435832042275
S31502011BD000ED00E02DE9F04F054685B00391FFF7D0
S31502011BE0BFFF002D59D0EE688046F36C894613B3C8
S31502011BF0002402E0F36CA3421DD9D5F810E0214678
S31502011C002846039BBEF1000F01D05EF824E0326D37
S31502011C1002EB441CDCF81C20CDF804E0DCF8187059
S31502011C2001340097DCF810A0D04782460028E1D0A3
S31502011C30FFF796FF26E096F85420FAB10024A24651
S31502011C400BE02846FEF7AAFC039B1B6F43F80BA089
S31502011C5096F854200134A24210D9039B4FEAC40BD1
S31502011C601B6F53F83450002DF4D028680028E8D0B1
S31502011C702B7B002BE5D0FEF791FCE2E7FFF770FF25
S31502011C804FF0000AB0EB0800039B61EB0901C3E9BF
S31502011C901801504605B0BDE8F08F6FF00A0AF8E761
S31502011CA00FB400B5C3B044AB53F8042B4FF48071A3
S31502011CB002A8019303F02CFF02A8FCF7CDF843B06A
S31502011CC05DF804EB04B070478C4608B5017FDCE988
S31502011CD00123032902FB03F331D009290CD001297F
S31502011CE027D18269B3EB920F46D10169DCF8000074
S31502011CF003F0B2FF002008BD8169994249D1002251
S31502011D000029F7D0D0E903139B5690ED027A5B1AAC
S31502011D1007EE903AF8EEE77A67EE877ADCF800305A
S31502011D2003EB8203C3ED007A836901329342E9D858
S31502011D30E0E71A48FFF7B4FF6FF00D0008BD8169AD
S31502011D40994226D100220029D4D0D0E903139B5C03
S31502011D5090ED027A5B1A07EE903AF8EEE77A67EEB1
S31502011D60877ADCF8003003EB8203C3ED007A8369DC
S31502011D7001329342E9D8BDE7002A02F10301A8BF65
S31502011D80114607481A468910FFF78AFF6FF01700B6
S31502011D9008BD1A460248FFF783FFF7E724C6020287
S31502011DA0E0C502022DE9F047DDF820A0BAF1000FE5
S31502011DB000F097804FF0000EF44674460368167FD2
S31502011DC0D3E9011505FB01F1032E0C440BD0092EB3
S31502011DD057D0012E35D049483146FFF761FF6FF0E2
S31502011DE00C00BDE8F0870027F1B1196892ED027A7D
S31502011DF001EB8701D1ED006AC6EE877AF8FE677AB2
S31502011E00FDEEE77A17EE906AD56811692E4486F3DC
S31502011E10080601F80C60D3E9011505FB01F101374A
S31502011E20B9420CF1010CE0D80EF1010EF245C5D111
S31502011E309169B4EB910F01D0A1425DD10020BDE8B9
S31502011E40F0870029F0D000264FEA8C071D68116938
S31502011E5005EB8608D8F800903944C1F80090D3E919
S31502011E60011505FB01F1B0460136B14207F104073E
S31502011E70ECD80EF1010E0CF1010CF245C4449DD1D0
S31502011E80D6E700266FF07F070029CDD0196892EDBB
S31502011E90027A01EB8601D1ED006AC6EE877AF8FE77
S31502011EA0677AFDEEE77A17EE908AD5681169A8443A
S31502011EB0B8F17F0FA8BF4FF07F08B845B8BFB84643
S31502011EC001F80C80D3E9011505FB01F10136B14296
S31502011ED00CF1010CDAD80EF1010EF2457FF46EAF68
S31502011EE0A6E7916955468B08A8D005482A46FFF709
S31502011EF0D7FE6FF0170074E72546F6E7E4C702023C
S31502011F0008C80202F8B50F461D4606461446FFF7F3
S31502011F1027FE02460B46C7E90023376912487B684A
S31502011F202D689847C8B921463B699847044678B94E
S31502011F30337B1BB90FE0327B9A420CD9B268294630
S31502011F407B69105D98470134E3B220350028F2D04F
S31502011F506FF00200F8BD0020F8BD01460348FFF705
S31502011F609FFE6FF00500F8BDD921010258C8020291
S31502011F7003F0B6BC0268002A00F013819368002BB5
S31502011F8000F00F811369002B00F00B812DE9F04F50
S31502011F902DED028B012960EE200A044620EE010A8C
S31502011FA085B000F0CB80FBFE608AF4EEE08AF1EEAA
S31502011FB010FA00F19880FAFE608ABBFE408AB4EEFE
S31502011FC0C80AF1EE10FAFDEEE88A40F3978070EE48
S31502011FD0487A9FED7B7AF4EEC77AF1EE10FA40F178
S31502011FE08D80FDEEC87A18EE900A17EE901A411A04
S31502011FF05B1A07EE903AB8EE677AC7EE086ABBFE3D
S31502012000667ABDEEC77A8DED027A029BF8EEE87A20
S31502012010013B07EE103AB8EEC77AE8EE077AFDEE13
S31502012020E77ACDED037A039B029D1361D4E901326E
S31502012030934218BFA360B5F1005F80F0BD80E268EC
S31502012040D21AB5EBA20F00F28580039B002B58D062
S3150201205000256FF06047A8460BE03560A36804339C
S31502012060A360FCEEC87A17EE903A039A1D44954294
S3150201207047D2029B08F10108984542DCD4E9026382
S315020120809E42EAD1D4F80490A6EB0903B7EBA30F5B
S315020120904FEAA30200F08D804E453AD0B2EB420FD1
S315020120A04FEA420153D800297DD18B468A461D60EB
S315020120B0043B4FEA930E0EF1010E4EF001E04A4641
S315020120C0534652F8041B43F8041B0FF007C01E1DAA
S315020120D0B9F1000F02D04846FEF760FAC4E901A63B
S315020120E0C4F80CB0BDE770EEE87A9FED357AF4EEEE
S315020120F0C77AF1EE10FA3FF560AF5CE7BAFE408AA5
S315020121006FE70020C4ED048A05B0BDEC028BBDE881
S31502012110F08F01321BD26FF060418A4228BF0A4614
S315020121204FEA820B58460193FFF722FF019B4E4568
S315020121308246C5508344BBD1061DC9E7F8FE600A33
S31502012140FDEEE08AB8FE408A18EE901A50E7DFF8F3
S3150201215080B0E7E7A668AD002846F61AFFF708FF42
S31502012160D4E901318B42074611D0A1EB030EAEF140
S31502012170040E4FEA9E0E0EF1010E02464EF001E0EA
S3150201218053F8041B42F8041B0FF007C0616811B132
S315020121900846FEF703FA3E443D44C4E90176E5608A
S315020121A053E708487047B94228BF39464FEA810BBF
S315020121B0B8E7054802F040FD044802F03DFD00BFC4
S315020121C06F12833A15FCFFFF98C8020288C8020201
S315020121D0FCFFFF7F03F068BB431E034210B514D117
S315020121E0044680B179B1481C20440121FFF7F2FF70
S315020121F0024640B1631C0344644203EA0400821AA4
S3150201220020F8022C10BD002010BD4821024B034AC2
S315020122100348F7F72BFA00BFB4C80202D0C802027C
S31502012220B4B902022DE9F04F2DED048B9368814674
S3150201223087B00D4650694D49019303F0F5FCD9F873
S3150201224010A0002814BF03260126BAF1000F7FD081
S315020122504FF0000B57469FED468ADFED469A9FEDFA
S31502012260469ADFED468ADA46CDF800B0B7F5806FB9
S31502012270BB4628BF4FF4806B019B01210BFB03F088
S315020122808000FFF7A7FF8046002867D0D9F80830FB
S31502012290CDE903AB0590002B66D04846D9F80C4030
S315020122A005AB04AA03A9A047002F46D0BBF1000F34
S315020122B0414614BF5A460122009C0BE027EE297AB9
S315020122C0A6EE097AA6EEA87A013A83ED007A04F11E
S315020122D0010431D0F1EC017AFCEEE77A17EE900AAD
S315020122E0C0F3074E07EE10EAC0F3072EC0B206EEA0
S315020122F090EA07EE900AB8EEC77AF8EEE66AF8EEC9
S31502012300E77A2B68032E87EE086A4FEA840C86EE7B
S31502012310887A03EB8403C7EE886ACFD183ED006A1C
S315020123202B68013A634483ED017A2B6804F10304B5
S315020123306344C3ED026ACDD100944046FEF72EF9FD
S31502012340D9F810300AF5806A5345A7EB0B078DD8E9
S31502012350002007B0BDEC048BBDE8F08F084807B03A
S31502012360BDEC048BBDE8F08F02F069FC08C90202DC
S3150201237000007F43A245163F8716993ED578E93D6F
S3150201238016FCFFFF2DE9F04F9BB0DDE9259580464E
S31502012390287B2C6940019B460E4605941446FFF79D
S315020123A0E7FD04900890FFF7DBFB0023764A1193C1
S315020123B0CDE91223754B0DF1480A1093744B0DAFFB
S315020123C09AE803000F93524687E8030008AB2846B2
S315020123D00AA9FFF797FD0346D0B1119A0F9C52B194
S315020123E00992002C00F0CD803846109A09A904936F
S315020123F090470F9C049B002211922CB1032239466D
S3150201240038460493A047049B18461BB0BDE8F08FDB
S3150201241024995B46009198F844105246029198F825
S315020124203C1030460191D9F87010FFF7BBFC034608
S315020124300028D2D1DDE90A8A2A6906909268904774
S31502012440002840F09B80FFF78BFBB0EB080061EBA5
S315020124500A01C9E91601FFF74BFB0230069B08BFC9
S315020124606FF001032A7B002A52D04FF0000BDDF8F0
S3150201247010804FEAC40A0793D8F814301A68002A62
S315020124807ADD42F001E0012653F8042F02FB06F63B
S315020124900FF007C098F81C40032C0AD0092C08D06B
S315020124A0012C57D021463B48FFF7FAFB6FF00D038B
S315020124B093E72B7D1020002B34D1FFF759FD012123
S315020124C004463046FFF786FE0122A660206022738B
S315020124D06260D9F8702042F80A40D9F87030D8F80B
S315020124E0182053F80A30D8F81010186803F0B4FB14
S315020124F0D9F870306A6853445A445A602B7B0BF1FF
S31502012500010B5B4508F120080AF1080AB4D8079BBA
S315020125100693059B1C48DA6890470498FEF73EF835
S31502012520069B5AE7FFF724FD01210446B000FFF797
S3150201253051FE01222060A66022736260D9F87020E2
S31502012540404642F80A40D9F8703053F80A10FFF7AC
S31502012550BBFBCDE71020FFF70BFD21460690B0002D
S31502012560FFF738FE069B9E6018601C735C60D9F803
S31502012570702042F80A30B0E701268BE76FF00203BA
S3150201258070E702F05CFB00BF11060102D1040102F1
S31502012590B115010224C602022DE9F04F2DED068B7B
S315020125A0AFB0DDF8F88004469DF8FC00D8F810506B
S315020125B00B9098F80C008A46400199460D950A92AD
S315020125C0FFF7D6FC002327931D93444B444A1C93E1
S315020125D0444B269226A919AD1B930990129012AB70
S315020125E003C91EAA85E80300404616A9FFF78AFC1D
S315020125F00890002840F0AB819DF89430092B02D057
S31502012600032B40F0E982FFF7ABFAA369229E0E90F3
S3150201261011930F91002E00F0D58200230C93DDED6C
S31502012620217A236CA26CDB682F4958699B68B8EE44
S31502012630E7AAD568079303F0F7FADAF810B000288B
S31502012640DDED209A14BF03270127BBF1000F00F02D
S31502012650F4800024CDF8F880DFED24AA9FED249AB8
S31502012660DFED248A9FED248AD046CDE904B4019494
S31502012670CDF84090049B0121B3F5806F28BF4FF43A
S3150201268080639B46079B03FB0BF08000FFF7A2FDCD
S315020126908146002800F03D82059B1590CDE9133B4A
S315020126A0D8F80830002B00F09F8215AB4046D8F8C7
S315020126B00C4014AA13A9A047049B002B00F0A88082
S315020126C0BBF1000F9FED0D6ADFED0D5A4A4614BFAD
S315020126D05B460123019CCDF8189045E0D104010225
S315020126E011060102B115010208C902028180803B6D
S315020126F0A245163F8716993ED578E93D00007F43EC
S31502012700000000C300000043F4EE6A9AF1EE10FAEB
S3150201271040F03681B4EE65AAF1EE10FA40F030814E
S31502012720002D40F0538149F2456404FB0EFE44F646
S315020127308B4441F62F5904FB0AEE09FB0CEE4FEAD4
S315020127402E4407EE904A1FED115AF8EEE77A77EE1C
S31502012750C57AFDEEE77A17EE904A04F3070464B2EE
S31502012760013B0C70044650D0F2EC017AFCEEE77A9A
S3150201277017EE90CA032FCCF3074ACCF3072E04F1C6
S31502012780010006EB04015FFA8CFCBDD107EE90AAAB
S31502012790F4EE6A9AF8EEE76A07EE90EAF1EE10FABB
S315020127A0B8EEE77A07EE90CAF8EEE77A40F02781AB
S315020127B0B4EE65AAF1EE10FA40F02181002D40F047
S315020127C03A811FED305A76EEC56A37EE457A77EED3
S315020127D0C57AFDEEE66ABDEEC77AFDEEE77ACDED84
S315020127E0016A8DED027ACDED037A9DF904909DF988
S315020127F008E09DF90CC0013B81F8009004F1030445
S3150201280006F800E081F802C0AED1DDF81890019415
S31502012810049B4846A3EB0B030493FDF7BFFE059BFE
S3150201282003F580631A460593D8F810309A42FFF4ED
S3150201283021AFDDF84090DDF8F880FFF759F9831CE6
S3150201284000F0BE81FFF78CF90E9BC01A0F9B61EB5C
S3150201285003010B9BC9E91401002B40F08381FFF7A9
S315020128607FF9D8F8103004469B680D46CDE916016A
S315020128709847002840F0B481FFF772F9001B61EB1B
S315020128800501C9E91601FFF733F90230089B08BFB2
S315020128906FF00103089398F80C30002B4BD04FF0E0
S315020128A0000A0A9B099DDF006B691A68002A40F338
S315020128B0918142F001E0012453F8042F02FB04F452
S315020128C00FF007C095F81CB0BBF1030F00F00281AF
S315020128D0BBF1090F00F0FE80BBF1010F40F021812F
S315020128E01020FFF745FB59460190A000FFF772FC45
S315020128F0019B9C60186083F80CB0C3F804B0D9F848
S315020129007020D351D9F87030AA69DB592969186840
S3150201291003F0A2F9D9F87030D8F804203B445244A6
S315020129205A6098F80C300AF1010A534505F120055F
S3150201293007F10807B8D80D9BAC48DB689847099898
S31502012940FDF72CFE1EB10C9B002B40F007811D9A50
S315020129501B9B42B12692002B00F046811C9B26A9A5
S3150201296019A898471B9B00221D921BB119A9032284
S315020129700846984708982FB0BDEC068BBDE8F08F44
S3150201298007EE90AAF8EEE76A07EE90EAB8EEE77A62
S3150201299007EE90CAF8EEE77A25BBC6EE866A87EE9F
S315020129A0067AC7EE867A27EE097AA6EEA87AA7EE06
S315020129B0887AC7EE297AF8FE677A7AEE277AFDEEE9
S315020129C0E77ACDED017A9DF90440C9E607EE90AAB0
S315020129D0F8EEE76A07EE90EAB8EEE77A07EE90CAF2
S315020129E0F8EEE77A022D33D0042DDCD19FED805A21
S315020129F076EEC56A37EE457A77EEC57AD3E7D5B96B
S31502012A00C6EE866A87EE067AC7EE867A86EEA95AF8
S31502012A10C7EE296AB8FE455A87EEA97AF8FE666AB2
S31502012A20F8FE477A3AEE055A3AEE267A7AEE277A8E
S31502012A30FDEEC56ACFE6022D2BD0042DE6D19FED20
S31502012A406C5A76EEC56A37EE457A77EEC57ADDE7D8
S31502012A509FED684A9FED681AC6EE844A87EE845A4C
S31502012A60C7EE046ADFED651A9FED652A76EEE17A15
S31502012A7034EEC17ADFED632A9FED633ADFED633A05
S31502012A8035EE425AC7EE226A87EE837AC5EE237A7B
S31502012A9089E79FED584A9FED581AC6EE844A87EE9A
S31502012AA0845AC7EE046ADFED551A9FED552A76EE72
S31502012AB0E17A34EEC17ADFED532A9FED533ADFED27
S31502012AC0533A35EE425AC7EE226A87EE837AC5EE4B
S31502012AD0237A9BE798F81430102053B3FFF748FA8C
S31502012AE001218346A000FFF775FB0123CBF8000005
S31502012AF0CBF808408BF80C30CBF80430D9F870309B
S31502012B00284643F807B0D9F87030D959FFF7DCF8EF
S31502012B1000E73F493F48FFF7C3F86FF00403089304
S31502012B2010E759463C48FFF7BBF86FF00D030893CF
S31502012B3008E7FFF71DFA012183462046FFF74AFB04
S31502012B400123CBF80840CBF800008BF80C30CBF808
S31502012B500430D9F8703043F807B0D3E63046FDF7B2
S31502012B601DFDF4E6D9F83C102C48FFF799F8119BA4
S31502012B7013B3119BDFF8B0A05D1E294F3544741EB5
S31502012B8014F9012F219B9DED207AD31A07EE903A73
S31502012B90F8EEE77A67EE877AB7EEE77A514653ECB3
S31502012BA0172B26A802F068FF26A8FBF755F9384627
S31502012BB0FFF776F8A542E3D11A48FFF771F84EE618
S31502012BC00890BFE618460121FFF704FB01230646DA
S31502012BD00C9324E5012475E66FF008030893B6E623
S31502012BE06FF00203089356E602F029F81106010274
S31502012BF00000004300007F43EC51F83ED578E93EE0
S31502012C003BDFCF3EFA7E6A3E4260653E6666663EBF
S31502012C1016FCFFFF14C9020224C602023CC90202C3
S31502012C20ACB70202B4B8020214C702022DE9F04F90
S31502012C30ABB0814607920E93002800F0C1821E4670
S31502012C40C368002B00F0BC8210461546002A00F02C
S31502012C50B7828A46002900F0B3827822002102F067
S31502012C607FFFD9F80C3093F85440E4002046FFF771
S31502012C707FF92246002128670A9002F071FFD9F8EE
S31502012C800C0090F85520836C0E2AD3E9011428D83A
S31502012C9044F6A403D340DA0723D590F8612090F8CD
S31502012CA03C3002BBAE4A91421DD1627BDAB1012BA5
S31502012CB019D1036C9A68AB4B9A4240F084822B4637
S31502012CC05146002201960094FFF766FC054600284C
S31502012CD000F05E810A98FDF761FC28462BB0BDE83B
S31502012CE0F08F90F83C30DC0020460D93FFF740F957
S31502012CF08346002800F091812246002102F030FF2E
S31502012D000D9CA01C800001F095FF0423036003467D
S31502012D1008330B9044600C932CB1DDE90C030021BE
S31502012D209A0002F01DFFFEF71BFFD9F80C300F4681
S31502012D3093F83C201090002A00F0A3800024CDF8DD
S31502012D4018A0A2460B9A119102F10408196C04EB20
S31502012D50C40301EB830251F823109B000993D2E9C4
S31502012D6001530893D3681020059313695769049395
S31502012D70D36902910393FFF7FBF801210646A800E6
S31502012D80FFF728FA4FF001033373012358F8041FA2
S31502012D90C6E90135C8F80060306049B1086818B162
S31502012DA00B7B002B40F0D7800846FDF7F7FB306816
S31502012DB0002800F03881029B0BF104024BF83460C3
S31502012DC042F83430D9F80CC0AA44DCF818209245EE
S31502012DD000F253810022049B25AE2293069BCDE984
S31502012DE0237C219325922892C6E90122DCF8201040
S31502012DF08F427DD01E925C4A354627925B4A2892C3
S31502012E001A6921ABB2FBF1F207FB02F21D93299279
S31502012E101BAB1DAA92E8030083E80300039B86E825
S31502012E200300002B68D0524F3B78002B6DD0D9F8A6
S31502012E30047057F82400002877D0D9F80C20079F90
S31502012E402946056892ED0E0A5BF834200097059B28
S31502012E506D68A847002840F01D81FEF749FE831CD4
S31502012E6000F02681279B1BB1032231463046984743
S31502012E70D9F80C30013493F83C20A2423FF666AFF2
S31502012E80119FFEF76DFE109BC01A079B61EB0701AE
S31502012E90C3E914010E9B002B40F054815946484662
S31502012EA00E9B079AFEF726FE0546002800F00281D0
S31502012EB00B9B0C9A5C68A30003F1080702EB8404DE
S31502012EC00C9BA3425CD0DDF8308004E03046FDF76E
S31502012ED065FBA04554D054F8046D002EF9D0306834
S31502012EE00028F3D0337B002BF0D0FDF757FBEDE73B
S31502012EF0039B069D002B96D19CED0E0A2846059A48
S31502012F005BF83410089B9847A4E71A491A48FEF75A
S31502012F10C7FE1A48FEF7C4FE4FF001033B70D9F80B
S31502012F20047057F82400002887D1D9F80030099A8D
S31502012F3093ED0E0A1B6C1344DA69D868904747F879
S31502012F402400D9F8043053F8240000287FF475AF21
S31502012F506FF00A05A4E00F91FDF720FB0F9923E715
S31502012F60852301022522010251150102D115010211
S31502012F7050B80422E4C90202ECC90202F4C90202EF
S31502012F800B98394601F043FE5846FDF707FBA1E6C9
S31502012F90079F48463946FEF71DFE396D054611F56E
S31502012FA0FA70796D4FF47A724FF0000341F1000124
S31502012FB002F0A0FABB6DF96D064613F5FA704FF4ED
S31502012FC07A724FF0000341F1000102F093FA3B6E6F
S31502012FD0796E044613F5FA704FF47A724FF00003D4
S31502012FE041F10001079702F085FA079A0746936EA7
S31502012FF0D16E13F5FA704FF47A724FF0000341F174
S31502013000000102F077FACDE91664CDE918709DED5B
S31502013010167F079A82ED0F7F5CE67748FEF740FE40
S315020130206FF0070556E621467448FEF739FE0B9BFB
S315020130305C680C9BA70003EB84049C42264614D0D1
S31502013040DDF8308004E02846FDF7A8FA46450CD0A3
S3150201305056F8045D002DF9D028680028F3D02B7BA1
S31502013060002BF0D0FDF79AFAEDE7083739460B98AF
S3150201307001F0CDFD6FF0070522E76148FEF710FE6C
S315020130806FF004050B9B5C680C9BA40004F1080716
S315020130901C4415E701465B48FEF702FE6FF0040584
S315020130A0279B002BEED00322314630469847E9E7AB
S315020130B00546F5E748460799FEF78CFD05460028C1
S315020130C07FF4F6AE079C4FF47A72236D616D13F5A8
S315020130D0FA7041F10001002302F00CFAA36DE16DD1
S315020130E0074613F5FA704FF47A724FF0000341F175
S315020130F0000102F0FFF9236E616E064613F5FA70BE
S315020131004FF47A724FF0000341F1000102F0F2F935
S31502013110079A0446936ED16E13F5FA704FF47A72DA
S315020131204FF0000341F1000102F0E4F9CDE9127614
S31502013130CDE914409DED127F079A02F13C0383ED1E
S31502013140007FB5E6079B3048D96BFEF7A9FD0D9BBB
S315020131504FF0000A83B3CDF80890D1469A46DFF8BC
S31502013160B8802A4E2A4F5BF83930FBB19968D1B142
S31502013170002421AD1B68414603EB8403D3ED007A9B
S31502013180B7EEE77A284653EC172B02F075FC284670
S31502013190FAF762FE3046FEF783FD5BF839300134F9
S315020131A09A68A242E6D83846FEF77AFD09F1010984
S315020131B0CA45D8D1DDF808901648FEF771FD6DE6CD
S315020131C06FF0150589E50820FEF7D2FE8346002831
S315020131D03FF423AF00230C20CBF80030CBF80430A8
S315020131E001F028FD0123042243600D9300F1080337
S315020131F00B9002600C9390E550C9020280C902024B
S31502013200B8C9020214C902023CC90202ACB70202DF
S31502013210B4B8020260CA020214C702022DE9F04FD3
S315020132202DED028B40F2DC50CFB0FCF7AFFB6048CC
S31502013230FBF748F95F48FBF745F99FED5F8ADFF82F
S31502013240B4A15E4F0BAC0DF180090DF1C008FA2055
S31502013250FCF79CFB9AF80030002BF8D000254FF4BE
S315020132607A53574A31953092564A98E80300C4E98F
S31502013270022789E8030084E80300782229464046AA
S31502013280236102F06DFC2B46424621464E48FFF76A
S31502013290CDFC0546C0B101464C48FBF713F94C4E2D
S315020132A02A464C4D4C494D4802F0E6FB0FCE0FC55E
S315020132B096E8070003C52A70A368002BC7D003222C
S315020132C0214620469847C2E702464146DFED447A47
S315020132D04FF0FF30052391ED037AF4EEC77AF1EE52
S315020132E010FA48BF104648BFF0EE477A013B01F19A
S315020132F0080102F10102EED10028DDDB67EE887AD0
S31502013300FDEEE77A01304EAB03EBC00353F8782C9E
S315020133100693344917EE903A10A8F0EE678A02F046
S31502013320ABFB10AA30492D4802F0A6FBDDE9445059
S3150201333006464FF47A72284631460023079602F072
S31502013340D9F8DDE9466B08900992304659464FF4A1
S315020133507A72002302F0CEF80346A819079E154693
S3150201336046EB0B014FF47A721E46002302F0C2F8B5
S3150201337093462B46324607901C49484602F07CFB8F
S315020133804A461949134802F077FB0799CDF810B05E
S31502013390CDE90251099D06990196009518EE902AEA
S315020133A0089B51F8781C1248FBF78CF884E700BF9A
S315020133B074CA0202ACCA02020000C842D90401025E
S315020133C0350401027115010254B8042270CB0202BE
S315020133D0B0CB02028802002298CB0202C802002266
S315020133E000000000ECCA020200CB020208CB020274
S315020133F018CB0202483B04222DE9F0432DED028B44
S315020134000568D0E90163012103FB06F685B0002DAB
S3150201341000F0B6800420FEF7DDFE0446002800F027
S31502013420D0804FF000086A463146284602ABFAF7C9
S3150201343077F9009B012104202360FEF7CBFE0746A4
S3150201344058B36A463146284602ABFAF725F9DDED4D
S31502013450007AC7ED007A94ED000A77EEC07A9FED05
S315020134605A6BB7EEE75AB4EEC65BF1EE10FA2ED5F9
S31502013470B5EE400AF1EE10FA0AD0B6F5803F80F0B9
S315020134808D8032462946B1EE400A2846FAF764FA99
S3150201349000263846FDF782F800E04D4E2046FDF73C
S315020134A07DF815B1B8F1000F08D1304605B0BDEC73
S315020134B0028BBDE8F083464E002DF6D02846FDF775
S315020134C06DF8304605B0BDEC028BBDE8F083B5EE72
S315020134D0400AB7EE007AF1EE10FA87EE278A09D092
S315020134E0B6F5803F5CD2B1EE400A324629462846FD
S315020134F0FAF732FAF7EE007AB4EE678AF1EE10FACB
S31502013500C6D04FF00109B6B2B0EE480A684602A922
S31502013510ADF802600195ADF80A600395ADF8009029
S31502013520ADF80890FAF746F90028B1D029492A4898
S31502013530FEF7B6FBB0EE480A02A96846ADF802608C
S31502013540ADF80A60ADF800900195ADF808900395C3
S31502013550FAF730F901462148FEF7A2FBB0EE480A16
S31502013560684602A9ADF80260ADF80A60ADF80090AE
S31502013570ADF8089001950395FAF71CF9064688E716
S31502013580B000FEF727FE012105460420FEF722FEC2
S31502013590044600288FD04FF0010844E7B7EE008AAF
S315020135A0002E14BFB6464FF0010E2B464EF001E037
S315020135B0D3ED007A77EEC07AE3EC017A0FF009C017
S315020135C098E7034E71E700BFFCA9F1D24D62503F65
S315020135D016FCFFFFCCCB0202ECC90202D0CB0202DF
S315020135E02DE9F04F0E462DED028B012106F1FF3931
S315020135F09DB029F001070293D0E901381F444FEA31
S315020136008803054603FB07F014464FF0010B49FAFE
S3150201361001F90193FEF7DEFDCDE910780F908DF8E1
S3150201362048B0002800F088801FFA89F2074613463F
S3150201363028460FA90392FEF7B3F8824640B13846EF
S31502013640FCF7ACFF50461DB0BDEC028BBDE8F08F16
S3150201365059460198FEF7BEFD8146002874D05946A7
S315020136600198FEF7B7FD0490002870D06B68002B15
S3150201367046D0A44651464446019AB818FCB107EE13
S31502013680906ACB46F8EE676A07EB8A08002E14BFEA
S31502013690B6464FF0010EDFEDA47A43464EF001E045
S315020136A093ED007A134477EE877A0FF007C887EE17
S315020136B0A67A08F104084045ABEC017AE6D1AB687B
S315020136C0B3B1C8464FF0000E934601FB03E32A68E5
S315020136D0B8EC017A02EB8303D3ED007A77EEC77A6F
S315020136E0C3ED007AAB680EF1010E7345EDD85A4669
S315020136F06B68013199421044A244BFD3A046644685
S31502013700039B28461A460FA9FEF74AF8824660B974
S315020137106B6823B1CDF80CA0E4B9013BFDD1029B44
S315020137201BB12846FFF768FE82460498FCF736FF6E
S315020137304846FCF733FF82E7DFF8FCA150461DB08D
S31502013740BDEC028BBDE8F08FDFF8ECA177E7DFF87D
S31502013750E8A1EDE74C469FED728BD146019B069798
S3150201376003FB06F307931FFA88F30893089B069A4D
S315020137700798ADF82E300C92ADF83430ADF82C60C6
S31502013780ADF83660FEF7F4FB002314930346674A4D
S315020137900E901392664A1B901A92664A199213AABE
S315020137A092E8030017AA82E80300002B00F01481B5
S315020137B00DA90BA8FAF734F80590002840F01081FC
S315020137C0BDF83430DDF810B0002B00F0BA80CDF828
S315020137D02480A04697E001FB00F38C08DFED527AC4
S315020137E002EB830200F0F2804FEA041CACF1100EE8
S315020137F04FEA1E1E0EF1010E4EF001E002F1100318
S3150201380013ED047A53ED035A77EE877A13ED026AC2
S3150201381077EEA57A53ED016A77EE867A103377EE63
S31502013820A67A0FF013C807EE101A11F00301F8EE8B
S31502013830476A02EB0C036FD04FEA810EAEF1040E1A
S315020138404FEA9E0E0EF1010E4EF001E04FEA810C97
S31502013850B3EC017A77EE877A0FF007C087EEA67A84
S31502013860002C00F0CA804FEA041C002C17EE103A15
S3150201387014BFA6464FF0010EA2EE103BDFED2A5A07
S3150201388013464EF001E0B3EC041F20EF420D00FF98
S31502013890500D30EE104B75EE805A04EE104A11EEC1
S315020138A0104B74EE257A04EE904A31EE104B74EE0B
S315020138B0A77A06EE104A77EE865A0FF01DC06244C9
S315020138C089B14FEA810CACF1040C4FEA9C0E0EF160
S315020138D0010E4EF001E0F2EC017A77EEC77AE7EEDD
S315020138E0A75A0FF009C085EEA67AB5EEC07AF1EEB7
S315020138F010FA0EDBF1EEC77AEBEC017ABDF8343041
S31502013900013098421AD2BDF836100E9A01293FF6B5
S3150201391062AFDFED057AEFE787EEA67AA5E700BF8C
S31502013920BBBDD7D9DF7CDB3D000000009D0501024E
S31502013930D1040102B115010216FCFFFF4446DDF86E
S3150201394024801B9A199B002A5AD01392002B6AD003
S315020139501A9B13A917A8984700231B93199B1BB1FE
S3150201396017A9032208469847059B002B57D12B68B6
S31502013970039A1344B8F1000F49D0019AA2F1040E39
S315020139804FEA9E0E0EF1010E4EF001E0049AB2ECE0
S31502013990017A93ED005AB7EEC77AB7EEC55A37EEFA
S315020139A0087B85EE076BB7EEC66BA3EC016A0FF0D7
S315020139B013C0039B019A09F1010913441A460393A1
S315020139C06B68994529D2BB180693CFE607EE101A02
S315020139D01346F8EE476A2FE7A146DFF854A0A4E69C
S315020139E01B9A199B002AB0D1A146059C1BB117A9A6
S315020139F0032208469847A24697E6DFED0C5A62E78C
S31502013A00002BB4D017A9032208469847AFE76B6883
S31502013A1009F101099945FFF4A9AEA1467FE6A1463E
S31502013A20059CA24681E601F00AF900BF00000000EA
S31502013A3016FCFFFF000000002DE9F04F0F460121A1
S31502013A402DED068B27FA01F4651883B04FEAC50BF3
S31502013A5000905846FEF7BEFB002800F0EB804FEAC5
S31502013A60870A814601215046FEF7B4FB80460028AB
S31502013A7000F0DD80ACB1ABF1100E4FEADE0E0EF1B5
S31502013A80010E4EF001E00146009B00EB0A021868A6
S31502013A90083341F8040B53F8040C42F8040D0FF0F5
S31502013AA00BC0FB072ED401215046FEF793FB83463A
S31502013AB0002835D05246414602F0CEF83A464946EA
S31502013AC05846FCF713FD0190002837D05E4B019A48
S31502013AD09A4200F099805D4B1A78002A00F0948090
S31502013AE000221A705A4B019A5A499A425A4800F0D0
S31502013AF09180FEF7D5F85948FEF7D2F85846FCF7F9
S31502013B004DFD84E0009B0121534453F8042C08EB3C
S31502013B10840350461A60FEF75DFB83460028C9D12D
S31502013B204F4B01934046FCF739FD4846FCF736FDFB
S31502013B30019803B0BDEC068BBDE8F08F5846FCF741
S31502013B402DFDDDE900AB7B0008EE903A9FED3C9B33
S31502013B50B8EE68AB4E4607EE90BAB8EEE77B27EEB3
S31502013B60097B87EE0A0BB7EEC08BB0EE480A01F06D
S31502013B70DBF9F0EE407AB0EE480AB0EE678A01F060
S31502013B80DFF8D6ED017A334660EE277A93ED007AB5
S31502013B90E7EE087A5C45EAEC017A06F108060BF1D2
S31502013BA0010BD8D1BD42BDD2B8EEE89B9FED24AB45
S31502013BB0009B3C1B09EBC40403EB850607EE905AF6
S31502013BC0B8EEE77B27EE0A7B87EE098BB7EEC88B49
S31502013BD0B0EE480A01F0A8F9F0EE407AB0EE480AD2
S31502013BE0B0EE678A01F0ACF854ED017A14ED027A6F
S31502013BF067EEC07AE7EE087A0135AF42A4F108040E
S31502013C00E6EC017ADAD18DE75846FCF7C7FC154B8B
S31502013C10019387E7FEF744F83B464FF48052202191
S31502013C201148FEF73DF85846FCF7B8FCEFE748465F
S31502013C30FCF7B4FC0A4B01937AE700BFAFF30080AD
S31502013C404AD8124DFB21094006FCFFFF1C04002243
S31502013C5005FCFFFFE4C90202ECC9020244CC0202DE
S31502013C6016FCFFFF0AFCFFFFE4CB02020000000084
S31502013C702DE9F04F2DED088BA9B0BDF8EC40099165
S31502013C8002943D9C5908002C14463D9A08BF0A46E7
S31502013C90BDF8F8908346B9F1030FB0EE601ABDF88C
S31502013CA0E8603D9205D83C9A002A08BF4FF4967205
S31502013CB03C9207EE903AB8EE678A0023F0EE400A8C
S31502013CC04946B0EE480A19A8CDE91A3319941D934B
S31502013CD01C93FEF74FF90546002840F0EB821B9B29
S31502013CE0DDF868801A460193DBF80430A2EB08017D
S31502013CF08A10B3EBA10F0A9240F08F83DBF808100A
S31502013D008E4240F08A83099A3AB15168994240F04B
S31502013D1084839368012B40F080830A9B03FB06F19F
S31502013D20002361B10024DBF8002002EB8302146058
S31502013D30DBE9012101FB02F201339A42F3D8029B2C
S31502013D40B01C4FEA530A04210AF1010784000697BF
S31502013D50FEF740FA0390002800F06C83DDED3C7A11
S31502013D609FEDC94AF8EE679AF7EE006AC9EE847AC0
S31502013D7077EEA67A4FF0000C17EE902AC349039B01
S31502013D802191C3492293C34B23942091CDF890C02C
S31502013D9023A91EAC03C984E80300D1186FF31601E7
S31502013DA0521A07EE902A77EEE67ADFF818E39FEDCC
S31502013DB0BA3A06EE10EA67EEA75AA3EE276AB748A1
S31502013DC0DFEDB73A07EE100AA3EEA77AA6EE257A39
S31502013DD0E7EE257A07EE101ADFEDB24AB8EEC77A98
S31502013DE09FEDB15A27EE247AE7EE057A9DED3D7AEB
S31502013DF0F8EE478A88EE847A37EE267A17EE101A9B
S31502013E000B446FF31603CA1A07EE102ADFEDA75AFF
S31502013E1037EE667A06EE10EA67EEA57A27EE074ACC
S31502013E20A3EE076A06EE900AE3EE876AE6EE046AF5
S31502013E30A6EE847A06EE903AF8EEE66A66EEA46A91
S31502013E40A6EE857A711C27EE257A06EE901A37EED2
S31502013E50676AF8EEE66A41F001E0C6EE265A039B6E
S31502013E6006EE90CAB0EE676AF8EEE66AA5EEA66AB3
S31502013E700CF1010CA3EC016A0FF00FC0029BB9F120
S31502013E80040F28BF1F46013707EE907A039B06F1FE
S31502013E908044013403EB84049FED84BAF7EE00AA51
S31502013EA09FED79AAB8EEE79A84ED007A0027994642
S31502013EB0049409EB870494ED000A80EE0B0A00F0E4
S31502013EC0CBFE70EE6A7A67EE8A7AF4EE679AF1EEC3
S31502013ED010FA79FEA77AF4EE678AF1EE10FA48BF74
S31502013EE0F0EE687AC4ED007A69EE277A87EE887A6F
S31502013EF0FBFE477AFDEEE77A17EE903A7A1C29F82D
S31502013F00173097B2BE42D4DA049CDFED687A94ED9B
S31502013F10000A80EE270A00F09FFEF7EE005ADFED57
S31502013F205A7A30EE657A27EE277AF4EE478AF1EE6F
S31502013F3010FA48BFB0EE687A9FED516BB7EEC77AB9
S31502013F4037EE467BB7EEC77B84ED007A27EE097A18
S31502013F50C7EE087AFBFE677AFDEEE77A012117EED4
S31502013F60904A069A06F100439000039A0B4422F8FE
S31502013F701340FEF72FF90446002800F01E821D9B0E
S31502013F80012198000593FEF725F90490002800F017
S31502013F904282019B434500F0B481A8F10403029ACF
S31502013FA00193059B0AF10107934228BF13464FF07D
S31502013FB0000AF900089191000C9104EB870107911F
S31502013FC0D11A9B000B938B00CDE90E35019B1998F3
S31502013FD053F8042F0599019303698D189D4284BFF5
S31502013FE0CB1A5919049BCDE9112113938368002B2E
S31502013FF000F01E82C56813AB12AA11A9A847804612
S31502014000002840F00682069BBB4240F0D881089800
S31502014010FDF7AEFF0546264BCDF858802593254B75
S315020140201593254B269315AB93E8030023AB83E83F
S3150201403003002795002D00F0848101210C98FEF7DB
S31502014040C9F88146002800F076810B9A049901F09D
S3150201405003FE0B9B414609EB03000E9A01F080FD1C
S3150201406029464846029AFCF741FA0346002800F01F
S315020140707081124A904200F02B81114A117823E095
S31502014080FCA9F1D24D62503F00002F44A105010265
S31502014090911501025555D5C078606C3E2D71FFBE52
S315020140A01AE5A93E000000341872313F00E08C4443
S315020140B0B11501029D050102D104010206FCFFFFB1
S315020140C01C0400226DF48EBE002900F0018182F8E3
S315020140D00080BC4ABC499342BC4800F08981FDF785
S315020140E0DFFDBB48FDF7DCFD4846FCF757FA279A88
S315020140F0002A00F0F480B74B259D0D931492002DF2
S3150201410000F09681269A23A814A990470022259D9C
S315020141100D9B279225B123A903220846A8470D9B89
S31502014120002B40F07C81DDED027AB7EE005BB8EE42
S31502014130677B079B85EE076BA3EB040EAEF1040EBC
S315020141404FEA9E0E0EF1010E4EF001E0234693ED6B
S31502014150007A27EE077AB7EEC77A27EE067BB7EE25
S31502014160C77BA3EC017A0FF00FC0079BDFED9A7AAA
S31502014170A3EB040EAEF1040E4FEA9E0E0EF1010EF2
S315020141804EF001E02346B3EC017A77EE877A0FF01F
S3150201419007C0F5EE407AF1EE10FA099B08BFDFED92
S315020141A08F7A23B11B6803EB8A03C3ED007ADBF82E
S315020141B00000DBF80830002E00F09C804FF0000E64
S315020141C00AFB03F3DDF80CC000EB8300BCF80030F8
S315020141D03CF8025F05EE103ABCF802900EF1010EB0
S315020141E0B94580F01E8104EB85031B6840F8043B48
S315020141F015EE103A0133994579D9A9EB050204EE78
S31502014200102A15EE102AAA1A04EE902AC84604EBC1
S315020142108301A9EB03021BE007EE903AB8EE456A69
S31502014220F8EE646AD1ED005A10ED017AF8EEE77AFA
S3150201423077EEC67A87EEA66AF0EE477AE6EE257A39
S3150201424040ED017A013A03F1010301F104014ED075
S315020142509D42E1D8F6D207EE908A06EE103AF8EEC2
S31502014260446AD1ED005A10ED017AF8EE677AB8EE9A
S31502014270C66ADDE72B461DB123A9032208469847E4
S31502014280574D0498FCF78AF92046FCF787F9229ADA
S31502014290209B42B11592002B00F0CA80219B1EA8D9
S315020142A015A99847209B002222921BB11EA903221F
S315020142B008469847DDF86880B8F1000F02D04046FB
S315020142C0FCF76CF9284629B0BDEC088BBDE8F08FE6
S315020142D04846FCF763F9279A002A7FF40CAF259B1F
S315020142E01BB123A90322084698473A4DC9E77645E9
S315020142F07FF46CAF0A9B0AF1010A53453FF666AE9B
S315020143000F9DDBF80820DBE9001302FB03F3002B08
S31502014310B7D09B00043B0A469B0832490133F2ECB3
S31502014320017AF5EE407AF1EE10FA08BF42F8041C62
S31502014330013BF4D1A5E7279A259D002A9AD0284B5D
S31502014340DBE62948FDF7ACFC279A8AB3244B259D67
S31502014350D3E60D904846FCF721F92146089BA3F1C5
S315020143600802D2080D9B0132D5ED017A95ED007A4C
S3150201437067EEA77AE7EE077AF5EEC07AF1EE10FA62
S31502014380ACBFB1EEE77A9FED147A013AA1EC017A5C
S3150201439005F10805E8D1279A259D002A7FF4ADAEDD
S315020143A0002D3FF4C0AE23A903220846A847BAE668
S315020143B0259B002B7FF460AF62E7094D67E70B4D42
S315020143C05FE700BF05FCFFFFE4C90202ECC9020276
S315020143D044CC02020AFCFFFF00000000FFE6DB2ECE
S315020143E016FCFFFFFFE6DB2E00CD020211FCFFFFEA
S315020143F0FDF756FC4FF480522021029B1048FDF72F
S315020144004FFC4846FCF7CAF8279A002A7FF473AE96
S3150201441065E7054635E70B4D36E70B4D4CE71D467D
S315020144202FE740F26D11094B094A0A48F5F71EF9C1
S3150201443000F005FC0848FDF733FC024D3CE700BFDE
S31502014440E4CB020216FCFFFF14FCFFFF64CD02025D
S3150201445088CD020228CE020200CD02022DE9F04FDA
S315020144602DED028B95B09DF8904008930994044670
S315020144701846A36890468342BDF88060BDF884B0B1
S31502014480BDF8949040F069810F464A464146386923
S31502014490B0EE408AF0EE608AFDF700F963680546E0
S315020144A0834240F05A8106FB00FA01214FEA8A0053
S315020144B0FDF790FE01210D9507908DF83C100E96A1
S315020144C00C9068B3A800FDF785FE0121CDE9100520
S315020144D08DF84C1012910A90002800F03A81239926
S315020144E03A4603912299F0EE680A0291B0EE480A21
S315020144F04346CDF81090CDF804B0009610A90CA849
S31502014500FFF7B6FB074690B10A98FCF747F80798FA
S31502014510FCF744F8384615B0BDEC028BBDE8F08FC6
S315020145208F4F384615B0BDEC028BBDE8F08FBAF15C
S31502014530000F36D0F7EE003A9FED8A4ADFED8A4A3E
S315020145409FED8A5ADFED8A5A4AF001E00799DFF8B0
S315020145503092DFF83082DFF830C286480B6806EE09
S31502014560909A03EB0C0202409B1A07EE903A77EE01
S31502014570E37A27EEA76AE4EE276A07EE108AA4EE2B
S31502014580A77AA6EE867AE7EE067A07EE102AB8EE43
S31502014590C77A27EE057AE7EE257AE1EC017A0FF082
S315020145A023C8002DB0D0B7EE008A4FF0000A73007F
S315020145B008EE903A079B4FEA860903EB860B03F155
S315020145C004080B94002E4CD0A8F10404314620466F
S315020145D0FFF732FA002840F0BE80ABEB040EAEF1D3
S315020145E0040E4FEA9E0E0EF1010E4EF001E0D4EDDD
S315020145F0007A77EEA77AE4EC017A0FF009C007EEAA
S31502014600909AF8EEE76A88EE267AB5EEC07AF1EE6E
S3150201461010FA58ED017AACBFF1EEC76ADFED566AC0
S3150201462067EEA67A012E48ED017A1AD0F8EEE87AFB
S31502014630424688EE277AABEB0803043B9B0801331B
S31502014640B5EEC07AF1EE10FAF2EC017AACBFF1EEF8
S31502014650C76ADFED496A67EEA67A013B42ED017A46
S31502014660EED10AF1010A5545CB44C844AAD1099BA8
S315020146700B9C002B3BD0F7EE003A9FED3A4ADFED59
S315020146803A4A9FED3A5ADFED3A5A45F001E00A9865
S315020146900799DFF8ECA0DFF8ECB0DFF8ECC0DFF841
S315020146A0D48050F8043B06EE90AA03EB0C0202EA10
S315020146B008029B1A07EE903A77EEE37A27EEA76A8B
S315020146C0E4EE276A07EE10BAA4EEA77AA6EE867A78
S315020146D0E7EE067A07EE102AB8EEC77A27EE057AD2
S315020146E0E7EE257AC1ED007A49440FF027C0002191
S315020146F0089A07989346C0F1000C00EB8208084617
S31502014700931B0B97079F4FEA830A0995BBF1000F8B
S3150201471016D007EB8102A8EB020EAEF1040E4FEAA8
S315020147209E0E0EF1010E4EF001E0089023680CEB8D
S31502014730020552F8040B2B4418600FF009C80898B9
S31502014740099B013098423144D444C844DED10B9FBF
S31502014750DAE6034FDBE60746D6E6084FDAE600BF9E
S3150201476016FCFFFF78606C3E1AE5A93E0000003494
S315020147701872313F000080FF0000000014FCFFFFA9
S315020147806DF48EBE2D71FFBE5555D5C02DE9F04F84
S315020147902DED048B136A9FB00A93D2E909B30B93E9
S315020147A0D36A0D4691680993136B01290446D2ED2A
S315020147B0068A92ED079AB2F80480D2F81490506BE9
S315020147C0966B089340F0C48008F1FF33032B00F285
S315020147D0C1802369002B00F0B9804FF0000AB700AF
S315020147E019903846BCEEC08A0791CDE917468DF875
S315020147F074A0FDF7EFFC07991A903846FDF7EAFC1B
S3150201480023695645BCBFF21818921A9ACDE91B0ABA
S31502014810002A7FD000287DD09B1B0C93A36812909F
S315020148200E96002B00F0998012AF0DF1300A0EAAF6
S315020148303B4651462046E6680792B0472369079AE6
S315020148400021CDE90F11464916930E9192E8030014
S31502014850444A87E803008AE80300DFF828C11846BC
S31502014860414C17AB136018EE101A4246F0EE490A94
S31502014870B0EE680ACDE914C4FCF710FFD5E90112BE
S3150201488004461FFA89F302FB01F003FB04F6864292
S3150201489045D8C5E90143CDF814804FF00108089BBC
S315020148A0F0EE490A0393099BB0EE680A02931FFAD6
S315020148B08BF30193BDF8283018EE102A009339467E
S315020148C028461FFA89F3CDF81080FFF7C7FD044683
S315020148D088BBBDF82C1031B1424603462846FEF785
S315020148E07FFE804660BB0123C5E90136149B1BB1DD
S315020148F003223946384698471A9808B1FBF74EFE05
S315020149001B9808B1FBF74AFE20461FB0BDEC048B8B
S31502014910BDE8F08F12AF0EAA0DF1300A90E71348E7
S315020149200793FDF7BDF9079B21461A461048FDF785
S31502014930B7F9104CDAE701460F48FDF7B1F9D5E7A9
S3150201494001460E48FDF7ACF94446CFE70C4CDBE7CE
S31502014950084CD9E76FF47D74D6E700F070F900BF11
S315020149608949010274B80422D904010214CD020252
S3150201497028CD020214FCFFFF98CE0202B4CC020239
S3150201498010FCFFFF711501022DE9F04F2DED028B8F
S315020149907B4B8DB01C68E768002F00F0EC80236921
S315020149A0002B00F0E88000EB0108064620680D4660
S315020149B00369984500F2DC80636891469E428268EB
S315020149C00FDBCDE90537F31A0493002A00F0D680EE
S315020149D0C76806AB05AA04A9B8478246002860D172
S315020149E020680895CDF8289083680796002B00F079
S315020149F0C580C7680AAB08AA07A9B8478246002834
S31502014A004FD14F466FF0404B002D45D0CDE9010500
S31502014A10CDF80C90B7EC018A636894ED027AB34241
S31502014A208ABF2369E36803EB8603D3ED006AF0EEDE
S31502014A30487AE6EEC77A47ED017A6568012D1ED0FE
S31502014A40013D4FEA850901214846D4F80CA0FDF73C
S31502014A50C1FB98B14A460AF10401009001F0FCF843
S31502014A60DAF80010009B4AF825104A4619465046C4
S31502014A7001F0F2F8009B1846FBF790FD6568E368C2
S31502014A805D44013603EB8503B04583ED008AC1D14E
S31502014A90DDE901A5DDF80C9063692B446361237E90
S31502014AA02BB950460DB0BDEC028BBDE8F08FB9F1C2
S31502014AB0000F56D000260124ADB29FED320A0AA993
S31502014AC008A8ADF82050CDF82490ADF82850CDF8BD
S31502014AD02C90ADF82240ADF82A40F8F76BFE40B9AA
S31502014AE0B9F1000FDDD0002EDBD04846FBF756FDAB
S31502014AF0D7E725492548FDF7D3F89FED220A0AA9EA
S31502014B0008A8ADF82240ADF82A40ADF82050CDF8FC
S31502014B102490ADF82850CDF82C90F8F74BFE0146BB
S31502014B201B48FDF7BDF89FED170A0AA908A8ADF8BB
S31502014B302240ADF82A40ADF82050ADF82850CDF804
S31502014B402490CDF82C90F8F735FE04460028C7D0FC
S31502014B50B9F1000F03D016B14846FBF71FFDA24675
S31502014B609FE70121A800FDF735FB01268146A2E751
S31502014B70DFF820A095E7DFF820A092E700F05FF8C2
S31502014B8074B8042200000038CCCB0202ECC902023E
S31502014B90D0CB02020EFCFFFF16FCFFFF2DE9F0410E
S31502014BA00027114D114995F83C60114B114C124ADF
S31502014BB009681B684FEA860840461161EB66256063
S31502014BC02772FDF7D5F960601EB14246394600F0FB
S31502014BD0C7FF0023C4E903536361084A084905482C
S31502014BE0BDE8F04100F00EB808030022F8030022E6
S31502014BF06CB8042254B80422BC030022000000222D
S31502014C00611601020B460146184600F027BF00F065
S31502014C101BB8012838BF012010B50446204600F012
S31502014C205FFE00B110BD00F011F808B900F034FEC4
S31502014C308047F3E7FFF7EDBF08B500F02DFE08B593
S31502014C4000F02AFE00F054BEFFF7FCBF014BD3E889
S31502014C50AF0F704778B8042210EE103A40F22A419B
S31502014C60B7EEC02AC3F30A528A4232D82E4BB7EEA6
S31502014C70000B93ED487B93ED4A1B93ED4C4BB0EE43
S31502014C80473B93ED4E6BA1EE023B93ED505B30B485
S31502014C9033EE477B13EE102A02F01F0191EE027BDF
S31502014CA003EBC10053F8314000234568181905EB9F
S31502014CB0C23130BCA4EE076BA5EE070B27EE077BCC
S31502014CC0A6EE070B41EC170B20EE070BB7EEC00B56
S31502014CD0704713F5000F20D0B2F5FF6F1AD2DFED40
S31502014CE0137AB4EEE70AF1EE10FA10DCDFED107A70
S31502014CF0B4EEE70AF1EE10FA12D4DFED0E7AB4EE53
S31502014D00E70AF1EE10FAB1D5002000F01BBA002035
S31502014D1000F01EBA30EE000A70479FED070A70478F
S31502014D20002000F009BA00BF58E602021772B1422A
S31502014D30B4F1CFC2CF8ECEC2000000000000000047
S31502014D4030B510EE104AB7EEC07A83B0C4F30A53F7
S31502014D50B3F57D7F19D2B3F5667F27EE075B6CD378
S31502014D6027EE052B6C4B93ED1A3B93ED186B93EDE6
S31502014D70164BA5EE036BA2EE047B25EE025BA6EEB5
S31502014D80057BB7EEC70B03B030BD40F22E4293420C
S31502014D905BD8614991ED086B91ED0A5B01F17002F5
S31502014DA027EE066BFDEEC66B16EE903A03F500038F
S31502014DB01B1606EE903A13F0020FB8EEE66B08BF29
S31502014DC00A46D807A6EE457B27EE076B1BD403F0EE
S31502014DD0030301EBC30192ED1A2B92ED184B92EDEF
S31502014DE0163B91ED005B27EE057BA6EE024B27EE05
S31502014DF0065BA5EE037B26EE055BA4EE057BB7EE0D
S31502014E00C70B03B030BD92ED0E2B92ED0C0B26EEC5
S31502014E10065BA6EE020B92ED143B92ED127B92ED2E
S31502014E20104BA6EE037BA5EE040B26EE056BA7EE51
S31502014E30060BB7EEC00B03B030BD14F0FF4FF0EE18
S31502014E40406A46D0B0EE660ADBE7B3F5FF6F3BD2A6
S31502014E50C4F38360314AC4F31603C4F3C25502EBA9
S31502014E60800152F8202043F40003086AAB40096925
S31502014E70A0FB035003FB02F2E3FB010202F1005124
S31502014E808D0F01F04041511A05EBD47400F004FB79
S31502014E90234B14F0020FA3F170029FED1D6B41EC3F
S31502014EA0170B08BF1346E90727EE067B27EE076BAA
S31502014EB014D402EBC40293ED1A2B93ED184B93ED26
S31502014EC0163B92ED005B8EE703B0BDE8304000F081
S31502014ED045B9B7EEC55B8DED015AB3E793ED0E1BEE
S31502014EE093ED0C7B26EE064BA6EE017B93ED142B7E
S31502014EF093ED125B93ED103BA6EE025BA4EE037BF0
S31502014F0026EE046BA5EE067BB7EEC70B79E700BF6B
S31502014F10182D4454FB21193C00E80202A0E70202C3
S31502014F2070E802020000000038B510EE104AB7EE32
S31502014F30C07AC4F30A53B3F57D7F1ED2B3F5667FF9
S31502014F4027EE077B6FD36A4B27EE071B93ED0E2BDA
S31502014F5093ED0C6B93ED143B93ED125BA7EE026B93
S31502014F60A7EE035B27EE017B93ED104BA1EE046BDB
S31502014F70A5EE076BB7EEC60B38BD40F22E42934241
S31502014F8054D85B4991ED086B91ED0A5B01F1700210
S31502014F9027EE066BFDEEC66B16EE903A03F500039D
S31502014FA01B1606EE903A13F0020FB8EEE66B08BF37
S31502014FB00A46D807A6EE457B27EE076B1AD503F0FC
S31502014FC0030301EBC30192ED1A2B92ED184B92EDFD
S31502014FD0163B91ED005B27EE057BA6EE024B27EE13
S31502014FE0065BA5EE037B26EE055BA4EE057BB7EE1B
S31502014FF0C70B38BD92ED0E2B92ED0C0B26EE065B1E
S31502015000A6EE020B92ED143B92ED127B92ED104B42
S31502015010A6EE037BA5EE040B26EE056BA7EE060BA9
S31502015020B7EEC00B38BDB7EE000A38BDB3F5FF6F58
S315020150303DD2C4F383602F4AC4F31603C4F3C255A7
S3150201504002EB800152F8202043F40003086AAB40C8
S315020150500969A0FB035003FB02F2E3FB010202F121
S3150201506000518D0F01F04041511A05EBD47400F045
S3150201507013FA214B14F0020FA3F170029FED1A6B82
S3150201508041EC170B08BF1346E90727EE067B27EE0D
S31502015090076B10D504F0030402EBC40293ED1A2B3D
S315020150A093ED184B93ED163B92ED005B93E7BDE84A
S315020150B0384000F053B893ED0E1B93ED0C7B26EEB0
S315020150C0064BA6EE017B93ED142B93ED125B93ED4A
S315020150D0103BA6EE025BA4EE037B26EE046BA5EE65
S315020150E0067BB7EEC70B38BD182D4454FB21193C7C
S315020150F000E80202A0E7020270E8020210B52DEDF5
S31502015100028BB0EE408A044600F086FD0460B0EEE2
S31502015110480ABDEC028B10BD30B1F1EE407A222075
S3150201512027EE800AFFF7EABFF0EE407A222027EE49
S31502015130800AFFF7E3BF00BF9FED010AFFF7ECBF4D
S31502015140000000109FED010AFFF7E6BF0000201ADA
S315020151509FED010AFFF7E0BF00000070F0EE407A12
S3150201516030EE407AF4EE677A87EE070AF1EE10FA2C
S3150201517002D62120FFF7C2BF704700BF81F000416E
S3150201518002E000BF83F0004330B54FEA41044FEA23
S31502015190430594EA050F08BF90EA020F1FBF54EABE
S315020151A0000C55EA020C7FEA645C7FEA655C00F05A
S315020151B0E2804FEA5454D4EB5555B8BF6D420CDD2B
S315020151C02C4480EA020281EA030382EA000083EAAE
S315020151D0010180EA020281EA0303362D88BF30BD4E
S315020151E011F0004F4FEA01314FF4801C4CEA1131A4
S315020151F002D0404261EB410113F0004F4FEA033303
S315020152004CEA133302D0524263EB430394EA050F8D
S3150201521000F0A780A4F10104D5F1200E0DDB02FAFC
S315020152200EFC22FA05F2801841F1000103FA0EF290
S31502015230801843FA05F359410EE0A5F120050EF156
S31502015240200E012A03FA0EFC28BF4CF0020C43FA87
S3150201525005F3C01851EBE37101F0004507D54FF094
S31502015260000EDCF1000C7EEB00006EEB0101B1F5E4
S31502015270801F1BD3B1F5001F0CD349085FEA30002A
S315020152804FEA3C0C04F101044FEA445212F5800F35
S3150201529080F09A80BCF1004F08BF5FEA500C50F1D2
S315020152A0000041EB045141EA050130BD5FEA4C0CB5
S315020152B0404141EB0101013C28BFB1F5801FE9D212
S315020152C091F0000F04BF01460020B1FA81F308BF35
S315020152D02033A3F10B03B3F120020CDA0C3208DD01
S315020152E002F1140CC2F10C0201FA0CF021FA02F1DC
S315020152F00CE002F11402D8BFC2F1200C01FA02F14C
S3150201530020FA0CFCDCBF41EA0C019040E41AA2BF70
S3150201531001EB0451294330BD6FEA04041F3C1CDA38
S315020153200C340EDC04F11404C4F1200220FA04F058
S3150201533001FA02F340EA030021FA04F345EA030102
S3150201534030BDC4F10C04C4F1200220FA02F001FAC4
S3150201535004F340EA0300294630BD21FA04F0294646
S3150201536030BD94F0000F83F4801306BF81F48011DF
S315020153700134013D4EE77FEA645C18BF7FEA655C52
S3150201538029D094EA050F08BF90EA020F05D054EA24
S31502015390000C04BF1946104630BD91EA030F1EBF29
S315020153A00021002030BD5FEA545C05D1400049412D
S315020153B028BF41F0004130BD14F580043CBF01F520
S315020153C0801130BD01F0004545F0FE4141F4700106
S315020153D04FF0000030BD7FEA645C1ABF19461046E1
S315020153E07FEA655C1CBF0B46024650EA013406BFE2
S315020153F052EA033591EA030F41F4002130BD00BFA1
S3150201540090F0000F04BF0021704730B54FF480645D
S3150201541004F132044FF000054FF0000150E700BFDE
S3150201542090F0000F04BF0021704730B54FF480643D
S3150201543004F1320410F0004548BF40424FF000012A
S315020154403EE700BF42004FEAE2014FEA31014FEA6D
S3150201545002701FBF12F07F4393F07F4F81F06051BC
S31502015460704732F07F4208BF704793F07F4F04BF07
S3150201547041F40021704730B54FF4607401F00045E4
S3150201548021F000411CE700BF50EA010208BF704744
S3150201549030B54FF000050AE050EA010208BF704735
S315020154A030B511F0004502D5404261EB41014FF49E
S315020154B0806404F132045FEA915C3FF4D8AE4FF0A6
S315020154C003025FEADC0C18BF03325FEADC0C18BF89
S315020154D0033202EBDC02C2F1200300FA03FC20FADA
S315020154E002F001FA03FE40EA0E0021FA02F1144427
S315020154F0BDE600BF7BB972B90029BEBF00204FF0DD
S31502015500004106E008BF00281CBF6FF000414FF0C2
S31502015510FF3000F0BFB9ADF1080C6DE904CE0029E8
S3150201552009DB002B1ADB00F035F8DDF804E0DDE9D2
S31502015530022304B07047404261EB4101002B1BDBA1
S3150201554000F028F8DDF804E0DDE9022304B0404268
S3150201555061EB4101524263EB43037047524263EBF3
S31502015560430300F017F8DDF804E0DDE9022304B095
S31502015570404261EB41017047524263EB430300F043
S3150201558009F8DDF804E0DDE9022304B0524263EBD7
S31502015590430370472DE9F04F099D0E4604460F4617
S315020155A0002B47D18A429446B2FA82F35AD943B1C1
S315020155B002FA03FCC3F120029F409C4020FA02F248
S315020155C017434FEA1C461FFA8CFE220CB7FBF6F173
S315020155D006FB117701FB0EF042EA0742904208D917
S315020155E01CEB020201F1FF3702D2904200F23C812A
S315020155F03946121AA4B2B2FBF6F006FB102200FBE0
S315020156000EFE44EA0244A64508D91CEB040400F145
S31502015610FF3202D2A64500F22A81104640EA014033
S31502015620A4EB0E0400211DB1DC400023C5E90043B1
S31502015630BDE8F08F8B4205D90DB1C5E90001002104
S315020156400846F5E7B3FA83F100294FD1B342C0F018
S315020156500281824240F2FF800846002DE8D0C5E968
S315020156600047E5E7002B40F0AF808A1A4FEA1C4E4D
S315020156701FFA8CF70121B2FBFEF60EFB1620220C55
S3150201568042EA004207FB06F090420FD91CEB0202E6
S3150201569006F1FF382CBF4FF001094FF00009904285
S315020156A003D9B9F1000F00F0DC804646121AA4B202
S315020156B0B2FBFEF00EFB102200FB07F744EA02449E
S315020156C0A7420FD91CEB040400F1FF322CBF4FF0A5
S315020156D0010E4FF0000EA74203D9BEF1000F00F0F2
S315020156E0C9801046E41B40EA06409CE7C1F120044A
S315020156F08B4006FA01FC00FA01FE22FA04F7E640A3
S315020157008A401F4320FA04F34FEA174843EA0C037F
S315020157101FFA87FC4FEA1349B6FBF8F008FB10663D
S3150201572049EA064600FB0CF9B1450ED9BE1900F14C
S31502015730FF3A2CBF4FF0010B4FF0000BB14503D9D5
S31502015740BBF1000F00F0A2805046A6EB09061FFA34
S3150201575083F9B6FBF8F308FB136603FB0CFC49EA73
S315020157600646B4450ED9BE1903F1FF382CBF4FF0D8
S3150201577001094FF00009B44503D9B9F1000F00F050
S315020157808280434643EA0040A6EB0C06A0FB028C4C
S3150201579066454346E14602D307D1C64505D2B8EB73
S315020157A002036CEB070C0138E1465DB1BEEB030265
S315020157B066EB090606FA04F422FA01F3CE401C430B
S315020157C0C5E90046002133E702FA03FCC3F12002D0
S315020157D099409C40D6404FEA1C4E20FA02F21FFA2B
S315020157E08CF7B6FBFEF00A430EFB1066110C41EA7A
S315020157F0064100FB07F68E420ED91CEB010100F1B0
S31502015800FF382CBF4FF001094FF000098E4202D931
S31502015810B9F1000F34D04046891B92B2B1FBFEF6B4
S315020158200EFB161142EA014206FB07F191420ED91D
S315020158301CEB020206F1FF382CBF4FF001094FF0B3
S315020158400009914202D9B9F1000F16D04646521A01
S3150201585046EA00410FE7841A66EB03020120174666
S31502015860FBE6023E624421E702396244C1E6644430
S315020158700238D3E66444023834E7023E6244E6E77C
S3150201588002386144C8E7023B3E447BE702383E44A4
S315020158905BE700BF704700BF062008B500F090F92C
S315020158A0012000F05FFD0000024B0A46014618681E
S315020158B000F002B82004002270B5A1FB025434B9EB
S315020158C0294600F03FF8064628B9304670BD0C223B
S315020158D000260260F9E72A46214600F041F9F4E77B
S315020158E0024B0146186800F02DB800BF20040022C1
S315020158F0024B0146186800F0BDB900BF2004002220
S3150201590070B50F4E0C460546316811B900F074F9AF
S3150201591030602146284600F06FF9431C03D14FF04F
S31502015920FF34204670BDC41C24F00304A042F8D003
S31502015930211A284600F060F90130F2D1EFE700BFE3
S315020159407CB804222DE9F843CD1C064625F0030551
S3150201595008350C2D38BF0C25002D01DBA94204D9CF
S315020159600C2333600020BDE8F883DFF8D48000F011
S3150201597069F8D8F800301C4644BB29463046FFF781
S31502015980BFFF431C044658D1D8F800402746002FD2
S3150201599043D1002C4BD023683946304604EB030928
S315020159A000F02AF9814542D1216830466D1A29460D
S315020159B0FFF7A6FF01303AD023682B442360D8F8BB
S315020159C000305A6862BBC8F800700FE02268521BA9
S315020159D020D40B2A17D96119A342256018BF596031
S315020159E0636808BFC8F8001062514B60304600F088
S315020159F02FF804F10B00231D20F00700C21A1CBF69
S31502015A001B1AA350AFE76268A3420CBFC8F8002075
S31502015A105A60EBE723466468AEE73C467F68B6E721
S31502015A201A465B68A342FBD100235360DEE70C23CF
S31502015A303046336000F00CF894E70560D6E700BF04
S31502015A4080B80422014800F0EDB800BFC0B90422B3
S31502015A50014800F0E8B800BFC0B9042210B50446F7
S31502015A600448134620B10A4602202146AFF30080BC
S31502015A7010BD00BF000000000EB400B59CB06FF06F
S31502015A8000411DAB0290069007910491084809490D
S31502015A9053F8042B059102A90068019300F090F9CD
S31502015AA0029B00221A701CB05DF804EB03B070472A
S31502015AB0200400220802FFFF30B514469BB00546BA
S31502015AC01A46002C05DA8B2303604FF0FF301BB018
S31502015AD030BD4FF40273009104916946ADF80C3062
S31502015AE014BF04F1FF332346029305934FF6FF7366
S31502015AF0ADF80E301E9B00F063F9431CBCBF8B232D
S31502015B002B60002CE3D0009B00221A70DFE7000015
S31502015B1007B5009313460A46014603480068FFF794
S31502015B20CBFF03B05DF804FB20040022884210B5C6
S31502015B3001EB020402D98442234607D8431EA1423D
S31502015B4008D011F8012B03F8012FF8E702440146A8
S31502015B508A4200D110BD13F8014D02F8014DF7E753
S31502015B6002440346934200D1704703F8011BF9E749
S31502015B701F2938B505460C4604D9162303604FF092
S31502015B80FF3038BDC26B12B152F821304BB92846EB
S31502015B9000F030F8224601462846BDE8384000F0BA
S31502015BA017B8012B0AD0591C03D116230360012011
S31502015BB0E7E70021204642F8241098470020E0E753
S31502015BC0024B01461868FFF7D3BF00BF200400222B
S31502015BD038B50023064D0446084611462B6000F0EF
S31502015BE0B9FB431C02D12B6803B1236038BD00BF48
S31502015BF0BCB9042200F0A6BB38B50023054D044604
S31502015C0008462B60F3F710FE431C02D12B6803B141
S31502015C10236038BDBCB90422014B1868704700BF26
S31502015C20200400227047704710F8012B11F8013B3E
S31502015C30012A28BF9A42F7D0D01A7047C9B2034641
S31502015C40024410B59342184601D1002003E00478BC
S31502015C5001338C42F6D110BD0A44431E914200D152
S31502015C60704710B511F8014B914203F8014FF9D172
S31502015C7010BD000038B50546002941D051F8043C53
S31502015C800C1F002BB8BFE418FFF7DCFE1D4A136890
S31502015C9033B9636014602846BDE83840FFF7D8BEC1
S31502015CA0A34208D9206821188B4201BF19685B6893
S31502015CB009182160EDE71A465B680BB1A342FAD9CE
S31502015CC011685018A0420BD1206801445018116086
S31502015CD08342E0D118685B68084453601060DAE7D2
S31502015CE002D90C232B60D6E7206821188B4202BF0A
S31502015CF019685B680918636008BF21605460CAE7C6
S31502015D0038BD00BF80B804222DE9F0471F468E68D0
S31502015D1082460C46BE4290460B682DD8B1F90C203C
S31502015D2012F4906F26D06569096905EB4505A3EB67
S31502015D3001097B1C05EBD5754B446D109D4238BF9D
S31502015D401D46530527D52946FFF7FCFD064660B3D6
S31502015D504A462169FFF780FFA38923F4906343F042
S31502015D608003A38126614E446561A5EB0905266080
S31502015D703E46A560BE4200D93E46324641462068AD
S31502015D80FFF7D4FEA36800209B1BA360236833445C
S31502015D902360BDE8F0872A4600F09EFA06460028EF
S31502015DA0E0D121695046FFF765FF0C234FF0FF3022
S31502015DB0CAF80030A38943F04003A381E9E7000052
S31502015DC02DE9F04F98468B899DB007461B060D4675
S31502015DD0144610D50B6973B94021FFF7B3FD28604C
S31502015DE0286130B90C233B604FF0FF301DB0BDE88E
S31502015DF0F08F40236B610023CDF80C804FF001092F
S31502015E00DFF8A081099320238DF8293030238DF8FC
S31502015E102A3023469A4613F8012B0AB1252AF9D1CB
S31502015E20BAEB040B0BD05B46224629463846FFF7EE
S31502015E306BFF013000F0A780099A5A4409929AF839
S31502015E400030002B00F09F8000234FF0FF320AF151
S31502015E50010A049307938DF853301A93CDE905236A
S31502015E60544605224F4814F8011BFFF7E7FE049A30
S31502015E70D8B9D00644BF20238DF85330110744BF49
S31502015E802B238DF853309AF800302A2B15D0079A16
S31502015E90544600204FF00A0C214611F8013B303BD3
S31502015EA0092B4BD9B0B1079214E0A0EB0803A24625
S31502015EB009FA03F313430493D2E7039B191D1B68E3
S31502015EC0002B0391BBBF5B4242F002020793079389
S31502015ED0B8BF049223782E2B0AD163782A2B32D1AA
S31502015EE0039B02341A1D1B6843EAE373039205936B
S31502015EF0DFF8C0A0032221785046FFF79FFE38B192
S31502015F00A0EB0A004022049B01348240134304930E
S31502015F1014F8011B062224488DF82810FFF78EFE7D
S31502015F20002836D0214B1BBB039B073323F0070303
S31502015F3008330393099B334409936AE70CFB023244
S31502015F400C460120A8E7002301344FF00A0C19463A
S31502015F500593204610F8012B303A092A03D9002B62
S31502015F60C6D00591C4E70CFB012104460123F0E7E3
S31502015F7003AB2A4604A9384600930D4BAFF30080C2
S31502015F80421C0646D6D1AB895B063FF52DAF099871
S31502015F902CE703AB2A4604A938460093044B00F0CA
S31502015FA07DF8EDE7E0E80202EAE8020200000000FD
S31502015FB0095D0102E6E802022DE9F0471646984616
S31502015FC08A6807460B690C46DDF820909342B8BFF2
S31502015FD01346336091F843200AB1013333602368D3
S31502015FE0990642BF336802333360256815F0060508
S31502015FF006D104F1190AE36832689B1AAB422BDC1B
S3150201600094F843302268003B18BF0123920630D42C
S3150201601004F1430241463846C847013023D023687A
S315020160201A3454F80A2C03F00603042B0ABF54F857
S315020160300E5C002533684FF0000608BFED1A54F8CE
S31502016040123C08BF25EAE5759342C4BF9B1AED18B7
S31502016050B5421AD1002008E001235246414638468C
S31502016060C847013003D14FF0FF30BDE8F087013553
S31502016070C1E7E1185A1C30200233224481F8430059
S3150201608094F8451082F84310C2E70123224641469D
S315020160903846C8470130E6D00136D9E72DE9FF4730
S315020160A00F7E914680460C46782F9A460C9E01F148
S315020160B0430207D8622F0AD8002F00F0D180582F49
S315020160C000F0B88004F1420684F842703AE0A7F182
S315020160D06303152BF6D801A151F823F035610102AC
S315020160E049610102C5600102C5600102C560010282
S315020160F0C560010249610102C5600102C560010272
S31502016100C5600102C56001024762010273610102B3
S3150201611001620102C5600102C560010269620102F2
S31502016120C560010273610102C5600102C560010217
S315020161300962010233681A1D1B68326004F14206C4
S3150201614084F8423001239CE033682068191D3160CE
S31502016150060601D51D6803E04506FBD5B3F90050D5
S31502016160002D03DA2D236D4284F8433058480A2361
S3150201617011E021683368080653F8045B02D4490624
S3150201618048BFADB26F2F3360514814BF0A230823AB
S31502016190002184F843106668002EA66005DB21689B
S315020161A02E4321F0040121604BD01646B5FBF3F1D3
S315020161B003FB1157C75D06F8017D2F460D46BB420B
S315020161C0F4D9082B0BD12368DF0708D52369616847
S315020161D09942DEBF302306F8013C06F1FF36921BD7
S315020161E022614B4603AA21464046CDF800A0FFF79D
S315020161F0E3FE01304AD14FF0FF3004B0BDE8F0872B
S31502016200236843F02003236078273248236884F801
S3150201621045701F06316851F8045B02D45F0648BF18
S31502016220ADB23160D90744BF43F0200323601DB1EB
S315020162301023ADE72648E9E7236823F0200323600C
S31502016240F6E71646BDE733682568181D61693060B1
S315020162502E061B6801D5196002E06806FBD5198076
S31502016260002316462361BCE7336800211A1D3260FA
S315020162701E6862683046FFF7E1FC08B1801B606068
S3150201628063682361002384F84330AAE7236932460F
S3150201629049464046D0470130ADD023689B0713D407
S315020162A0E068039B9842B8BF1846A6E70123324627
S315020162B049464046D04701309DD00135E3680399EE
S315020162C05B1AAB42F2DCEBE7002504F11906F5E7AE
S315020162D0F1E8020202E902022DE9F04107461446FB
S315020162E00D4621B91146BDE8F041FFF72BBB2AB98C
S315020162F02546FFF7BFFC2846BDE8F08100F01AF8F3
S315020163008442064602D8B4EB500FF4D821463846E9
S31502016310FFF718FB804608B94546ECE7B442224628
S31502016320294628BF3246FFF797FC29463846FFF72A
S31502016330A1FCF1E751F8043C181F002BBCBF0B5816
S31502016340C0187047024B58224FF0FF301A6070474F
S31502016350BCB90422024B58224FF0FF301A60704733
S31502016360BCB90422FEE700BF00000068000458021F
S31502016370000400000200000000000000000000000E
S31502016380E0015603E00100000200000000000000E7
S31502016390360500042C010A0000007B0258021E0089
S315020163A0050000000000000100000000000000FFDF
S315020163B000000000000000000000000000000000D4
S315020163C000000000000000000000000000000000C4
S315020163D00000000000000000000000000CFFFF04A6
S315020163E0DFDF0000751A010200000000F0630102FE
S315020163F0010002000006000303030300000000007F
S315020164000C00000001000000801A060000000000D6
S315020164100108000102030000000000000000000064
S31502016420691A0102000000002C6401020101020F37
S315020164300F000000000000000A000000000000003A
S31502016440050000000CFFDF00000000000000000054
S315020164505864010200000000010000000000000073
S315020164600000000000000000000000000000000023
S3150201647000000000000000000000FFFFFFFFFFFF19
S31502016480DFDFDFDFDFDF00000000000000000000C9
S3150201649000000000000000000000000000000000F3
S315020164A000000000000000000000000000000000E3
S315020164B00000000002000000000000004865010221
S315020164C0E118010200000000D4640102FF0C0CDF96
S315020164D006070000000000000000010000000200A3
S315020164E000000400000000080000000004093E004C
S315020164F0613FC13E004000C0E81F39003C00561E04
S31502016500DC01E106DC01561E3C003900E81F0004ED
S31502016510F81F0A00F01F1800DC1F3400B31F7600B3
S315020165202E1F890289022E1F7600B31F3400DC1F3B
S315020165301800F01F0A00F81F0400FF1FFF1F0000CA
S31502016540E05E080020A107004C2D042254650102D9
S31502016550086B0102040000225C65010201080C00BD
S31502016560010000000100C100596F00020000000095
S31502016570202D04229D00000080650102000000001A
S31502016580004000000000000000400000060000007C
S315020165900040000008000000004000000900000061
S315020165A0004000000C000000450000000D00000044
S315020165B0000C011C00010000000C011C010100007D
S315020165C0000C011C02010000000C011C0301000069
S315020165D0000C011C04010000000C011C0501000055
S315020165E0000C011C0601000000400000070100002A
S315020165F00500000008010000450400000901000031
S31502016600104000000B010000000C010B0C01000000
S31502016610000C010B0D010000000C010B0E01000024
S31502016620000C010B0F0100000040000000020000F7
S31502016630000C011806020000000C011907020000F5
S31502016640000C010008020000000C01000902000012
S31502016650000C01000A020000000C01000B020000FE
S31502016660000C010B00030000000C010B01030000EA
S31502016670000C010B02030000040C000003030000DE
S31502016680000C011804030000000C011805030000A8
S31502016690000C011806030000000C01180703000094
S315020166A0000C011809030000000C01180A0300007E
S315020166B0400C010700040000400C01070104000020
S315020166C0000001120204000000000112030400008E
S315020166D00000011204040000000401120504000076
S315020166E0000401120604000000040113070400005D
S315020166F000040114080400000004011F0B04000039
S31502016700000401180E040000000401180F04000021
S315020167100000011300050000000C01030105000041
S315020167200004011B02050000000C010B0305000019
S31502016730000C010B04050000000C010B050500000D
S31502016740000C010B06050000000C010B07050000F9
S31502016750000C010B08050000000C010B09050000E5
S31502016760000C010B0A050000400401070B0500009D
S31502016770400401070C050000000C01190D0500007B
S31502016780040400000E050000000C01190F050000AB
S31502016790040C0000000600000504000006060000C5
S315020167A0000C010B07060000000C010B0806000095
S315020167B0000C010B09060000000C010B0A06000081
S315020167C0000C010B0B060000000C010B0C0600006D
S315020167D0000C010B0D060000000C010B0E06000059
S315020167E0000C010B0F060000000C0119070700003F
S315020167F00504000008070000040400000907000060
S31502016800000C01190A070000000C01190B07000010
S31502016810000C01190C070000000C01190D070000FC
S31502016820000C01190E070000000C01190F070000E8
S31502016830000C011C00080000000C011C01080000EC
S31502016840000C011C02080000000C011C03080000D8
S31502016850000C011C04080000000C011905080000C7
S31502016860000C011906080000000C011907080000B6
S31502016870000C011C080800000004011B0C080000A2
S31502016880000C010B0D080000000C01130E0800009C
S31502016890000C01130F080000000C01190209000087
S315020168A0000C011903090000000C0119040900007A
S315020168B0000C011805090000000C01180609000068
S315020168C0000C011807090000000C01180809000054
S315020168D0000C011809090000000C01190A0900003F
S315020168E0000C01190B090000000C01190C0900002A
S315020168F0000C01190D090000000C01190E09000016
S31502016900000C01190F090000000C010B000A00001E
S31502016910000C010B010A0000000C010B020A000027
S31502016920000C010B030A0000000C010B040A000013
S31502016930000C010B050A0000000C010B060A0000FF
S31502016940040C0000070A0000000C010B080A0000F3
S31502016950000C010B090A0000000C010B0A0A0000D7
S31502016960000C010B0B0A0000000C010B0C0A0000C3
S31502016970000C010B0D0A0000000C010B0E0A0000AF
S315020169800008010B0F0A0000000C0119000B0000A0
S31502016990000C0119010B0000000C0119020B000089
S315020169A0000C0119030B0000000C0119040B000075
S315020169B0000C0119050B0000000C0119060B000061
S315020169C0000C0119070B0000000C010B000C000062
S315020169D0000C010B010C0000000C010B020C000063
S315020169E0000C010B030C0000000C010B040C00004F
S315020169F0000C010B050C0000000C010B060C00003B
S31502016A00000C010B070C0000000C010B080C000026
S31502016A10000C010B090C0000000C010B0A0C000012
S31502016A20000C010B0B0C0000000C010B0C0C0000FE
S31502016A30000C010B0D0C0000000C010B0E0C0000EA
S31502016A40000C010B0F0C0000000C010B000D0000E5
S31502016A50000C0104020D0000000C0104030D0000EC
S31502016A6000040114070D0000A100A200A300A40066
S31502016A7082038503C200C500410000000008000030
S31502016A800000000000020000000A000000000000F1
S31502016A9000010000000000000000010101010101E6
S31502016AA000010001000101010001010000010101D3
S31502016AB000000000000101000001010100010101C5
S31502016AC000000000000000000001010002040304AE
S31502016AD0040400000001020000010203000000009C
S31502016AE02000200010001000100008000400010020
S31502016AF004010002030506070C3434401434344001
S31502016B001C34344024343440458D0002318D000258
S31502016B10E58D0002898A0002B18D0002698A0002AE
S31502016B207D8A0002958A0002DD8A0002CD8A000270
S31502016B30D18A00020A000000EC6C01021800000072
S31502016B406C6B0102040000004C6B0102000000683C
S31502016B500000006800000080000000800000007054
S31502016B6000000070800400228004002200000068F8
S31502016B7000000068000000900001090D0000006895
S31502016B80000000680000007800010B0D000000689B
S31502016B9000000068000000270001020D00000068E5
S31502016BA000000068640000020001010D000000807F
S31502016BB0000000800000009000010908000000802A
S31502016BC0000000800000007800010B080000008030
S31502016BD0000000800000002700010208000000807A
S31502016BE0000000806400000200010108000000703C
S31502016BF000000070000000900001090A0000007008
S31502016C00000000700000007800010B0A000000700D
S31502016C1000000070000000270001020A0000007057
S31502016C2000000070640000020001010A0000000079
S31502016C3000000000000000900101090500000000AB
S31502016C40000000000000007801010B0500000000B1
S31502016C5000000000000000270100020500000000FC
S31502016C60000000006400000201000105000000208E
S31502016C70000000200000009001010904000000202C
S31502016C80000000200000007801010B040000002032
S31502016C90000000200000002701000204000000207D
S31502016CA0000000206400000201000104000000222D
S31502016CB000000022000000900001090300000022EA
S31502016CC0000000220000007800010B0300000022F0
S31502016CD0000000220000002700000203000000223B
S31502016CE07004002264000002000001030000006833
S31502016CF0000000680001000D0072386800723868F1
S31502016D000001000D00000080000000800001000863
S31502016D1000000080000000800001000800000070F1
S31502016D20000000700001000A0000007000000070FF
S31502016D300001000A00000000000000000100000539
S31502016D40000000200000002001000004700400225F
S31502016D508004002200000003882C0422C1B9042207
S31502016D6000000003010002000800100020000000DC
S31502016D70C0FFFFFFC4FFFFFFE0FFFFFFE4FFFFFFCE
S31502016D80C0FFFFFFC4FFFFFFE0FFFFFFE4FFFFFFBE
S31502016D90000000000000803FD40FC93AECFF7F3F9C
S31502016DA0C70F493BB1FF7F3FC1CB963B4EFF7F3FAA
S31502016DB0890FC93BC4FE7F3F3053FB3B13FE7F3F26
S31502016DC059CB163C39FD7F3F02ED2F3C39FC7F3F03
S31502016DD0900E493C11FB7F3F0030623CC1F97F3F77
S31502016DE04B517B3C4AF87F3F38398A3CACF67F3FB0
S31502016DF0B6C9963CE6F47F3F1C5AA33CF8F27F3FA4
S31502016E0069EAAF3CE3F07F3F9B7ABC3CA7EE7F3F4A
S31502016E10B00AC93C43EC7F3FA69AD53CB8E97F3F0D
S31502016E207B2AE23C05E77F3F2DBAEE3C2BE47F3F0E
S31502016E30B949FB3C29E17F3F90EC033D00DE7F3FF0
S31502016E402F340A3DAFDA7F3FB87B103D37D77F3FFC
S31502016E502CC3163D98D37F3F880A1D3DD1CF7F3F74
S31502016E60CC51233DE2CB7F3FF698293DCCC77F3FEC
S31502016E7007E02F3D8FC37F3FFC26363D2ABF7F3F6A
S31502016E80D56D3C3D9EBA7F3F91B4423DEAB57F3F07
S31502016E902FFB483D0FB17F3FAF414F3D0DAC7F3FC9
S31502016EA00E88553DE3A67F3F4CCE5B3D91A17F3FC8
S31502016EB06814623D189C7F3F625A683D78967F3F0F
S31502016EC038A06E3DB1907F3FE9E5743DC28A7F3FAE
S31502016ED0742B7B3DAB847F3F6CB8803D6D7E7F3FDB
S31502016EE00ADB833D08787F3F94FD863D7B717F3FB8
S31502016EF00A208A3DC76A7F3F6A428D3DEC637F3F26
S31502016F00B464903DE95C7F3FE786933DBF557F3F81
S31502016F1005A9963D6D4E7F3F0ACB993DF4467F3FCB
S31502016F20F9EC9C3D543F7F3FCF0EA03D8D377F3F0D
S31502016F308C30A33D9D2F7F3F3052A63D87277F3F51
S31502016F40BA73A93D491F7F3F2B95AC3DE4167F3F9E
S31502016F5080B6AF3D580E7F3FBBD7B23DA4057F3FFA
S31502016F60DAF8B53DC9FC7E3FDD19B93DC7F37E3F6F
S31502016F70C33ABC3D9DEA7E3F8D5BBF3D4CE17E3F00
S31502016F80397CC23DD4D77E3FC69CC53D34CE7E3FB9
S31502016F9036BDC83D6DC47E3F86DDCB3D7FBA7E3FA1
S31502016FA0B7FDCE3D69B07E3FC81DD23D2DA67E3FBF
S31502016FB0B93DD53DC99B7E3F895DD83D3D917E3F19
S31502016FC0377DDB3D8B867E3FC49CDE3DB17B7E3FBA
S31502016FD02EBCE13DB0707E3F76DBE43D88657E3FA7
S31502016FE09AFAE73D385A7E3F9A19EB3DC14E7E3FEA
S31502016FF07638EE3D23437E3F2E57F13D5E377E3F87
S31502017000C075F43D722B7E3F2C94F73D5E1F7E3F89
S3150201701073B2FA3D24137E3F92D0FD3DC2067E3FF6
S315020170204577003E38FA7D3F2E06023E88ED7D3FCA
S315020170300295033EB1E07D3FC223053EB2D37D3FB9
S315020170406EB2063E8CC67D3F0541083E40B97D3F84
S3150201705086CF093ECCAB7D3FF35D0B3E309E7D3F35
S315020170604AEC0C3E6E907D3F8B7A0E3E85827D3FC9
S31502017070B708103E74747D3FCC96113E3D667D3F46
S31502017080CA24133EDE577D3FB2B2143E59497D3FB3
S315020170908340163EAC3A7D3F3DCE173ED82B7D3F0F
S315020170A0E05B193EDD1C7D3F6BE91A3EBC0D7D3F5F
S315020170B0DE761C3E73FE7C3F38041E3E03EF7C3FA8
S315020170C07B911F3E6CDF7C3FA51E213EAECF7C3FEE
S315020170D0B6AB223EC9BF7C3FAD38243EBDAF7C3F35
S315020170E08CC5253E8A9F7C3F5152273E318F7C3F7C
S315020170F0FCDE283EB07E7C3F8D6B2A3E086E7C3FCD
S3150201710004F82B3E3A5D7C3F61842D3E444C7C3F24
S31502017110A2102F3E283B7C3FC99C303EE5297C3F8D
S31502017120D428323E7A187C3FC4B4333EE9067C3F0A
S315020171309840353E31F57B3F50CC363E53E37B3F9B
S31502017140EC57383E4DD17B3F6CE3393E20BF7B3F46
S31502017150CF6E3B3ECDAC7B3F15FA3C3E539A7B3F0D
S315020171603E853E3EB2877B3F4910403EEA747B3FF5
S31502017170379B413EFC617B3F0726433EE74E7B3F01
S31502017180B9B0443EAB3B7B3F4D3B463E48287B3F35
S31502017190C2C5473EBE147B3F1850493E0E017B3F96
S315020171A04FDA4A3E37ED7A3F67644C3E3AD97A3F27
S315020171B060EE4D3E16C57A3F38784F3ECBB07A3FE8
S315020171C0F101513E599C7A3F898B523EC1877A3FE2
S315020171D00115543E02737A3F589E553E1C5E7A3F14
S315020171E08F27573E10497A3FA4B0583EDD337A3F86
S315020171F097395A3E841E7A3F6AC25B3E04097A3F38
S315020172001A4B5D3E5EF3793FA8D35E3E91DD793F2F
S31502017210135C603E9DC7793F5CE4613E83B1793F71
S31502017220836C633E439B793F86F4643EDC84793FFB
S31502017230667C663E4E6E793F2204683E9A57793FD6
S31502017240BA8B693EC040793F2F136B3EBF29793F06
S315020172507F9A6C3E9812793FAB216E3E4AFB783F8C
S31502017260B2A86F3ED6E3783F942F713E3BCC783F6E
S3150201727051B6723E7BB4783FE83C743E939C783FAC
S315020172805AC3753E8684783FA649773E526C783F4B
S31502017290CCCF783EF853783FCB557A3E773B783F51
S315020172A0A4DB7B3ED122783F56617D3E040A783FBC
S315020172B0E1E67E3E10F1773F2236803EF7D7773FF1
S315020172C0C0F8803EB7BE773F4ABB813E51A5773FA4
S315020172D0C07D823EC58B773F2240833E1372773F44
S315020172E07002843E3A58773FAAC4843E3C3E773FB9
S315020172F0CE86853E1724773FDF48863ECC09773F07
S31502017300DA0A873E5BEF763FC1CC873EC4D4763F2D
S31502017310938E883E07BA763F5050893E249F763F28
S31502017320F8118A3E1B84763F8AD38A3EEC68763F01
S3150201733007958B3E974D763F6E568C3E1B32763FB6
S31502017340C0178D3E7A16763FFCD88D3EB3FA753F4D
S31502017350229A8E3EC6DE753F325B8F3EB3C2753FC1
S315020173602C1C903E7BA6753F10DD903E1C8A753F14
S31502017370DD9D913E976D753F945E923EED50753F50
S31502017380351F933E1D34753FBFDF933E2717753F69
S3150201739031A0943E0BFA743F8D60953EC9DC743F71
S315020173A0D220963E62BF743F00E1963ED5A1743F5C
S315020173B017A1973E2284743F1661983E4966743F2F
S315020173C0FE20993E4B48743FCEE0993E272A743FF0
S315020173D086A09A3EDD0B743F27609B3E6EED733F9E
S315020173E0AF1F9C3ED9CE733F20DF9C3E1FB0733F39
S315020173F0789E9D3E3F91733FB85D9E3E3972733FC3
S31502017400DF1C9F3E0E53733FEEDB9F3EBE33733F3F
S31502017410E59AA03E4714733FC259A13EACF4723FAE
S315020174208718A23EEBD4723F33D7A23E04B5723F10
S31502017430C595A33EF894723F3F54A43EC774723F6A
S315020174409F12A53E7054723FE5D0A53EF433723FBA
S31502017450128FA63E5213723F254DA73E8CF2713F03
S315020174601F0BA83E9FD1713FFEC8A83E8EB0713F49
S31502017470C486A93E578F713F6F44AA3EFB6D713F89
S315020174800102AB3E7A4C713F77BFAB3ED42A713FC4
S31502017490D47CAC3E0809713F153AAD3E17E7703F01
S315020174A03CF7AD3E02C5703F49B4AE3EC6A2703F3F
S315020174B03A71AF3E6680703F102EB03EE15D703F7D
S315020174C0CBEAB03E373B703F6BA7B13E6718703FC0
S315020174D0EF63B23E73F56F3F5820B33E5AD26F3F08
S315020174E0A5DCB33E1BAF6F3FD698B43EB88B6F3F58
S315020174F0EC54B53E30686F3FE610B63E83446F3FAB
S31502017500C3CCB63EB0206F3F8488B73EBAFC6E3F0D
S315020175102A44B83E9ED86E3FB2FFB83E5DB46E3F76
S315020175201EBBB93EF88F6E3F6E76BA3E6D6B6E3FED
S31502017530A031BB3EBE466E3FB6ECBB3EEB216E3F73
S31502017540AFA7BC3EF2FC6D3F8B62BD3ED5D76D3F08
S315020175504A1DBE3E93B26D3FEBD7BE3E2D8D6D3FAA
S315020175606F92BF3EA1676D3FD54CC03EF2416D3F62
S315020175701E07C13E1D1C6D3F48C1C13E24F66C3F2C
S31502017580557BC23E07D06C3F4435C33EC5A96C3F0D
S3150201759015EFC33E5E836C3FC8A8C43ED45C6C3F04
S315020175A05C62C53E24366C3FD21BC63E500F6C3F11
S315020175B029D5C63E58E86B3F628EC73E3BC16B3F3B
S315020175C07C47C83EFB996B3F7700C93E95726B3F7C
S315020175D053B9C93E0C4B6B3F1072CA3E5E236B3FD9
S315020175E0AE2ACB3E8CFB6A3F2CE3CB3E95D36A3F58
S315020175F08B9BCC3E7BAB6A3FCA53CD3E3C836A3FF3
S31502017600EA0BCE3ED95A6A3FEAC3CE3E52326A3FAE
S31502017610CA7BCF3EA7096A3F8A33D03ED7E0693F8C
S315020176202AEBD03EE4B7693FAAA2D13ECC8E693F8E
S31502017630095AD23E9165693F4811D33E323C693FB0
S3150201764067C8D33EAE12693F647FD43E07E9683FFD
S315020176504136D53E3CBF683FFDECD53E4C95683F71
S3150201766099A3D63E396B683F135AD73E0341683F09
S315020176706B10D83EA816683FA3C6D83E2AEC673FD0
S31502017680B97CD93E87C1673FAD32DA3EC196673FC3
S3150201769080E8DA3ED86B673F319EDB3ECA40673FE0
S315020176A0C153DC3E9915673F2E09DD3E45EA663F29
S315020176B079BEDD3ECCBE663FA273DE3E3093663FA7
S315020176C0A928DF3E7167663F8DDDDF3E8E3B663F51
S315020176D04F92E03E880F663FEE46E13E5EE3653F2E
S315020176E06AFBE13E10B7653FC4AFE23EA08A653F41
S315020176F0FA63E33E0B5E653F0E18E43E5431653F85
S31502017700FECBE43E7904653FCB7FE53E7BD7643F02
S315020177107533E63E59AA643FFBE6E63E147D643FB5
S315020177205D9AE73EAC4F643F9C4DE83E2122643FA1
S31502017730B700E93E73F4633FAEB3E93EA1C6633FC8
S315020177408166EA3EAC98633F3019EB3E956A633F28
S31502017750BBCBEB3E5A3C633F217EEC3EFC0D633FC5
S315020177606330ED3E7BDF623F80E2ED3ED7B0623FA2
S315020177707994EE3E1082623F4C46EF3E2653623FBB
S31502017780FBF7EF3E1A24623F85A9F03EEAF4613F18
S31502017790EA5AF13E98C5613F290CF23E2296613FB3
S315020177A043BDF23E8A66613F386EF33ED036613F93
S315020177B0071FF43EF206613FB1CFF43EF2D6603FB7
S315020177C03580F53ECFA6603F9330F63E8976603F1F
S315020177D0CBE0F63E2146603FDC90F73E9615603FD0
S315020177E0C840F83EE9E45F3F8EF0F83E19B45F3FC8
S315020177F02DA0F93E27835F3FA54FFA3E12525F3F06
S31502017800F7FEFA3EDB205F3F22AEFB3E81EF5E3F93
S31502017810275DFC3E05BE5E3F040CFD3E678C5E3F66
S31502017820BBBAFD3EA65A5E3F4A69FE3EC3285E3F8B
S31502017830B217FF3EBEF65D3FF3C5FF3E97C45D3FFD
S31502017840063A003F4D925D3FFF90003FE15F5D3F8B
S31502017850E4E7003F532D5D3FB53E013FA3FA5C3F8E
S315020178607395013FD1C75C3F1CEC013FDD945C3F40
S31502017870B142023FC7615C3F3299023F8E2E5C3FA5
S315020178809FEF023F34FB5B3FF845033FB8C75B3FBF
S315020178903D9C033F1A945B3F6DF2033F5A605B3F87
S315020178A08948043F792C5B3F919E043F75F85A3F04
S315020178B084F4043F50C45A3F624A053F09905A3F35
S315020178C02CA0053FA05B5A3FE2F5053F16275A3F1A
S315020178D0824B063F6AF2593F0EA1063F9CBD593FB4
S315020178E086F6063FAD88593FE84B073F9C53593F01
S315020178F036A1073F6A1E593F6FF6073F17E9583F00
S31502017900924B083FA1B3583FA1A0083F0B7E583FB7
S315020179109BF5083F5348583F7F4A093F7912583F22
S315020179204E9F093F7FDC573F09F4093F63A6573F44
S31502017930AD480A3F2670573F3D9D0A3FC739573F1B
S31502017940B7F10A3F4803573F1C460B3FA7CC563FA8
S315020179506B9A0B3FE595563FA5EE0B3F025F563FED
S31502017960C9420C3FFE27563FD7960C3FD9F0553FE9
S31502017970D0EA0C3F93B9553FB33E0D3F2C82553F9A
S3150201798081920D3FA44A553F38E60D3FFB12553F02
S31502017990DA390E3F31DB543F658D0E3F47A3543F23
S315020179A0DBE00E3F3B6B543F3B340F3F0F33543FFB
S315020179B084870F3FC3FA533FB8DA0F3F55C2533F8D
S315020179C0D52D103FC789533FDC80103F1851533FD5
S315020179D0CDD3103F4918533FA726113F59DF523FD6
S315020179E06B79113F49A6523F19CC113F186D523F8F
S315020179F0B01E123FC633523F3071123F54FA513F05
S31502017A009AC3123FC2C0513FEE15133F1087513F31
S31502017A102A68133F3D4D513F50BA133F4A13513F16
S31502017A205F0C143F37D9503F585E143F039F503FB6
S31502017A3039B0143FAF64503F0402153F3B2A503F11
S31502017A40B753153FA8EF4F3F54A5153FF4B44F3F27
S31502017A50D9F6153F1F7A4F3F4748163F2B3F4F3FF7
S31502017A609F99163F17044F3FDFEA163FE4C84E3F80
S31502017A70073C173F908D4E3F188D173F1C524E3FC4
S31502017A8012DE173F89164E3FF52E183FD5DA4D3FC6
S31502017A90C07F183F029F4D3F73D0183F10634D3F81
S31502017AA00F21193FFD264D3F9471193FCBEA4C3FF9
S31502017AB000C2193F79AE4C3F55121A3F08724C3F2C
S31502017AC093621A3F78354C3FB8B21A3FC7F84B3F1B
S31502017AD0C6021B3FF8BB4B3FBB521B3F097F4B3FC5
S31502017AE099A21B3FFA414B3F5FF21B3FCC044B3F2E
S31502017AF00C421C3F7FC74A3FA2911C3F138A4A3F51
S31502017B001FE11C3F874C4A3F84301D3FDC0E4A3F32
S31502017B10D17F1D3F12D1493F06CF1D3F2993493FD0
S31502017B20221E1E3F2155493F266D1E3FFA16493F29
S31502017B3012BC1E3FB3D8483FE50A1F3F4E9A483F43
S31502017B409F591F3FCA5B483F41A81F3F271D483F18
S31502017B50CBF61F3F65DE473F3B45203F849F473FAC
S31502017B609393203F8560473FD2E1203F6721473FFC
S31502017B70F92F213F2AE2463F067E213FCEA2463F0A
S31502017B80FBCB213F5463463FD719223FBB23463FD6
S31502017B909967223F03E4453F43B5223F2DA4453F62
S31502017BA0D302233F3964453F4B50233F2624453FA9
S31502017BB0A99D233FF5E3443FEEEA233FA5A3443FB4
S31502017BC01A38243F3763443F2C85243FAB22443F76
S31502017BD025D2243F00E2433F041F253F38A1433FFC
S31502017BE0CB6B253F5160433F77B8253F4C1F433F3F
S31502017BF00A05263F29DE423F8451263FE89C423F41
S31502017C00E39D263F895B423F2AEA263F0B1A423F02
S31502017C105636273F70D8413F6882273FB796413F84
S31502017C2061CE273FE154413F401A283FEC12413FC2
S31502017C300566283FDAD0403FB0B1283FA98E403FC2
S31502017C4041FD283F5C4C403FB848293FF009403F7F
S31502017C501594293F67C73F3F57DF293FC0843F3FFE
S31502017C60802A2A3FFC413F3F8E752A3F1BFF3E3F3A
S31502017C7082C02A3F1BBC3E3F5B0B2B3FFF783E3F38
S31502017C801B562B3FC5353E3FBFA02B3F6EF23D3FF4
S31502017C904AEB2B3FF9AE3D3FB9352C3F676B3D3F72
S31502017CA00F802C3FB8273D3F49CA2C3FECE33C3FAE
S31502017CB069142D3F03A03C3F6F5E2D3FFC5B3C3FA9
S31502017CC059A82D3FD9173C3F29F22D3F98D33B3F67
S31502017CD0DE3B2E3F3B8F3B3F78852E3FC14A3B3FE2
S31502017CE0F7CE2E3F29063B3F5B182F3F75C13A3F20
S31502017CF0A5612F3FA47C3A3FD3AA2F3FB7373A3F1C
S31502017D00E6F32F3FACF2393FDE3C303F85AD393FDA
S31502017D10BB85303F4268393F7CCE303FE122393F55
S31502017D202217313F65DD383FAD5F313FCB97383F93
S31502017D301DA8313F1652383F71F0313F430C383F8F
S31502017D40AA38323F55C6373FC780323F4A80373F4E
S31502017D50C9C8323F233A373FAF10333FDFF3363FCD
S31502017D607A58333F7FAD363F29A0333F0467363F0A
S31502017D70BCE7333F6C20363F342F343FB8D9353F09
S31502017D808F76343FE792353FCFBD343FFB4B353FCC
S31502017D90F304353FF304353FFB4B353FCFBD343F4B
S31502017DA0E792353F8F76343FB8D9353F342F343F8A
S31502017DB06C20363FBCE7333F0467363F29A0333F89
S31502017DC07FAD363F7A58333FDFF3363FAF10333F4D
S31502017DD0233A373FC9C8323F4A80373FC780323FCD
S31502017DE055C6373FAA38323F430C383F71F0313F0F
S31502017DF01652383F1DA8313FCB97383FAD5F313F11
S31502017E0065DD383F2217313FE122393F7CCE303FD3
S31502017E104268393FBB85303F85AD393FDE3C303F55
S31502017E20ACF2393FE6F32F3FB7373A3FD3AA2F3F9A
S31502017E30A47C3A3FA5612F3F75C13A3F5B182F3F9C
S31502017E4029063B3FF7CE2E3FC14A3B3F78852E3F5F
S31502017E503B8F3B3FDE3B2E3F98D33B3F29F22D3FE3
S31502017E60D9173C3F59A82D3FFC5B3C3F6F5E2D3F26
S31502017E7003A03C3F69142D3FECE33C3F49CA2C3F2A
S31502017E80B8273D3F0F802C3F676B3D3FB9352C3FED
S31502017E90F9AE3D3F4AEB2B3F6EF23D3FBFA02B3F72
S31502017EA0C5353E3F1B562B3FFF783E3F5B0B2B3FB3
S31502017EB01BBC3E3F82C02A3F1BFF3E3F8E752A3FB7
S31502017EC0FC413F3F802A2A3FC0843F3F57DF293F7B
S31502017ED067C73F3F1594293FF009403FB848293FFC
S31502017EE05C4C403F41FD283FA98E403FB0B1283F3F
S31502017EF0DAD0403F0566283FEC12413F401A283F3F
S31502017F00E154413F61CE273FB796413F6882273F01
S31502017F1070D8413F5636273F0B1A423F2AEA263F7F
S31502017F20895B423FE39D263FE89C423F8451263FBF
S31502017F3029DE423F0A05263F4C1F433F77B8253FBC
S31502017F405160433FCB6B253F38A1433F041F253F79
S31502017F5000E2433F25D2243FAB22443F2C85243FF6
S31502017F603763443F1A38243FA5A3443FEEEA233F31
S31502017F70F5E3443FA99D233F2624453F4B50233F2A
S31502017F803964453FD302233F2DA4453F43B5223FE2
S31502017F9003E4453F9967223FBB23463FD719223F58
S31502017FA05463463FFBCB213FCEA2463F067E213F8D
S31502017FB02AE2463FF92F213F6721473FD2E1203F7F
S31502017FC08560473F9393203F849F473F3B45203F30
S31502017FD065DE473FCBF61F3F271D483F41A81F3F9E
S31502017FE0CA5B483F9F591F3F4E9A483FE50A1F3FCA
S31502017FF0B3D8483F12BC1E3FFA16493F266D1E3FB3
S315020180002155493F221E1E3F2993493F06CF1D3F57
S3150201801012D1493FD17F1D3FDC0E4A3F84301D3FBD
S31502018020874C4A3F1FE11C3F138A4A3FA2911C3FDC
S315020180307FC74A3F0C421C3FCC044B3F5FF21B3FBA
S31502018040FA414B3F99A21B3F097F4B3FBB521B3F54
S31502018050F8BB4B3FC6021B3FC7F84B3FB8B21A3FAC
S3150201806078354C3F93621A3F08724C3F55121A3FBC
S3150201807079AE4C3F00C2193FCBEA4C3F9471193F8E
S31502018080FD264D3F0F21193F10634D3F73D0183F17
S31502018090029F4D3FC07F183FD5DA4D3FF52E183F5F
S315020180A089164E3F12DE173F1C524E3F188D173F5F
S315020180B0908D4E3F073C173FE4C84E3FDFEA163F1D
S315020180C017044F3F9F99163F2B3F4F3F4748163F95
S315020180D01F7A4F3FD9F6153FF4B44F3F54A5153FCA
S315020180E0A8EF4F3FB753153F3B2A503F0402153FB6
S315020180F0AF64503F39B0143F039F503F585E143F5F
S3150201810037D9503F5F0C143F4A13513F50BA133FC0
S315020181103D4D513F2A68133F1087513FEE15133FDC
S31502018120C2C0513F9AC3123F54FA513F3071123FB6
S31502018130C633523FB01E123F186D523F19CC113F42
S3150201814049A6523F6B79113F59DF523FA726113F8C
S315020181504918533FCDD3103F1851533FDC80103F8E
S31502018160C789533FD52D103F55C2533FB8DA0F3F4A
S31502018170C3FA533F84870F3F0F33543F3B340F3FBC
S315020181803B6B543FDBE00E3F47A3543F658D0E3FE9
S3150201819031DB543FDA390E3FFB12553F38E60D3FCC
S315020181A0A44A553F81920D3F2C82553FB33E0D3F66
S315020181B093B9553FD0EA0C3FD9F0553FD7960C3FBC
S315020181C0FE27563FC9420C3F025F563FA5EE0B3FC3
S315020181D0E595563F6B9A0B3FA7CC563F1C460B3F84
S315020181E04803573FB7F10A3FC739573F3D9D0A3FFB
S315020181F02670573FAD480A3F63A6573F09F4093F28
S315020182007FDC573F4E9F093F7912583F7F4A093F0C
S315020182105348583F9BF5083F0B7E583FA1A0083FA4
S31502018220A1B3583F924B083F17E9583F6FF6073FF4
S315020182306A1E593F36A1073F9C53593FE84B073FF8
S31502018240AD88593F86F6063F9CBD593F0EA1063FB2
S315020182506AF2593F824B063F16275A3FE2F5053F1E
S31502018260A05B5A3F2CA0053F09905A3F624A053F3F
S3150201827050C45A3F84F4043F75F85A3F919E043F15
S31502018280792C5B3F8948043F5A605B3F6DF2033F9D
S315020182901A945B3F3D9C033FB8C75B3FF845033FDA
S315020182A034FB5B3F9FEF023F8E2E5C3F3299023FCA
S315020182B0C7615C3FB142023FDD945C3F1CEC013F6A
S315020182C0D1C75C3F7395013FA3FA5C3FB53E013FBF
S315020182D0532D5D3FE4E7003FE15F5D3FFF90003FC5
S315020182E04D925D3F063A003F97C45D3FF3C5FF3E9F
S315020182F0BEF65D3FB217FF3EC3285E3F4A69FE3EA8
S31502018300A65A5E3FBBBAFD3E678C5E3F040CFD3E3C
S3150201831005BE5E3F275DFC3E81EF5E3F22AEFB3E20
S31502018320DB205F3FF7FEFA3E12525F3FA54FFA3E50
S3150201833027835F3F2DA0F93E19B45F3F8EF0F83EC9
S31502018340E9E45F3FC840F83E9615603FDC90F73E90
S315020183502146603FCBE0F63E8976603F9330F63E9A
S31502018360CFA6603F3580F53EF2D6603FB1CFF43EEF
S31502018370F206613F071FF43ED036613F386EF33E87
S315020183808A66613F43BDF23E2296613F290CF23E67
S3150201839098C5613FEA5AF13EEAF4613F85A9F03E8A
S315020183A01A24623FFBF7EF3E2653623F4C46EF3EED
S315020183B01082623F7994EE3ED7B0623F80E2ED3E93
S315020183C07BDF623F6330ED3EFC0D633F217EEC3E77
S315020183D05A3C633FBBCBEB3E956A633F3019EB3E9A
S315020183E0AC98633F8166EA3EA1C6633FAEB3E93EFE
S315020183F073F4633FB700E93E2122643F9C4DE83E98
S31502018400AC4F643F5D9AE73E147D643FFBE6E63E70
S3150201841059AA643F7533E63E7BD7643FCB7FE53E7F
S315020184207904653FFECBE43E5431653F0E18E43EC6
S315020184300B5E653FFA63E33EA08A653FC4AFE23E47
S3150201844010B7653F6AFBE13E5EE3653FEE46E13EFC
S31502018450880F663F4F92E03E8E3B663F8DDDDF3EE3
S315020184607167663FA928DF3E3093663FA273DE3EFF
S31502018470CCBE663F79BEDD3E45EA663F2E09DD3E4C
S315020184809915673FC153DC3ECA40673F319EDB3EC9
S31502018490D86B673F80E8DA3EC196673FAD32DA3E76
S315020184A087C1673FB97CD93E2AEC673FA3C6D83E4E
S315020184B0A816683F6B10D83E0341683F135AD73E50
S315020184C0396B683F99A3D63E4C95683FFDECD53E84
S315020184D03CBF683F4136D53E07E9683F647FD43EDB
S315020184E0AE12693F67C8D33E323C693F4811D33E5B
S315020184F09165693F095AD23ECC8E693FAAA2D13E05
S31502018500E4B7693F2AEBD03ED7E0693F8A33D03ED2
S31502018510A7096A3FCA7BCF3E52326A3FEAC3CE3EC1
S31502018520D95A6A3FEA0BCE3E3C836A3FCA53CD3ED5
S315020185307BAB6A3F8B9BCC3E95D36A3F2CE3CB3E0A
S315020185408CFB6A3FAE2ACB3E5E236B3F1072CA3E5C
S315020185500C4B6B3F53B9C93E95726B3F7700C93ECF
S31502018560FB996B3F7C47C83E3BC16B3F628EC73E60
S3150201857058E86B3F29D5C63E500F6C3FD21BC63E0B
S3150201858024366C3F5C62C53ED45C6C3FC8A8C43ECF
S315020185905E836C3F15EFC33EC5A96C3F4435C33EAE
S315020185A007D06C3F557BC23E24F66C3F48C1C13EA3
S315020185B01D1C6D3F1E07C13EF2416D3FD54CC03EAB
S315020185C0A1676D3F6F92BF3E2D8D6D3FEBD7BE3ECC
S315020185D093B26D3F4A1DBE3ED5D76D3F8B62BD3EFE
S315020185E0F2FC6D3FAFA7BC3EEB216E3FB6ECBB3E44
S315020185F0BE466E3FA031BB3E6D6B6E3F6E76BA3E96
S31502018600F88F6E3F1EBBB93E5DB46E3FB2FFB83EF8
S315020186109ED86E3F2A44B83EBAFC6E3F8488B73E66
S31502018620B0206F3FC3CCB63E83446F3FE610B63EE1
S3150201863030686F3FEC54B53EB88B6F3FD698B43E67
S315020186401BAF6F3FA5DCB33E5AD26F3F5820B33EF4
S3150201865073F56F3FEF63B23E6718703F6BA7B13E8A
S31502018660373B703FCBEAB03EE15D703F102EB03E24
S315020186706680703F3A71AF3EC6A2703F49B4AE3EC4
S3150201868002C5703F3CF7AD3E17E7703F153AAD3E66
S315020186900809713FD47CAC3ED42A713F77BFAB3E09
S315020186A07A4C713F0102AB3EFB6D713F6F44AA3EAC
S315020186B0578F713FC486A93E8EB0713FFEC8A83E50
S315020186C09FD1713F1F0BA83E8CF2713F254DA73EEC
S315020186D05213723F128FA63EF433723FE5D0A53E86
S315020186E07054723F9F12A53EC774723F3F54A43E17
S315020186F0F894723FC595A33E04B5723F33D7A23EA5
S31502018700EBD4723F8718A23EACF4723FC259A13E26
S315020187104714733FE59AA03EBE33733FEEDB9F3E9D
S315020187200E53733FDF1C9F3E3972733FB85D9E3E07
S315020187303F91733F789E9D3E1FB0733F20DF9C3E63
S31502018740D9CE733FAF1F9C3E6EED733F27609B3EB2
S31502018750DD0B743F86A09A3E272A743FCEE0993EEE
S315020187604B48743FFE20993E4966743F1661983E16
S315020187702284743F17A1973ED5A1743F00E1963E2C
S3150201878062BF743FD220963EC9DC743F8D60953E2E
S315020187900BFA743F31A0943E2717753FBFDF933E14
S315020187A01D34753F351F933EED50753F945E923EE3
S315020187B0976D753FDD9D913E1C8A753F10DD903E9A
S315020187C07BA6753F2C1C903EB3C2753F325B8F3E32
S315020187D0C6DE753F229A8E3EB3FA753FFCD88D3EB0
S315020187E07A16763FC0178D3E1B32763F6E568C3E09
S315020187F0974D763F07958B3EEC68763F8AD38A3E44
S315020188001B84763FF8118A3E249F763F5050893E5B
S3150201881007BA763F938E883EC4D4763FC1CC873E53
S315020188205BEF763FDA0A873ECC09773FDF48863E21
S315020188301724773FCE86853E3C3E773FAAC4843EC7
S315020188403A58773F7002843E1372773F2240833E45
S31502018850C58B773FC07D823E51A5773F4ABB813E9C
S31502018860B7BE773FC0F8803EF7D7773F2236803EC4
S3150201887010F1773FE1E67E3E040A783F56617D3E7E
S31502018880D122783FA4DB7B3E773B783FCB557A3EBC
S31502018890F853783FCCCF783E526C783FA649773E63
S315020188A08684783F5AC3753E939C783FE83C743E72
S315020188B07BB4783F51B6723E3BCC783F942F713EE2
S315020188C0D6E3783FB2A86F3E4AFB783FAB216E3EB4
S315020188D09812793F7F9A6C3EBF29793F2F136B3EDF
S315020188E0C040793FBA8B693E9A57793F2204683E66
S315020188F04E6E793F667C663EDC84793F86F4643E41
S31502018900439B793F836C633E83B1793F5CE4613E6D
S315020189109DC7793F135C603E91DD793FA8D35E3EE8
S315020189205EF3793F1A4B5D3E04097A3F6AC25B3EAA
S31502018930841E7A3F97395A3EDD337A3FA4B0583EB8
S3150201894010497A3F8F27573E1C5E7A3F589E553E05
S3150201895002737A3F0115543EC1877A3F898B523E93
S31502018960599C7A3FF101513ECBB07A3F38784F3E5E
S3150201897016C57A3F60EE4D3E3AD97A3F67644C3E60
S3150201898037ED7A3F4FDA4A3E0E017B3F1850493E98
S31502018990BE147B3FC2C5473E48287B3F4D3B463E00
S315020189A0AB3B7B3FB9B0443EE74E7B3F0726433E96
S315020189B0FC617B3F379B413EEA747B3F4910403E57
S315020189C0B2877B3F3E853E3E539A7B3F15FA3C3E3C
S315020189D0CDAC7B3FCF6E3B3E20BF7B3F6CE3393E46
S315020189E04DD17B3FEC57383E53E37B3F50CC363E6D
S315020189F031F57B3F9840353EE9067C3FC4B4333EB0
S31502018A007A187C3FD428323EE5297C3FC99C303E08
S31502018A10283B7C3FA2102F3E444C7C3F61842D3E75
S31502018A203A5D7C3F04F82B3E086E7C3F8D6B2A3EF5
S31502018A30B07E7C3FFCDE283E318F7C3F5152273E81
S31502018A408A9F7C3F8CC5253EBDAF7C3FAD38243E17
S31502018A50C9BF7C3FB6AB223EAECF7C3FA51E213EAF
S31502018A606CDF7C3F7B911F3E03EF7C3F38041E3E49
S31502018A7073FE7C3FDE761C3EBC0D7D3F6BE91A3EE2
S31502018A80DD1C7D3FE05B193ED82B7D3F3DCE173E77
S31502018A90AC3A7D3F8340163E59497D3FB2B2143E00
S31502018AA0DE577D3FCA24133E3D667D3FCC96113E7D
S31502018AB074747D3FB708103E85827D3F8B7A0E3EE8
S31502018AC06E907D3F4AEC0C3E309E7D3FF35D0B3E40
S31502018AD0CCAB7D3F86CF093E40B97D3F0541083E7D
S31502018AE08CC67D3F6EB2063EB2D37D3FC223053EA2
S31502018AF0B1E07D3F0295033E88ED7D3F2E06023EA3
S31502018B0038FA7D3F4577003EC2067E3F92D0FD3D53
S31502018B1024137E3F73B2FA3D5E1F7E3F2C94F73DCE
S31502018B20722B7E3FC075F43D5E377E3F2E57F13D77
S31502018B3023437E3F7638EE3DC14E7E3F9A19EB3D89
S31502018B40385A7E3F9AFAE73D88657E3F76DBE43DF9
S31502018B50B0707E3F2EBCE13DB17B7E3FC49CDE3DC3
S31502018B608B867E3F377DDB3D3D917E3F895DD83DDC
S31502018B70C99B7E3FB93DD53D2DA67E3FC81DD23D3F
S31502018B8069B07E3FB7FDCE3D7FBA7E3F86DDCB3DE6
S31502018B906DC47E3F36BDC83D34CE7E3FC69CC53DC3
S31502018BA0D4D77E3F397CC23D4CE17E3F8D5BBF3DD2
S31502018BB09DEA7E3FC33ABC3DC7F37E3FDD19B93D0F
S31502018BC0C9FC7E3FDAF8B53DA4057F3FBBD7B23D6E
S31502018BD0580E7F3F80B6AF3DE4167F3F2B95AC3DE5
S31502018BE0491F7F3FBA73A93D87277F3F3052A63D72
S31502018BF09D2F7F3F8C30A33D8D377F3FCF0EA03D0A
S31502018C00543F7F3FF9EC9C3DF4467F3F0ACB993DA9
S31502018C106D4E7F3F05A9963DBF557F3FE786933D42
S31502018C20E95C7F3FB464903DEC637F3F6A428D3DD0
S31502018C30C76A7F3F0A208A3D7B717F3F94FD863D4D
S31502018C4008787F3F0ADB833D6D7E7F3F6CB8803DAE
S31502018C50AB847F3F742B7B3DC28A7F3FE9E5743D3E
S31502018C60B1907F3F38A06E3D78967F3F625A683D4C
S31502018C70189C7F3F6814623D91A17F3F4CCE5B3DBC
S31502018C80E3A67F3F0E88553D0DAC7F3FAF414F3D79
S31502018C900FB17F3F2FFB483DEAB57F3F91B4423D7D
S31502018CA09EBA7F3FD56D3C3D2ABF7F3FFC26363DAE
S31502018CB08FC37F3F07E02F3DCCC77F3FF698293D03
S31502018CC0E2CB7F3FCC51233DD1CF7F3F880A1D3D69
S31502018CD098D37F3F2CC3163D37D77F3FB87B103DD4
S31502018CE0AFDA7F3F2F340A3D00DE7F3F90EC033D32
S31502018CF029E17F3FB949FB3C2BE47F3F2DBAEE3C8C
S31502018D0005E77F3F7B2AE23CB8E97F3FA69AD53C3D
S31502018D1043EC7F3FB00AC93CA7EE7F3F9B7ABC3C3E
S31502018D20E3F07F3F69EAAF3CF8F27F3F1C5AA33C6E
S31502018D30E6F47F3FB6C9963CACF67F3F38398A3CAA
S31502018D404AF87F3F4B517B3CC1F97F3F0030623C81
S31502018D5011FB7F3F900E493C39FC7F3F02ED2F3CD0
S31502018D6039FD7F3F59CB163C13FE7F3F3053FB3B08
S31502018D70C4FE7F3F890FC93B4EFF7F3FC1CB963B66
S31502018D80B1FF7F3FC70F493BECFF7F3FD40FC93A83
S31502018D900000803F00000000ECFF7F3FD40FC9BAFC
S31502018DA0B1FF7F3FC70F49BB4EFF7F3FC1CB96BB8A
S31502018DB0C4FE7F3F890FC9BB13FE7F3F3053FBBB06
S31502018DC039FD7F3F59CB16BC39FC7F3F02ED2FBCE3
S31502018DD011FB7F3F900E49BCC1F97F3F003062BC57
S31502018DE04AF87F3F4B517BBCACF67F3F38398ABC90
S31502018DF0E6F47F3FB6C996BCF8F27F3F1C5AA3BC84
S31502018E00E3F07F3F69EAAFBCA7EE7F3F9B7ABCBC2A
S31502018E1043EC7F3FB00AC9BCB8E97F3FA69AD5BCED
S31502018E2005E77F3F7B2AE2BC2BE47F3F2DBAEEBCEE
S31502018E3029E17F3FB949FBBC00DE7F3F90EC03BDD0
S31502018E40AFDA7F3F2F340ABD37D77F3FB87B10BDDC
S31502018E5098D37F3F2CC316BDD1CF7F3F880A1DBD54
S31502018E60E2CB7F3FCC5123BDCCC77F3FF69829BDCC
S31502018E708FC37F3F07E02FBD2ABF7F3FFC2636BD4A
S31502018E809EBA7F3FD56D3CBDEAB57F3F91B442BDE7
S31502018E900FB17F3F2FFB48BD0DAC7F3FAF414FBDA9
S31502018EA0E3A67F3F0E8855BD91A17F3F4CCE5BBDA8
S31502018EB0189C7F3F681462BD78967F3F625A68BDEF
S31502018EC0B1907F3F38A06EBDC28A7F3FE9E574BD8E
S31502018ED0AB847F3F742B7BBD6D7E7F3F6CB880BDBB
S31502018EE008787F3F0ADB83BD7B717F3F94FD86BD98
S31502018EF0C76A7F3F0A208ABDEC637F3F6A428DBD06
S31502018F00E95C7F3FB46490BDBF557F3FE78693BD61
S31502018F106D4E7F3F05A996BDF4467F3F0ACB99BDAB
S31502018F20543F7F3FF9EC9CBD8D377F3FCF0EA0BDED
S31502018F309D2F7F3F8C30A3BD87277F3F3052A6BD31
S31502018F40491F7F3FBA73A9BDE4167F3F2B95ACBD7E
S31502018F50580E7F3F80B6AFBDA4057F3FBBD7B2BDDA
S31502018F60C9FC7E3FDAF8B5BDC7F37E3FDD19B9BD4F
S31502018F709DEA7E3FC33ABCBD4CE17E3F8D5BBFBDE0
S31502018F80D4D77E3F397CC2BD34CE7E3FC69CC5BD99
S31502018F906DC47E3F36BDC8BD7FBA7E3F86DDCBBD81
S31502018FA069B07E3FB7FDCEBD2DA67E3FC81DD2BD9F
S31502018FB0C99B7E3FB93DD5BD3D917E3F895DD8BDF9
S31502018FC08B867E3F377DDBBDB17B7E3FC49CDEBD9A
S31502018FD0B0707E3F2EBCE1BD88657E3F76DBE4BD87
S31502018FE0385A7E3F9AFAE7BDC14E7E3F9A19EBBDCA
S31502018FF023437E3F7638EEBD5E377E3F2E57F1BD67
S31502019000722B7E3FC075F4BD5E1F7E3F2C94F7BD69
S3150201901024137E3F73B2FABDC2067E3F92D0FDBDD6
S3150201902038FA7D3F457700BE88ED7D3F2E0602BEAA
S31502019030B1E07D3F029503BEB2D37D3FC22305BE99
S315020190408CC67D3F6EB206BE40B97D3F054108BE64
S31502019050CCAB7D3F86CF09BE309E7D3FF35D0BBE15
S315020190606E907D3F4AEC0CBE85827D3F8B7A0EBEA9
S3150201907074747D3FB70810BE3D667D3FCC9611BE26
S31502019080DE577D3FCA2413BE59497D3FB2B214BE93
S31502019090AC3A7D3F834016BED82B7D3F3DCE17BEEF
S315020190A0DD1C7D3FE05B19BEBC0D7D3F6BE91ABE3F
S315020190B073FE7C3FDE761CBE03EF7C3F38041EBE88
S315020190C06CDF7C3F7B911FBEAECF7C3FA51E21BECE
S315020190D0C9BF7C3FB6AB22BEBDAF7C3FAD3824BE15
S315020190E08A9F7C3F8CC525BE318F7C3F515227BE5C
S315020190F0B07E7C3FFCDE28BE086E7C3F8D6B2ABEAD
S315020191003A5D7C3F04F82BBE444C7C3F61842DBE04
S31502019110283B7C3FA2102FBEE5297C3FC99C30BE6D
S315020191207A187C3FD42832BEE9067C3FC4B433BEEA
S3150201913031F57B3F984035BE53E37B3F50CC36BE7B
S315020191404DD17B3FEC5738BE20BF7B3F6CE339BE26
S31502019150CDAC7B3FCF6E3BBE539A7B3F15FA3CBEED
S31502019160B2877B3F3E853EBEEA747B3F491040BED5
S31502019170FC617B3F379B41BEE74E7B3F072643BEE1
S31502019180AB3B7B3FB9B044BE48287B3F4D3B46BE15
S31502019190BE147B3FC2C547BE0E017B3F185049BE76
S315020191A037ED7A3F4FDA4ABE3AD97A3F67644CBE07
S315020191B016C57A3F60EE4DBECBB07A3F38784FBEC8
S315020191C0599C7A3FF10151BEC1877A3F898B52BEC2
S315020191D002737A3F011554BE1C5E7A3F589E55BEF4
S315020191E010497A3F8F2757BEDD337A3FA4B058BE66
S315020191F0841E7A3F97395ABE04097A3F6AC25BBE18
S315020192005EF3793F1A4B5DBE91DD793FA8D35EBE0F
S315020192109DC7793F135C60BE83B1793F5CE461BE51
S31502019220439B793F836C63BEDC84793F86F464BEDB
S315020192304E6E793F667C66BE9A57793F220468BEB6
S31502019240C040793FBA8B69BEBF29793F2F136BBEE6
S315020192509812793F7F9A6CBE4AFB783FAB216EBE6C
S31502019260D6E3783FB2A86FBE3BCC783F942F71BE4E
S315020192707BB4783F51B672BE939C783FE83C74BE8C
S315020192808684783F5AC375BE526C783FA64977BE2B
S31502019290F853783FCCCF78BE773B783FCB557ABE31
S315020192A0D122783FA4DB7BBE040A783F56617DBE9C
S315020192B010F1773FE1E67EBEF7D7773F223680BED1
S315020192C0B7BE773FC0F880BE51A5773F4ABB81BE84
S315020192D0C58B773FC07D82BE1372773F224083BE24
S315020192E03A58773F700284BE3C3E773FAAC484BE99
S315020192F01724773FCE8685BECC09773FDF4886BEE7
S315020193005BEF763FDA0A87BEC4D4763FC1CC87BE0D
S3150201931007BA763F938E88BE249F763F505089BE08
S315020193201B84763FF8118ABEEC68763F8AD38ABEE1
S31502019330974D763F07958BBE1B32763F6E568CBE96
S315020193407A16763FC0178DBEB3FA753FFCD88DBE2D
S31502019350C6DE753F229A8EBEB3C2753F325B8FBEA1
S315020193607BA6753F2C1C90BE1C8A753F10DD90BEF4
S31502019370976D753FDD9D91BEED50753F945E92BE30
S315020193801D34753F351F93BE2717753FBFDF93BE49
S315020193900BFA743F31A094BEC9DC743F8D6095BE51
S315020193A062BF743FD22096BED5A1743F00E196BE3C
S315020193B02284743F17A197BE4966743F166198BE0F
S315020193C04B48743FFE2099BE272A743FCEE099BED0
S315020193D0DD0B743F86A09ABE6EED733F27609BBE7E
S315020193E0D9CE733FAF1F9CBE1FB0733F20DF9CBE19
S315020193F03F91733F789E9DBE3972733FB85D9EBEA3
S315020194000E53733FDF1C9FBEBE33733FEEDB9FBE1F
S315020194104714733FE59AA0BEACF4723FC259A1BE8E
S31502019420EBD4723F8718A2BE04B5723F33D7A2BEF0
S31502019430F894723FC595A3BEC774723F3F54A4BE4A
S315020194407054723F9F12A5BEF433723FE5D0A5BE9A
S315020194505213723F128FA6BE8CF2713F254DA7BEE3
S315020194609FD1713F1F0BA8BE8EB0713FFEC8A8BE29
S31502019470578F713FC486A9BEFB6D713F6F44AABE69
S315020194807A4C713F0102ABBED42A713F77BFABBEA4
S315020194900809713FD47CACBE17E7703F153AADBEE1
S315020194A002C5703F3CF7ADBEC6A2703F49B4AEBE1F
S315020194B06680703F3A71AFBEE15D703F102EB0BE5D
S315020194C0373B703FCBEAB0BE6718703F6BA7B1BEA0
S315020194D073F56F3FEF63B2BE5AD26F3F5820B3BEE8
S315020194E01BAF6F3FA5DCB3BEB88B6F3FD698B4BE38
S315020194F030686F3FEC54B5BE83446F3FE610B6BE8B
S31502019500B0206F3FC3CCB6BEBAFC6E3F8488B7BEED
S315020195109ED86E3F2A44B8BE5DB46E3FB2FFB8BE56
S31502019520F88F6E3F1EBBB9BE6D6B6E3F6E76BABECD
S31502019530BE466E3FA031BBBEEB216E3FB6ECBBBE53
S31502019540F2FC6D3FAFA7BCBED5D76D3F8B62BDBEE8
S3150201955093B26D3F4A1DBEBE2D8D6D3FEBD7BEBE8A
S31502019560A1676D3F6F92BFBEF2416D3FD54CC0BE42
S315020195701D1C6D3F1E07C1BE24F66C3F48C1C1BE0C
S3150201958007D06C3F557BC2BEC5A96C3F4435C3BEED
S315020195905E836C3F15EFC3BED45C6C3FC8A8C4BEE4
S315020195A024366C3F5C62C5BE500F6C3FD21BC6BEF1
S315020195B058E86B3F29D5C6BE3BC16B3F628EC7BE1B
S315020195C0FB996B3F7C47C8BE95726B3F7700C9BE5C
S315020195D00C4B6B3F53B9C9BE5E236B3F1072CABEB9
S315020195E08CFB6A3FAE2ACBBE95D36A3F2CE3CBBE38
S315020195F07BAB6A3F8B9BCCBE3C836A3FCA53CDBED3
S31502019600D95A6A3FEA0BCEBE52326A3FEAC3CEBE8E
S31502019610A7096A3FCA7BCFBED7E0693F8A33D0BE6C
S31502019620E4B7693F2AEBD0BECC8E693FAAA2D1BE6E
S315020196309165693F095AD2BE323C693F4811D3BE90
S31502019640AE12693F67C8D3BE07E9683F647FD4BEDD
S315020196503CBF683F4136D5BE4C95683FFDECD5BE51
S31502019660396B683F99A3D6BE0341683F135AD7BEE9
S31502019670A816683F6B10D8BE2AEC673FA3C6D8BEB0
S3150201968087C1673FB97CD9BEC196673FAD32DABEA3
S31502019690D86B673F80E8DABECA40673F319EDBBEC0
S315020196A09915673FC153DCBE45EA663F2E09DDBE09
S315020196B0CCBE663F79BEDDBE3093663FA273DEBE87
S315020196C07167663FA928DFBE8E3B663F8DDDDFBE31
S315020196D0880F663F4F92E0BE5EE3653FEE46E1BE0E
S315020196E010B7653F6AFBE1BEA08A653FC4AFE2BE21
S315020196F00B5E653FFA63E3BE5431653F0E18E4BE65
S315020197007904653FFECBE4BE7BD7643FCB7FE5BEE2
S3150201971059AA643F7533E6BE147D643FFBE6E6BE95
S31502019720AC4F643F5D9AE7BE2122643F9C4DE8BE81
S3150201973073F4633FB700E9BEA1C6633FAEB3E9BEA8
S31502019740AC98633F8166EABE956A633F3019EBBE08
S315020197505A3C633FBBCBEBBEFC0D633F217EECBEA5
S315020197607BDF623F6330EDBED7B0623F80E2EDBE82
S315020197701082623F7994EEBE2653623F4C46EFBE9B
S315020197801A24623FFBF7EFBEEAF4613F85A9F0BEF8
S3150201979098C5613FEA5AF1BE2296613F290CF2BE93
S315020197A08A66613F43BDF2BED036613F386EF3BE73
S315020197B0F206613F071FF4BEF2D6603FB1CFF4BE97
S315020197C0CFA6603F3580F5BE8976603F9330F6BEFF
S315020197D02146603FCBE0F6BE9615603FDC90F7BEB0
S315020197E0E9E45F3FC840F8BE19B45F3F8EF0F8BEA8
S315020197F027835F3F2DA0F9BE12525F3FA54FFABEE6
S31502019800DB205F3FF7FEFABE81EF5E3F22AEFBBE73
S3150201981005BE5E3F275DFCBE678C5E3F040CFDBE46
S31502019820A65A5E3FBBBAFDBEC3285E3F4A69FEBE6B
S31502019830BEF65D3FB217FFBE97C45D3FF3C5FFBEDD
S315020198404D925D3F063A00BFE15F5D3FFF9000BF6B
S31502019850532D5D3FE4E700BFA3FA5C3FB53E01BF6E
S31502019860D1C75C3F739501BFDD945C3F1CEC01BF20
S31502019870C7615C3FB14202BF8E2E5C3F329902BF85
S3150201988034FB5B3F9FEF02BFB8C75B3FF84503BF9F
S315020198901A945B3F3D9C03BF5A605B3F6DF203BF67
S315020198A0792C5B3F894804BF75F85A3F919E04BFE4
S315020198B050C45A3F84F404BF09905A3F624A05BF15
S315020198C0A05B5A3F2CA005BF16275A3FE2F505BFFA
S315020198D06AF2593F824B06BF9CBD593F0EA106BF94
S315020198E0AD88593F86F606BF9C53593FE84B07BFE1
S315020198F06A1E593F36A107BF17E9583F6FF607BFE0
S31502019900A1B3583F924B08BF0B7E583FA1A008BF97
S315020199105348583F9BF508BF7912583F7F4A09BF02
S315020199207FDC573F4E9F09BF63A6573F09F409BF24
S315020199302670573FAD480ABFC739573F3D9D0ABFFB
S315020199404803573FB7F10ABFA7CC563F1C460BBF88
S31502019950E595563F6B9A0BBF025F563FA5EE0BBFCD
S31502019960FE27563FC9420CBFD9F0553FD7960CBFC9
S3150201997093B9553FD0EA0CBF2C82553FB33E0DBF7A
S31502019980A44A553F81920DBFFB12553F38E60DBFE2
S3150201999031DB543FDA390EBF47A3543F658D0EBF03
S315020199A03B6B543FDBE00EBF0F33543F3B340FBFDB
S315020199B0C3FA533F84870FBF55C2533FB8DA0FBF6D
S315020199C0C789533FD52D10BF1851533FDC8010BFB5
S315020199D04918533FCDD310BF59DF523FA72611BFB6
S315020199E049A6523F6B7911BF186D523F19CC11BF6F
S315020199F0C633523FB01E12BF54FA513F307112BFE5
S31502019A00C2C0513F9AC312BF1087513FEE1513BF11
S31502019A103D4D513F2A6813BF4A13513F50BA13BFF6
S31502019A2037D9503F5F0C14BF039F503F585E14BF96
S31502019A30AF64503F39B014BF3B2A503F040215BFF1
S31502019A40A8EF4F3FB75315BFF4B44F3F54A515BF07
S31502019A501F7A4F3FD9F615BF2B3F4F3F474816BFD7
S31502019A6017044F3F9F9916BFE4C84E3FDFEA16BF60
S31502019A70908D4E3F073C17BF1C524E3F188D17BFA4
S31502019A8089164E3F12DE17BFD5DA4D3FF52E18BFA6
S31502019A90029F4D3FC07F18BF10634D3F73D018BF61
S31502019AA0FD264D3F0F2119BFCBEA4C3F947119BFD9
S31502019AB079AE4C3F00C219BF08724C3F55121ABF0C
S31502019AC078354C3F93621ABFC7F84B3FB8B21ABFFB
S31502019AD0F8BB4B3FC6021BBF097F4B3FBB521BBFA5
S31502019AE0FA414B3F99A21BBFCC044B3F5FF21BBF0E
S31502019AF07FC74A3F0C421CBF138A4A3FA2911CBF31
S31502019B00874C4A3F1FE11CBFDC0E4A3F84301DBF12
S31502019B1012D1493FD17F1DBF2993493F06CF1DBFB0
S31502019B202155493F221E1EBFFA16493F266D1EBF09
S31502019B30B3D8483F12BC1EBF4E9A483FE50A1FBF23
S31502019B40CA5B483F9F591FBF271D483F41A81FBFF8
S31502019B5065DE473FCBF61FBF849F473F3B4520BF8C
S31502019B608560473F939320BF6721473FD2E120BFDC
S31502019B702AE2463FF92F21BFCEA2463F067E21BFEA
S31502019B805463463FFBCB21BFBB23463FD71922BFB6
S31502019B9003E4453F996722BF2DA4453F43B522BF42
S31502019BA03964453FD30223BF2624453F4B5023BF89
S31502019BB0F5E3443FA99D23BFA5A3443FEEEA23BF94
S31502019BC03763443F1A3824BFAB22443F2C8524BF56
S31502019BD000E2433F25D224BF38A1433F041F25BFDC
S31502019BE05160433FCB6B25BF4C1F433F77B825BF1F
S31502019BF029DE423F0A0526BFE89C423F845126BF21
S31502019C00895B423FE39D26BF0B1A423F2AEA26BFE2
S31502019C1070D8413F563627BFB796413F688227BF64
S31502019C20E154413F61CE27BFEC12413F401A28BFA2
S31502019C30DAD0403F056628BFA98E403FB0B128BFA2
S31502019C405C4C403F41FD28BFF009403FB84829BF5F
S31502019C5067C73F3F159429BFC0843F3F57DF29BFDE
S31502019C60FC413F3F802A2ABF1BFF3E3F8E752ABF1A
S31502019C701BBC3E3F82C02ABFFF783E3F5B0B2BBF18
S31502019C80C5353E3F1B562BBF6EF23D3FBFA02BBFD4
S31502019C90F9AE3D3F4AEB2BBF676B3D3FB9352CBF52
S31502019CA0B8273D3F0F802CBFECE33C3F49CA2CBF8E
S31502019CB003A03C3F69142DBFFC5B3C3F6F5E2DBF89
S31502019CC0D9173C3F59A82DBF98D33B3F29F22DBF47
S31502019CD03B8F3B3FDE3B2EBFC14A3B3F78852EBFC2
S31502019CE029063B3FF7CE2EBF75C13A3F5B182FBF00
S31502019CF0A47C3A3FA5612FBFB7373A3FD3AA2FBFFC
S31502019D00ACF2393FE6F32FBF85AD393FDE3C30BFBA
S31502019D104268393FBB8530BFE122393F7CCE30BF35
S31502019D2065DD383F221731BFCB97383FAD5F31BF73
S31502019D301652383F1DA831BF430C383F71F031BF6F
S31502019D4055C6373FAA3832BF4A80373FC78032BF2E
S31502019D50233A373FC9C832BFDFF3363FAF1033BFAD
S31502019D607FAD363F7A5833BF0467363F29A033BFEA
S31502019D706C20363FBCE733BFB8D9353F342F34BFE9
S31502019D80E792353F8F7634BFFB4B353FCFBD34BFAC
S31502019D90F304353FF30435BFCFBD343FFB4B35BF2B
S31502019DA08F76343FE79235BF342F343FB8D935BF6A
S31502019DB0BCE7333F6C2036BF29A0333F046736BF69
S31502019DC07A58333F7FAD36BFAF10333FDFF336BF2D
S31502019DD0C9C8323F233A37BFC780323F4A8037BFAD
S31502019DE0AA38323F55C637BF71F0313F430C38BFEF
S31502019DF01DA8313F165238BFAD5F313FCB9738BFF1
S31502019E002217313F65DD38BF7CCE303FE12239BFB3
S31502019E10BB85303F426839BFDE3C303F85AD39BF35
S31502019E20E6F32F3FACF239BFD3AA2F3FB7373ABF7A
S31502019E30A5612F3FA47C3ABF5B182F3F75C13ABF7C
S31502019E40F7CE2E3F29063BBF78852E3FC14A3BBF3F
S31502019E50DE3B2E3F3B8F3BBF29F22D3F98D33BBFC3
S31502019E6059A82D3FD9173CBF6F5E2D3FFC5B3CBF06
S31502019E7069142D3F03A03CBF49CA2C3FECE33CBF0A
S31502019E800F802C3FB8273DBFB9352C3F676B3DBFCD
S31502019E904AEB2B3FF9AE3DBFBFA02B3F6EF23DBF52
S31502019EA01B562B3FC5353EBF5B0B2B3FFF783EBF93
S31502019EB082C02A3F1BBC3EBF8E752A3F1BFF3EBF97
S31502019EC0802A2A3FFC413FBF57DF293FC0843FBF5B
S31502019ED01594293F67C73FBFB848293FF00940BFDC
S31502019EE041FD283F5C4C40BFB0B1283FA98E40BF1F
S31502019EF00566283FDAD040BF401A283FEC1241BF1F
S31502019F0061CE273FE15441BF6882273FB79641BFE1
S31502019F105636273F70D841BF2AEA263F0B1A42BF5F
S31502019F20E39D263F895B42BF8451263FE89C42BF9F
S31502019F300A05263F29DE42BF77B8253F4C1F43BF9C
S31502019F40CB6B253F516043BF041F253F38A143BF59
S31502019F5025D2243F00E243BF2C85243FAB2244BFD6
S31502019F601A38243F376344BFEEEA233FA5A344BF11
S31502019F70A99D233FF5E344BF4B50233F262445BF0A
S31502019F80D302233F396445BF43B5223F2DA445BFC2
S31502019F909967223F03E445BFD719223FBB2346BF38
S31502019FA0FBCB213F546346BF067E213FCEA246BF6D
S31502019FB0F92F213F2AE246BFD2E1203F672147BF5F
S31502019FC09393203F856047BF3B45203F849F47BF10
S31502019FD0CBF61F3F65DE47BF41A81F3F271D48BF7E
S31502019FE09F591F3FCA5B48BFE50A1F3F4E9A48BFAA
S31502019FF012BC1E3FB3D848BF266D1E3FFA1649BF93
S3150201A000221E1E3F215549BF06CF1D3F299349BF37
S3150201A010D17F1D3F12D149BF84301D3FDC0E4ABF9D
S3150201A0201FE11C3F874C4ABFA2911C3F138A4ABFBC
S3150201A0300C421C3F7FC74ABF5FF21B3FCC044BBF9A
S3150201A04099A21B3FFA414BBFBB521B3F097F4BBF34
S3150201A050C6021B3FF8BB4BBFB8B21A3FC7F84BBF8C
S3150201A06093621A3F78354CBF55121A3F08724CBF9C
S3150201A07000C2193F79AE4CBF9471193FCBEA4CBF6E
S3150201A0800F21193FFD264DBF73D0183F10634DBFF7
S3150201A090C07F183F029F4DBFF52E183FD5DA4DBF3F
S3150201A0A012DE173F89164EBF188D173F1C524EBF3F
S3150201A0B0073C173F908D4EBFDFEA163FE4C84EBFFD
S3150201A0C09F99163F17044FBF4748163F2B3F4FBF75
S3150201A0D0D9F6153F1F7A4FBF54A5153FF4B44FBFAA
S3150201A0E0B753153FA8EF4FBF0402153F3B2A50BF96
S3150201A0F039B0143FAF6450BF585E143F039F50BF3F
S3150201A1005F0C143F37D950BF50BA133F4A1351BFA0
S3150201A1102A68133F3D4D51BFEE15133F108751BFBC
S3150201A1209AC3123FC2C051BF3071123F54FA51BF96
S3150201A130B01E123FC63352BF19CC113F186D52BF22
S3150201A1406B79113F49A652BFA726113F59DF52BF6C
S3150201A150CDD3103F491853BFDC80103F185153BF6E
S3150201A160D52D103FC78953BFB8DA0F3F55C253BF2A
S3150201A17084870F3FC3FA53BF3B340F3F0F3354BF9C
S3150201A180DBE00E3F3B6B54BF658D0E3F47A354BFC9
S3150201A190DA390E3F31DB54BF38E60D3FFB1255BFAC
S3150201A1A081920D3FA44A55BFB33E0D3F2C8255BF46
S3150201A1B0D0EA0C3F93B955BFD7960C3FD9F055BF9C
S3150201A1C0C9420C3FFE2756BFA5EE0B3F025F56BFA3
S3150201A1D06B9A0B3FE59556BF1C460B3FA7CC56BF64
S3150201A1E0B7F10A3F480357BF3D9D0A3FC73957BFDB
S3150201A1F0AD480A3F267057BF09F4093F63A657BF08
S3150201A2004E9F093F7FDC57BF7F4A093F791258BFEC
S3150201A2109BF5083F534858BFA1A0083F0B7E58BF84
S3150201A220924B083FA1B358BF6FF6073F17E958BFD4
S3150201A23036A1073F6A1E59BFE84B073F9C5359BFD8
S3150201A24086F6063FAD8859BF0EA1063F9CBD59BF92
S3150201A250824B063F6AF259BFE2F5053F16275ABFFE
S3150201A2602CA0053FA05B5ABF624A053F09905ABF1F
S3150201A27084F4043F50C45ABF919E043F75F85ABFF5
S3150201A2808948043F792C5BBF6DF2033F5A605BBF7D
S3150201A2903D9C033F1A945BBFF845033FB8C75BBFBA
S3150201A2A09FEF023F34FB5BBF3299023F8E2E5CBFAA
S3150201A2B0B142023FC7615CBF1CEC013FDD945CBF4A
S3150201A2C07395013FD1C75CBFB53E013FA3FA5CBF9F
S3150201A2D0E4E7003F532D5DBFFF90003FE15F5DBFA5
S3150201A2E0063A003F4D925DBFF3C5FF3E97C45DBF7F
S3150201A2F0B217FF3EBEF65DBF4A69FE3EC3285EBF88
S3150201A300BBBAFD3EA65A5EBF040CFD3E678C5EBF1C
S3150201A310275DFC3E05BE5EBF22AEFB3E81EF5EBF00
S3150201A320F7FEFA3EDB205FBFA54FFA3E12525FBF30
S3150201A3302DA0F93E27835FBF8EF0F83E19B45FBFA9
S3150201A340C840F83EE9E45FBFDC90F73E961560BF70
S3150201A350CBE0F63E214660BF9330F63E897660BF7A
S3150201A3603580F53ECFA660BFB1CFF43EF2D660BFCF
S3150201A370071FF43EF20661BF386EF33ED03661BF67
S3150201A38043BDF23E8A6661BF290CF23E229661BF47
S3150201A390EA5AF13E98C561BF85A9F03EEAF461BF6A
S3150201A3A0FBF7EF3E1A2462BF4C46EF3E265362BFCD
S3150201A3B07994EE3E108262BF80E2ED3ED7B062BF73
S3150201A3C06330ED3E7BDF62BF217EEC3EFC0D63BF57
S3150201A3D0BBCBEB3E5A3C63BF3019EB3E956A63BF7A
S3150201A3E08166EA3EAC9863BFAEB3E93EA1C663BFDE
S3150201A3F0B700E93E73F463BF9C4DE83E212264BF78
S3150201A4005D9AE73EAC4F64BFFBE6E63E147D64BF50
S3150201A4107533E63E59AA64BFCB7FE53E7BD764BF5F
S3150201A420FECBE43E790465BF0E18E43E543165BFA6
S3150201A430FA63E33E0B5E65BFC4AFE23EA08A65BF27
S3150201A4406AFBE13E10B765BFEE46E13E5EE365BFDC
S3150201A4504F92E03E880F66BF8DDDDF3E8E3B66BFC3
S3150201A460A928DF3E716766BFA273DE3E309366BFDF
S3150201A47079BEDD3ECCBE66BF2E09DD3E45EA66BF2C
S3150201A480C153DC3E991567BF319EDB3ECA4067BFA9
S3150201A49080E8DA3ED86B67BFAD32DA3EC19667BF56
S3150201A4A0B97CD93E87C167BFA3C6D83E2AEC67BF2E
S3150201A4B06B10D83EA81668BF135AD73E034168BF30
S3150201A4C099A3D63E396B68BFFDECD53E4C9568BF64
S3150201A4D04136D53E3CBF68BF647FD43E07E968BFBB
S3150201A4E067C8D33EAE1269BF4811D33E323C69BF3B
S3150201A4F0095AD23E916569BFAAA2D13ECC8E69BFE5
S3150201A5002AEBD03EE4B769BF8A33D03ED7E069BFB2
S3150201A510CA7BCF3EA7096ABFEAC3CE3E52326ABFA1
S3150201A520EA0BCE3ED95A6ABFCA53CD3E3C836ABFB5
S3150201A5308B9BCC3E7BAB6ABF2CE3CB3E95D36ABFEA
S3150201A540AE2ACB3E8CFB6ABF1072CA3E5E236BBF3C
S3150201A55053B9C93E0C4B6BBF7700C93E95726BBFAF
S3150201A5607C47C83EFB996BBF628EC73E3BC16BBF40
S3150201A57029D5C63E58E86BBFD21BC63E500F6CBFEB
S3150201A5805C62C53E24366CBFC8A8C43ED45C6CBFAF
S3150201A59015EFC33E5E836CBF4435C33EC5A96CBF8E
S3150201A5A0557BC23E07D06CBF48C1C13E24F66CBF83
S3150201A5B01E07C13E1D1C6DBFD54CC03EF2416DBF8B
S3150201A5C06F92BF3EA1676DBFEBD7BE3E2D8D6DBFAC
S3150201A5D04A1DBE3E93B26DBF8B62BD3ED5D76DBFDE
S3150201A5E0AFA7BC3EF2FC6DBFB6ECBB3EEB216EBF24
S3150201A5F0A031BB3EBE466EBF6E76BA3E6D6B6EBF76
S3150201A6001EBBB93EF88F6EBFB2FFB83E5DB46EBFD8
S3150201A6102A44B83E9ED86EBF8488B73EBAFC6EBF46
S3150201A620C3CCB63EB0206FBFE610B63E83446FBFC1
S3150201A630EC54B53E30686FBFD698B43EB88B6FBF47
S3150201A640A5DCB33E1BAF6FBF5820B33E5AD26FBFD4
S3150201A650EF63B23E73F56FBF6BA7B13E671870BF6A
S3150201A660CBEAB03E373B70BF102EB03EE15D70BF04
S3150201A6703A71AF3E668070BF49B4AE3EC6A270BFA4
S3150201A6803CF7AD3E02C570BF153AAD3E17E770BF46
S3150201A690D47CAC3E080971BF77BFAB3ED42A71BFE9
S3150201A6A00102AB3E7A4C71BF6F44AA3EFB6D71BF8C
S3150201A6B0C486A93E578F71BFFEC8A83E8EB071BF30
S3150201A6C01F0BA83E9FD171BF254DA73E8CF271BFCC
S3150201A6D0128FA63E521372BFE5D0A53EF43372BF66
S3150201A6E09F12A53E705472BF3F54A43EC77472BFF7
S3150201A6F0C595A33EF89472BF33D7A23E04B572BF85
S3150201A7008718A23EEBD472BFC259A13EACF472BF06
S3150201A710E59AA03E471473BFEEDB9F3EBE3373BF7D
S3150201A720DF1C9F3E0E5373BFB85D9E3E397273BFE7
S3150201A730789E9D3E3F9173BF20DF9C3E1FB073BF43
S3150201A740AF1F9C3ED9CE73BF27609B3E6EED73BF92
S3150201A75086A09A3EDD0B74BFCEE0993E272A74BFCE
S3150201A760FE20993E4B4874BF1661983E496674BFF6
S3150201A77017A1973E228474BF00E1963ED5A174BF0C
S3150201A780D220963E62BF74BF8D60953EC9DC74BF0E
S3150201A79031A0943E0BFA74BFBFDF933E271775BFF4
S3150201A7A0351F933E1D3475BF945E923EED5075BFC3
S3150201A7B0DD9D913E976D75BF10DD903E1C8A75BF7A
S3150201A7C02C1C903E7BA675BF325B8F3EB3C275BF12
S3150201A7D0229A8E3EC6DE75BFFCD88D3EB3FA75BF90
S3150201A7E0C0178D3E7A1676BF6E568C3E1B3276BFE9
S3150201A7F007958B3E974D76BF8AD38A3EEC6876BF24
S3150201A800F8118A3E1B8476BF5050893E249F76BF3B
S3150201A810938E883E07BA76BFC1CC873EC4D476BF33
S3150201A820DA0A873E5BEF76BFDF48863ECC0977BF01
S3150201A830CE86853E172477BFAAC4843E3C3E77BFA7
S3150201A8407002843E3A5877BF2240833E137277BF25
S3150201A850C07D823EC58B77BF4ABB813E51A577BF7C
S3150201A860C0F8803EB7BE77BF2236803EF7D777BFA4
S3150201A870E1E67E3E10F177BF56617D3E040A78BF5E
S3150201A880A4DB7B3ED12278BFCB557A3E773B78BF9C
S3150201A890CCCF783EF85378BFA649773E526C78BF43
S3150201A8A05AC3753E868478BFE83C743E939C78BF52
S3150201A8B051B6723E7BB478BF942F713E3BCC78BFC2
S3150201A8C0B2A86F3ED6E378BFAB216E3E4AFB78BF94
S3150201A8D07F9A6C3E981279BF2F136B3EBF2979BFBF
S3150201A8E0BA8B693EC04079BF2204683E9A5779BF46
S3150201A8F0667C663E4E6E79BF86F4643EDC8479BF21
S3150201A900836C633E439B79BF5CE4613E83B179BF4D
S3150201A910135C603E9DC779BFA8D35E3E91DD79BFC8
S3150201A9201A4B5D3E5EF379BF6AC25B3E04097ABF8A
S3150201A93097395A3E841E7ABFA4B0583EDD337ABF98
S3150201A9408F27573E10497ABF589E553E1C5E7ABFE5
S3150201A9500115543E02737ABF898B523EC1877ABF73
S3150201A960F101513E599C7ABF38784F3ECBB07ABF3E
S3150201A97060EE4D3E16C57ABF67644C3E3AD97ABF40
S3150201A9804FDA4A3E37ED7ABF1850493E0E017BBF78
S3150201A990C2C5473EBE147BBF4D3B463E48287BBFE0
S3150201A9A0B9B0443EAB3B7BBF0726433EE74E7BBF76
S3150201A9B0379B413EFC617BBF4910403EEA747BBF37
S3150201A9C03E853E3EB2877BBF15FA3C3E539A7BBF1C
S3150201A9D0CF6E3B3ECDAC7BBF6CE3393E20BF7BBF26
S3150201A9E0EC57383E4DD17BBF50CC363E53E37BBF4D
S3150201A9F09840353E31F57BBFC4B4333EE9067CBF90
S3150201AA00D428323E7A187CBFC99C303EE5297CBFE8
S3150201AA10A2102F3E283B7CBF61842D3E444C7CBF55
S3150201AA2004F82B3E3A5D7CBF8D6B2A3E086E7CBFD5
S3150201AA30FCDE283EB07E7CBF5152273E318F7CBF61
S3150201AA408CC5253E8A9F7CBFAD38243EBDAF7CBFF7
S3150201AA50B6AB223EC9BF7CBFA51E213EAECF7CBF8F
S3150201AA607B911F3E6CDF7CBF38041E3E03EF7CBF29
S3150201AA70DE761C3E73FE7CBF6BE91A3EBC0D7DBFC2
S3150201AA80E05B193EDD1C7DBF3DCE173ED82B7DBF57
S3150201AA908340163EAC3A7DBFB2B2143E59497DBFE0
S3150201AAA0CA24133EDE577DBFCC96113E3D667DBF5D
S3150201AAB0B708103E74747DBF8B7A0E3E85827DBFC8
S3150201AAC04AEC0C3E6E907DBFF35D0B3E309E7DBF20
S3150201AAD086CF093ECCAB7DBF0541083E40B97DBF5D
S3150201AAE06EB2063E8CC67DBFC223053EB2D37DBF82
S3150201AAF00295033EB1E07DBF2E06023E88ED7DBF83
S3150201AB004577003E38FA7DBF92D0FD3DC2067EBF33
S3150201AB1073B2FA3D24137EBF2C94F73D5E1F7EBFAE
S3150201AB20C075F43D722B7EBF2E57F13D5E377EBF57
S3150201AB307638EE3D23437EBF9A19EB3DC14E7EBF69
S3150201AB409AFAE73D385A7EBF76DBE43D88657EBFD9
S3150201AB502EBCE13DB0707EBFC49CDE3DB17B7EBFA3
S3150201AB60377DDB3D8B867EBF895DD83D3D917EBFBC
S3150201AB70B93DD53DC99B7EBFC81DD23D2DA67EBF1F
S3150201AB80B7FDCE3D69B07EBF86DDCB3D7FBA7EBFC6
S3150201AB9036BDC83D6DC47EBFC69CC53D34CE7EBFA3
S3150201ABA0397CC23DD4D77EBF8D5BBF3D4CE17EBFB2
S3150201ABB0C33ABC3D9DEA7EBFDD19B93DC7F37EBFEF
S3150201ABC0DAF8B53DC9FC7EBFBBD7B23DA4057FBF4E
S3150201ABD080B6AF3D580E7FBF2B95AC3DE4167FBFC5
S3150201ABE0BA73A93D491F7FBF3052A63D87277FBF52
S3150201ABF08C30A33D9D2F7FBFCF0EA03D8D377FBFEA
S3150201AC00F9EC9C3D543F7FBF0ACB993DF4467FBF89
S3150201AC1005A9963D6D4E7FBFE786933DBF557FBF22
S3150201AC20B464903DE95C7FBF6A428D3DEC637FBFB0
S3150201AC300A208A3DC76A7FBF94FD863D7B717FBF2D
S3150201AC400ADB833D08787FBF6CB8803D6D7E7FBF8E
S3150201AC50742B7B3DAB847FBFE9E5743DC28A7FBF1E
S3150201AC6038A06E3DB1907FBF625A683D78967FBF2C
S3150201AC706814623D189C7FBF4CCE5B3D91A17FBF9C
S3150201AC800E88553DE3A67FBFAF414F3D0DAC7FBF59
S3150201AC902FFB483D0FB17FBF91B4423DEAB57FBF5D
S3150201ACA0D56D3C3D9EBA7FBFFC26363D2ABF7FBF8E
S3150201ACB007E02F3D8FC37FBFF698293DCCC77FBFE3
S3150201ACC0CC51233DE2CB7FBF880A1D3DD1CF7FBF49
S3150201ACD02CC3163D98D37FBFB87B103D37D77FBFB4
S3150201ACE02F340A3DAFDA7FBF90EC033D00DE7FBF12
S3150201ACF0B949FB3C29E17FBF2DBAEE3C2BE47FBF6C
S3150201AD007B2AE23C05E77FBFA69AD53CB8E97FBF1D
S3150201AD10B00AC93C43EC7FBF9B7ABC3CA7EE7FBF1E
S3150201AD2069EAAF3CE3F07FBF1C5AA33CF8F27FBF4E
S3150201AD30B6C9963CE6F47FBF38398A3CACF67FBF8A
S3150201AD404B517B3C4AF87FBF0030623CC1F97FBF61
S3150201AD50900E493C11FB7FBF02ED2F3C39FC7FBFB0
S3150201AD6059CB163C39FD7FBF3053FB3B13FE7FBFE8
S3150201AD70890FC93BC4FE7FBFC1CB963B4EFF7FBF46
S3150201AD80C70F493BB1FF7FBFD40FC93AECFF7FBF63
S3150201AD90000000000000803FC70F493BB1FF7F3F23
S3150201ADA0890FC93BC4FE7F3F59CB163C39FD7F3F14
S3150201ADB0900E493C11FB7F3F4B517B3C4AF87F3F4A
S3150201ADC0B6C9963CE6F47F3F69EAAF3CE3F07F3FC2
S3150201ADD0B00AC93C43EC7F3F7B2AE23C05E77F3F51
S3150201ADE0B949FB3C29E17F3F2F340A3DAFDA7F3F68
S3150201ADF02CC3163D98D37F3FCC51233DE2CB7F3FF7
S3150201AE0007E02F3D8FC37F3FD56D3C3D9EBA7F3F05
S3150201AE102FFB483D0FB17F3F0E88553DE3A67F3F8D
S3150201AE206814623D189C7F3F38A06E3DB1907F3F0A
S3150201AE30742B7B3DAB847F3F0ADB833D08787F3FE2
S3150201AE400A208A3DC76A7F3FB464903DE95C7F3F31
S3150201AE5005A9963D6D4E7F3FF9EC9C3D543F7F3FE0
S3150201AE608C30A33D9D2F7F3FBA73A93D491F7F3F7A
S3150201AE7080B6AF3D580E7F3FDAF8B53DC9FC7E3F3D
S3150201AE80C33ABC3D9DEA7E3F397CC23DD4D77E3F63
S3150201AE9036BDC83D6DC47E3FB7FDCE3D69B07E3F2E
S3150201AEA0B93DD53DC99B7E3F377DDB3D8B867E3FD6
S3150201AEB02EBCE13DB0707E3F9AFAE73D385A7E3F9D
S3150201AEC07638EE3D23437E3FC075F43D722B7E3FBD
S3150201AED073B2FA3D24137E3F4577003E38FA7D3F31
S3150201AEE00295033EB1E07D3F6EB2063E8CC67D3FC2
S3150201AEF086CF093ECCAB7D3F4AEC0C3E6E907D3F40
S3150201AF00B708103E74747D3FCA24133EDE577D3F57
S3150201AF108340163EAC3A7D3FE05B193EDD1C7D3F28
S3150201AF20DE761C3E73FE7C3F7B911F3E6CDF7C3FCF
S3150201AF30B6AB223EC9BF7C3F8CC5253E8A9F7C3F6C
S3150201AF40FCDE283EB07E7C3F04F82B3E3A5D7C3F18
S3150201AF50A2102F3E283B7C3FD428323E7A187C3FF2
S3150201AF609840353E31F57B3FEC57383E4DD17B3F1C
S3150201AF70CF6E3B3ECDAC7B3F3E853E3EB2877B3FAD
S3150201AF80379B413EFC617B3FB9B0443EAB3B7B3FC5
S3150201AF90C2C5473EBE147B3F4FDA4A3E37ED7A3F82
S3150201AFA060EE4D3E16C57A3FF101513E599C7A3FFC
S3150201AFB00115543E02737A3F8F27573E10497A3F55
S3150201AFC097395A3E841E7A3F1A4B5D3E5EF3793FAC
S3150201AFD0135C603E9DC7793F836C633E439B793F19
S3150201AFE0667C663E4E6E793FBA8B693EC040793FBA
S3150201AFF07F9A6C3E9812793FB2A86F3ED6E3783FAC
S3150201B00051B6723E7BB4783F5AC3753E8684783F09
S3150201B010CCCF783EF853783FA4DB7B3ED122783FF2
S3150201B020E1E67E3E10F1773FC0F8803EB7BE773F3C
S3150201B030C07D823EC58B773F7002843E3A58773F88
S3150201B040CE86853E1724773FDA0A873E5BEF763F47
S3150201B050938E883E07BA763FF8118A3E1B84763F65
S3150201B06007958B3E974D763FC0178D3E7A16763FF2
S3150201B070229A8E3EC6DE753F2C1C903E7BA6753FFC
S3150201B080DD9D913E976D753F351F933E1D34753F8C
S3150201B09031A0943E0BFA743FD220963E62BF743FB2
S3150201B0A017A1973E2284743FFE20993E4B48743F76
S3150201B0B086A09A3EDD0B743FAF1F9C3ED9CE733FED
S3150201B0C0789E9D3E3F91733FDF1C9F3E0E53733F19
S3150201B0D0E59AA03E4714733F8718A23EEBD4723F0E
S3150201B0E0C595A33EF894723F9F12A53E7054723FD6
S3150201B0F0128FA63E5213723F1F0BA83E9FD1713F7C
S3150201B100C486A93E578F713F0102AB3E7A4C713F0D
S3150201B110D47CAC3E0809713F3CF7AD3E02C5703F97
S3150201B1203A71AF3E6680703FCBEAB03E373B703F25
S3150201B130EF63B23E73F56F3FA5DCB33E1BAF6F3FC4
S3150201B140EC54B53E30686F3FC3CCB63EB0206F3F7C
S3150201B1502A44B83E9ED86E3F1EBBB93EF88F6E3F5B
S3150201B160A031BB3EBE466E3FAFA7BC3EF2FC6D3F71
S3150201B1704A1DBE3E93B26D3F6F92BF3EA1676D3FC0
S3150201B1801E07C13E1D1C6D3F557BC23E07D06C3F5B
S3150201B19015EFC33E5E836C3F5C62C53E24366C3F4F
S3150201B1A029D5C63E58E86B3F7C47C83EFB996B3FA3
S3150201B1B053B9C93E0C4B6B3FAE2ACB3E8CFB6A3F61
S3150201B1C08B9BCC3E7BAB6A3FEA0BCE3ED95A6A3F9A
S3150201B1D0CA7BCF3EA7096A3F2AEBD03EE4B7693F55
S3150201B1E0095AD23E9165693F67C8D33EAE12693F9D
S3150201B1F04136D53E3CBF683F99A3D63E396B683F7F
S3150201B2006B10D83EA816683FB97CD93E87C1673F05
S3150201B21080E8DA3ED86B673FC153DC3E9915673F3A
S3150201B22079BEDD3ECCBE663FA928DF3E7167663F29
S3150201B2304F92E03E880F663F6AFBE13E10B7653FDB
S3150201B240FA63E33E0B5E653FFECBE43E7904653F5E
S3150201B2507533E63E59AA643F5D9AE73EAC4F643FB9
S3150201B260B700E93E73F4633F8166EA3EAC98633FF9
S3150201B270BBCBEB3E5A3C633F6330ED3E7BDF623F25
S3150201B2807994EE3E1082623FFBF7EF3E1A24623F4B
S3150201B290EA5AF13E98C5613F43BDF23E8A66613F75
S3150201B2A0071FF43EF206613F3580F53ECFA6603FA9
S3150201B2B0CBE0F63E2146603FC840F83EE9E45F3FF7
S3150201B2C02DA0F93E27835F3FF7FEFA3EDB205F3F63
S3150201B2D0275DFC3E05BE5E3FBBBAFD3EA65A5E3FFA
S3150201B2E0B217FF3EBEF65D3F063A003F4D925D3F05
S3150201B2F0E4E7003F532D5D3F7395013FD1C75C3FA4
S3150201B300B142023FC7615C3F9FEF023F34FB5B3FA5
S3150201B3103D9C033F1A945B3F8948043F792C5B3F6E
S3150201B32084F4043F50C45A3F2CA0053FA05B5A3F08
S3150201B330824B063F6AF2593F86F6063FAD88593F70
S3150201B34036A1073F6A1E593F924B083FA1B3583FA8
S3150201B3509BF5083F5348583F4E9F093F7FDC573FB5
S3150201B360AD480A3F2670573FB7F10A3F4803573F98
S3150201B3706B9A0B3FE595563FC9420C3FFE27563F56
S3150201B380D0EA0C3F93B9553F81920D3FA44A553FEE
S3150201B390DA390E3F31DB543FDBE00E3F3B6B543F64
S3150201B3A084870F3FC3FA533FD52D103FC789533FB9
S3150201B3B0CDD3103F4918533F6B79113F49A6523FEE
S3150201B3C0B01E123FC633523F9AC3123FC2C0513F0B
S3150201B3D02A68133F3D4D513F5F0C143F37D9503F09
S3150201B3E039B0143FAF64503FB753153FA8EF4F3FF3
S3150201B3F0D9F6153F1F7A4F3F9F99163F17044F3FC4
S3150201B400073C173F908D4E3F12DE173F89164E3F7E
S3150201B410C07F183F029F4D3F0F21193FFD264D3F29
S3150201B42000C2193F79AE4C3F93621A3F78354C3FC1
S3150201B430C6021B3FF8BB4B3F99A21B3FFA414B3F4A
S3150201B4400C421C3F7FC74A3F1FE11C3F874C4A3FC4
S3150201B450D17F1D3F12D1493F221E1E3F2155493F31
S3150201B46012BC1E3FB3D8483F9F591F3FCA5B483F94
S3150201B470CBF61F3F65DE473F9393203F8560473FEB
S3150201B480F92F213F2AE2463FFBCB213F5463463F38
S3150201B4909967223F03E4453FD302233F3964453F7F
S3150201B4A0A99D233FF5E3443F1A38243F3763443FBE
S3150201B4B025D2243F00E2433FCB6B253F5160433FF8
S3150201B4C00A05263F29DE423FE39D263F895B423F2D
S3150201B4D05636273F70D8413F61CE273FE154413F5F
S3150201B4E00566283FDAD0403F41FD283F5C4C403F8C
S3150201B4F01594293F67C73F3F802A2A3FFC413F3FB8
S3150201B50082C02A3F1BBC3E3F1B562B3FC5353E3FE1
S3150201B5104AEB2B3FF9AE3D3F0F802C3FB8273D3F0B
S3150201B52069142D3F03A03C3F59A82D3FD9173C3F33
S3150201B530DE3B2E3F3B8F3B3FF7CE2E3F29063B3F5D
S3150201B540A5612F3FA47C3A3FE6F32F3FACF2393F88
S3150201B550BB85303F4268393F2217313F65DD383FAF
S3150201B5601DA8313F1652383FAA38323F55C6373FDA
S3150201B570C9C8323F233A373F7A58333F7FAD363F08
S3150201B580BCE7333F6C20363F8F76343FE792353F37
S3150201B590F304353FF304353FE792353F8F76343F67
S3150201B5A06C20363FBCE7333F7FAD363F7A58333F97
S3150201B5B0233A373FC9C8323F55C6373FAA38323FC9
S3150201B5C01652383F1DA8313F65DD383F2217313FFC
S3150201B5D04268393FBB85303FACF2393FE6F32F3F34
S3150201B5E0A47C3A3FA5612F3F29063B3FF7CE2E3F6A
S3150201B5F03B8F3B3FDE3B2E3FD9173C3F59A82D3FA0
S3150201B60003A03C3F69142D3FB8273D3F0F802C3FD5
S3150201B610F9AE3D3F4AEB2B3FC5353E3F1B562B3F0D
S3150201B6201BBC3E3F82C02A3FFC413F3F802A2A3F44
S3150201B63067C73F3F1594293F5C4C403F41FD283F78
S3150201B640DAD0403F0566283FE154413F61CE273FAC
S3150201B65070D8413F5636273F895B423FE39D263FDD
S3150201B66029DE423F0A05263F5160433FCB6B253F08
S3150201B67000E2433F25D2243F3763443F1A38243F31
S3150201B680F5E3443FA99D233F3964453FD302233F56
S3150201B69003E4453F9967223F5463463FFBCB213F73
S3150201B6A02AE2463FF92F213F8560473F9393203F88
S3150201B6B065DE473FCBF61F3FCA5B483F9F591F3F97
S3150201B6C0B3D8483F12BC1E3F2155493F221E1E3F99
S3150201B6D012D1493FD17F1D3F874C4A3F1FE11C3F93
S3150201B6E07FC74A3F0C421C3FFA414B3F99A21B3F7F
S3150201B6F0F8BB4B3FC6021B3F78354C3F93621A3F5C
S3150201B70079AE4C3F00C2193FFD264D3F0F21193F2D
S3150201B710029F4D3FC07F183F89164E3F12DE173FEB
S3150201B720908D4E3F073C173F17044F3F9F99163F97
S3150201B7301F7A4F3FD9F6153FA8EF4F3FB753153F33
S3150201B740AF64503F39B0143F37D9503F5F0C143FB5
S3150201B7503D4D513F2A68133FC2C0513F9AC3123F22
S3150201B760C633523FB01E123F49A6523F6B79113F73
S3150201B7704918533FCDD3103FC789533FD52D103FAB
S3150201B780C3FA533F84870F3F3B6B543FDBE00E3FC7
S3150201B79031DB543FDA390E3FA44A553F81920D3FC0
S3150201B7A093B9553FD0EA0C3FFE27563FC9420C3F9B
S3150201B7B0E595563F6B9A0B3F4803573FB7F10A3F50
S3150201B7C02670573FAD480A3F7FDC573F4E9F093FE0
S3150201B7D05348583F9BF5083FA1B3583F924B083F48
S3150201B7E06A1E593F36A1073FAD88593F86F6063F85
S3150201B7F06AF2593F824B063FA05B5A3F2CA0053F96
S3150201B80050C45A3F84F4043F792C5B3F8948043F74
S3150201B8101A945B3F3D9C033F34FB5B3F9FEF023F24
S3150201B820C7615C3FB142023FD1C75C3F7395013F9D
S3150201B830532D5D3FE4E7003F4D925D3F063A003FDF
S3150201B840BEF65D3FB217FF3EA65A5E3FBBBAFD3E4C
S3150201B85005BE5E3F275DFC3EDB205F3FF7FEFA3EFB
S3150201B86027835F3F2DA0F93EE9E45F3FC840F83EDA
S3150201B8702146603FCBE0F63ECFA6603F3580F53EDE
S3150201B880F206613F071FF43E8A66613F43BDF23EFF
S3150201B89098C5613FEA5AF13E1A24623FFBF7EF3E31
S3150201B8A01082623F7994EE3E7BDF623F6330ED3E6A
S3150201B8B05A3C633FBBCBEB3EAC98633F8166EA3EA3
S3150201B8C073F4633FB700E93EAC4F643F5D9AE73ECE
S3150201B8D059AA643F7533E63E7904653FFECBE43EE1
S3150201B8E00B5E653FFA63E33E10B7653F6AFBE13ED5
S3150201B8F0880F663F4F92E03E7167663FA928DF3E99
S3150201B900CCBE663F79BEDD3E9915673FC153DC3E2B
S3150201B910D86B673F80E8DA3E87C1673FB97CD93E7B
S3150201B920A816683F6B10D83E396B683F99A3D63E7D
S3150201B9303CBF683F4136D53EAE12693F67C8D33E2A
S3150201B9409165693F095AD23EE4B7693F2AEBD03E77
S3150201B950A7096A3FCA7BCF3ED95A6A3FEA0BCE3E56
S3150201B9607BAB6A3F8B9BCC3E8CFB6A3FAE2ACB3EBE
S3150201B9700C4B6B3F53B9C93EFB996B3F7C47C83EA3
S3150201B98058E86B3F29D5C63E24366C3F5C62C53EFC
S3150201B9905E836C3F15EFC33E07D06C3F557BC23EBB
S3150201B9A01D1C6D3F1E07C13EA1676D3F6F92BF3ED3
S3150201B9B093B26D3F4A1DBE3EF2FC6D3FAFA7BC3E40
S3150201B9C0BE466E3FA031BB3EF88F6E3F1EBBB93EEF
S3150201B9D09ED86E3F2A44B83EB0206F3FC3CCB63ED6
S3150201B9E030686F3FEC54B53E1BAF6F3FA5DCB33EEB
S3150201B9F073F56F3FEF63B23E373B703FCBEAB03E22
S3150201BA006680703F3A71AF3E02C5703F3CF7AD3E6C
S3150201BA100809713FD47CAC3E7A4C713F0102AB3EC0
S3150201BA20578F713FC486A93E9FD1713F1F0BA83E16
S3150201BA305213723F128FA63E7054723F9F12A53E59
S3150201BA40F894723FC595A33EEBD4723F8718A23E86
S3150201BA504714733FE59AA03E0E53733FDF1C9F3E88
S3150201BA603F91733F789E9D3ED9CE733FAF1F9C3E59
S3150201BA70DD0B743F86A09A3E4B48743FFE20993EE9
S3150201BA802284743F17A1973E62BF743FD220963E2D
S3150201BA900BFA743F31A0943E1D34753F351F933E18
S3150201BAA0976D753FDD9D913E7BA6753F2C1C903EA1
S3150201BAB0C6DE753F229A8E3E7A16763FC0178D3EB6
S3150201BAC0974D763F07958B3E1B84763FF8118A3E4A
S3150201BAD007BA763F938E883E5BEF763FDA0A873E58
S3150201BAE01724773FCE86853E3A58773F7002843EC9
S3150201BAF0C58B773FC07D823EB7BE773FC0F8803E99
S3150201BB0010F1773FE1E67E3ED122783FA4DB7B3E10
S3150201BB10F853783FCCCF783E8684783F5AC3753E38
S3150201BB207BB4783F51B6723ED6E3783FB2A86F3EF8
S3150201BB309812793F7F9A6C3EC040793FBA8B693E33
S3150201BB404E6E793F667C663E439B793F836C633ECC
S3150201BB509DC7793F135C603E5EF3793F1A4B5D3EAA
S3150201BB60841E7A3F97395A3E10497A3F8F27573EAC
S3150201BB7002737A3F0115543E599C7A3FF101513EB7
S3150201BB8016C57A3F60EE4D3E37ED7A3F4FDA4A3EB1
S3150201BB90BE147B3FC2C5473EAB3B7B3FB9B0443E79
S3150201BBA0FC617B3F379B413EB2877B3F3E853E3EF2
S3150201BBB0CDAC7B3FCF6E3B3E4DD17B3FEC57383E02
S3150201BBC031F57B3F9840353E7A187C3FD428323E88
S3150201BBD0283B7C3FA2102F3E3A5D7C3F04F82B3E68
S3150201BBE0B07E7C3FFCDE283E8A9F7C3F8CC5253E8B
S3150201BBF0C9BF7C3FB6AB223E6CDF7C3F7B911F3EC9
S3150201BC0073FE7C3FDE761C3EDD1C7D3FE05B193E0A
S3150201BC10AC3A7D3F8340163EDE577D3FCA24133E32
S3150201BC2074747D3FB708103E6E907D3F4AEC0C3E20
S3150201BC30CCAB7D3F86CF093E8CC67D3F6EB2063EBA
S3150201BC40B1E07D3F0295033E38FA7D3F4577003EDE
S3150201BC5024137E3F73B2FA3D722B7E3FC075F43DCB
S3150201BC6023437E3F7638EE3D385A7E3F9AFAE73DC8
S3150201BC70B0707E3F2EBCE13D8B867E3F377DDB3D3C
S3150201BC80C99B7E3FB93DD53D69B07E3FB7FDCE3DED
S3150201BC906DC47E3F36BDC83DD4D77E3F397CC23D99
S3150201BCA09DEA7E3FC33ABC3DC9FC7E3FDAF8B53D0B
S3150201BCB0580E7F3F80B6AF3D491F7F3FBA73A93DFC
S3150201BCC09D2F7F3F8C30A33D543F7F3FF9EC9C3D36
S3150201BCD06D4E7F3F05A9963DE95C7F3FB464903D79
S3150201BCE0C76A7F3F0A208A3D08787F3F0ADB833D88
S3150201BCF0AB847F3F742B7B3DB1907F3F38A06E3D75
S3150201BD00189C7F3F6814623DE3A67F3F0E88553D2E
S3150201BD100FB17F3F2FFB483D9EBA7F3FD56D3C3D1C
S3150201BD208FC37F3F07E02F3DE2CB7F3FCC51233DBF
S3150201BD3098D37F3F2CC3163DAFDA7F3F2F340A3D9E
S3150201BD4029E17F3FB949FB3C05E77F3F7B2AE23C7C
S3150201BD5043EC7F3FB00AC93CE3F07F3F69EAAF3C5F
S3150201BD60E6F47F3FB6C9963C4AF87F3F4B517B3C8E
S3150201BD7011FB7F3F900E493C39FD7F3F59CB163C63
S3150201BD80C4FE7F3F890FC93BB1FF7F3FC70F493BC6
S3150201BD900000803F00000000B1FF7F3FC70F49BB93
S3150201BDA0C4FE7F3F890FC9BB39FD7F3F59CB16BC04
S3150201BDB011FB7F3F900E49BC4AF87F3F4B517BBC3A
S3150201BDC0E6F47F3FB6C996BCE3F07F3F69EAAFBCB2
S3150201BDD043EC7F3FB00AC9BC05E77F3F7B2AE2BC41
S3150201BDE029E17F3FB949FBBCAFDA7F3F2F340ABD58
S3150201BDF098D37F3F2CC316BDE2CB7F3FCC5123BDE7
S3150201BE008FC37F3F07E02FBD9EBA7F3FD56D3CBDF5
S3150201BE100FB17F3F2FFB48BDE3A67F3F0E8855BD7D
S3150201BE20189C7F3F681462BDB1907F3F38A06EBDFA
S3150201BE30AB847F3F742B7BBD08787F3F0ADB83BDD2
S3150201BE40C76A7F3F0A208ABDE95C7F3FB46490BD21
S3150201BE506D4E7F3F05A996BD543F7F3FF9EC9CBDD0
S3150201BE609D2F7F3F8C30A3BD491F7F3FBA73A9BD6A
S3150201BE70580E7F3F80B6AFBDC9FC7E3FDAF8B5BD2D
S3150201BE809DEA7E3FC33ABCBDD4D77E3F397CC2BD53
S3150201BE906DC47E3F36BDC8BD69B07E3FB7FDCEBD1E
S3150201BEA0C99B7E3FB93DD5BD8B867E3F377DDBBDC6
S3150201BEB0B0707E3F2EBCE1BD385A7E3F9AFAE7BD8D
S3150201BEC023437E3F7638EEBD722B7E3FC075F4BDAD
S3150201BED024137E3F73B2FABD38FA7D3F457700BE21
S3150201BEE0B1E07D3F029503BE8CC67D3F6EB206BEB2
S3150201BEF0CCAB7D3F86CF09BE6E907D3F4AEC0CBE30
S3150201BF0074747D3FB70810BEDE577D3FCA2413BE47
S3150201BF10AC3A7D3F834016BEDD1C7D3FE05B19BE18
S3150201BF2073FE7C3FDE761CBE6CDF7C3F7B911FBEBF
S3150201BF30C9BF7C3FB6AB22BE8A9F7C3F8CC525BE5C
S3150201BF40B07E7C3FFCDE28BE3A5D7C3F04F82BBE08
S3150201BF50283B7C3FA2102FBE7A187C3FD42832BEE2
S3150201BF6031F57B3F984035BE4DD17B3FEC5738BE0C
S3150201BF70CDAC7B3FCF6E3BBEB2877B3F3E853EBE9D
S3150201BF80FC617B3F379B41BEAB3B7B3FB9B044BEB5
S3150201BF90BE147B3FC2C547BE37ED7A3F4FDA4ABE72
S3150201BFA016C57A3F60EE4DBE599C7A3FF10151BEEC
S3150201BFB002737A3F011554BE10497A3F8F2757BE45
S3150201BFC0841E7A3F97395ABE5EF3793F1A4B5DBE9C
S3150201BFD09DC7793F135C60BE439B793F836C63BE09
S3150201BFE04E6E793F667C66BEC040793FBA8B69BEAA
S3150201BFF09812793F7F9A6CBED6E3783FB2A86FBE9C
S3150201C0007BB4783F51B672BE8684783F5AC375BEF9
S3150201C010F853783FCCCF78BED122783FA4DB7BBEE2
S3150201C02010F1773FE1E67EBEB7BE773FC0F880BE2C
S3150201C030C58B773FC07D82BE3A58773F700284BE78
S3150201C0401724773FCE8685BE5BEF763FDA0A87BE37
S3150201C05007BA763F938E88BE1B84763FF8118ABE55
S3150201C060974D763F07958BBE7A16763FC0178DBEE2
S3150201C070C6DE753F229A8EBE7BA6753F2C1C90BEEC
S3150201C080976D753FDD9D91BE1D34753F351F93BE7C
S3150201C0900BFA743F31A094BE62BF743FD22096BEA2
S3150201C0A02284743F17A197BE4B48743FFE2099BE66
S3150201C0B0DD0B743F86A09ABED9CE733FAF1F9CBEDD
S3150201C0C03F91733F789E9DBE0E53733FDF1C9FBE09
S3150201C0D04714733FE59AA0BEEBD4723F8718A2BEFE
S3150201C0E0F894723FC595A3BE7054723F9F12A5BEC6
S3150201C0F05213723F128FA6BE9FD1713F1F0BA8BE6C
S3150201C100578F713FC486A9BE7A4C713F0102ABBEFD
S3150201C1100809713FD47CACBE02C5703F3CF7ADBE87
S3150201C1206680703F3A71AFBE373B703FCBEAB0BE15
S3150201C13073F56F3FEF63B2BE1BAF6F3FA5DCB3BEB4
S3150201C14030686F3FEC54B5BEB0206F3FC3CCB6BE6C
S3150201C1509ED86E3F2A44B8BEF88F6E3F1EBBB9BE4B
S3150201C160BE466E3FA031BBBEF2FC6D3FAFA7BCBE61
S3150201C17093B26D3F4A1DBEBEA1676D3F6F92BFBEB0
S3150201C1801D1C6D3F1E07C1BE07D06C3F557BC2BE4B
S3150201C1905E836C3F15EFC3BE24366C3F5C62C5BE3F
S3150201C1A058E86B3F29D5C6BEFB996B3F7C47C8BE93
S3150201C1B00C4B6B3F53B9C9BE8CFB6A3FAE2ACBBE51
S3150201C1C07BAB6A3F8B9BCCBED95A6A3FEA0BCEBE8A
S3150201C1D0A7096A3FCA7BCFBEE4B7693F2AEBD0BE45
S3150201C1E09165693F095AD2BEAE12693F67C8D3BE8D
S3150201C1F03CBF683F4136D5BE396B683F99A3D6BE6F
S3150201C200A816683F6B10D8BE87C1673FB97CD9BEF5
S3150201C210D86B673F80E8DABE9915673FC153DCBE2A
S3150201C220CCBE663F79BEDDBE7167663FA928DFBE19
S3150201C230880F663F4F92E0BE10B7653F6AFBE1BECB
S3150201C2400B5E653FFA63E3BE7904653FFECBE4BE4E
S3150201C25059AA643F7533E6BEAC4F643F5D9AE7BEA9
S3150201C26073F4633FB700E9BEAC98633F8166EABEE9
S3150201C2705A3C633FBBCBEBBE7BDF623F6330EDBE15
S3150201C2801082623F7994EEBE1A24623FFBF7EFBE3B
S3150201C29098C5613FEA5AF1BE8A66613F43BDF2BE65
S3150201C2A0F206613F071FF4BECFA6603F3580F5BE99
S3150201C2B02146603FCBE0F6BEE9E45F3FC840F8BEE7
S3150201C2C027835F3F2DA0F9BEDB205F3FF7FEFABE53
S3150201C2D005BE5E3F275DFCBEA65A5E3FBBBAFDBEEA
S3150201C2E0BEF65D3FB217FFBE4D925D3F063A00BFF5
S3150201C2F0532D5D3FE4E700BFD1C75C3F739501BF94
S3150201C300C7615C3FB14202BF34FB5B3F9FEF02BF95
S3150201C3101A945B3F3D9C03BF792C5B3F894804BF5E
S3150201C32050C45A3F84F404BFA05B5A3F2CA005BFF8
S3150201C3306AF2593F824B06BFAD88593F86F606BF60
S3150201C3406A1E593F36A107BFA1B3583F924B08BF98
S3150201C3505348583F9BF508BF7FDC573F4E9F09BFA5
S3150201C3602670573FAD480ABF4803573FB7F10ABF88
S3150201C370E595563F6B9A0BBFFE27563FC9420CBF46
S3150201C38093B9553FD0EA0CBFA44A553F81920DBFDE
S3150201C39031DB543FDA390EBF3B6B543FDBE00EBF54
S3150201C3A0C3FA533F84870FBFC789533FD52D10BFA9
S3150201C3B04918533FCDD310BF49A6523F6B7911BFDE
S3150201C3C0C633523FB01E12BFC2C0513F9AC312BFFB
S3150201C3D03D4D513F2A6813BF37D9503F5F0C14BFF9
S3150201C3E0AF64503F39B014BFA8EF4F3FB75315BFE3
S3150201C3F01F7A4F3FD9F615BF17044F3F9F9916BFB4
S3150201C400908D4E3F073C17BF89164E3F12DE17BF6E
S3150201C410029F4D3FC07F18BFFD264D3F0F2119BF19
S3150201C42079AE4C3F00C219BF78354C3F93621ABFB1
S3150201C430F8BB4B3FC6021BBFFA414B3F99A21BBF3A
S3150201C4407FC74A3F0C421CBF874C4A3F1FE11CBFB4
S3150201C45012D1493FD17F1DBF2155493F221E1EBF21
S3150201C460B3D8483F12BC1EBFCA5B483F9F591FBF84
S3150201C47065DE473FCBF61FBF8560473F939320BFDB
S3150201C4802AE2463FF92F21BF5463463FFBCB21BF28
S3150201C49003E4453F996722BF3964453FD30223BF6F
S3150201C4A0F5E3443FA99D23BF3763443F1A3824BFAE
S3150201C4B000E2433F25D224BF5160433FCB6B25BFE8
S3150201C4C029DE423F0A0526BF895B423FE39D26BF1D
S3150201C4D070D8413F563627BFE154413F61CE27BF4F
S3150201C4E0DAD0403F056628BF5C4C403F41FD28BF7C
S3150201C4F067C73F3F159429BFFC413F3F802A2ABFA8
S3150201C5001BBC3E3F82C02ABFC5353E3F1B562BBFD1
S3150201C510F9AE3D3F4AEB2BBFB8273D3F0F802CBFFB
S3150201C52003A03C3F69142DBFD9173C3F59A82DBF23
S3150201C5303B8F3B3FDE3B2EBF29063B3FF7CE2EBF4D
S3150201C540A47C3A3FA5612FBFACF2393FE6F32FBF78
S3150201C5504268393FBB8530BF65DD383F221731BF9F
S3150201C5601652383F1DA831BF55C6373FAA3832BFCA
S3150201C570233A373FC9C832BF7FAD363F7A5833BFF8
S3150201C5806C20363FBCE733BFE792353F8F7634BF27
S3150201C590F304353FF30435BF8F76343FE79235BF57
S3150201C5A0BCE7333F6C2036BF7A58333F7FAD36BF87
S3150201C5B0C9C8323F233A37BFAA38323F55C637BFB9
S3150201C5C01DA8313F165238BF2217313F65DD38BFEC
S3150201C5D0BB85303F426839BFE6F32F3FACF239BF24
S3150201C5E0A5612F3FA47C3ABFF7CE2E3F29063BBF5A
S3150201C5F0DE3B2E3F3B8F3BBF59A82D3FD9173CBF90
S3150201C60069142D3F03A03CBF0F802C3FB8273DBFC5
S3150201C6104AEB2B3FF9AE3DBF1B562B3FC5353EBFFD
S3150201C62082C02A3F1BBC3EBF802A2A3FFC413FBF34
S3150201C6301594293F67C73FBF41FD283F5C4C40BF68
S3150201C6400566283FDAD040BF61CE273FE15441BF9C
S3150201C6505636273F70D841BFE39D263F895B42BFCD
S3150201C6600A05263F29DE42BFCB6B253F516043BFF8
S3150201C67025D2243F00E243BF1A38243F376344BF21
S3150201C680A99D233FF5E344BFD302233F396445BF46
S3150201C6909967223F03E445BFFBCB213F546346BF63
S3150201C6A0F92F213F2AE246BF9393203F856047BF78
S3150201C6B0CBF61F3F65DE47BF9F591F3FCA5B48BF87
S3150201C6C012BC1E3FB3D848BF221E1E3F215549BF89
S3150201C6D0D17F1D3F12D149BF1FE11C3F874C4ABF83
S3150201C6E00C421C3F7FC74ABF99A21B3FFA414BBF6F
S3150201C6F0C6021B3FF8BB4BBF93621A3F78354CBF4C
S3150201C70000C2193F79AE4CBF0F21193FFD264DBF1D
S3150201C710C07F183F029F4DBF12DE173F89164EBFDB
S3150201C720073C173F908D4EBF9F99163F17044FBF87
S3150201C730D9F6153F1F7A4FBFB753153FA8EF4FBF23
S3150201C74039B0143FAF6450BF5F0C143F37D950BFA5
S3150201C7502A68133F3D4D51BF9AC3123FC2C051BF12
S3150201C760B01E123FC63352BF6B79113F49A652BF63
S3150201C770CDD3103F491853BFD52D103FC78953BF9B
S3150201C78084870F3FC3FA53BFDBE00E3F3B6B54BFB7
S3150201C790DA390E3F31DB54BF81920D3FA44A55BFB0
S3150201C7A0D0EA0C3F93B955BFC9420C3FFE2756BF8B
S3150201C7B06B9A0B3FE59556BFB7F10A3F480357BF40
S3150201C7C0AD480A3F267057BF4E9F093F7FDC57BFD0
S3150201C7D09BF5083F534858BF924B083FA1B358BF38
S3150201C7E036A1073F6A1E59BF86F6063FAD8859BF75
S3150201C7F0824B063F6AF259BF2CA0053FA05B5ABF86
S3150201C80084F4043F50C45ABF8948043F792C5BBF64
S3150201C8103D9C033F1A945BBF9FEF023F34FB5BBF14
S3150201C820B142023FC7615CBF7395013FD1C75CBF8D
S3150201C830E4E7003F532D5DBF063A003F4D925DBFCF
S3150201C840B217FF3EBEF65DBFBBBAFD3EA65A5EBF3C
S3150201C850275DFC3E05BE5EBFF7FEFA3EDB205FBFEB
S3150201C8602DA0F93E27835FBFC840F83EE9E45FBFCA
S3150201C870CBE0F63E214660BF3580F53ECFA660BFCE
S3150201C880071FF43EF20661BF43BDF23E8A6661BFEF
S3150201C890EA5AF13E98C561BFFBF7EF3E1A2462BF21
S3150201C8A07994EE3E108262BF6330ED3E7BDF62BF5A
S3150201C8B0BBCBEB3E5A3C63BF8166EA3EAC9863BF93
S3150201C8C0B700E93E73F463BF5D9AE73EAC4F64BFBE
S3150201C8D07533E63E59AA64BFFECBE43E790465BFD1
S3150201C8E0FA63E33E0B5E65BF6AFBE13E10B765BFC5
S3150201C8F04F92E03E880F66BFA928DF3E716766BF89
S3150201C90079BEDD3ECCBE66BFC153DC3E991567BF1B
S3150201C91080E8DA3ED86B67BFB97CD93E87C167BF6B
S3150201C9206B10D83EA81668BF99A3D63E396B68BF6D
S3150201C9304136D53E3CBF68BF67C8D33EAE1269BF1A
S3150201C940095AD23E916569BF2AEBD03EE4B769BF67
S3150201C950CA7BCF3EA7096ABFEA0BCE3ED95A6ABF46
S3150201C9608B9BCC3E7BAB6ABFAE2ACB3E8CFB6ABFAE
S3150201C97053B9C93E0C4B6BBF7C47C83EFB996BBF93
S3150201C98029D5C63E58E86BBF5C62C53E24366CBFEC
S3150201C99015EFC33E5E836CBF557BC23E07D06CBFAB
S3150201C9A01E07C13E1D1C6DBF6F92BF3EA1676DBFC3
S3150201C9B04A1DBE3E93B26DBFAFA7BC3EF2FC6DBF30
S3150201C9C0A031BB3EBE466EBF1EBBB93EF88F6EBFDF
S3150201C9D02A44B83E9ED86EBFC3CCB63EB0206FBFC6
S3150201C9E0EC54B53E30686FBFA5DCB33E1BAF6FBFDB
S3150201C9F0EF63B23E73F56FBFCBEAB03E373B70BF12
S3150201CA003A71AF3E668070BF3CF7AD3E02C570BF5C
S3150201CA10D47CAC3E080971BF0102AB3E7A4C71BFB0
S3150201CA20C486A93E578F71BF1F0BA83E9FD171BF06
S3150201CA30128FA63E521372BF9F12A53E705472BF49
S3150201CA40C595A33EF89472BF8718A23EEBD472BF76
S3150201CA50E59AA03E471473BFDF1C9F3E0E5373BF78
S3150201CA60789E9D3E3F9173BFAF1F9C3ED9CE73BF49
S3150201CA7086A09A3EDD0B74BFFE20993E4B4874BFD9
S3150201CA8017A1973E228474BFD220963E62BF74BF1D
S3150201CA9031A0943E0BFA74BF351F933E1D3475BF08
S3150201CAA0DD9D913E976D75BF2C1C903E7BA675BF91
S3150201CAB0229A8E3EC6DE75BFC0178D3E7A1676BFA6
S3150201CAC007958B3E974D76BFF8118A3E1B8476BF3A
S3150201CAD0938E883E07BA76BFDA0A873E5BEF76BF48
S3150201CAE0CE86853E172477BF7002843E3A5877BFB9
S3150201CAF0C07D823EC58B77BFC0F8803EB7BE77BF89
S3150201CB00E1E67E3E10F177BFA4DB7B3ED12278BF00
S3150201CB10CCCF783EF85378BF5AC3753E868478BF28
S3150201CB2051B6723E7BB478BFB2A86F3ED6E378BFE8
S3150201CB307F9A6C3E981279BFBA8B693EC04079BF23
S3150201CB40667C663E4E6E79BF836C633E439B79BFBC
S3150201CB50135C603E9DC779BF1A4B5D3E5EF379BF9A
S3150201CB6097395A3E841E7ABF8F27573E10497ABF9C
S3150201CB700115543E02737ABFF101513E599C7ABFA7
S3150201CB8060EE4D3E16C57ABF4FDA4A3E37ED7ABFA1
S3150201CB90C2C5473EBE147BBFB9B0443EAB3B7BBF69
S3150201CBA0379B413EFC617BBF3E853E3EB2877BBFE2
S3150201CBB0CF6E3B3ECDAC7BBFEC57383E4DD17BBFF2
S3150201CBC09840353E31F57BBFD428323E7A187CBF78
S3150201CBD0A2102F3E283B7CBF04F82B3E3A5D7CBF58
S3150201CBE0FCDE283EB07E7CBF8CC5253E8A9F7CBF7B
S3150201CBF0B6AB223EC9BF7CBF7B911F3E6CDF7CBFB9
S3150201CC00DE761C3E73FE7CBFE05B193EDD1C7DBFFA
S3150201CC108340163EAC3A7DBFCA24133EDE577DBF22
S3150201CC20B708103E74747DBF4AEC0C3E6E907DBF10
S3150201CC3086CF093ECCAB7DBF6EB2063E8CC67DBFAA
S3150201CC400295033EB1E07DBF4577003E38FA7DBFCE
S3150201CC5073B2FA3D24137EBFC075F43D722B7EBFBB
S3150201CC607638EE3D23437EBF9AFAE73D385A7EBFB8
S3150201CC702EBCE13DB0707EBF377DDB3D8B867EBF2C
S3150201CC80B93DD53DC99B7EBFB7FDCE3D69B07EBFDD
S3150201CC9036BDC83D6DC47EBF397CC23DD4D77EBF89
S3150201CCA0C33ABC3D9DEA7EBFDAF8B53DC9FC7EBFFB
S3150201CCB080B6AF3D580E7FBFBA73A93D491F7FBFEC
S3150201CCC08C30A33D9D2F7FBFF9EC9C3D543F7FBF26
S3150201CCD005A9963D6D4E7FBFB464903DE95C7FBF69
S3150201CCE00A208A3DC76A7FBF0ADB833D08787FBF78
S3150201CCF0742B7B3DAB847FBF38A06E3DB1907FBF65
S3150201CD006814623D189C7FBF0E88553DE3A67FBF1E
S3150201CD102FFB483D0FB17FBFD56D3C3D9EBA7FBF0C
S3150201CD2007E02F3D8FC37FBFCC51233DE2CB7FBFAF
S3150201CD302CC3163D98D37FBF2F340A3DAFDA7FBF8E
S3150201CD40B949FB3C29E17FBF7B2AE23C05E77FBF6C
S3150201CD50B00AC93C43EC7FBF69EAAF3CE3F07FBF4F
S3150201CD60B6C9963CE6F47FBF4B517B3C4AF87FBF7E
S3150201CD70900E493C11FB7FBF59CB163C39FD7FBF53
S3150201CD80890FC93BC4FE7FBFC70F493BB1FF7FBFB6
S3150201CD90000000000000803F890FC93BC4FE7F3FAF
S3150201CDA0900E493C11FB7F3FB6C9963CE6F47F3FA4
S3150201CDB0B00AC93C43EC7F3FB949FB3C29E17F3FBD
S3150201CDC02CC3163D98D37F3F07E02F3D8FC37F3F8C
S3150201CDD02FFB483D0FB17F3F6814623D189C7F3F90
S3150201CDE0742B7B3DAB847F3F0A208A3DC76A7F3F16
S3150201CDF005A9963D6D4E7F3F8C30A33D9D2F7F3F0A
S3150201CE0080B6AF3D580E7F3FC33ABC3D9DEA7E3F99
S3150201CE1036BDC83D6DC47E3FB93DD53DC99B7E3FFA
S3150201CE202EBCE13DB0707E3F7638EE3D23437E3F18
S3150201CE3073B2FA3D24137E3F0295033EB1E07D3F74
S3150201CE4086CF093ECCAB7D3FB708103E74747D3F59
S3150201CE508340163EAC3A7D3FDE761C3E73FE7C3F36
S3150201CE60B6AB223EC9BF7C3FFCDE283EB07E7C3F8C
S3150201CE70A2102F3E283B7C3F9840353E31F57B3F41
S3150201CE80CF6E3B3ECDAC7B3F379B413EFC617B3F48
S3150201CE90C2C5473EBE147B3F60EE4D3E16C57A3F84
S3150201CEA00115543E02737A3F97395A3E841E7A3FE0
S3150201CEB0135C603E9DC7793F667C663E4E6E793F46
S3150201CEC07F9A6C3E9812793F51B6723E7BB4783F97
S3150201CED0CCCF783EF853783FE1E67E3E10F1773FBC
S3150201CEE0C07D823EC58B773FCE86853E1724773F2E
S3150201CEF0938E883E07BA763F07958B3E974D763FCE
S3150201CF00229A8E3EC6DE753FDD9D913E976D753F37
S3150201CF1031A0943E0BFA743F17A1973E2284743FC7
S3150201CF2086A09A3EDD0B743F789E9D3E3F91733FEC
S3150201CF30E59AA03E4714733FC595A33EF894723F06
S3150201CF40128FA63E5213723FC486A93E578F713F76
S3150201CF50D47CAC3E0809713F3A71AF3E6680703FA0
S3150201CF60EF63B23E73F56F3FEC54B53E30686F3FE7
S3150201CF702A44B83E9ED86E3FA031BB3EBE466E3FA6
S3150201CF804A1DBE3E93B26D3F1E07C13E1D1C6D3F3B
S3150201CF9015EFC33E5E836C3F29D5C63E58E86B3F0B
S3150201CFA053B9C93E0C4B6B3F8B9BCC3E7BAB6A3F65
S3150201CFB0CA7BCF3EA7096A3F095AD23E9165693FAC
S3150201CFC04136D53E3CBF683F6B10D83EA816683F36
S3150201CFD080E8DA3ED86B673F79BEDD3ECCBE663F5E
S3150201CFE04F92E03E880F663FFA63E33E0B5E653F72
S3150201CFF07533E63E59AA643FB700E93E73F4633FCF
S3150201D000BBCBEB3E5A3C633F7994EE3E1082623FC4
S3150201D010EA5AF13E98C5613F071FF43EF206613FA7
S3150201D020CBE0F63E2146603F2DA0F93E27835F3FC6
S3150201D030275DFC3E05BE5E3FB217FF3EBEF65D3F73
S3150201D040E4E7003F532D5D3FB142023FC7615C3FBA
S3150201D0503D9C033F1A945B3F84F4043F50C45A3FFC
S3150201D060824B063F6AF2593F36A1073F6A1E593F74
S3150201D0709BF5083F5348583FAD480A3F2670573F34
S3150201D0806B9A0B3FE595563FD0EA0C3F93B9553F54
S3150201D090DA390E3F31DB543F84870F3FC3FA533FE0
S3150201D0A0CDD3103F4918533FB01E123FC633523FEC
S3150201D0B02A68133F3D4D513F39B0143FAF64503F8B
S3150201D0C0D9F6153F1F7A4F3F073C173F908D4E3FCA
S3150201D0D0C07F183F029F4D3F00C2193F79AE4C3FB8
S3150201D0E0C6021B3FF8BB4B3F0C421C3F7FC74A3F60
S3150201D0F0D17F1D3F12D1493F12BC1E3FB3D8483FD3
S3150201D100CBF61F3F65DE473FF92F213F2AE2463F15
S3150201D1109967223F03E4453FA99D233FF5E3443F37
S3150201D12025D2243F00E2433F0A05263F29DE423F3C
S3150201D1305636273F70D8413F0566283FDAD0403F31
S3150201D1401594293F67C73F3F82C02A3F1BBC3E3F1A
S3150201D1504AEB2B3FF9AE3D3F69142D3F03A03C3FFD
S3150201D160DE3B2E3F3B8F3B3FA5612F3FA47C3A3FDF
S3150201D170BB85303F4268393F1DA8313F1652383FC1
S3150201D180C9C8323F233A373FBCE7333F6C20363FAB
S3150201D190F304353FF304353F6C20363FBCE7333F9A
S3150201D1A0233A373FC9C8323F1652383F1DA8313F8D
S3150201D1B04268393FBB85303FA47C3A3FA5612F3F88
S3150201D1C03B8F3B3FDE3B2E3F03A03C3F69142D3F85
S3150201D1D0F9AE3D3F4AEB2B3F1BBC3E3F82C02A3F85
S3150201D1E067C73F3F1594293FDAD0403F0566283F7E
S3150201D1F070D8413F5636273F29DE423F0A05263F70
S3150201D20000E2433F25D2243FF5E3443FA99D233F54
S3150201D21003E4453F9967223F2AE2463FF92F213F20
S3150201D22065DE473FCBF61F3FB3D8483F12BC1E3FD0
S3150201D23012D1493FD17F1D3F7FC74A3F0C421C3F56
S3150201D240F8BB4B3FC6021B3F79AE4C3F00C2193FAA
S3150201D250029F4D3FC07F183F908D4E3F073C173FBF
S3150201D2601F7A4F3FD9F6153FAF64503F39B0143F8D
S3150201D2703D4D513F2A68133FC633523FB01E123FFE
S3150201D2804918533FCDD3103FC3FA533F84870F3F0B
S3150201D29031DB543FDA390E3F93B9553FD0EA0C3FA1
S3150201D2A0E595563F6B9A0B3F2670573FAD480A3FAD
S3150201D2B05348583F9BF5083F6A1E593F36A1073F1F
S3150201D2C06AF2593F824B063F50C45A3F84F4043FE7
S3150201D2D01A945B3F3D9C033FC7615C3FB142023FEB
S3150201D2E0532D5D3FE4E7003FBEF65D3FB217FF3EB9
S3150201D2F005BE5E3F275DFC3E27835F3F2DA0F93EBB
S3150201D3002146603FCBE0F63EF206613F071FF43E3F
S3150201D31098C5613FEA5AF13E1082623F7994EE3E28
S3150201D3205A3C633FBBCBEB3E73F4633FB700E93E26
S3150201D33059AA643F7533E63E0B5E653FFA63E33EE7
S3150201D340880F663F4F92E03ECCBE663F79BEDD3E18
S3150201D350D86B673F80E8DA3EA816683F6B10D83E65
S3150201D3603CBF683F4136D53E9165693F095AD23E77
S3150201D370A7096A3FCA7BCF3E7BAB6A3F8B9BCC3EFA
S3150201D3800C4B6B3F53B9C93E58E86B3F29D5C63E94
S3150201D3905E836C3F15EFC33E1D1C6D3F1E07C13EEA
S3150201D3A093B26D3F4A1DBE3EBE466E3FA031BB3EA5
S3150201D3B09ED86E3F2A44B83E30686F3FEC54B53E64
S3150201D3C073F56F3FEF63B23E6680703F3A71AF3ECF
S3150201D3D00809713FD47CAC3E578F713FC486A93E82
S3150201D3E05213723F128FA63EF894723FC595A33E21
S3150201D3F04714733FE59AA03E3F91733F789E9D3E47
S3150201D400DD0B743F86A09A3E2284743F17A1973E94
S3150201D4100BFA743F31A0943E976D753FDD9D913EA7
S3150201D420C6DE753F229A8E3E974D763F07958B3E15
S3150201D43007BA763F938E883E1724773FCE86853E7E
S3150201D440C58B773FC07D823E10F1773FE1E67E3E96
S3150201D450F853783FCCCF783E7BB4783F51B6723ED3
S3150201D4609812793F7F9A6C3E4E6E793F667C663E94
S3150201D4709DC7793F135C603E841E7A3F97395A3EB7
S3150201D48002737A3F0115543E16C57A3F60EE4D3E50
S3150201D490BE147B3FC2C5473EFC617B3F379B413E83
S3150201D4A0CDAC7B3FCF6E3B3E31F57B3F9840353E5F
S3150201D4B0283B7C3FA2102F3EB07E7C3FFCDE283EFD
S3150201D4C0C9BF7C3FB6AB223E73FE7C3FDE761C3E75
S3150201D4D0AC3A7D3F8340163E74747D3FB708103ED9
S3150201D4E0CCAB7D3F86CF093EB1E07D3F0295033E3F
S3150201D4F024137E3F73B2FA3D23437E3F7638EE3DD7
S3150201D500B0707E3F2EBCE13DC99B7E3FB93DD53D04
S3150201D5106DC47E3F36BDC83D9DEA7E3FC33ABC3DE2
S3150201D520580E7F3F80B6AF3D9D2F7F3F8C30A33D86
S3150201D5306D4E7F3F05A9963DC76A7F3F0A208A3D08
S3150201D540AB847F3F742B7B3D189C7F3F6814623D01
S3150201D5500FB17F3F2FFB483D8FC37F3F07E02F3D32
S3150201D56098D37F3F2CC3163D29E17F3FB949FB3C46
S3150201D57043EC7F3FB00AC93CE6F47F3FB6C9963C0D
S3150201D58011FB7F3F900E493CC4FE7F3F890FC93B89
S3150201D5900000803F00000000C4FE7F3F890FC9BB27
S3150201D5A011FB7F3F900E49BCE6F47F3FB6C996BC9C
S3150201D5B043EC7F3FB00AC9BC29E17F3FB949FBBCB5
S3150201D5C098D37F3F2CC316BD8FC37F3F07E02FBD84
S3150201D5D00FB17F3F2FFB48BD189C7F3F681462BD88
S3150201D5E0AB847F3F742B7BBDC76A7F3F0A208ABD0E
S3150201D5F06D4E7F3F05A996BD9D2F7F3F8C30A3BD02
S3150201D600580E7F3F80B6AFBD9DEA7E3FC33ABCBD91
S3150201D6106DC47E3F36BDC8BDC99B7E3FB93DD5BDF2
S3150201D620B0707E3F2EBCE1BD23437E3F7638EEBD10
S3150201D63024137E3F73B2FABDB1E07D3F029503BE6C
S3150201D640CCAB7D3F86CF09BE74747D3FB70810BE51
S3150201D650AC3A7D3F834016BE73FE7C3FDE761CBE2E
S3150201D660C9BF7C3FB6AB22BEB07E7C3FFCDE28BE84
S3150201D670283B7C3FA2102FBE31F57B3F984035BE39
S3150201D680CDAC7B3FCF6E3BBEFC617B3F379B41BE40
S3150201D690BE147B3FC2C547BE16C57A3F60EE4DBE7C
S3150201D6A002737A3F011554BE841E7A3F97395ABED8
S3150201D6B09DC7793F135C60BE4E6E793F667C66BE3E
S3150201D6C09812793F7F9A6CBE7BB4783F51B672BE8F
S3150201D6D0F853783FCCCF78BE10F1773FE1E67EBEB4
S3150201D6E0C58B773FC07D82BE1724773FCE8685BE26
S3150201D6F007BA763F938E88BE974D763F07958BBEC6
S3150201D700C6DE753F229A8EBE976D753FDD9D91BE2F
S3150201D7100BFA743F31A094BE2284743F17A197BEBF
S3150201D720DD0B743F86A09ABE3F91733F789E9DBEE4
S3150201D7304714733FE59AA0BEF894723FC595A3BEFE
S3150201D7405213723F128FA6BE578F713FC486A9BE6E
S3150201D7500809713FD47CACBE6680703F3A71AFBE98
S3150201D76073F56F3FEF63B2BE30686F3FEC54B5BEDF
S3150201D7709ED86E3F2A44B8BEBE466E3FA031BBBE9E
S3150201D78093B26D3F4A1DBEBE1D1C6D3F1E07C1BE33
S3150201D7905E836C3F15EFC3BE58E86B3F29D5C6BE03
S3150201D7A00C4B6B3F53B9C9BE7BAB6A3F8B9BCCBE5D
S3150201D7B0A7096A3FCA7BCFBE9165693F095AD2BEA4
S3150201D7C03CBF683F4136D5BEA816683F6B10D8BE2E
S3150201D7D0D86B673F80E8DABECCBE663F79BEDDBE56
S3150201D7E0880F663F4F92E0BE0B5E653FFA63E3BE6A
S3150201D7F059AA643F7533E6BE73F4633FB700E9BEC7
S3150201D8005A3C633FBBCBEBBE1082623F7994EEBEBC
S3150201D81098C5613FEA5AF1BEF206613F071FF4BE9F
S3150201D8202146603FCBE0F6BE27835F3F2DA0F9BEBE
S3150201D83005BE5E3F275DFCBEBEF65D3FB217FFBE6B
S3150201D840532D5D3FE4E700BFC7615C3FB14202BFB2
S3150201D8501A945B3F3D9C03BF50C45A3F84F404BFF4
S3150201D8606AF2593F824B06BF6A1E593F36A107BF6C
S3150201D8705348583F9BF508BF2670573FAD480ABF2C
S3150201D880E595563F6B9A0BBF93B9553FD0EA0CBF4C
S3150201D89031DB543FDA390EBFC3FA533F84870FBFD8
S3150201D8A04918533FCDD310BFC633523FB01E12BFE4
S3150201D8B03D4D513F2A6813BFAF64503F39B014BF83
S3150201D8C01F7A4F3FD9F615BF908D4E3F073C17BFC2
S3150201D8D0029F4D3FC07F18BF79AE4C3F00C219BFB0
S3150201D8E0F8BB4B3FC6021BBF7FC74A3F0C421CBF58
S3150201D8F012D1493FD17F1DBFB3D8483F12BC1EBFCB
S3150201D90065DE473FCBF61FBF2AE2463FF92F21BF0D
S3150201D91003E4453F996722BFF5E3443FA99D23BF2F
S3150201D92000E2433F25D224BF29DE423F0A0526BF34
S3150201D93070D8413F563627BFDAD0403F056628BF29
S3150201D94067C73F3F159429BF1BBC3E3F82C02ABF12
S3150201D950F9AE3D3F4AEB2BBF03A03C3F69142DBFF5
S3150201D9603B8F3B3FDE3B2EBFA47C3A3FA5612FBFD7
S3150201D9704268393FBB8530BF1652383F1DA831BFB9
S3150201D980233A373FC9C832BF6C20363FBCE733BFA3
S3150201D990F304353FF30435BFBCE7333F6C2036BF92
S3150201D9A0C9C8323F233A37BF1DA8313F165238BF85
S3150201D9B0BB85303F426839BFA5612F3FA47C3ABF80
S3150201D9C0DE3B2E3F3B8F3BBF69142D3F03A03CBF7D
S3150201D9D04AEB2B3FF9AE3DBF82C02A3F1BBC3EBF7D
S3150201D9E01594293F67C73FBF0566283FDAD040BF76
S3150201D9F05636273F70D841BF0A05263F29DE42BF68
S3150201DA0025D2243F00E243BFA99D233FF5E344BF4C
S3150201DA109967223F03E445BFF92F213F2AE246BF18
S3150201DA20CBF61F3F65DE47BF12BC1E3FB3D848BFC8
S3150201DA30D17F1D3F12D149BF0C421C3F7FC74ABF4E
S3150201DA40C6021B3FF8BB4BBF00C2193F79AE4CBFA2
S3150201DA50C07F183F029F4DBF073C173F908D4EBFB7
S3150201DA60D9F6153F1F7A4FBF39B0143FAF6450BF85
S3150201DA702A68133F3D4D51BFB01E123FC63352BFF6
S3150201DA80CDD3103F491853BF84870F3FC3FA53BF03
S3150201DA90DA390E3F31DB54BFD0EA0C3F93B955BF99
S3150201DAA06B9A0B3FE59556BFAD480A3F267057BFA5
S3150201DAB09BF5083F534858BF36A1073F6A1E59BF17
S3150201DAC0824B063F6AF259BF84F4043F50C45ABFDF
S3150201DAD03D9C033F1A945BBFB142023FC7615CBFE3
S3150201DAE0E4E7003F532D5DBFB217FF3EBEF65DBFB1
S3150201DAF0275DFC3E05BE5EBF2DA0F93E27835FBFB3
S3150201DB00CBE0F63E214660BF071FF43EF20661BF37
S3150201DB10EA5AF13E98C561BF7994EE3E108262BF20
S3150201DB20BBCBEB3E5A3C63BFB700E93E73F463BF1E
S3150201DB307533E63E59AA64BFFA63E33E0B5E65BFDF
S3150201DB404F92E03E880F66BF79BEDD3ECCBE66BF10
S3150201DB5080E8DA3ED86B67BF6B10D83EA81668BF5D
S3150201DB604136D53E3CBF68BF095AD23E916569BF6F
S3150201DB70CA7BCF3EA7096ABF8B9BCC3E7BAB6ABFF2
S3150201DB8053B9C93E0C4B6BBF29D5C63E58E86BBF8C
S3150201DB9015EFC33E5E836CBF1E07C13E1D1C6DBFE2
S3150201DBA04A1DBE3E93B26DBFA031BB3EBE466EBF9D
S3150201DBB02A44B83E9ED86EBFEC54B53E30686FBF5C
S3150201DBC0EF63B23E73F56FBF3A71AF3E668070BFC7
S3150201DBD0D47CAC3E080971BFC486A93E578F71BF7A
S3150201DBE0128FA63E521372BFC595A33EF89472BF19
S3150201DBF0E59AA03E471473BF789E9D3E3F9173BF3F
S3150201DC0086A09A3EDD0B74BF17A1973E228474BF8C
S3150201DC1031A0943E0BFA74BFDD9D913E976D75BF9F
S3150201DC20229A8E3EC6DE75BF07958B3E974D76BF0D
S3150201DC30938E883E07BA76BFCE86853E172477BF76
S3150201DC40C07D823EC58B77BFE1E67E3E10F177BF8E
S3150201DC50CCCF783EF85378BF51B6723E7BB478BFCB
S3150201DC607F9A6C3E981279BF667C663E4E6E79BF8C
S3150201DC70135C603E9DC779BF97395A3E841E7ABFAF
S3150201DC800115543E02737ABF60EE4D3E16C57ABF48
S3150201DC90C2C5473EBE147BBF379B413EFC617BBF7B
S3150201DCA0CF6E3B3ECDAC7BBF9840353E31F57BBF57
S3150201DCB0A2102F3E283B7CBFFCDE283EB07E7CBFF5
S3150201DCC0B6AB223EC9BF7CBFDE761C3E73FE7CBF6D
S3150201DCD08340163EAC3A7DBFB708103E74747DBFD1
S3150201DCE086CF093ECCAB7DBF0295033EB1E07DBF37
S3150201DCF073B2FA3D24137EBF7638EE3D23437EBFCF
S3150201DD002EBCE13DB0707EBFB93DD53DC99B7EBFFC
S3150201DD1036BDC83D6DC47EBFC33ABC3D9DEA7EBFDA
S3150201DD2080B6AF3D580E7FBF8C30A33D9D2F7FBF7E
S3150201DD3005A9963D6D4E7FBF0A208A3DC76A7FBF00
S3150201DD40742B7B3DAB847FBF6814623D189C7FBFF9
S3150201DD502FFB483D0FB17FBF07E02F3D8FC37FBF2A
S3150201DD602CC3163D98D37FBFB949FB3C29E17FBF3E
S3150201DD70B00AC93C43EC7FBFB6C9963CE6F47FBF05
S3150201DD80900E493C11FB7FBF890FC93BC4FE7FBF81
S3150201DD90000000000000803F900E493C11FB7F3FCE
S3150201DDA0B00AC93C43EC7F3F2CC3163D98D37F3F53
S3150201DDB02FFB483D0FB17F3F742B7B3DAB847F3FE9
S3150201DDC005A9963D6D4E7F3F80B6AF3D580E7F3F0A
S3150201DDD036BDC83D6DC47E3F2EBCE13DB0707E3F6F
S3150201DDE073B2FA3D24137E3F86CF093ECCAB7D3F0B
S3150201DDF08340163EAC3A7D3FB6AB223EC9BF7C3F5D
S3150201DE00A2102F3E283B7C3FCF6E3B3ECDAC7B3FE3
S3150201DE10C2C5473EBE147B3F0115543E02737A3F8B
S3150201DE20135C603E9DC7793F7F9A6C3E9812793F9B
S3150201DE30CCCF783EF853783FC07D823EC58B773F83
S3150201DE40938E883E07BA763F229A8E3EC6DE753F8C
S3150201DE5031A0943E0BFA743F86A09A3EDD0B743FC5
S3150201DE60E59AA03E4714733F128FA63E5213723FA4
S3150201DE70D47CAC3E0809713FEF63B23E73F56F3F46
S3150201DE802A44B83E9ED86E3F4A1DBE3E93B26D3FAE
S3150201DE9015EFC33E5E836C3F53B9C93E0C4B6B3FD4
S3150201DEA0CA7BCF3EA7096A3F4136D53E3CBF683F92
S3150201DEB080E8DA3ED86B673F4F92E03E880F663FB5
S3150201DEC07533E63E59AA643FBBCBEB3E5A3C633FF0
S3150201DED0EA5AF13E98C5613FCBE0F63E2146603FE4
S3150201DEE0275DFC3E05BE5E3FE4E7003F532D5D3FE5
S3150201DEF03D9C033F1A945B3F824B063F6AF2593FB0
S3150201DF009BF5083F5348583F6B9A0B3FE595563FA1
S3150201DF10DA390E3F31DB543FCDD3103F4918533F17
S3150201DF202A68133F3D4D513FD9F6153F1F7A4F3FA0
S3150201DF30C07F183F029F4D3FC6021B3FF8BB4B3FB6
S3150201DF40D17F1D3F12D1493FCBF61F3F65DE473FC9
S3150201DF509967223F03E4453F25D2243F00E2433F2E
S3150201DF605636273F70D8413F1594293F67C73F3F31
S3150201DF704AEB2B3FF9AE3D3FDE3B2E3F3B8F3B3F0C
S3150201DF80BB85303F4268393FC9C8323F233A373FE2
S3150201DF90F304353FF304353F233A373FC9C8323FCD
S3150201DFA04268393FBB85303F3B8F3B3FDE3B2E3FCD
S3150201DFB0F9AE3D3F4AEB2B3F67C73F3F1594293FD9
S3150201DFC070D8413F5636273F00E2433F25D2243FD0
S3150201DFD003E4453F9967223F65DE473FCBF61F3F84
S3150201DFE012D1493FD17F1D3FF8BB4B3FC6021B3FB2
S3150201DFF0029F4D3FC07F183F1F7A4F3FD9F6153F0B
S3150201E0003D4D513F2A68133F4918533FCDD3103F27
S3150201E01031DB543FDA390E3FE595563F6B9A0B3F9A
S3150201E0205348583F9BF5083F6AF2593F824B063FD8
S3150201E0301A945B3F3D9C033F532D5D3FE4E7003F4E
S3150201E04005BE5E3F275DFC3E2146603FCBE0F63EC4
S3150201E05098C5613FEA5AF13E5A3C633FBBCBEB3E60
S3150201E06059AA643F7533E63E880F663F4F92E03EFA
S3150201E070D86B673F80E8DA3E3CBF683F4136D53E02
S3150201E080A7096A3FCA7BCF3E0C4B6B3F53B9C93EC8
S3150201E0905E836C3F15EFC33E93B26D3F4A1DBE3E92
S3150201E0A09ED86E3F2A44B83E73F56F3FEF63B23E88
S3150201E0B00809713FD47CAC3E5213723F128FA63EC1
S3150201E0C04714733FE59AA03EDD0B743F86A09A3E44
S3150201E0D00BFA743F31A0943EC6DE753F229A8E3EFC
S3150201E0E007BA763F938E883EC58B773FC07D823EC7
S3150201E0F0F853783FCCCF783E9812793F7F9A6C3E9F
S3150201E1009DC7793F135C603E02737A3F0115543E07
S3150201E110BE147B3FC2C5473ECDAC7B3FCF6E3B3E75
S3150201E120283B7C3FA2102F3EC9BF7C3FB6AB223EA5
S3150201E130AC3A7D3F8340163ECCAB7D3F86CF093E4E
S3150201E14024137E3F73B2FA3DB0707E3F2EBCE13D91
S3150201E1506DC47E3F36BDC83D580E7F3F80B6AF3D8A
S3150201E1606D4E7F3F05A9963DAB847F3F742B7B3D68
S3150201E1700FB17F3F2FFB483D98D37F3F2CC3163DFE
S3150201E18043EC7F3FB00AC93C11FB7F3F900E493CED
S3150201E1900000803F0000000011FB7F3F900E49BC4A
S3150201E1A043EC7F3FB00AC9BC98D37F3F2CC316BD4F
S3150201E1B00FB17F3F2FFB48BDAB847F3F742B7BBDE5
S3150201E1C06D4E7F3F05A996BD580E7F3F80B6AFBD06
S3150201E1D06DC47E3F36BDC8BDB0707E3F2EBCE1BD6B
S3150201E1E024137E3F73B2FABDCCAB7D3F86CF09BE07
S3150201E1F0AC3A7D3F834016BEC9BF7C3FB6AB22BE59
S3150201E200283B7C3FA2102FBECDAC7B3FCF6E3BBEDF
S3150201E210BE147B3FC2C547BE02737A3F011554BE87
S3150201E2209DC7793F135C60BE9812793F7F9A6CBE97
S3150201E230F853783FCCCF78BEC58B773FC07D82BE7F
S3150201E24007BA763F938E88BEC6DE753F229A8EBE88
S3150201E2500BFA743F31A094BEDD0B743F86A09ABEC1
S3150201E2604714733FE59AA0BE5213723F128FA6BEA0
S3150201E2700809713FD47CACBE73F56F3FEF63B2BE42
S3150201E2809ED86E3F2A44B8BE93B26D3F4A1DBEBEAA
S3150201E2905E836C3F15EFC3BE0C4B6B3F53B9C9BED0
S3150201E2A0A7096A3FCA7BCFBE3CBF683F4136D5BE8E
S3150201E2B0D86B673F80E8DABE880F663F4F92E0BEB1
S3150201E2C059AA643F7533E6BE5A3C633FBBCBEBBEEC
S3150201E2D098C5613FEA5AF1BE2146603FCBE0F6BEE0
S3150201E2E005BE5E3F275DFCBE532D5D3FE4E700BFE1
S3150201E2F01A945B3F3D9C03BF6AF2593F824B06BFAC
S3150201E3005348583F9BF508BFE595563F6B9A0BBF9D
S3150201E31031DB543FDA390EBF4918533FCDD310BF13
S3150201E3203D4D513F2A6813BF1F7A4F3FD9F615BF9C
S3150201E330029F4D3FC07F18BFF8BB4B3FC6021BBFB2
S3150201E34012D1493FD17F1DBF65DE473FCBF61FBFC5
S3150201E35003E4453F996722BF00E2433F25D224BF2A
S3150201E36070D8413F563627BF67C73F3F159429BF2D
S3150201E370F9AE3D3F4AEB2BBF3B8F3B3FDE3B2EBF08
S3150201E3804268393FBB8530BF233A373FC9C832BFDE
S3150201E390F304353FF30435BFC9C8323F233A37BFC9
S3150201E3A0BB85303F426839BFDE3B2E3F3B8F3BBFC9
S3150201E3B04AEB2B3FF9AE3DBF1594293F67C73FBFD5
S3150201E3C05636273F70D841BF25D2243F00E243BFCC
S3150201E3D09967223F03E445BFCBF61F3F65DE47BF80
S3150201E3E0D17F1D3F12D149BFC6021B3FF8BB4BBFAE
S3150201E3F0C07F183F029F4DBFD9F6153F1F7A4FBF07
S3150201E4002A68133F3D4D51BFCDD3103F491853BF23
S3150201E410DA390E3F31DB54BF6B9A0B3FE59556BF96
S3150201E4209BF5083F534858BF824B063F6AF259BFD4
S3150201E4303D9C033F1A945BBFE4E7003F532D5DBF4A
S3150201E440275DFC3E05BE5EBFCBE0F63E214660BFC0
S3150201E450EA5AF13E98C561BFBBCBEB3E5A3C63BF5C
S3150201E4607533E63E59AA64BF4F92E03E880F66BFF6
S3150201E47080E8DA3ED86B67BF4136D53E3CBF68BFFE
S3150201E480CA7BCF3EA7096ABF53B9C93E0C4B6BBFC4
S3150201E49015EFC33E5E836CBF4A1DBE3E93B26DBF8E
S3150201E4A02A44B83E9ED86EBFEF63B23E73F56FBF84
S3150201E4B0D47CAC3E080971BF128FA63E521372BFBD
S3150201E4C0E59AA03E471473BF86A09A3EDD0B74BF40
S3150201E4D031A0943E0BFA74BF229A8E3EC6DE75BFF8
S3150201E4E0938E883E07BA76BFC07D823EC58B77BFC3
S3150201E4F0CCCF783EF85378BF7F9A6C3E981279BF9B
S3150201E500135C603E9DC779BF0115543E02737ABF03
S3150201E510C2C5473EBE147BBFCF6E3B3ECDAC7BBF71
S3150201E520A2102F3E283B7CBFB6AB223EC9BF7CBFA1
S3150201E5308340163EAC3A7DBF86CF093ECCAB7DBF4A
S3150201E54073B2FA3D24137EBF2EBCE13DB0707EBF8D
S3150201E55036BDC83D6DC47EBF80B6AF3D580E7FBF86
S3150201E56005A9963D6D4E7FBF742B7B3DAB847FBF64
S3150201E5702FFB483D0FB17FBF2CC3163D98D37FBFFA
S3150201E580B00AC93C43EC7FBF900E493C11FB7FBFE9
S3150201E590000000000000803FB00AC93C43EC7F3F07
S3150201E5A02FFB483D0FB17F3F05A9963D6D4E7F3F3B
S3150201E5B036BDC83D6DC47E3F73B2FA3D24137E3F1C
S3150201E5C08340163EAC3A7D3FA2102F3E283B7C3F4C
S3150201E5D0C2C5473EBE147B3F135C603E9DC7793F71
S3150201E5E0CCCF783EF853783F938E883E07BA763F72
S3150201E5F031A0943E0BFA743FE59AA03E4714733F4D
S3150201E600D47CAC3E0809713F2A44B83E9ED86E3F7F
S3150201E61015EFC33E5E836C3FCA7BCF3EA7096A3FB5
S3150201E62080E8DA3ED86B673F7533E63E59AA643F06
S3150201E630EA5AF13E98C5613F275DFC3E05BE5E3F43
S3150201E6403D9C033F1A945B3F9BF5083F5348583F55
S3150201E650DA390E3F31DB543F2A68133F3D4D513FB4
S3150201E660C07F183F029F4D3FD17F1D3F12D1493FC7
S3150201E6709967223F03E4453F5636273F70D8413F0B
S3150201E6804AEB2B3FF9AE3D3FBB85303F4268393FEE
S3150201E690F304353FF304353F4268393FBB85303FCA
S3150201E6A0F9AE3D3F4AEB2B3F70D8413F5636273FE5
S3150201E6B003E4453F9967223F12D1493FD17F1D3F6E
S3150201E6C0029F4D3FC07F183F3D4D513F2A68133F80
S3150201E6D031DB543FDA390E3F5348583F9BF5083F29
S3150201E6E01A945B3F3D9C033F05BE5E3F275DFC3EA0
S3150201E6F098C5613FEA5AF13E59AA643F7533E63E2F
S3150201E700D86B673F80E8DA3EA7096A3FCA7BCF3EEC
S3150201E7105E836C3F15EFC33E9ED86E3F2A44B83ED8
S3150201E7200809713FD47CAC3E4714733FE59AA03E7B
S3150201E7300BFA743F31A0943E07BA763F938E883E18
S3150201E740F853783FCCCF783E9DC7793F135C603E44
S3150201E750BE147B3FC2C5473E283B7C3FA2102F3EDB
S3150201E760AC3A7D3F8340163E24137E3F73B2FA3D97
S3150201E7706DC47E3F36BDC83D6D4E7F3F05A9963DB0
S3150201E7800FB17F3F2FFB483D43EC7F3FB00AC93CA7
S3150201E7900000803F0000000043EC7F3FB00AC9BC85
S3150201E7A00FB17F3F2FFB48BD6D4E7F3F05A996BD39
S3150201E7B06DC47E3F36BDC8BD24137E3F73B2FABD1A
S3150201E7C0AC3A7D3F834016BE283B7C3FA2102FBE4A
S3150201E7D0BE147B3FC2C547BE9DC7793F135C60BE6F
S3150201E7E0F853783FCCCF78BE07BA763F938E88BE70
S3150201E7F00BFA743F31A094BE4714733FE59AA0BE4B
S3150201E8000809713FD47CACBE9ED86E3F2A44B8BE7D
S3150201E8105E836C3F15EFC3BEA7096A3FCA7BCFBEB3
S3150201E820D86B673F80E8DABE59AA643F7533E6BE04
S3150201E83098C5613FEA5AF1BE05BE5E3F275DFCBE41
S3150201E8401A945B3F3D9C03BF5348583F9BF508BF53
S3150201E85031DB543FDA390EBF3D4D513F2A6813BFB2
S3150201E860029F4D3FC07F18BF12D1493FD17F1DBFC5
S3150201E87003E4453F996722BF70D8413F563627BF09
S3150201E880F9AE3D3F4AEB2BBF4268393FBB8530BFEC
S3150201E890F304353FF30435BFBB85303F426839BFC8
S3150201E8A04AEB2B3FF9AE3DBF5636273F70D841BFE3
S3150201E8B09967223F03E445BFD17F1D3F12D149BF6C
S3150201E8C0C07F183F029F4DBF2A68133F3D4D51BF7E
S3150201E8D0DA390E3F31DB54BF9BF5083F534858BF27
S3150201E8E03D9C033F1A945BBF275DFC3E05BE5EBF9E
S3150201E8F0EA5AF13E98C561BF7533E63E59AA64BF2D
S3150201E90080E8DA3ED86B67BFCA7BCF3EA7096ABFEA
S3150201E91015EFC33E5E836CBF2A44B83E9ED86EBFD6
S3150201E920D47CAC3E080971BFE59AA03E471473BF79
S3150201E93031A0943E0BFA74BF938E883E07BA76BF16
S3150201E940CCCF783EF85378BF135C603E9DC779BF42
S3150201E950C2C5473EBE147BBFA2102F3E283B7CBFD9
S3150201E9608340163EAC3A7DBF73B2FA3D24137EBF95
S3150201E97036BDC83D6DC47EBF05A9963D6D4E7FBFAE
S3150201E9802FFB483D0FB17FBFB00AC93C43EC7FBFA5
S3150201E990000000000000803F2FFB483D0FB17F3F82
S3150201E9A036BDC83D6DC47E3F8340163EAC3A7D3FBF
S3150201E9B0C2C5473EBE147B3FCCCF783EF853783F63
S3150201E9C031A0943E0BFA743FD47CAC3E0809713FE8
S3150201E9D015EFC33E5E836C3F80E8DA3ED86B673F34
S3150201E9E0EA5AF13E98C5613F3D9C033F1A945B3F4B
S3150201E9F0DA390E3F31DB543FC07F183F029F4D3F4C
S3150201EA009967223F03E4453F4AEB2B3FF9AE3D3F6F
S3150201EA10F304353FF304353FF9AE3D3F4AEB2B3F55
S3150201EA2003E4453F9967223F029F4D3FC07F183F4E
S3150201EA3031DB543FDA390E3F1A945B3F3D9C033F6B
S3150201EA4098C5613FEA5AF13ED86B673F80E8DA3EE4
S3150201EA505E836C3F15EFC33E0809713FD47CAC3E21
S3150201EA600BFA743F31A0943EF853783FCCCF783EEF
S3150201EA70BE147B3FC2C5473EAC3A7D3F8340163E3C
S3150201EA806DC47E3F36BDC83D0FB17F3F2FFB483D6A
S3150201EA900000803F000000000FB17F3F2FFB48BD01
S3150201EAA06DC47E3F36BDC8BDAC3A7D3F834016BEBE
S3150201EAB0BE147B3FC2C547BEF853783FCCCF78BE62
S3150201EAC00BFA743F31A094BE0809713FD47CACBEE7
S3150201EAD05E836C3F15EFC3BED86B673F80E8DABE33
S3150201EAE098C5613FEA5AF1BE1A945B3F3D9C03BF4A
S3150201EAF031DB543FDA390EBF029F4D3FC07F18BF4B
S3150201EB0003E4453F996722BFF9AE3D3F4AEB2BBF6E
S3150201EB10F304353FF30435BF4AEB2B3FF9AE3DBF54
S3150201EB209967223F03E445BFC07F183F029F4DBF4D
S3150201EB30DA390E3F31DB54BF3D9C033F1A945BBF6A
S3150201EB40EA5AF13E98C561BF80E8DA3ED86B67BFE3
S3150201EB5015EFC33E5E836CBFD47CAC3E080971BF20
S3150201EB6031A0943E0BFA74BFCCCF783EF85378BFEE
S3150201EB70C2C5473EBE147BBF8340163EAC3A7DBF3B
S3150201EB8036BDC83D6DC47EBF2FFB483D0FB17FBF69
S3150201EB90000000000000803F36BDC83D6DC47E3FC7
S3150201EBA0C2C5473EBE147B3F31A0943E0BFA743F69
S3150201EBB015EFC33E5E836C3FEA5AF13E98C5613F4B
S3150201EBC0DA390E3F31DB543F9967223F03E4453F71
S3150201EBD0F304353FF304353F03E4453F9967223F8A
S3150201EBE031DB543FDA390E3F98C5613FEA5AF13EAD
S3150201EBF05E836C3F15EFC33E0BFA743F31A0943E20
S3150201EC00BE147B3FC2C5473E6DC47E3F36BDC83D7D
S3150201EC100000803F000000006DC47E3F36BDC8BDC6
S3150201EC20BE147B3FC2C547BE0BFA743F31A094BEE8
S3150201EC305E836C3F15EFC3BE98C5613FEA5AF1BECA
S3150201EC4031DB543FDA390EBF03E4453F996722BFF0
S3150201EC50F304353FF30435BF9967223F03E445BF09
S3150201EC60DA390E3F31DB54BFEA5AF13E98C561BF2C
S3150201EC7015EFC33E5E836CBF31A0943E0BFA74BF9F
S3150201EC80C2C5473EBE147BBF36BDC83D6DC47EBFFD
S3150201EC90000000000000803FC2C5473EBE147B3F14
S3150201ECA015EFC33E5E836C3FDA390E3F31DB543FCB
S3150201ECB0F304353FF304353F31DB543FDA390E3F76
S3150201ECC05E836C3F15EFC33EBE147B3FC2C5473E12
S3150201ECD00000803F00000000BE147B3FC2C547BE54
S3150201ECE05E836C3F15EFC3BE31DB543FDA390EBF8B
S3150201ECF0F304353FF30435BFDA390E3F31DB54BF36
S3150201ED0015EFC33E5E836CBFC2C5473EBE147BBFD1
S3150201ED100800002010000010180000302000000832
S3150201ED20280000283000001838000038400000048E
S3150201ED304800002450000014580000346000000C02
S3150201ED406800002C7000001C7800003C8000000264
S3150201ED50880000229000001298000032A000000AEA
S3150201ED60A800002AB000001AB800003AC000000646
S3150201ED70C8000026D0000016D8000036E000000EBA
S3150201ED80E800002EF000001EF800003E08010021F6
S3150201ED901001001118010031200100092801002982
S3150201EDA030010019380100394001000548010025EA
S3150201EDB050010015580100356001000D6801002D52
S3150201EDC07001001D7801003D8001000388010023C6
S3150201EDD09001001398010033A001000BA801002B3A
S3150201EDE0B001001BB801003BC0010007C8010027A2
S3150201EDF0D0010017D8010037E001000FE801002F0A
S3150201EE00F001001FF801003F080280201002801065
S3150201EE1018028030200280082802802830028018D9
S3150201EE20380280384002800448028024500280144D
S3150201EE30580280346002800C6802802C7002801CA9
S3150201EE407802803C880280229002801298028032E7
S3150201EE50A002800AA802802AB002801AB802803A69
S3150201EE60C0028006C8028026D0028016D8028036E9
S3150201EE70E002800EE802802EF002801EF802803E39
S3150201EE8008038021100380111803803120038009B1
S3150201EE90280380293003801938038039400380050D
S3150201EEA04803802550038015580380356003800D81
S3150201EEB06803802D7003801D7803803D88038023BB
S3150201EEC09003801398038033A003800BA803802B41
S3150201EED0B003801BB803803BC0038007C8038027A9
S3150201EEE0D0038017D8038037E003800FE803802F11
S3150201EEF0F003801FF803803F0804402010044010ED
S3150201EF0018044030200440082804402830044018E0
S3150201EF10380440384804402450044014580440340C
S3150201EF206004400C6804402C7004401C7804403C88
S3150201EF30880440229004401298044032A004400AF8
S3150201EF40A804402AB004401AB804403AC004400654
S3150201EF50C8044026D0044016D8044036E004400EC8
S3150201EF60E804402EF004401EF804403E0805402104
S3150201EF701005401118054031200540092805402990
S3150201EF8030054019380540394805402550054015D8
S3150201EF90580540356005400D6805402D7005401D38
S3150201EFA07805403D88054023900540139805403376
S3150201EFB0A005400BA805402BB005401BB805403BF8
S3150201EFC0C0054007C8054027D0054017D805403778
S3150201EFD0E005400FE805402FF005401FF805403FC8
S3150201EFE00806C0201006C0101806C0302006C00848
S3150201EFF02806C0283006C0183806C0384806C0247C
S3150201F0005006C0145806C0346006C00C6806C02CEF
S3150201F0107006C01C7806C03C8806C0229006C01243
S3150201F0209806C032A006C00AA806C02AB006C01AAF
S3150201F030B806C03AC806C026D006C016D806C036DB
S3150201F040E006C00EE806C02EF006C01EF806C03E57
S3150201F0500807C0211007C0111807C0312007C009CF
S3150201F0602807C0293007C0193807C0394807C02503
S3150201F0705007C0155807C0356007C00D6807C02D77
S3150201F0807007C01D7807C03D8807C0239007C013CB
S3150201F0909807C033A007C00BA807C02BB007C01B37
S3150201F0A0B807C03BC807C027D007C017D807C03763
S3150201F0B0E007C00FE807C02FF007C01FF807C03FDF
S3150201F0C008082020100820101808203028082028B7
S3150201F0D030082018380820384808202450082014FF
S3150201F0E0580820346008200C6808202C7008201C5F
S3150201F0F07808203C8808202290082012980820329D
S3150201F100A008200AA808202AB008201AB808203A1E
S3150201F110C8082026D0082016D8082036E008200E76
S3150201F120E808202EF008201EF808203E08092021B2
S3150201F130100920111809203128092029300920191E
S3150201F1403809203948092025500920155809203542
S3150201F1506009200D6809202D7009201D7809203DBE
S3150201F160880920239009201398092033A009200B2E
S3150201F170A809202BB009201BB809203BC809202762
S3150201F180D0092017D8092037E009200FE809202FD6
S3150201F190F009201FF809203F080AA020100AA01032
S3150201F1A0180AA030280AA028300AA018380AA0385E
S3150201F1B0480AA024500AA014580AA034600AA00CD6
S3150201F1C0680AA02C700AA01C780AA03C880AA02210
S3150201F1D0900AA012980AA032A80AA02AB00AA01A76
S3150201F1E0B80AA03AC80AA026D00AA016D80AA0369A
S3150201F1F0E00AA00EE80AA02EF00AA01EF80AA03E16
S3150201F200080BA021100BA011180BA031280BA02965
S3150201F210300BA019380BA039480BA025500BA015AD
S3150201F220580BA035600BA00D680BA02D700BA01D0D
S3150201F230780BA03D880BA023900BA013980BA0334B
S3150201F240A80BA02BB00BA01BB80BA03BC80BA02789
S3150201F250D00BA017D80BA037E00BA00FE80BA02FFD
S3150201F260F00BA01FF80BA03F080C6020100C6010D9
S3150201F270180C6030280C6028300C6018380C603885
S3150201F280480C6024500C6014580C6034680C602CD5
S3150201F290700C601C780C603C880C6022900C601229
S3150201F2A0980C6032A80C602AB00C601AB80C603A4D
S3150201F2B0C80C6026D00C6016D80C6036E00C600EC5
S3150201F2C0E80C602EF00C601EF80C603E080D602101
S3150201F2D0100D6011180D6031280D6029300D60196D
S3150201F2E0380D6039480D6025500D6015580D603591
S3150201F2F0680D602D700D601D780D603D880D6023CF
S3150201F300900D6013980D6033A80D602BB00D601B34
S3150201F310B80D603BC80D6027D00D6017D80D603758
S3150201F320E00D600FE80D602FF00D601FF80D603FD4
S3150201F330080EE020100EE010180EE030280EE0282C
S3150201F340300EE018380EE038480EE024500EE01474
S3150201F350580EE034680EE02C700EE01C780EE03C8C
S3150201F360880EE022900EE012980EE032A80EE02AF4
S3150201F370B00EE01AB80EE03AC80EE026D00EE0163C
S3150201F380D80EE036E80EE02EF00EE01EF80EE03E54
S3150201F390080FE021100FE011180FE031280FE029C4
S3150201F3A0300FE019380FE039480FE025500FE0150C
S3150201F3B0580FE035680FE02D700FE01D780FE03D24
S3150201F3C0880FE023900FE013980FE033A80FE02B8C
S3150201F3D0B00FE01BB80FE03BC80FE027D00FE017D4
S3150201F3E0D80FE037E80FE02FF00FE01FF80FE03FEC
S3150201F3F0081010201810103028101028301010187C
S3150201F40038101038481010245010101458101034A7
S3150201F4106810102C7010101C7810103C88101022E5
S3150201F4209010101298101032A810102AB010101A4B
S3150201F430B810103AC8101026D0101016D81010366F
S3150201F440E810102EF010101EF810103E08111021AF
S3150201F45018111031281110293011101938111039CB
S3150201F4604811102550111015581110356811102D1B
S3150201F4707011101D7811103D88111023901110136F
S3150201F48098111033A811102BB011101BB811103B93
S3150201F490C8111027D0111017D8111037E811102FE3
S3150201F4A0F011101FF811103F081290201812903017
S3150201F4B02812902830129018381290384812902447
S3150201F4C050129014581290346812902C7012901C9B
S3150201F4D07812903C8812902298129032A812902AA1
S3150201F4E0B012901AB812903AC8129026D0129016FB
S3150201F4F0D8129036E812902EF012901EF812903E13
S3150201F500081390211813903128139029301390195A
S3150201F5103813903948139025501390155813903586
S3150201F5206813902D7013901D7813903D88139023C4
S3150201F53098139033A813902BB013901BB813903BDA
S3150201F540C8139027D0139017D8139037E813902F2A
S3150201F550F013901FF813903F0814502018145030DE
S3150201F560281450283014501838145038481450248E
S3150201F570581450346814502C7014501C7814503C92
S3150201F5808814502298145032A814502AB014501AD2
S3150201F590B814503AC8145026D0145016D8145036FE
S3150201F5A0E814502EF014501EF814503E081550213E
S3150201F5B0181550312815502930155019381550395A
S3150201F5C048155025581550356815502D7015501D82
S3150201F5D07815503D8815502398155033A815502B90
S3150201F5E0B015501BB815503BC8155027D0155017EA
S3150201F5F0D8155037E815502FF015501FF815503F02
S3150201F6000816D0201816D0302816D0283016D01851
S3150201F6103816D0384816D0245816D0346816D02C4D
S3150201F6207016D01C7816D03C8816D0229816D03285
S3150201F630A816D02AB016D01AB816D03AC816D026AD
S3150201F640D816D036E816D02EF016D01EF816D03EB1
S3150201F6500817D0211817D0312817D0293017D019F9
S3150201F6603817D0394817D0255817D0356817D02DF5
S3150201F6707017D01D7817D03D8817D0239817D0332D
S3150201F680A817D02BB017D01BB817D03BC817D02755
S3150201F690D817D037E817D02FF017D01FF817D03F59
S3150201F6A00818302018183030281830283818303801
S3150201F6B048183024581830346818302C7018301C09
S3150201F6C07818303C8818302298183032A818302A17
S3150201F6D0B018301AB818303AC8183026D818303649
S3150201F6E0E818302EF018301EF818303E081930216D
S3150201F6F01819303128193029381930394819302565
S3150201F700581930356819302D7019301D7819303D68
S3150201F7108819302398193033A819302BB019301BA8
S3150201F720B819303BC8193027D8193037E819302FA4
S3150201F730F019301FF819303F081AB020181AB030E4
S3150201F740281AB028381AB038481AB024581AB034D0
S3150201F750681AB02C701AB01C781AB03C881AB022FA
S3150201F760981AB032A81AB02AB81AB03AC81AB026EC
S3150201F770D81AB036E81AB02EF01AB01EF81AB03EF0
S3150201F780081BB021181BB031281BB029381BB03910
S3150201F790481BB025581BB035681BB02D701BB01D18
S3150201F7A0781BB03D881BB023981BB033A81BB02B26
S3150201F7B0B81BB03BC81BB027D81BB037E81BB02F0C
S3150201F7C0F01BB01FF81BB03F081C7020181C7030CC
S3150201F7D0281C7028381C7038481C7024581C703438
S3150201F7E0681C702C781C703C881C7022981C703224
S3150201F7F0A81C702AB81C703AC81C7026D81C703610
S3150201F800E81C702EF01C701EF81C703E081D70213B
S3150201F810181D7031281D7029381D7039481D702533
S3150201F820581D7035681D702D781D703D881D702319
S3150201F830981D7033A81D702BB81D703BC81D70270B
S3150201F840D81D7037E81D702FF01D701FF81D703F0F
S3150201F850081EF020181EF030281EF028381EF03837
S3150201F860481EF024581EF034681EF02C781EF03C17
S3150201F870881EF022981EF032A81EF02AB81EF03A0F
S3150201F880C81EF026D81EF036E81EF02EF81EF03EEF
S3150201F890081FF021181FF031281FF029381FF039EF
S3150201F8A0481FF025581FF035681FF02D781FF03DCF
S3150201F8B0881FF023981FF033A81FF02BB81FF03BC7
S3150201F8C0C81FF027D81FF037E81FF02FF81FF03FA7
S3150201F8D0182008302820082838200838482008240B
S3150201F8E0582008346820082C7820083C88200822F1
S3150201F8F098200832A820082AB820083AC8200826E3
S3150201F900D8200836E820082EF820083E18210831AA
S3150201F910282108293821083948210825582108357E
S3150201F9206821082D7821083D88210823982108336A
S3150201F930A821082BB821083BC8210827D821083756
S3150201F940E821082FF821083F182288302822882822
S3150201F9503822883848228824582288346822882CFA
S3150201F9607822883C98228832A822882AB822883AA4
S3150201F970C8228826D8228836E822882EF822883E8E
S3150201F980182388312823882938238839482388254A
S3150201F990582388356823882D7823883D9823883310
S3150201F9A0A823882BB823883BC8238827D8238837DE
S3150201F9B0E823882FF823883F18244830282448282A
S3150201F9C038244838582448346824482C7824483C3A
S3150201F9D098244832A824482AB824483AC8244826F2
S3150201F9E0D8244836E824482EF824483E18254831BA
S3150201F9F02825482938254839582548356825482D66
S3150201FA007825483D98254833A825482BB825483BF3
S3150201FA10C8254827D8254837E825482FF825483FDD
S3150201FA201826C8302826C8283826C8385826C83481
S3150201FA306826C82C7826C83C9826C832A826C82A21
S3150201FA40B826C83AD826C836E826C82EF826C83EA9
S3150201FA501827C8312827C8293827C8395827C83549
S3150201FA606827C82D7827C83D9827C833A827C82BE9
S3150201FA70B827C83BD827C837E827C82FF827C83F71
S3150201FA801828283038282838582828346828282C55
S3150201FA907828283C98282832A828282AB828283ADB
S3150201FAA0D8282836E828282EF828283E1829283169
S3150201FAB038292839582928356829282D7829283DB1
S3150201FAC098292833A829282BB829283BD829283749
S3150201FAD0E829282FF829283F182AA830382AA838D1
S3150201FAE0582AA834682AA82C782AA83C982AA83227
S3150201FAF0B82AA83AD82AA836E82AA82EF82AA83E69
S3150201FB00182BA831382BA839582BA835682BA82DC4
S3150201FB10782BA83D982BA833B82BA83BD82BA8370E
S3150201FB20E82BA82FF82BA83F182C6830382C6838F8
S3150201FB30582C6834782C683C982C6832B82C683A70
S3150201FB40D82C6836E82C682EF82C683E182D6831B8
S3150201FB50382D6839582D6835782D683D982D6833CA
S3150201FB60B82D683BD82D6837E82D682FF82D683FE8
S3150201FB70182EE830382EE838582EE834782EE83C2C
S3150201FB80982EE832B82EE83AD82EE836F82EE83E14
S3150201FB90182FE831382FE839582FE835782FE83D04
S3150201FBA0982FE833B82FE83BD82FE837F82FE83FEC
S3150201FBB038301838583018347830183C98301832A2
S3150201FBC0B830183AD8301836F830183E3831183964
S3150201FBD0583118357831183D98311833B831183BF8
S3150201FBE0D8311837F831183F3832983858329834A4
S3150201FBF07832983CB832983AD8329836F832983EEA
S3150201FC0038339839583398357833983DB833983B19
S3150201FC10D8339837F833983F383458387834583CC3
S3150201FC20B834583AD8345836F834583E38355839F3
S3150201FC307835583DB835583BD8355837F835583F99
S3150201FC403836D8387836D83CB836D83AF836D83E27
S3150201FC503837D8397837D83DB837D83BF837D83F0F
S3150201FC607838383CB838383AF838383E7839383D39
S3150201FC70B839383BF839383F783AB83CF83AB83EA1
S3150201FC80783BB83DF83BB83FF83C783EF83D783FC3
S3150201FC9008000010100000081800001820000004D7
S3150201FCA0280000143000000C3800001C400000023D
S3150201FCB0480000125000000A5800001A60000006AF
S3150201FCC0680000167000000E7800001E8000000118
S3150201FCD0880000119000000998000019A000000593
S3150201FCE0A8000015B000000DB800001DC0000003F9
S3150201FCF0C8000013D000000BD800001BE00000076B
S3150201FD00E8000017F000000FF800001F080180103C
S3150201FD10100180081801801820018004280180142E
S3150201FD203001800C3801801C40018002480180129A
S3150201FD305001800A5801801A600180066801801606
S3150201FD407001800E7801801E880180119001800960
S3150201FD5098018019A0018005A8018015B001800DC6
S3150201FD60B801801DC0018003C8018013D001800B38
S3150201FD70D801801BE0018007E8018017F001800F9E
S3150201FD80F801801F080240101002400818024018AC
S3150201FD9020024004280240143002400C3802401C62
S3150201FDA0480240125002400A5802401A60024006B6
S3150201FDB0680240167002400E7802401E8802401107
S3150201FDC09002400998024019A0024005A802401576
S3150201FDD0B002400DB802401DC0024003C8024013E2
S3150201FDE0D002400BD802401BE0024007E80240174E
S3150201FDF0F002400FF802401F0803C0101003C008AA
S3150201FE001803C0182003C0042803C0143003C00C11
S3150201FE103803C01C4803C0125003C00A5803C01A53
S3150201FE206003C0066803C0167003C00E7803C01EC5
S3150201FE308803C0119003C0099803C019A003C00525
S3150201FE40A803C015B003C00DB803C01DC803C01373
S3150201FE50D003C00BD803C01BE003C007E803C017D9
S3150201FE60F003C00FF803C01F080420101004200875
S3150201FE7018042018280420143004200C3804201CED
S3150201FE80480420125004200A5804201A600420064D
S3150201FE90680420167004200E7804201E880420119E
S3150201FEA09004200998042019A0042005A80420150D
S3150201FEB0B004200DB804201DC8042013D004200B61
S3150201FEC0D804201BE0042007E8042017F004200FC1
S3150201FED0F804201F0805A0101005A0081805A0188F
S3150201FEE02805A0143005A00C3805A01C4805A0124F
S3150201FEF05005A00A5805A01A6005A0066805A016B5
S3150201FF007005A00E7805A01E8805A0119005A0090E
S3150201FF109805A019A805A015B005A00DB805A01D44
S3150201FF20C805A013D005A00BD805A01BE005A007A4
S3150201FF30E805A017F005A00FF805A01F0806601036
S3150201FF401006600818066018280660143006600C50
S3150201FF503806601C480660125006600A5806601A86
S3150201FF60680660167006600E7806601E88066011C5
S3150201FF709006600998066019A8066015B006600D1C
S3150201FF80B806601DC8066013D006600BD806601B52
S3150201FF90E0066007E8066017F006600FF806601FC4
S3150201FFA00807E0101007E0081807E0182807E01410
S3150201FFB03007E00C3807E01C4807E0125007E00A58
S3150201FFC05807E01A6807E0167007E00E7807E01E88
S3150201FFD08807E0119007E0099807E019A807E015DC
S3150201FFE0B007E00DB807E01DC807E013D007E00B24
S3150201FFF0D807E01BE807E017F007E00FF807E01F54
S315020200000808101018081018280810143008100CC6
S315020200103808101C480810125008100A5808101AFC
S31502020020680810167008100E7808101E880810113B
S315020200309008100998081019A8081015B008100D92
S31502020040B808101DC8081013D008100BD808101BC8
S31502020050E8081017F008100FF808101F0809901088
S3150202006018099018280990143009900C3809901C26
S31502020070480990125009900A5809901A680990166E
S315020200807009900E7809901E8809901198099019A4
S31502020090A8099015B009900DB809901DC8099013C8
S315020200A0D009900BD809901BE8099017F009900F16
S315020200B0F809901F080A5010180A5018280A5014F4
S315020200C0300A500C380A501C480A5012580A501A62
S315020200D0680A5016700A500E780A501E880A501183
S315020200E0980A5019A80A5015B00A500DB80A501D9E
S315020200F0C80A5013D00A500BD80A501BE80A5017E6
S31502020100F00A500FF80A501F080BD010180BD0181D
S31502020110280BD014300BD00C380BD01C480BD01243
S31502020120580BD01A680BD016700BD00E780BD01E55
S31502020130880BD011980BD019A80BD015B00BD00D85
S31502020140B80BD01DC80BD013D80BD01BE80BD01797
S31502020150F00BD00FF80BD01F080C3010180C301809
S31502020160280C3014380C301C480C3012580C301A39
S31502020170680C3016700C300E780C301E880C30115A
S31502020180980C3019A80C3015B00C300DB80C301D75
S31502020190C80C3013D80C301BE80C3017F00C300F99
S315020201A0F80C301F080DB010180DB018280DB01437
S315020201B0380DB01C480DB012580DB01A680DB016A3
S315020201C0700DB00E780DB01E880DB011980DB019D3
S315020201D0A80DB015B80DB01DC80DB013D80DB01BC1
S315020201E0E80DB017F00DB00FF80DB01F080E701023
S315020201F0180E7018280E7014380E701C480E7012E3
S31502020200580E701A680E7016780E701E880E7011CD
S31502020210980E7019A80E7015B80E701DC80E7013BE
S31502020220D80E701BE80E7017F00E700FF80E701FC4
S31502020230080FF010180FF018280FF014380FF01CE0
S31502020240480FF012580FF01A680FF016780FF01EC8
S31502020250880FF011980FF019A80FF015B80FF01DBC
S31502020260C80FF013D80FF01BE80FF017F80FF01FA4
S3150202027018100818281008143810081C48100812FA
S315020202805810081A681008167810081E88100811E5
S3150202029098100819A8100815B810081DC8100813D6
S315020202A0D810081BE8100817F810081F181188182A
S315020202B0281188143811881C481188125811881A74
S315020202C0681188167811881E98118819A81188153E
S315020202D0B811881DC8118813D811881BE81188170E
S315020202E0F811881F18124818281248143812481C86
S315020202F05812481A681248167812481E9812481955
S31502020300A8124815B812481DC8124813D812481B1B
S31502020310E8124817F812481F1813C8182813C814E7
S315020203203813C81C5813C81A6813C8167813C81E7D
S315020203309813C819A813C815B813C81DD813C81B11
S31502020340E813C817F813C81F181428183814281CDB
S315020203505814281A681428167814281E981428196C
S31502020360A8142815B814281DD814281BE81428170F
S31502020370F814281F1815A8183815A81C5815A81AF3
S315020203806815A8167815A81E9815A819B815A81DD5
S31502020390D815A81BE815A817F815A81F1816681865
S315020203A03816681C5816681A7816681E981668193E
S315020203B0B816681DD816681BE8166817F816681F5D
S315020203C01817E8183817E81C5817E81A7817E81E9B
S315020203D09817E819B817E81DD817E81BF817E81F87
S315020203E03818181C5818181A7818181E9818181936
S315020203F0B818181DD818181BF818181F3819981C7F
S315020204005819981A7819981EB819981DD819981B4E
S31502020410F819981F381A581C781A581EB81A581DF5
S31502020420D81A581BF81A581F381BD81C781BD81E04
S31502020430B81BD81DF81BD81F781C381EB81C381DCD
S31502020440F81C381F781DB81EF81DB81FF81E781F33
S3150202045008000008100000041800000C2000000228
S315020204602800000A300000063800000E4000000193
S3150202047048000009500000055800000D6000000304
S315020204806800000B700000077800000F88008008E1
S31502020490900080049800800CA0008002A800800AC6
S315020204A0B0008006B800800EC0008001C800800934
S315020204B0D0008005D800800DE0008003E800800BA2
S315020204C0F0008007F800800F08014008100140047E
S315020204D01801400C200140022801400A3001400660
S315020204E03801400E48014009500140055801400DAD
S315020204F0600140036801400B700140077801400F1A
S315020205008801C0089001C0049801C00CA001C00273
S31502020510A801C00AB001C006B801C00EC801C009CE
S31502020520D001C005D801C00DE001C003E801C00B2D
S31502020530F001C007F801C00F0802200810022004C9
S315020205401802200C2802200A300220063802200E47
S3150202055048022009500220055802200D600220039B
S315020205606802200B700220077802200F8802A00878
S315020205709002A0049802A00CA802A00AB002A00649
S31502020580B802A00EC802A009D002A005D802A00D88
S31502020590E002A003E802A00BF002A007F802A00FF5
S315020205A008036008100360041803600C2803600A3B
S315020205B0300360063803600E480360095003600583
S315020205C05803600D6803600B700360077803600FBF
S315020205D08803E0089003E0049803E00CA803E00A0B
S315020205E0B003E006B803E00EC803E009D003E00553
S315020205F0D803E00DE803E00BF003E007F803E00F8F
S31502020600080410081804100C2804100A30041006F4
S315020206103804100E48041009500410055804100D2F
S315020206206804100B700410077804100F88049008EF
S315020206309804900CA804900AB0049006B804900E8E
S31502020640C8049009D0049005D804900DE804900BD2
S31502020650F0049007F804900F080550081805500C8C
S315020206602805500A300550063805500E480550092D
S315020206705805500D6805500B700550077805500F46
S315020206808805D0089805D00CA805D00AB005D00670
S31502020690B805D00EC805D009D805D00DE805D00B8D
S315020206A0F005D007F805D00F080630081806300CF8
S315020206B02806300A3806300E480630095806300D2A
S315020206C06806300B700630077806300F8806B008C7
S315020206D09806B00CA806B00AB806B00EC806B0094B
S315020206E0D806B00DE806B00BF006B007F806B00F52
S315020206F0080770081807700C2807700A3807700E68
S31502020700480770095807700D6807700B7807700F53
S315020207108807F0089807F00CA807F00AB807F00E47
S31502020720C807F009D807F00DE807F00BF807F00F33
S315020207301808080C2808080A3808080E4808080982
S315020207405808080D6808080B7808080F9808880CDC
S31502020750A808880AB808880EC8088809D808880D21
S31502020760E808880BF808880F1809480C2809480A6D
S315020207703809480E5809480D6809480B7809480F86
S315020207809809C80CA809C80AB809C80ED809C80D1A
S31502020790E809C80BF809C80F180A280C380A280EE5
S315020207A0580A280D680A280B780A280F980AA80CF4
S315020207B0B80AA80ED80AA80DE80AA80BF80AA80FC2
S315020207C0180B680C380B680E580B680D780B680FFD
S315020207D0980BE80CB80BE80ED80BE80DF80BE80FED
S315020207E0380C180E580C180D780C180FB80C980EF7
S315020207F0D80C980DF80C980F380D580E780D580F24
S31502020800B80DD80EF80DD80F780E380FF80EB80FAD
S315020208100800000410000002180000062000000171
S31502020820280000053000000338000007400080005F
S315020208304800800450008002580080066000800151
S3150202084068008005700080037800800788004004F3
S315020208509000400298004006A0004001A800400510
S31502020860B0004003B8004007C800C004D000C0026E
S31502020870D800C006E000C001E800C005F000C003CF
S31502020880F800C00708012004100120021801200600
S315020208902801200530012003380120074801A0045F
S315020208A05001A0025801A0066001A0016801A0053C
S315020208B07001A0037801A00788016004900160021A
S315020208C098016006A8016005B0016003B8016007DD
S315020208D0C801E004D001E002D801E006E801E00521
S315020208E0F001E003F801E0070802100418021006FC
S315020208F0280210053002100338021007480290043B
S315020209005002900258029006680290057002900305
S31502020910780290078802500498025006A8025005EF
S31502020920B0025003B8025007C802D004D802D00659
S31502020930E802D005F002D003F802D0070803300419
S315020209401803300628033005380330074803B0047B
S315020209505803B0066803B0057003B0037803B00704
S315020209608803700498037006A8037005B80370071B
S31502020970C803F004D803F006E803F005F803F0070B
S3150202098018040806280408053804080748048804D7
S315020209905804880668048805780488079804480675
S315020209A0A8044805B8044807D804C806E804C805D6
S315020209B0F804C80718052806380528075805A806A0
S315020209C06805A8057805A80798056806B8056807A0
S315020209D0D805E806F805E8073806180758069806FD
S315020209E078069807B8065807F806D8077807B807A8
S315020209F00800000210000001180000032000800017
S31502020A00280080023000800138008003480040023C
S31502020A1050004001580040036000C0006800C00256
S31502020A207000C0017800C0038800200290002001F5
S31502020A3098002003A800A002B000A001B800A003FB
S31502020A40C8006002D0006001D8006003E800E0023C
S31502020A50F000E001F800E003080110021801100399
S31502020A602801900230019001380190034801500298
S31502020A70580150036801D0027001D0017801D003F7
S31502020A808801300298013003A801B002B801B0030E
S31502020A90C8017002D8017003E801F002F801F003FE
S31502020AA018020803280288023802880358024803F9
S31502020AB06802C8027802C80398022803B802A80389
S31502020AC0D8026803F802E803380398037803D803C6
S31502020AD0080000011000800018008001200040007A
S31502020AE0280040013000C0003800C0014800200141
S31502020AF05000A0005800A001680060017000E000EA
S31502020B007800E0018800100198009001A8005001C7
S31502020B10B000D000B800D001C8003001D800B00140
S31502020B20E8007001F800F001180188012801480165
S31502020B303801C8015801A8017801E801B801D801B3
S31502020B4008008000100040001800C0002800A00023
S31502020B50300060003800E000480090005800D000E3
S31502020B606800B0007800F0009800C800B800E800FB
S31502020B700800400010002000180060002800500003
S31502020B8038007000580068000000803F0000000034
S31502020B90B1FF7F3FC70F493BC4FE7F3F890FC93B67
S31502020BA039FD7F3F59CB163C11FB7F3F900E493CE4
S31502020BB04AF87F3F4B517B3CE6F47F3FB6C9963CEF
S31502020BC0E3F07F3F69EAAF3C43EC7F3FB00AC93CA0
S31502020BD005E77F3F7B2AE23C29E17F3FB949FB3C9D
S31502020BE0AFDA7F3F2F340A3D98D37F3F2CC3163D9F
S31502020BF0E2CB7F3FCC51233D8FC37F3F07E02F3DA0
S31502020C009EBA7F3FD56D3C3D0FB17F3F2FFB483DDC
S31502020C10E3A67F3F0E88553D189C7F3F6814623DCE
S31502020C20B1907F3F38A06E3DAB847F3F742B7B3DF4
S31502020C3008787F3F0ADB833DC76A7F3F0A208A3DE7
S31502020C40E95C7F3FB464903D6D4E7F3F05A9963DB8
S31502020C50543F7F3FF9EC9C3D9D2F7F3F8C30A33D55
S31502020C60491F7F3FBA73A93D580E7F3F80B6AF3DFB
S31502020C70C9FC7E3FDAF8B53D9DEA7E3FC33ABC3DEA
S31502020C80D4D77E3F397CC23D6DC47E3F36BDC83D58
S31502020C9069B07E3FB7FDCE3DC99B7E3FB93DD53D8C
S31502020CA08B867E3F377DDB3DB0707E3F2EBCE13DBB
S31502020CB0385A7E3F9AFAE73D23437E3F7638EE3D27
S31502020CC0722B7E3FC075F43D24137E3F73B2FA3D0A
S31502020CD038FA7D3F4577003EB1E07D3F0295033EFD
S31502020CE08CC67D3F6EB2063ECCAB7D3F86CF093EB9
S31502020CF06E907D3F4AEC0C3E74747D3FB708103EFF
S31502020D00DE577D3FCA24133EAC3A7D3F8340163EF0
S31502020D10DD1C7D3FE05B193E73FE7C3FDE761C3EA8
S31502020D206CDF7C3F7B911F3EC9BF7C3FB6AB223E46
S31502020D308A9F7C3F8CC5253EB07E7C3FFCDE283EE8
S31502020D403A5D7C3F04F82B3E283B7C3FA2102F3EA5
S31502020D507A187C3FD428323E31F57B3F9840353EA5
S31502020D604DD17B3FEC57383ECDAC7B3FCF6E3B3EFF
S31502020D70B2877B3F3E853E3EFC617B3F379B413ECF
S31502020D80AB3B7B3FB9B0443EBE147B3FC2C5473E36
S31502020D9037ED7A3F4FDA4A3E16C57A3F60EE4D3E4E
S31502020DA0599C7A3FF101513E02737A3F0115543E34
S31502020DB010497A3F8F27573E841E7A3F97395A3E09
S31502020DC05EF3793F1A4B5D3E9DC7793F135C603EE7
S31502020DD0439B793F836C633E4E6E793F667C663EE9
S31502020DE0C040793FBA8B693E9812793F7F9A6C3E30
S31502020DF0D6E3783FB2A86F3E7BB4783F51B6723ED5
S31502020E008684783F5AC3753EF853783FCCCF783EF4
S31502020E10D122783FA4DB7B3E10F1773FE1E67E3EAC
S31502020E20B7BE773FC0F8803EC58B773FC07D823E14
S31502020E303A58773F7002843E1724773FCE86853E24
S31502020E405BEF763FDA0A873E07BA763F938E883E93
S31502020E501B84763FF8118A3E974D763F07958B3E65
S31502020E607A16763FC0178D3EC6DE753F229A8E3EB1
S31502020E707BA6753F2C1C903E976D753FDD9D913E7C
S31502020E801D34753F351F933E0BFA743F31A0943ED3
S31502020E9062BF743FD220963E2284743F17A1973EC8
S31502020EA04B48743FFE20993EDD0B743F86A09A3E64
S31502020EB0D9CE733FAF1F9C3E3F91733F789E9D3EB4
S31502020EC00E53733FDF1C9F3E4714733FE59AA03EC3
S31502020ED0EBD4723F8718A23EF894723FC595A33EA1
S31502020EE07054723F9F12A53E5213723F128FA63E54
S31502020EF09FD1713F1F0BA83E578F713FC486A93EF1
S31502020F007A4C713F0102AB3E0809713FD47CAC3E7A
S31502020F1002C5703F3CF7AD3E6680703F3A71AF3E06
S31502020F20373B703FCBEAB03E73F56F3FEF63B23E9B
S31502020F301BAF6F3FA5DCB33E30686F3FEC54B53E44
S31502020F40B0206F3FC3CCB63E9ED86E3F2A44B83E0F
S31502020F50F88F6E3F1EBBB93EBE466E3FA031BB3E08
S31502020F60F2FC6D3FAFA7BC3E93B26D3F4A1DBE3E39
S31502020F70A1676D3F6F92BF3E1D1C6D3F1E07C13EAC
S31502020F8007D06C3F557BC23E5E836C3F15EFC33E74
S31502020F9024366C3F5C62C53E58E86B3F29D5C63E95
S31502020FA0FB996B3F7C47C83E0C4B6B3F53B9C93E1C
S31502020FB08CFB6A3FAE2ACB3E7BAB6A3F8B9BCC3E17
S31502020FC0D95A6A3FEA0BCE3EA7096A3FCA7BCF3E8F
S31502020FD0E4B7693F2AEBD03E9165693F095AD23E90
S31502020FE0AE12693F67C8D33E3CBF683F4136D53E23
S31502020FF0396B683F99A3D63EA816683F6B10D83E56
S3150202100087C1673FB97CD93ED86B673F80E8DA3E33
S315020210109915673FC153DC3ECCBE663F79BEDD3EC3
S315020210207167663FA928DF3E880F663F4F92E03E10
S3150202103010B7653F6AFBE13E0B5E653FFA63E33E2C
S315020210407904653FFECBE43E59AA643F7533E63E18
S31502021050AC4F643F5D9AE73E73F4633FB700E93EE5
S31502021060AC98633F8166EA3E5A3C633FBBCBEB3E9A
S315020210707BDF623F6330ED3E1082623F7994EE3E41
S315020210801A24623FFBF7EF3E98C5613FEA5AF13EE8
S315020210908A66613F43BDF23EF206613F071FF43E96
S315020210A0CFA6603F3580F53E2146603FCBE0F63E55
S315020210B0E9E45F3FC840F83E27835F3F2DA0F93E31
S315020210C0DB205F3FF7FEFA3E05BE5E3F275DFC3E32
S315020210D0A65A5E3FBBBAFD3EBEF65D3FB217FF3E63
S315020210E04D925D3F063A003F532D5D3FE4E7003FD6
S315020210F0D1C75C3F7395013FC7615C3FB142023F74
S3150202110034FB5B3F9FEF023F1A945B3F3D9C033FDA
S31502021110792C5B3F8948043F50C45A3F84F4043F0A
S31502021120A05B5A3F2CA0053F6AF2593F824B063F0B
S31502021130AD88593F86F6063F6A1E593F36A1073FDA
S31502021140A1B3583F924B083F5348583F9BF5083F7D
S315020211507FDC573F4E9F093F2670573FAD480A3FF5
S315020211604803573FB7F10A3FE595563F6B9A0B3F45
S31502021170FE27563FC9420C3F93B9553FD0EA0C3F70
S31502021180A44A553F81920D3F31DB543FDA390E3F75
S315020211903B6B543FDBE00E3FC3FA533F84870F3F5C
S315020211A0C789533FD52D103F4918533FCDD3103F20
S315020211B049A6523F6B79113FC633523FB01E123FC8
S315020211C0C2C0513F9AC3123F3D4D513F2A68133F57
S315020211D037D9503F5F0C143FAF64503F39B0143FCA
S315020211E0A8EF4F3FB753153F1F7A4F3FD9F6153F28
S315020211F017044F3F9F99163F908D4E3F073C173F6C
S3150202120089164E3F12DE173F029F4D3FC07F183F9F
S31502021210FD264D3F0F21193F79AE4C3F00C2193FC1
S3150202122078354C3F93621A3FF8BB4B3FC6021B3FCF
S31502021230FA414B3F99A21B3F7FC74A3F0C421C3FD2
S31502021240874C4A3F1FE11C3F12D1493FD17F1D3FC6
S315020212502155493F221E1E3FB3D8483F12BC1E3FAC
S31502021260CA5B483F9F591F3F65DE473FCBF61F3F8A
S315020212708560473F9393203F2AE2463FF92F213F5B
S315020212805463463FFBCB213F03E4453F9967223F26
S315020212903964453FD302233FF5E3443FA99D233FE9
S315020212A03763443F1A38243F00E2433F25D2243FA4
S315020212B05160433FCB6B253F29DE423F0A05263F5B
S315020212C0895B423FE39D263F70D8413F5636273F10
S315020212D0E154413F61CE273FDAD0403F0566283FBF
S315020212E05C4C403F41FD283F67C73F3F1594293F6B
S315020212F0FC413F3F802A2A3F1BBC3E3F82C02A3F17
S31502021300C5353E3F1B562B3FF9AE3D3F4AEB2B3FBF
S31502021310B8273D3F0F802C3F03A03C3F69142D3F67
S31502021320D9173C3F59A82D3F3B8F3B3FDE3B2E3F11
S3150202133029063B3FF7CE2E3FA47C3A3FA5612F3FBB
S31502021340ACF2393FE6F32F3F4268393FBB85303F65
S3150202135065DD383F2217313F1652383F1DA8313F0D
S3150202136055C6373FAA38323F233A373FC9C8323FBA
S315020213707FAD363F7A58333F6C20363FBCE7333F68
S31502021380E792353F8F76343FF304353FF304353F18
S315020213908F76343FE792353FBCE7333F6C20363FC8
S315020213A07A58333F7FAD363FC9C8323F233A373F79
S315020213B0AA38323F55C6373F1DA8313F1652383F2B
S315020213C02217313F65DD383FBB85303F4268393FE0
S315020213D0E6F32F3FACF2393FA5612F3FA47C3A3F99
S315020213E0F7CE2E3F29063B3FDE3B2E3F3B8F3B3F4E
S315020213F059A82D3FD9173C3F69142D3F03A03C3F04
S315020214000F802C3FB8273D3F4AEB2B3FF9AE3D3FBB
S315020214101B562B3FC5353E3F82C02A3F1BBC3E3F71
S31502021420802A2A3FFC413F3F1594293F67C73F3F27
S3150202143041FD283F5C4C403F0566283FDAD0403FDB
S3150202144061CE273FE154413F5636273F70D8413F8E
S31502021450E39D263F895B423F0A05263F29DE423F3C
S31502021460CB6B253F5160433F25D2243F00E2433FE7
S315020214701A38243F3763443FA99D233FF5E3443F8D
S31502021480D302233F3964453F9967223F03E4453F2E
S31502021490FBCB213F5463463FF92F213F2AE2463FC7
S315020214A09393203F8560473FCBF61F3F65DE473F5A
S315020214B09F591F3FCA5B483F12BC1E3FB3D8483FE3
S315020214C0221E1E3F2155493FD17F1D3F12D1493F60
S315020214D01FE11C3F874C4A3F0C421C3F7FC74A3FD3
S315020214E099A21B3FFA414B3FC6021B3FF8BB4B3F39
S315020214F093621A3F78354C3F00C2193F79AE4C3F90
S315020215000F21193FFD264D3FC07F183F029F4D3FD7
S3150202151012DE173F89164E3F073C173F908D4E3F0C
S315020215209F99163F17044F3FD9F6153F1F7A4F3F31
S31502021530B753153FA8EF4F3F39B0143FAF64503F40
S315020215405F0C143F37D9503F2A68133F3D4D513F36
S315020215509AC3123FC2C0513FB01E123FC633523F18
S315020215606B79113F49A6523FCDD3103F4918533FDB
S31502021570D52D103FC789533F84870F3FC3FA533F86
S31502021580DBE00E3F3B6B543FDA390E3F31DB543F11
S3150202159081920D3FA44A553FD0EA0C3F93B9553F7B
S315020215A0C9420C3FFE27563F6B9A0B3FE595563FC3
S315020215B0B7F10A3F4803573FAD480A3F2670573FE5
S315020215C04E9F093F7FDC573F9BF5083F5348583FE2
S315020215D0924B083FA1B3583F36A1073F6A1E593FB5
S315020215E086F6063FAD88593F824B063F6AF2593F5D
S315020215F02CA0053FA05B5A3F84F4043F50C45A3FD5
S315020216008948043F792C5B3F3D9C033F1A945B3F1A
S315020216109FEF023F34FB5B3FB142023FC7615C3F31
S315020216207395013FD1C75C3FE4E7003F532D5D3F0F
S31502021630063A003F4D925D3FB217FF3EBEF65D3F50
S31502021640BBBAFD3EA65A5E3F275DFC3E05BE5E3F25
S31502021650F7FEFA3EDB205F3F2DA0F93E27835F3F6E
S31502021660C840F83EE9E45F3FCBE0F63E2146603FE2
S315020216703580F53ECFA6603F071FF43EF206613F74
S3150202168043BDF23E8A66613FEA5AF13E98C5613F20
S31502021690FBF7EF3E1A24623F7994EE3E1082623FD6
S315020216A06330ED3E7BDF623FBBCBEB3E5A3C633F90
S315020216B08166EA3EAC98633FB700E93E73F4633F44
S315020216C05D9AE73EAC4F643F7533E63E59AA643FE4
S315020216D0FECBE43E7904653FFA63E33E0B5E653F69
S315020216E06AFBE13E10B7653F4F92E03E880F663FC6
S315020216F0A928DF3E7167663F79BEDD3ECCBE663FF4
S31502021700C153DC3E9915673F80E8DA3ED86B673FE4
S31502021710B97CD93E87C1673F6B10D83EA816683F8F
S3150202172099A3D63E396B683F4136D53E3CBF683FE8
S3150202173067C8D33EAE12693F095AD23E9165693FE6
S315020217402AEBD03EE4B7693FCA7BCF3EA7096A3F7E
S31502021750EA0BCE3ED95A6A3F8B9BCC3E7BAB6A3FA3
S31502021760AE2ACB3E8CFB6A3F53B9C93E0C4B6B3F4A
S315020217707C47C83EFB996B3F29D5C63E58E86B3F6C
S315020217805C62C53E24366C3F15EFC33E5E836C3FF8
S31502021790557BC23E07D06C3F1E07C13E1D1C6D3FE4
S315020217A06F92BF3EA1676D3F4A1DBE3E93B26D3F29
S315020217B0AFA7BC3EF2FC6D3FA031BB3EBE466E3FBA
S315020217C01EBBB93EF88F6E3F2A44B83E9ED86E3F84
S315020217D0C3CCB63EB0206F3FEC54B53E30686F3F85
S315020217E0A5DCB33E1BAF6F3FEF63B23E73F56F3FAD
S315020217F0CBEAB03E373B703F3A71AF3E6680703FEE
S315020218003CF7AD3E02C5703FD47CAC3E0809713F3F
S315020218100102AB3E7A4C713FC486A93E578F713F95
S315020218201F0BA83E9FD1713F128FA63E5213723FE3
S315020218309F12A53E7054723FC595A33EF894723F1D
S315020218408718A23EEBD4723FE59AA03E4714733F35
S31502021850DF1C9F3E0E53733F789E9D3E3F91733F20
S31502021860AF1F9C3ED9CE733F86A09A3EDD0B743FD4
S31502021870FE20993E4B48743F17A1973E2284743F3D
S31502021880D220963E62BF743F31A0943E0BFA743F59
S31502021890351F933E1D34753FDD9D913E976D753F13
S315020218A02C1C903E7BA6753F229A8E3EC6DE753F63
S315020218B0C0178D3E7A16763F07958B3E974D763F39
S315020218C0F8118A3E1B84763F938E883E07BA763F8C
S315020218D0DA0A873E5BEF763FCE86853E1724773F4E
S315020218E07002843E3A58773FC07D823EC58B773F6F
S315020218F0C0F8803EB7BE773FE1E67E3E10F1773F03
S31502021900A4DB7B3ED122783FCCCF783EF853783F98
S315020219105AC3753E8684783F51B6723E7BB4783F8F
S31502021920B2A86F3ED6E3783F7F9A6C3E9812793F11
S31502021930BA8B693EC040793F667C663E4E6E793FFF
S31502021940836C633E439B793F135C603E9DC7793F3E
S315020219501A4B5D3E5EF3793F97395A3E841E7A3FB1
S315020219608F27573E10497A3F0115543E02737A3F3A
S31502021970F101513E599C7A3F60EE4D3E16C57A3FC1
S315020219804FDA4A3E37ED7A3FC2C5473EBE147B3F27
S31502021990B9B0443EAB3B7B3F379B413EFC617B3F4A
S315020219A03E853E3EB2877B3FCF6E3B3ECDAC7B3F12
S315020219B0EC57383E4DD17B3F9840353E31F57B3F61
S315020219C0D428323E7A187C3FA2102F3E283B7C3F17
S315020219D004F82B3E3A5D7C3FFCDE283EB07E7C3F1D
S315020219E08CC5253E8A9F7C3FB6AB223EC9BF7C3F51
S315020219F07B911F3E6CDF7C3FDE761C3E73FE7C3F94
S31502021A00E05B193EDD1C7D3F8340163EAC3A7D3FCC
S31502021A10CA24133EDE577D3FB708103E74747D3FDB
S31502021A204AEC0C3E6E907D3F86CF093ECCAB7D3FA3
S31502021A306EB2063E8CC67D3F0295033EB1E07D3F05
S31502021A404577003E38FA7D3F73B2FA3D24137E3F54
S31502021A50C075F43D722B7E3F7638EE3D23437E3FC0
S31502021A609AFAE73D385A7E3F2EBCE13DB0707E3F80
S31502021A70377DDB3D8B867E3FB93DD53DC99B7E3F99
S31502021A80B7FDCE3D69B07E3F36BDC83D6DC47E3FD1
S31502021A90397CC23DD4D77E3FC33ABC3D9DEA7E3FE6
S31502021AA0DAF8B53DC9FC7E3F80B6AF3D580E7F3FA0
S31502021AB0BA73A93D491F7F3F8C30A33D9D2F7F3FBD
S31502021AC0F9EC9C3D543F7F3F05A9963D6D4E7F3F03
S31502021AD0B464903DE95C7F3F0A208A3DC76A7F3F34
S31502021AE00ADB833D08787F3F742B7B3DAB847F3FC5
S31502021AF038A06E3DB1907F3F6814623D189C7F3FCD
S31502021B000E88553DE3A67F3F2FFB483D0FB17F3F2F
S31502021B10D56D3C3D9EBA7F3F07E02F3D8FC37F3F87
S31502021B20CC51233DE2CB7F3F2CC3163D98D37F3F58
S31502021B302F340A3DAFDA7F3FB949FB3C29E17F3FA9
S31502021B407B2AE23C05E77F3FB00AC93C43EC7F3F72
S31502021B5069EAAF3CE3F07F3FB6C9963CE6F47F3FC3
S31502021B604B517B3C4AF87F3F900E493C11FB7F3F2B
S31502021B7059CB163C39FD7F3F890FC93BC4FE7F3FD5
S31502021B80C70F493BB1FF7F3F000000000000803FC4
S31502021B90C70F49BBB1FF7F3F890FC9BBC4FE7F3F57
S31502021BA059CB16BC39FD7F3F900E49BC11FB7F3FD4
S31502021BB04B517BBC4AF87F3FB6C996BCE6F47F3FDF
S31502021BC069EAAFBCE3F07F3FB00AC9BC43EC7F3F90
S31502021BD07B2AE2BC05E77F3FB949FBBC29E17F3F8D
S31502021BE02F340ABDAFDA7F3F2CC316BD98D37F3F8F
S31502021BF0CC5123BDE2CB7F3F07E02FBD8FC37F3F90
S31502021C00D56D3CBD9EBA7F3F2FFB48BD0FB17F3FCC
S31502021C100E8855BDE3A67F3F681462BD189C7F3FBE
S31502021C2038A06EBDB1907F3F742B7BBDAB847F3FE4
S31502021C300ADB83BD08787F3F0A208ABDC76A7F3FD7
S31502021C40B46490BDE95C7F3F05A996BD6D4E7F3FA8
S31502021C50F9EC9CBD543F7F3F8C30A3BD9D2F7F3F45
S31502021C60BA73A9BD491F7F3F80B6AFBD580E7F3FEB
S31502021C70DAF8B5BDC9FC7E3FC33ABCBD9DEA7E3FDA
S31502021C80397CC2BDD4D77E3F36BDC8BD6DC47E3F48
S31502021C90B7FDCEBD69B07E3FB93DD5BDC99B7E3F7C
S31502021CA0377DDBBD8B867E3F2EBCE1BDB0707E3FAB
S31502021CB09AFAE7BD385A7E3F7638EEBD23437E3F17
S31502021CC0C075F4BD722B7E3F73B2FABD24137E3FFA
S31502021CD0457700BE38FA7D3F029503BEB1E07D3FED
S31502021CE06EB206BE8CC67D3F86CF09BECCAB7D3FA9
S31502021CF04AEC0CBE6E907D3FB70810BE74747D3FEF
S31502021D00CA2413BEDE577D3F834016BEAC3A7D3FE0
S31502021D10E05B19BEDD1C7D3FDE761CBE73FE7C3F98
S31502021D207B911FBE6CDF7C3FB6AB22BEC9BF7C3F36
S31502021D308CC525BE8A9F7C3FFCDE28BEB07E7C3FD8
S31502021D4004F82BBE3A5D7C3FA2102FBE283B7C3F95
S31502021D50D42832BE7A187C3F984035BE31F57B3F95
S31502021D60EC5738BE4DD17B3FCF6E3BBECDAC7B3FEF
S31502021D703E853EBEB2877B3F379B41BEFC617B3FBF
S31502021D80B9B044BEAB3B7B3FC2C547BEBE147B3F26
S31502021D904FDA4ABE37ED7A3F60EE4DBE16C57A3F3E
S31502021DA0F10151BE599C7A3F011554BE02737A3F24
S31502021DB08F2757BE10497A3F97395ABE841E7A3FF9
S31502021DC01A4B5DBE5EF3793F135C60BE9DC7793FD7
S31502021DD0836C63BE439B793F667C66BE4E6E793FD9
S31502021DE0BA8B69BEC040793F7F9A6CBE9812793F20
S31502021DF0B2A86FBED6E3783F51B672BE7BB4783FC5
S31502021E005AC375BE8684783FCCCF78BEF853783FE4
S31502021E10A4DB7BBED122783FE1E67EBE10F1773F9C
S31502021E20C0F880BEB7BE773FC07D82BEC58B773F04
S31502021E30700284BE3A58773FCE8685BE1724773F14
S31502021E40DA0A87BE5BEF763F938E88BE07BA763F83
S31502021E50F8118ABE1B84763F07958BBE974D763F55
S31502021E60C0178DBE7A16763F229A8EBEC6DE753FA1
S31502021E702C1C90BE7BA6753FDD9D91BE976D753F6C
S31502021E80351F93BE1D34753F31A094BE0BFA743FC3
S31502021E90D22096BE62BF743F17A197BE2284743FB8
S31502021EA0FE2099BE4B48743F86A09ABEDD0B743F54
S31502021EB0AF1F9CBED9CE733F789E9DBE3F91733FA4
S31502021EC0DF1C9FBE0E53733FE59AA0BE4714733FB3
S31502021ED08718A2BEEBD4723FC595A3BEF894723F91
S31502021EE09F12A5BE7054723F128FA6BE5213723F44
S31502021EF01F0BA8BE9FD1713FC486A9BE578F713FE1
S31502021F000102ABBE7A4C713FD47CACBE0809713F6A
S31502021F103CF7ADBE02C5703F3A71AFBE6680703FF6
S31502021F20CBEAB0BE373B703FEF63B2BE73F56F3F8B
S31502021F30A5DCB3BE1BAF6F3FEC54B5BE30686F3F34
S31502021F40C3CCB6BEB0206F3F2A44B8BE9ED86E3FFF
S31502021F501EBBB9BEF88F6E3FA031BBBEBE466E3FF8
S31502021F60AFA7BCBEF2FC6D3F4A1DBEBE93B26D3F29
S31502021F706F92BFBEA1676D3F1E07C1BE1D1C6D3F9C
S31502021F80557BC2BE07D06C3F15EFC3BE5E836C3F64
S31502021F905C62C5BE24366C3F29D5C6BE58E86B3F85
S31502021FA07C47C8BEFB996B3F53B9C9BE0C4B6B3F0C
S31502021FB0AE2ACBBE8CFB6A3F8B9BCCBE7BAB6A3F07
S31502021FC0EA0BCEBED95A6A3FCA7BCFBEA7096A3F7F
S31502021FD02AEBD0BEE4B7693F095AD2BE9165693F80
S31502021FE067C8D3BEAE12693F4136D5BE3CBF683F13
S31502021FF099A3D6BE396B683F6B10D8BEA816683F46
S31502022000B97CD9BE87C1673F80E8DABED86B673F23
S31502022010C153DCBE9915673F79BEDDBECCBE663FB3
S31502022020A928DFBE7167663F4F92E0BE880F663F00
S315020220306AFBE1BE10B7653FFA63E3BE0B5E653F1C
S31502022040FECBE4BE7904653F7533E6BE59AA643F08
S315020220505D9AE7BEAC4F643FB700E9BE73F4633FD5
S315020220608166EABEAC98633FBBCBEBBE5A3C633F8A
S315020220706330EDBE7BDF623F7994EEBE1082623F31
S31502022080FBF7EFBE1A24623FEA5AF1BE98C5613FD8
S3150202209043BDF2BE8A66613F071FF4BEF206613F86
S315020220A03580F5BECFA6603FCBE0F6BE2146603F45
S315020220B0C840F8BEE9E45F3F2DA0F9BE27835F3F21
S315020220C0F7FEFABEDB205F3F275DFCBE05BE5E3F22
S315020220D0BBBAFDBEA65A5E3FB217FFBEBEF65D3F53
S315020220E0063A00BF4D925D3FE4E700BF532D5D3FC6
S315020220F0739501BFD1C75C3FB14202BFC7615C3F64
S315020221009FEF02BF34FB5B3F3D9C03BF1A945B3FCA
S31502022110894804BF792C5B3F84F404BF50C45A3FFA
S315020221202CA005BFA05B5A3F824B06BF6AF2593FFB
S3150202213086F606BFAD88593F36A107BF6A1E593FCA
S31502022140924B08BFA1B3583F9BF508BF5348583F6D
S315020221504E9F09BF7FDC573FAD480ABF2670573FE5
S31502022160B7F10ABF4803573F6B9A0BBFE595563F35
S31502022170C9420CBFFE27563FD0EA0CBF93B9553F60
S3150202218081920DBFA44A553FDA390EBF31DB543F65
S31502022190DBE00EBF3B6B543F84870FBFC3FA533F4C
S315020221A0D52D10BFC789533FCDD310BF4918533F10
S315020221B06B7911BF49A6523FB01E12BFC633523FB8
S315020221C09AC312BFC2C0513F2A6813BF3D4D513F47
S315020221D05F0C14BF37D9503F39B014BFAF64503FBA
S315020221E0B75315BFA8EF4F3FD9F615BF1F7A4F3F18
S315020221F09F9916BF17044F3F073C17BF908D4E3F5C
S3150202220012DE17BF89164E3FC07F18BF029F4D3F8F
S315020222100F2119BFFD264D3F00C219BF79AE4C3FB1
S3150202222093621ABF78354C3FC6021BBFF8BB4B3FBF
S3150202223099A21BBFFA414B3F0C421CBF7FC74A3FC2
S315020222401FE11CBF874C4A3FD17F1DBF12D1493FB6
S31502022250221E1EBF2155493F12BC1EBFB3D8483F9C
S315020222609F591FBFCA5B483FCBF61FBF65DE473F7A
S31502022270939320BF8560473FF92F21BF2AE2463F4B
S31502022280FBCB21BF5463463F996722BF03E4453F16
S31502022290D30223BF3964453FA99D23BFF5E3443FD9
S315020222A01A3824BF3763443F25D224BF00E2433F94
S315020222B0CB6B25BF5160433F0A0526BF29DE423F4B
S315020222C0E39D26BF895B423F563627BF70D8413F00
S315020222D061CE27BFE154413F056628BFDAD0403FAF
S315020222E041FD28BF5C4C403F159429BF67C73F3F5B
S315020222F0802A2ABFFC413F3F82C02ABF1BBC3E3F07
S315020223001B562BBFC5353E3F4AEB2BBFF9AE3D3FAF
S315020223100F802CBFB8273D3F69142DBF03A03C3F57
S3150202232059A82DBFD9173C3FDE3B2EBF3B8F3B3F01
S31502022330F7CE2EBF29063B3FA5612FBFA47C3A3FAB
S31502022340E6F32FBFACF2393FBB8530BF4268393F55
S31502022350221731BF65DD383F1DA831BF1652383FFD
S31502022360AA3832BF55C6373FC9C832BF233A373FAA
S315020223707A5833BF7FAD363FBCE733BF6C20363F58
S315020223808F7634BFE792353FF30435BFF304353F08
S31502022390E79235BF8F76343F6C2036BFBCE7333FB8
S315020223A07FAD36BF7A58333F233A37BFC9C8323F69
S315020223B055C637BFAA38323F165238BF1DA8313F1B
S315020223C065DD38BF2217313F426839BFBB85303FD0
S315020223D0ACF239BFE6F32F3FA47C3ABFA5612F3F89
S315020223E029063BBFF7CE2E3F3B8F3BBFDE3B2E3F3E
S315020223F0D9173CBF59A82D3F03A03CBF69142D3FF4
S31502022400B8273DBF0F802C3FF9AE3DBF4AEB2B3FAB
S31502022410C5353EBF1B562B3F1BBC3EBF82C02A3F61
S31502022420FC413FBF802A2A3F67C73FBF1594293F17
S315020224305C4C40BF41FD283FDAD040BF0566283FCB
S31502022440E15441BF61CE273F70D841BF5636273F7E
S31502022450895B42BFE39D263F29DE42BF0A05263F2C
S31502022460516043BFCB6B253F00E243BF25D2243FD7
S31502022470376344BF1A38243FF5E344BFA99D233F7D
S31502022480396445BFD302233F03E445BF9967223F1E
S31502022490546346BFFBCB213F2AE246BFF92F213FB7
S315020224A0856047BF9393203F65DE47BFCBF61F3F4A
S315020224B0CA5B48BF9F591F3FB3D848BF12BC1E3FD3
S315020224C0215549BF221E1E3F12D149BFD17F1D3F50
S315020224D0874C4ABF1FE11C3F7FC74ABF0C421C3FC3
S315020224E0FA414BBF99A21B3FF8BB4BBFC6021B3F29
S315020224F078354CBF93621A3F79AE4CBF00C2193F80
S31502022500FD264DBF0F21193F029F4DBFC07F183FC7
S3150202251089164EBF12DE173F908D4EBF073C173FFC
S3150202252017044FBF9F99163F1F7A4FBFD9F6153F21
S31502022530A8EF4FBFB753153FAF6450BF39B0143F30
S3150202254037D950BF5F0C143F3D4D51BF2A68133F26
S31502022550C2C051BF9AC3123FC63352BFB01E123F08
S3150202256049A652BF6B79113F491853BFCDD3103FCB
S31502022570C78953BFD52D103FC3FA53BF84870F3F76
S315020225803B6B54BFDBE00E3F31DB54BFDA390E3F01
S31502022590A44A55BF81920D3F93B955BFD0EA0C3F6B
S315020225A0FE2756BFC9420C3FE59556BF6B9A0B3FB3
S315020225B0480357BFB7F10A3F267057BFAD480A3FD5
S315020225C07FDC57BF4E9F093F534858BF9BF5083FD2
S315020225D0A1B358BF924B083F6A1E59BF36A1073FA5
S315020225E0AD8859BF86F6063F6AF259BF824B063F4D
S315020225F0A05B5ABF2CA0053F50C45ABF84F4043FC5
S31502022600792C5BBF8948043F1A945BBF3D9C033F0A
S3150202261034FB5BBF9FEF023FC7615CBFB142023F21
S31502022620D1C75CBF7395013F532D5DBFE4E7003FFF
S315020226304D925DBF063A003FBEF65DBFB217FF3E40
S31502022640A65A5EBFBBBAFD3E05BE5EBF275DFC3E15
S31502022650DB205FBFF7FEFA3E27835FBF2DA0F93E5E
S31502022660E9E45FBFC840F83E214660BFCBE0F63ED2
S31502022670CFA660BF3580F53EF20661BF071FF43E64
S315020226808A6661BF43BDF23E98C561BFEA5AF13E10
S315020226901A2462BFFBF7EF3E108262BF7994EE3EC6
S315020226A07BDF62BF6330ED3E5A3C63BFBBCBEB3E80
S315020226B0AC9863BF8166EA3E73F463BFB700E93E34
S315020226C0AC4F64BF5D9AE73E59AA64BF7533E63ED4
S315020226D0790465BFFECBE43E0B5E65BFFA63E33E59
S315020226E010B765BF6AFBE13E880F66BF4F92E03EB6
S315020226F0716766BFA928DF3ECCBE66BF79BEDD3EE4
S31502022700991567BFC153DC3ED86B67BF80E8DA3ED4
S3150202271087C167BFB97CD93EA81668BF6B10D83E7F
S31502022720396B68BF99A3D63E3CBF68BF4136D53ED8
S31502022730AE1269BF67C8D33E916569BF095AD23ED6
S31502022740E4B769BF2AEBD03EA7096ABFCA7BCF3E6E
S31502022750D95A6ABFEA0BCE3E7BAB6ABF8B9BCC3E93
S315020227608CFB6ABFAE2ACB3E0C4B6BBF53B9C93E3A
S31502022770FB996BBF7C47C83E58E86BBF29D5C63E5C
S3150202278024366CBF5C62C53E5E836CBF15EFC33EE8
S3150202279007D06CBF557BC23E1D1C6DBF1E07C13ED4
S315020227A0A1676DBF6F92BF3E93B26DBF4A1DBE3E19
S315020227B0F2FC6DBFAFA7BC3EBE466EBFA031BB3EAA
S315020227C0F88F6EBF1EBBB93E9ED86EBF2A44B83E74
S315020227D0B0206FBFC3CCB63E30686FBFEC54B53E75
S315020227E01BAF6FBFA5DCB33E73F56FBFEF63B23E9D
S315020227F0373B70BFCBEAB03E668070BF3A71AF3EDE
S3150202280002C570BF3CF7AD3E080971BFD47CAC3E2F
S315020228107A4C71BF0102AB3E578F71BFC486A93E85
S315020228209FD171BF1F0BA83E521372BF128FA63ED3
S31502022830705472BF9F12A53EF89472BFC595A33E0D
S31502022840EBD472BF8718A23E471473BFE59AA03E25
S315020228500E5373BFDF1C9F3E3F9173BF789E9D3E10
S31502022860D9CE73BFAF1F9C3EDD0B74BF86A09A3EC4
S315020228704B4874BFFE20993E228474BF17A1973E2D
S3150202288062BF74BFD220963E0BFA74BF31A0943E49
S315020228901D3475BF351F933E976D75BFDD9D913E03
S315020228A07BA675BF2C1C903EC6DE75BF229A8E3E53
S315020228B07A1676BFC0178D3E974D76BF07958B3E29
S315020228C01B8476BFF8118A3E07BA76BF938E883E7C
S315020228D05BEF76BFDA0A873E172477BFCE86853E3E
S315020228E03A5877BF7002843EC58B77BFC07D823E5F
S315020228F0B7BE77BFC0F8803E10F177BFE1E67E3EF3
S31502022900D12278BFA4DB7B3EF85378BFCCCF783E88
S31502022910868478BF5AC3753E7BB478BF51B6723E7F
S31502022920D6E378BFB2A86F3E981279BF7F9A6C3E01
S31502022930C04079BFBA8B693E4E6E79BF667C663EEF
S31502022940439B79BF836C633E9DC779BF135C603E2E
S315020229505EF379BF1A4B5D3E841E7ABF97395A3EA1
S3150202296010497ABF8F27573E02737ABF0115543E2A
S31502022970599C7ABFF101513E16C57ABF60EE4D3EB1
S3150202298037ED7ABF4FDA4A3EBE147BBFC2C5473E17
S31502022990AB3B7BBFB9B0443EFC617BBF379B413E3A
S315020229A0B2877BBF3E853E3ECDAC7BBFCF6E3B3E02
S315020229B04DD17BBFEC57383E31F57BBF9840353E51
S315020229C07A187CBFD428323E283B7CBFA2102F3E07
S315020229D03A5D7CBF04F82B3EB07E7CBFFCDE283E0D
S315020229E08A9F7CBF8CC5253EC9BF7CBFB6AB223E41
S315020229F06CDF7CBF7B911F3E73FE7CBFDE761C3E84
S31502022A00DD1C7DBFE05B193EAC3A7DBF8340163EBC
S31502022A10DE577DBFCA24133E74747DBFB708103ECB
S31502022A206E907DBF4AEC0C3ECCAB7DBF86CF093E93
S31502022A308CC67DBF6EB2063EB1E07DBF0295033EF5
S31502022A4038FA7DBF4577003E24137EBF73B2FA3D44
S31502022A50722B7EBFC075F43D23437EBF7638EE3DB0
S31502022A60385A7EBF9AFAE73DB0707EBF2EBCE13D70
S31502022A708B867EBF377DDB3DC99B7EBFB93DD53D89
S31502022A8069B07EBFB7FDCE3D6DC47EBF36BDC83DC1
S31502022A90D4D77EBF397CC23D9DEA7EBFC33ABC3DD6
S31502022AA0C9FC7EBFDAF8B53D580E7FBF80B6AF3D90
S31502022AB0491F7FBFBA73A93D9D2F7FBF8C30A33DAD
S31502022AC0543F7FBFF9EC9C3D6D4E7FBF05A9963DF3
S31502022AD0E95C7FBFB464903DC76A7FBF0A208A3D24
S31502022AE008787FBF0ADB833DAB847FBF742B7B3DB5
S31502022AF0B1907FBF38A06E3D189C7FBF6814623DBD
S31502022B00E3A67FBF0E88553D0FB17FBF2FFB483D1F
S31502022B109EBA7FBFD56D3C3D8FC37FBF07E02F3D77
S31502022B20E2CB7FBFCC51233D98D37FBF2CC3163D48
S31502022B30AFDA7FBF2F340A3D29E17FBFB949FB3C99
S31502022B4005E77FBF7B2AE23C43EC7FBFB00AC93C62
S31502022B50E3F07FBF69EAAF3CE6F47FBFB6C9963CB3
S31502022B604AF87FBF4B517B3C11FB7FBF900E493C1B
S31502022B7039FD7FBF59CB163CC4FE7FBF890FC93BC5
S31502022B80B1FF7FBFC70F493B000080BF00000000B4
S31502022B90B1FF7FBFC70F49BBC4FE7FBF890FC9BB47
S31502022BA039FD7FBF59CB16BC11FB7FBF900E49BCC4
S31502022BB04AF87FBF4B517BBCE6F47FBFB6C996BCCF
S31502022BC0E3F07FBF69EAAFBC43EC7FBFB00AC9BC80
S31502022BD005E77FBF7B2AE2BC29E17FBFB949FBBC7D
S31502022BE0AFDA7FBF2F340ABD98D37FBF2CC316BD7F
S31502022BF0E2CB7FBFCC5123BD8FC37FBF07E02FBD80
S31502022C009EBA7FBFD56D3CBD0FB17FBF2FFB48BDBC
S31502022C10E3A67FBF0E8855BD189C7FBF681462BDAE
S31502022C20B1907FBF38A06EBDAB847FBF742B7BBDD4
S31502022C3008787FBF0ADB83BDC76A7FBF0A208ABDC7
S31502022C40E95C7FBFB46490BD6D4E7FBF05A996BD98
S31502022C50543F7FBFF9EC9CBD9D2F7FBF8C30A3BD35
S31502022C60491F7FBFBA73A9BD580E7FBF80B6AFBDDB
S31502022C70C9FC7EBFDAF8B5BD9DEA7EBFC33ABCBDCA
S31502022C80D4D77EBF397CC2BD6DC47EBF36BDC8BD38
S31502022C9069B07EBFB7FDCEBDC99B7EBFB93DD5BD6C
S31502022CA08B867EBF377DDBBDB0707EBF2EBCE1BD9B
S31502022CB0385A7EBF9AFAE7BD23437EBF7638EEBD07
S31502022CC0722B7EBFC075F4BD24137EBF73B2FABDEA
S31502022CD038FA7DBF457700BEB1E07DBF029503BEDD
S31502022CE08CC67DBF6EB206BECCAB7DBF86CF09BE99
S31502022CF06E907DBF4AEC0CBE74747DBFB70810BEDF
S31502022D00DE577DBFCA2413BEAC3A7DBF834016BED0
S31502022D10DD1C7DBFE05B19BE73FE7CBFDE761CBE88
S31502022D206CDF7CBF7B911FBEC9BF7CBFB6AB22BE26
S31502022D308A9F7CBF8CC525BEB07E7CBFFCDE28BEC8
S31502022D403A5D7CBF04F82BBE283B7CBFA2102FBE85
S31502022D507A187CBFD42832BE31F57BBF984035BE85
S31502022D604DD17BBFEC5738BECDAC7BBFCF6E3BBEDF
S31502022D70B2877BBF3E853EBEFC617BBF379B41BEAF
S31502022D80AB3B7BBFB9B044BEBE147BBFC2C547BE16
S31502022D9037ED7ABF4FDA4ABE16C57ABF60EE4DBE2E
S31502022DA0599C7ABFF10151BE02737ABF011554BE14
S31502022DB010497ABF8F2757BE841E7ABF97395ABEE9
S31502022DC05EF379BF1A4B5DBE9DC779BF135C60BEC7
S31502022DD0439B79BF836C63BE4E6E79BF667C66BEC9
S31502022DE0C04079BFBA8B69BE981279BF7F9A6CBE10
S31502022DF0D6E378BFB2A86FBE7BB478BF51B672BEB5
S31502022E00868478BF5AC375BEF85378BFCCCF78BED4
S31502022E10D12278BFA4DB7BBE10F177BFE1E67EBE8C
S31502022E20B7BE77BFC0F880BEC58B77BFC07D82BEF4
S31502022E303A5877BF700284BE172477BFCE8685BE04
S31502022E405BEF76BFDA0A87BE07BA76BF938E88BE73
S31502022E501B8476BFF8118ABE974D76BF07958BBE45
S31502022E607A1676BFC0178DBEC6DE75BF229A8EBE91
S31502022E707BA675BF2C1C90BE976D75BFDD9D91BE5C
S31502022E801D3475BF351F93BE0BFA74BF31A094BEB3
S31502022E9062BF74BFD22096BE228474BF17A197BEA8
S31502022EA04B4874BFFE2099BEDD0B74BF86A09ABE44
S31502022EB0D9CE73BFAF1F9CBE3F9173BF789E9DBE94
S31502022EC00E5373BFDF1C9FBE471473BFE59AA0BEA3
S31502022ED0EBD472BF8718A2BEF89472BFC595A3BE81
S31502022EE0705472BF9F12A5BE521372BF128FA6BE34
S31502022EF09FD171BF1F0BA8BE578F71BFC486A9BED1
S31502022F007A4C71BF0102ABBE080971BFD47CACBE5A
S31502022F1002C570BF3CF7ADBE668070BF3A71AFBEE6
S31502022F20373B70BFCBEAB0BE73F56FBFEF63B2BE7B
S31502022F301BAF6FBFA5DCB3BE30686FBFEC54B5BE24
S31502022F40B0206FBFC3CCB6BE9ED86EBF2A44B8BEEF
S31502022F50F88F6EBF1EBBB9BEBE466EBFA031BBBEE8
S31502022F60F2FC6DBFAFA7BCBE93B26DBF4A1DBEBE19
S31502022F70A1676DBF6F92BFBE1D1C6DBF1E07C1BE8C
S31502022F8007D06CBF557BC2BE5E836CBF15EFC3BE54
S31502022F9024366CBF5C62C5BE58E86BBF29D5C6BE75
S31502022FA0FB996BBF7C47C8BE0C4B6BBF53B9C9BEFC
S31502022FB08CFB6ABFAE2ACBBE7BAB6ABF8B9BCCBEF7
S31502022FC0D95A6ABFEA0BCEBEA7096ABFCA7BCFBE6F
S31502022FD0E4B769BF2AEBD0BE916569BF095AD2BE70
S31502022FE0AE1269BF67C8D3BE3CBF68BF4136D5BE03
S31502022FF0396B68BF99A3D6BEA81668BF6B10D8BE36
S3150202300087C167BFB97CD9BED86B67BF80E8DABE13
S31502023010991567BFC153DCBECCBE66BF79BEDDBEA3
S31502023020716766BFA928DFBE880F66BF4F92E0BEF0
S3150202303010B765BF6AFBE1BE0B5E65BFFA63E3BE0C
S31502023040790465BFFECBE4BE59AA64BF7533E6BEF8
S31502023050AC4F64BF5D9AE7BE73F463BFB700E9BEC5
S31502023060AC9863BF8166EABE5A3C63BFBBCBEBBE7A
S315020230707BDF62BF6330EDBE108262BF7994EEBE21
S315020230801A2462BFFBF7EFBE98C561BFEA5AF1BEC8
S315020230908A6661BF43BDF2BEF20661BF071FF4BE76
S315020230A0CFA660BF3580F5BE214660BFCBE0F6BE35
S315020230B0E9E45FBFC840F8BE27835FBF2DA0F9BE11
S315020230C0DB205FBFF7FEFABE05BE5EBF275DFCBE12
S315020230D0A65A5EBFBBBAFDBEBEF65DBFB217FFBE43
S315020230E04D925DBF063A00BF532D5DBFE4E700BFB6
S315020230F0D1C75CBF739501BFC7615CBFB14202BF54
S3150202310034FB5BBF9FEF02BF1A945BBF3D9C03BFBA
S31502023110792C5BBF894804BF50C45ABF84F404BFEA
S31502023120A05B5ABF2CA005BF6AF259BF824B06BFEB
S31502023130AD8859BF86F606BF6A1E59BF36A107BFBA
S31502023140A1B358BF924B08BF534858BF9BF508BF5D
S315020231507FDC57BF4E9F09BF267057BFAD480ABFD5
S31502023160480357BFB7F10ABFE59556BF6B9A0BBF25
S31502023170FE2756BFC9420CBF93B955BFD0EA0CBF50
S31502023180A44A55BF81920DBF31DB54BFDA390EBF55
S315020231903B6B54BFDBE00EBFC3FA53BF84870FBF3C
S315020231A0C78953BFD52D10BF491853BFCDD310BF00
S315020231B049A652BF6B7911BFC63352BFB01E12BFA8
S315020231C0C2C051BF9AC312BF3D4D51BF2A6813BF37
S315020231D037D950BF5F0C14BFAF6450BF39B014BFAA
S315020231E0A8EF4FBFB75315BF1F7A4FBFD9F615BF08
S315020231F017044FBF9F9916BF908D4EBF073C17BF4C
S3150202320089164EBF12DE17BF029F4DBFC07F18BF7F
S31502023210FD264DBF0F2119BF79AE4CBF00C219BFA1
S3150202322078354CBF93621ABFF8BB4BBFC6021BBFAF
S31502023230FA414BBF99A21BBF7FC74ABF0C421CBFB2
S31502023240874C4ABF1FE11CBF12D149BFD17F1DBFA6
S31502023250215549BF221E1EBFB3D848BF12BC1EBF8C
S31502023260CA5B48BF9F591FBF65DE47BFCBF61FBF6A
S31502023270856047BF939320BF2AE246BFF92F21BF3B
S31502023280546346BFFBCB21BF03E445BF996722BF06
S31502023290396445BFD30223BFF5E344BFA99D23BFC9
S315020232A0376344BF1A3824BF00E243BF25D224BF84
S315020232B0516043BFCB6B25BF29DE42BF0A0526BF3B
S315020232C0895B42BFE39D26BF70D841BF563627BFF0
S315020232D0E15441BF61CE27BFDAD040BF056628BF9F
S315020232E05C4C40BF41FD28BF67C73FBF159429BF4B
S315020232F0FC413FBF802A2ABF1BBC3EBF82C02ABFF7
S31502023300C5353EBF1B562BBFF9AE3DBF4AEB2BBF9F
S31502023310B8273DBF0F802CBF03A03CBF69142DBF47
S31502023320D9173CBF59A82DBF3B8F3BBFDE3B2EBFF1
S3150202333029063BBFF7CE2EBFA47C3ABFA5612FBF9B
S31502023340ACF239BFE6F32FBF426839BFBB8530BF45
S3150202335065DD38BF221731BF165238BF1DA831BFED
S3150202336055C637BFAA3832BF233A37BFC9C832BF9A
S315020233707FAD36BF7A5833BF6C2036BFBCE733BF48
S31502023380E79235BF8F7634BFF30435BFF30435BFF8
S315020233908F7634BFE79235BFBCE733BF6C2036BFA8
S315020233A07A5833BF7FAD36BFC9C832BF233A37BF59
S315020233B0AA3832BF55C637BF1DA831BF165238BF0B
S315020233C0221731BF65DD38BFBB8530BF426839BFC0
S315020233D0E6F32FBFACF239BFA5612FBFA47C3ABF79
S315020233E0F7CE2EBF29063BBFDE3B2EBF3B8F3BBF2E
S315020233F059A82DBFD9173CBF69142DBF03A03CBFE4
S315020234000F802CBFB8273DBF4AEB2BBFF9AE3DBF9B
S315020234101B562BBFC5353EBF82C02ABF1BBC3EBF51
S31502023420802A2ABFFC413FBF159429BF67C73FBF07
S3150202343041FD28BF5C4C40BF056628BFDAD040BFBB
S3150202344061CE27BFE15441BF563627BF70D841BF6E
S31502023450E39D26BF895B42BF0A0526BF29DE42BF1C
S31502023460CB6B25BF516043BF25D224BF00E243BFC7
S315020234701A3824BF376344BFA99D23BFF5E344BF6D
S31502023480D30223BF396445BF996722BF03E445BF0E
S31502023490FBCB21BF546346BFF92F21BF2AE246BFA7
S315020234A0939320BF856047BFCBF61FBF65DE47BF3A
S315020234B09F591FBFCA5B48BF12BC1EBFB3D848BFC3
S315020234C0221E1EBF215549BFD17F1DBF12D149BF40
S315020234D01FE11CBF874C4ABF0C421CBF7FC74ABFB3
S315020234E099A21BBFFA414BBFC6021BBFF8BB4BBF19
S315020234F093621ABF78354CBF00C219BF79AE4CBF70
S315020235000F2119BFFD264DBFC07F18BF029F4DBFB7
S3150202351012DE17BF89164EBF073C17BF908D4EBFEC
S315020235209F9916BF17044FBFD9F615BF1F7A4FBF11
S31502023530B75315BFA8EF4FBF39B014BFAF6450BF20
S315020235405F0C14BF37D950BF2A6813BF3D4D51BF16
S315020235509AC312BFC2C051BFB01E12BFC63352BFF8
S315020235606B7911BF49A652BFCDD310BF491853BFBB
S31502023570D52D10BFC78953BF84870FBFC3FA53BF66
S31502023580DBE00EBF3B6B54BFDA390EBF31DB54BFF1
S3150202359081920DBFA44A55BFD0EA0CBF93B955BF5B
S315020235A0C9420CBFFE2756BF6B9A0BBFE59556BFA3
S315020235B0B7F10ABF480357BFAD480ABF267057BFC5
S315020235C04E9F09BF7FDC57BF9BF508BF534858BFC2
S315020235D0924B08BFA1B358BF36A107BF6A1E59BF95
S315020235E086F606BFAD8859BF824B06BF6AF259BF3D
S315020235F02CA005BFA05B5ABF84F404BF50C45ABFB5
S31502023600894804BF792C5BBF3D9C03BF1A945BBFFA
S315020236109FEF02BF34FB5BBFB14202BFC7615CBF11
S31502023620739501BFD1C75CBFE4E700BF532D5DBFEF
S31502023630063A00BF4D925DBFB217FFBEBEF65DBF30
S31502023640BBBAFDBEA65A5EBF275DFCBE05BE5EBF05
S31502023650F7FEFABEDB205FBF2DA0F9BE27835FBF4E
S31502023660C840F8BEE9E45FBFCBE0F6BE214660BFC2
S315020236703580F5BECFA660BF071FF4BEF20661BF54
S3150202368043BDF2BE8A6661BFEA5AF1BE98C561BF00
S31502023690FBF7EFBE1A2462BF7994EEBE108262BFB6
S315020236A06330EDBE7BDF62BFBBCBEBBE5A3C63BF70
S315020236B08166EABEAC9863BFB700E9BE73F463BF24
S315020236C05D9AE7BEAC4F64BF7533E6BE59AA64BFC4
S315020236D0FECBE4BE790465BFFA63E3BE0B5E65BF49
S315020236E06AFBE1BE10B765BF4F92E0BE880F66BFA6
S315020236F0A928DFBE716766BF79BEDDBECCBE66BFD4
S31502023700C153DCBE991567BF80E8DABED86B67BFC4
S31502023710B97CD9BE87C167BF6B10D8BEA81668BF6F
S3150202372099A3D6BE396B68BF4136D5BE3CBF68BFC8
S3150202373067C8D3BEAE1269BF095AD2BE916569BFC6
S315020237402AEBD0BEE4B769BFCA7BCFBEA7096ABF5E
S31502023750EA0BCEBED95A6ABF8B9BCCBE7BAB6ABF83
S31502023760AE2ACBBE8CFB6ABF53B9C9BE0C4B6BBF2A
S315020237707C47C8BEFB996BBF29D5C6BE58E86BBF4C
S315020237805C62C5BE24366CBF15EFC3BE5E836CBFD8
S31502023790557BC2BE07D06CBF1E07C1BE1D1C6DBFC4
S315020237A06F92BFBEA1676DBF4A1DBEBE93B26DBF09
S315020237B0AFA7BCBEF2FC6DBFA031BBBEBE466EBF9A
S315020237C01EBBB9BEF88F6EBF2A44B8BE9ED86EBF64
S315020237D0C3CCB6BEB0206FBFEC54B5BE30686FBF65
S315020237E0A5DCB3BE1BAF6FBFEF63B2BE73F56FBF8D
S315020237F0CBEAB0BE373B70BF3A71AFBE668070BFCE
S315020238003CF7ADBE02C570BFD47CACBE080971BF1F
S315020238100102ABBE7A4C71BFC486A9BE578F71BF75
S315020238201F0BA8BE9FD171BF128FA6BE521372BFC3
S315020238309F12A5BE705472BFC595A3BEF89472BFFD
S315020238408718A2BEEBD472BFE59AA0BE471473BF15
S31502023850DF1C9FBE0E5373BF789E9DBE3F9173BF00
S31502023860AF1F9CBED9CE73BF86A09ABEDD0B74BFB4
S31502023870FE2099BE4B4874BF17A197BE228474BF1D
S31502023880D22096BE62BF74BF31A094BE0BFA74BF39
S31502023890351F93BE1D3475BFDD9D91BE976D75BFF3
S315020238A02C1C90BE7BA675BF229A8EBEC6DE75BF43
S315020238B0C0178DBE7A1676BF07958BBE974D76BF19
S315020238C0F8118ABE1B8476BF938E88BE07BA76BF6C
S315020238D0DA0A87BE5BEF76BFCE8685BE172477BF2E
S315020238E0700284BE3A5877BFC07D82BEC58B77BF4F
S315020238F0C0F880BEB7BE77BFE1E67EBE10F177BFE3
S31502023900A4DB7BBED12278BFCCCF78BEF85378BF78
S315020239105AC375BE868478BF51B672BE7BB478BF6F
S31502023920B2A86FBED6E378BF7F9A6CBE981279BFF1
S31502023930BA8B69BEC04079BF667C66BE4E6E79BFDF
S31502023940836C63BE439B79BF135C60BE9DC779BF1E
S315020239501A4B5DBE5EF379BF97395ABE841E7ABF91
S315020239608F2757BE10497ABF011554BE02737ABF1A
S31502023970F10151BE599C7ABF60EE4DBE16C57ABFA1
S315020239804FDA4ABE37ED7ABFC2C547BEBE147BBF07
S31502023990B9B044BEAB3B7BBF379B41BEFC617BBF2A
S315020239A03E853EBEB2877BBFCF6E3BBECDAC7BBFF2
S315020239B0EC5738BE4DD17BBF984035BE31F57BBF41
S315020239C0D42832BE7A187CBFA2102FBE283B7CBFF7
S315020239D004F82BBE3A5D7CBFFCDE28BEB07E7CBFFD
S315020239E08CC525BE8A9F7CBFB6AB22BEC9BF7CBF31
S315020239F07B911FBE6CDF7CBFDE761CBE73FE7CBF74
S31502023A00E05B19BEDD1C7DBF834016BEAC3A7DBFAC
S31502023A10CA2413BEDE577DBFB70810BE74747DBFBB
S31502023A204AEC0CBE6E907DBF86CF09BECCAB7DBF83
S31502023A306EB206BE8CC67DBF029503BEB1E07DBFE5
S31502023A40457700BE38FA7DBF73B2FABD24137EBF34
S31502023A50C075F4BD722B7EBF7638EEBD23437EBFA0
S31502023A609AFAE7BD385A7EBF2EBCE1BDB0707EBF60
S31502023A70377DDBBD8B867EBFB93DD5BDC99B7EBF79
S31502023A80B7FDCEBD69B07EBF36BDC8BD6DC47EBFB1
S31502023A90397CC2BDD4D77EBFC33ABCBD9DEA7EBFC6
S31502023AA0DAF8B5BDC9FC7EBF80B6AFBD580E7FBF80
S31502023AB0BA73A9BD491F7FBF8C30A3BD9D2F7FBF9D
S31502023AC0F9EC9CBD543F7FBF05A996BD6D4E7FBFE3
S31502023AD0B46490BDE95C7FBF0A208ABDC76A7FBF14
S31502023AE00ADB83BD08787FBF742B7BBDAB847FBFA5
S31502023AF038A06EBDB1907FBF681462BD189C7FBFAD
S31502023B000E8855BDE3A67FBF2FFB48BD0FB17FBF0F
S31502023B10D56D3CBD9EBA7FBF07E02FBD8FC37FBF67
S31502023B20CC5123BDE2CB7FBF2CC316BD98D37FBF38
S31502023B302F340ABDAFDA7FBFB949FBBC29E17FBF89
S31502023B407B2AE2BC05E77FBFB00AC9BC43EC7FBF52
S31502023B5069EAAFBCE3F07FBFB6C996BCE6F47FBFA3
S31502023B604B517BBC4AF87FBF900E49BC11FB7FBF0B
S31502023B7059CB16BC39FD7FBF890FC9BBC4FE7FBFB5
S31502023B80C70F49BBB1FF7FBF00000080000080BFA4
S31502023B90C70F493BB1FF7FBF890FC93BC4FE7FBF37
S31502023BA059CB163C39FD7FBF900E493C11FB7FBFB4
S31502023BB04B517B3C4AF87FBFB6C9963CE6F47FBFBF
S31502023BC069EAAF3CE3F07FBFB00AC93C43EC7FBF70
S31502023BD07B2AE23C05E77FBFB949FB3C29E17FBF6D
S31502023BE02F340A3DAFDA7FBF2CC3163D98D37FBF6F
S31502023BF0CC51233DE2CB7FBF07E02F3D8FC37FBF70
S31502023C00D56D3C3D9EBA7FBF2FFB483D0FB17FBFAC
S31502023C100E88553DE3A67FBF6814623D189C7FBF9E
S31502023C2038A06E3DB1907FBF742B7B3DAB847FBFC4
S31502023C300ADB833D08787FBF0A208A3DC76A7FBFB7
S31502023C40B464903DE95C7FBF05A9963D6D4E7FBF88
S31502023C50F9EC9C3D543F7FBF8C30A33D9D2F7FBF25
S31502023C60BA73A93D491F7FBF80B6AF3D580E7FBFCB
S31502023C70DAF8B53DC9FC7EBFC33ABC3D9DEA7EBFBA
S31502023C80397CC23DD4D77EBF36BDC83D6DC47EBF28
S31502023C90B7FDCE3D69B07EBFB93DD53DC99B7EBF5C
S31502023CA0377DDB3D8B867EBF2EBCE13DB0707EBF8B
S31502023CB09AFAE73D385A7EBF7638EE3D23437EBFF7
S31502023CC0C075F43D722B7EBF73B2FA3D24137EBFDA
S31502023CD04577003E38FA7DBF0295033EB1E07DBFCD
S31502023CE06EB2063E8CC67DBF86CF093ECCAB7DBF89
S31502023CF04AEC0C3E6E907DBFB708103E74747DBFCF
S31502023D00CA24133EDE577DBF8340163EAC3A7DBFC0
S31502023D10E05B193EDD1C7DBFDE761C3E73FE7CBF78
S31502023D207B911F3E6CDF7CBFB6AB223EC9BF7CBF16
S31502023D308CC5253E8A9F7CBFFCDE283EB07E7CBFB8
S31502023D4004F82B3E3A5D7CBFA2102F3E283B7CBF75
S31502023D50D428323E7A187CBF9840353E31F57BBF75
S31502023D60EC57383E4DD17BBFCF6E3B3ECDAC7BBFCF
S31502023D703E853E3EB2877BBF379B413EFC617BBF9F
S31502023D80B9B0443EAB3B7BBFC2C5473EBE147BBF06
S31502023D904FDA4A3E37ED7ABF60EE4D3E16C57ABF1E
S31502023DA0F101513E599C7ABF0115543E02737ABF04
S31502023DB08F27573E10497ABF97395A3E841E7ABFD9
S31502023DC01A4B5D3E5EF379BF135C603E9DC779BFB7
S31502023DD0836C633E439B79BF667C663E4E6E79BFB9
S31502023DE0BA8B693EC04079BF7F9A6C3E981279BF00
S31502023DF0B2A86F3ED6E378BF51B6723E7BB478BFA5
S31502023E005AC3753E868478BFCCCF783EF85378BFC4
S31502023E10A4DB7B3ED12278BFE1E67E3E10F177BF7C
S31502023E20C0F8803EB7BE77BFC07D823EC58B77BFE4
S31502023E307002843E3A5877BFCE86853E172477BFF4
S31502023E40DA0A873E5BEF76BF938E883E07BA76BF63
S31502023E50F8118A3E1B8476BF07958B3E974D76BF35
S31502023E60C0178D3E7A1676BF229A8E3EC6DE75BF81
S31502023E702C1C903E7BA675BFDD9D913E976D75BF4C
S31502023E80351F933E1D3475BF31A0943E0BFA74BFA3
S31502023E90D220963E62BF74BF17A1973E228474BF98
S31502023EA0FE20993E4B4874BF86A09A3EDD0B74BF34
S31502023EB0AF1F9C3ED9CE73BF789E9D3E3F9173BF84
S31502023EC0DF1C9F3E0E5373BFE59AA03E471473BF93
S31502023ED08718A23EEBD472BFC595A33EF89472BF71
S31502023EE09F12A53E705472BF128FA63E521372BF24
S31502023EF01F0BA83E9FD171BFC486A93E578F71BFC1
S31502023F000102AB3E7A4C71BFD47CAC3E080971BF4A
S31502023F103CF7AD3E02C570BF3A71AF3E668070BFD6
S31502023F20CBEAB03E373B70BFEF63B23E73F56FBF6B
S31502023F30A5DCB33E1BAF6FBFEC54B53E30686FBF14
S31502023F40C3CCB63EB0206FBF2A44B83E9ED86EBFDF
S31502023F501EBBB93EF88F6EBFA031BB3EBE466EBFD8
S31502023F60AFA7BC3EF2FC6DBF4A1DBE3E93B26DBF09
S31502023F706F92BF3EA1676DBF1E07C13E1D1C6DBF7C
S31502023F80557BC23E07D06CBF15EFC33E5E836CBF44
S31502023F905C62C53E24366CBF29D5C63E58E86BBF65
S31502023FA07C47C83EFB996BBF53B9C93E0C4B6BBFEC
S31502023FB0AE2ACB3E8CFB6ABF8B9BCC3E7BAB6ABFE7
S31502023FC0EA0BCE3ED95A6ABFCA7BCF3EA7096ABF5F
S31502023FD02AEBD03EE4B769BF095AD23E916569BF60
S31502023FE067C8D33EAE1269BF4136D53E3CBF68BFF3
S31502023FF099A3D63E396B68BF6B10D83EA81668BF26
S31502024000B97CD93E87C167BF80E8DA3ED86B67BF03
S31502024010C153DC3E991567BF79BEDD3ECCBE66BF93
S31502024020A928DF3E716766BF4F92E03E880F66BFE0
S315020240306AFBE13E10B765BFFA63E33E0B5E65BFFC
S31502024040FECBE43E790465BF7533E63E59AA64BFE8
S315020240505D9AE73EAC4F64BFB700E93E73F463BFB5
S315020240608166EA3EAC9863BFBBCBEB3E5A3C63BF6A
S315020240706330ED3E7BDF62BF7994EE3E108262BF11
S31502024080FBF7EF3E1A2462BFEA5AF13E98C561BFB8
S3150202409043BDF23E8A6661BF071FF43EF20661BF66
S315020240A03580F53ECFA660BFCBE0F63E214660BF25
S315020240B0C840F83EE9E45FBF2DA0F93E27835FBF01
S315020240C0F7FEFA3EDB205FBF275DFC3E05BE5EBF02
S315020240D0BBBAFD3EA65A5EBFB217FF3EBEF65DBF33
S315020240E0063A003F4D925DBFE4E7003F532D5DBFA6
S315020240F07395013FD1C75CBFB142023FC7615CBF44
S315020241009FEF023F34FB5BBF3D9C033F1A945BBFAA
S315020241108948043F792C5BBF84F4043F50C45ABFDA
S315020241202CA0053FA05B5ABF824B063F6AF259BFDB
S3150202413086F6063FAD8859BF36A1073F6A1E59BFAA
S31502024140924B083FA1B358BF9BF5083F534858BF4D
S315020241504E9F093F7FDC57BFAD480A3F267057BFC5
S31502024160B7F10A3F480357BF6B9A0B3FE59556BF15
S31502024170C9420C3FFE2756BFD0EA0C3F93B955BF40
S3150202418081920D3FA44A55BFDA390E3F31DB54BF45
S31502024190DBE00E3F3B6B54BF84870F3FC3FA53BF2C
S315020241A0D52D103FC78953BFCDD3103F491853BFF0
S315020241B06B79113F49A652BFB01E123FC63352BF98
S315020241C09AC3123FC2C051BF2A68133F3D4D51BF27
S315020241D05F0C143F37D950BF39B0143FAF6450BF9A
S315020241E0B753153FA8EF4FBFD9F6153F1F7A4FBFF8
S315020241F09F99163F17044FBF073C173F908D4EBF3C
S3150202420012DE173F89164EBFC07F183F029F4DBF6F
S315020242100F21193FFD264DBF00C2193F79AE4CBF91
S3150202422093621A3F78354CBFC6021B3FF8BB4BBF9F
S3150202423099A21B3FFA414BBF0C421C3F7FC74ABFA2
S315020242401FE11C3F874C4ABFD17F1D3F12D149BF96
S31502024250221E1E3F215549BF12BC1E3FB3D848BF7C
S315020242609F591F3FCA5B48BFCBF61F3F65DE47BF5A
S315020242709393203F856047BFF92F213F2AE246BF2B
S31502024280FBCB213F546346BF9967223F03E445BFF6
S31502024290D302233F396445BFA99D233FF5E344BFB9
S315020242A01A38243F376344BF25D2243F00E243BF74
S315020242B0CB6B253F516043BF0A05263F29DE42BF2B
S315020242C0E39D263F895B42BF5636273F70D841BFE0
S315020242D061CE273FE15441BF0566283FDAD040BF8F
S315020242E041FD283F5C4C40BF1594293F67C73FBF3B
S315020242F0802A2A3FFC413FBF82C02A3F1BBC3EBFE7
S315020243001B562B3FC5353EBF4AEB2B3FF9AE3DBF8F
S315020243100F802C3FB8273DBF69142D3F03A03CBF37
S3150202432059A82D3FD9173CBFDE3B2E3F3B8F3BBFE1
S31502024330F7CE2E3F29063BBFA5612F3FA47C3ABF8B
S31502024340E6F32F3FACF239BFBB85303F426839BF35
S315020243502217313F65DD38BF1DA8313F165238BFDD
S31502024360AA38323F55C637BFC9C8323F233A37BF8A
S315020243707A58333F7FAD36BFBCE7333F6C2036BF38
S315020243808F76343FE79235BFF304353FF30435BFE8
S31502024390E792353F8F7634BF6C20363FBCE733BF98
S315020243A07FAD363F7A5833BF233A373FC9C832BF49
S315020243B055C6373FAA3832BF1652383F1DA831BFFB
S315020243C065DD383F221731BF4268393FBB8530BFB0
S315020243D0ACF2393FE6F32FBFA47C3A3FA5612FBF69
S315020243E029063B3FF7CE2EBF3B8F3B3FDE3B2EBF1E
S315020243F0D9173C3F59A82DBF03A03C3F69142DBFD4
S31502024400B8273D3F0F802CBFF9AE3D3F4AEB2BBF8B
S31502024410C5353E3F1B562BBF1BBC3E3F82C02ABF41
S31502024420FC413F3F802A2ABF67C73F3F159429BFF7
S315020244305C4C403F41FD28BFDAD0403F056628BFAB
S31502024440E154413F61CE27BF70D8413F563627BF5E
S31502024450895B423FE39D26BF29DE423F0A0526BF0C
S315020244605160433FCB6B25BF00E2433F25D224BFB7
S315020244703763443F1A3824BFF5E3443FA99D23BF5D
S315020244803964453FD30223BF03E4453F996722BFFE
S315020244905463463FFBCB21BF2AE2463FF92F21BF97
S315020244A08560473F939320BF65DE473FCBF61FBF2A
S315020244B0CA5B483F9F591FBFB3D8483F12BC1EBFB3
S315020244C02155493F221E1EBF12D1493FD17F1DBF30
S315020244D0874C4A3F1FE11CBF7FC74A3F0C421CBFA3
S315020244E0FA414B3F99A21BBFF8BB4B3FC6021BBF09
S315020244F078354C3F93621ABF79AE4C3F00C219BF60
S31502024500FD264D3F0F2119BF029F4D3FC07F18BFA7
S3150202451089164E3F12DE17BF908D4E3F073C17BFDC
S3150202452017044F3F9F9916BF1F7A4F3FD9F615BF01
S31502024530A8EF4F3FB75315BFAF64503F39B014BF10
S3150202454037D9503F5F0C14BF3D4D513F2A6813BF06
S31502024550C2C0513F9AC312BFC633523FB01E12BFE8
S3150202456049A6523F6B7911BF4918533FCDD310BFAB
S31502024570C789533FD52D10BFC3FA533F84870FBF56
S315020245803B6B543FDBE00EBF31DB543FDA390EBFE1
S31502024590A44A553F81920DBF93B9553FD0EA0CBF4B
S315020245A0FE27563FC9420CBFE595563F6B9A0BBF93
S315020245B04803573FB7F10ABF2670573FAD480ABFB5
S315020245C07FDC573F4E9F09BF5348583F9BF508BFB2
S315020245D0A1B3583F924B08BF6A1E593F36A107BF85
S315020245E0AD88593F86F606BF6AF2593F824B06BF2D
S315020245F0A05B5A3F2CA005BF50C45A3F84F404BFA5
S31502024600792C5B3F894804BF1A945B3F3D9C03BFEA
S3150202461034FB5B3F9FEF02BFC7615C3FB14202BF01
S31502024620D1C75C3F739501BF532D5D3FE4E700BFDF
S315020246304D925D3F063A00BFBEF65D3FB217FFBE20
S31502024640A65A5E3FBBBAFDBE05BE5E3F275DFCBEF5
S31502024650DB205F3FF7FEFABE27835F3F2DA0F9BE3E
S31502024660E9E45F3FC840F8BE2146603FCBE0F6BEB2
S31502024670CFA6603F3580F5BEF206613F071FF4BE44
S315020246808A66613F43BDF2BE98C5613FEA5AF1BEF0
S315020246901A24623FFBF7EFBE1082623F7994EEBEA6
S315020246A07BDF623F6330EDBE5A3C633FBBCBEBBE60
S315020246B0AC98633F8166EABE73F4633FB700E9BE14
S315020246C0AC4F643F5D9AE7BE59AA643F7533E6BEB4
S315020246D07904653FFECBE4BE0B5E653FFA63E3BE39
S315020246E010B7653F6AFBE1BE880F663F4F92E0BE96
S315020246F07167663FA928DFBECCBE663F79BEDDBEC4
S315020247009915673FC153DCBED86B673F80E8DABEB4
S3150202471087C1673FB97CD9BEA816683F6B10D8BE5F
S31502024720396B683F99A3D6BE3CBF683F4136D5BEB8
S31502024730AE12693F67C8D3BE9165693F095AD2BEB6
S31502024740E4B7693F2AEBD0BEA7096A3FCA7BCFBE4E
S31502024750D95A6A3FEA0BCEBE7BAB6A3F8B9BCCBE73
S315020247608CFB6A3FAE2ACBBE0C4B6B3F53B9C9BE1A
S31502024770FB996B3F7C47C8BE58E86B3F29D5C6BE3C
S3150202478024366C3F5C62C5BE5E836C3F15EFC3BEC8
S3150202479007D06C3F557BC2BE1D1C6D3F1E07C1BEB4
S315020247A0A1676D3F6F92BFBE93B26D3F4A1DBEBEF9
S315020247B0F2FC6D3FAFA7BCBEBE466E3FA031BBBE8A
S315020247C0F88F6E3F1EBBB9BE9ED86E3F2A44B8BE54
S315020247D0B0206F3FC3CCB6BE30686F3FEC54B5BE55
S315020247E01BAF6F3FA5DCB3BE73F56F3FEF63B2BE7D
S315020247F0373B703FCBEAB0BE6680703F3A71AFBEBE
S3150202480002C5703F3CF7ADBE0809713FD47CACBE0F
S315020248107A4C713F0102ABBE578F713FC486A9BE65
S315020248209FD1713F1F0BA8BE5213723F128FA6BEB3
S315020248307054723F9F12A5BEF894723FC595A3BEED
S31502024840EBD4723F8718A2BE4714733FE59AA0BE05
S315020248500E53733FDF1C9FBE3F91733F789E9DBEF0
S31502024860D9CE733FAF1F9CBEDD0B743F86A09ABEA4
S315020248704B48743FFE2099BE2284743F17A197BE0D
S3150202488062BF743FD22096BE0BFA743F31A094BE29
S315020248901D34753F351F93BE976D753FDD9D91BEE3
S315020248A07BA6753F2C1C90BEC6DE753F229A8EBE33
S315020248B07A16763FC0178DBE974D763F07958BBE09
S315020248C01B84763FF8118ABE07BA763F938E88BE5C
S315020248D05BEF763FDA0A87BE1724773FCE8685BE1E
S315020248E03A58773F700284BEC58B773FC07D82BE3F
S315020248F0B7BE773FC0F880BE10F1773FE1E67EBED3
S31502024900D122783FA4DB7BBEF853783FCCCF78BE68
S315020249108684783F5AC375BE7BB4783F51B672BE5F
S31502024920D6E3783FB2A86FBE9812793F7F9A6CBEE1
S31502024930C040793FBA8B69BE4E6E793F667C66BECF
S31502024940439B793F836C63BE9DC7793F135C60BE0E
S315020249505EF3793F1A4B5DBE841E7A3F97395ABE81
S3150202496010497A3F8F2757BE02737A3F011554BE0A
S31502024970599C7A3FF10151BE16C57A3F60EE4DBE91
S3150202498037ED7A3F4FDA4ABEBE147B3FC2C547BEF7
S31502024990AB3B7B3FB9B044BEFC617B3F379B41BE1A
S315020249A0B2877B3F3E853EBECDAC7B3FCF6E3BBEE2
S315020249B04DD17B3FEC5738BE31F57B3F984035BE31
S315020249C07A187C3FD42832BE283B7C3FA2102FBEE7
S315020249D03A5D7C3F04F82BBEB07E7C3FFCDE28BEED
S315020249E08A9F7C3F8CC525BEC9BF7C3FB6AB22BE21
S315020249F06CDF7C3F7B911FBE73FE7C3FDE761CBE64
S31502024A00DD1C7D3FE05B19BEAC3A7D3F834016BE9C
S31502024A10DE577D3FCA2413BE74747D3FB70810BEAB
S31502024A206E907D3F4AEC0CBECCAB7D3F86CF09BE73
S31502024A308CC67D3F6EB206BEB1E07D3F029503BED5
S31502024A4038FA7D3F457700BE24137E3F73B2FABD24
S31502024A50722B7E3FC075F4BD23437E3F7638EEBD90
S31502024A60385A7E3F9AFAE7BDB0707E3F2EBCE1BD50
S31502024A708B867E3F377DDBBDC99B7E3FB93DD5BD69
S31502024A8069B07E3FB7FDCEBD6DC47E3F36BDC8BDA1
S31502024A90D4D77E3F397CC2BD9DEA7E3FC33ABCBDB6
S31502024AA0C9FC7E3FDAF8B5BD580E7F3F80B6AFBD70
S31502024AB0491F7F3FBA73A9BD9D2F7F3F8C30A3BD8D
S31502024AC0543F7F3FF9EC9CBD6D4E7F3F05A996BDD3
S31502024AD0E95C7F3FB46490BDC76A7F3F0A208ABD04
S31502024AE008787F3F0ADB83BDAB847F3F742B7BBD95
S31502024AF0B1907F3F38A06EBD189C7F3F681462BD9D
S31502024B00E3A67F3F0E8855BD0FB17F3F2FFB48BDFF
S31502024B109EBA7F3FD56D3CBD8FC37F3F07E02FBD57
S31502024B20E2CB7F3FCC5123BD98D37F3F2CC316BD28
S31502024B30AFDA7F3F2F340ABD29E17F3FB949FBBC79
S31502024B4005E77F3F7B2AE2BC43EC7F3FB00AC9BC42
S31502024B50E3F07F3F69EAAFBCE6F47F3FB6C996BC93
S31502024B604AF87F3F4B517BBC11FB7F3F900E49BCFB
S31502024B7039FD7F3F59CB16BCC4FE7F3F890FC9BBA5
S31502024B80B1FF7F3FC70F49BB0000803F0000000014
S31502024B90C4FE7F3F890FC93B11FB7F3F900E493C02
S31502024BA0E6F47F3FB6C9963C43EC7F3FB00AC93C66
S31502024BB029E17F3FB949FB3C98D37F3F2CC3163D7F
S31502024BC08FC37F3F07E02F3D0FB17F3F2FFB483D4B
S31502024BD0189C7F3F6814623DAB847F3F742B7B3DFA
S31502024BE0C76A7F3F0A208A3D6D4E7F3F05A9963DE1
S31502024BF09D2F7F3F8C30A33D580E7F3F80B6AF3D3F
S31502024C009DEA7E3FC33ABC3D6DC47E3F36BDC83D7A
S31502024C10C99B7E3FB93DD53DB0707E3F2EBCE13D7C
S31502024C2023437E3F7638EE3D24137E3F73B2FA3D2E
S31502024C30B1E07D3F0295033ECCAB7D3F86CF093E76
S31502024C4074747D3FB708103EAC3A7D3F8340163EF0
S31502024C5073FE7C3FDE761C3EC9BF7C3FB6AB223E6C
S31502024C60B07E7C3FFCDE283E283B7C3FA2102F3ED4
S31502024C7031F57B3F9840353ECDAC7B3FCF6E3B3E16
S31502024C80FC617B3F379B413EBE147B3FC2C5473E1A
S31502024C9016C57A3F60EE4D3E02737A3F0115543EC7
S31502024CA0841E7A3F97395A3E9DC7793F135C603E0E
S31502024CB04E6E793F667C663E9812793F7F9A6C3ECB
S31502024CC07BB4783F51B6723EF853783FCCCF783EEA
S31502024CD010F1773FE1E67E3EC58B773FC07D823E8D
S31502024CE01724773FCE86853E07BA763F938E883E55
S31502024CF0974D763F07958B3EC6DE753F229A8E3ECC
S31502024D00976D753FDD9D913E0BFA743F31A0943E3D
S31502024D102284743F17A1973EDD0B743F86A09A3E0A
S31502024D203F91733F789E9D3E4714733FE59AA03E9C
S31502024D30F894723FC595A33E5213723F128FA63E56
S31502024D40578F713FC486A93E0809713FD47CAC3E97
S31502024D506680703F3A71AF3E73F56F3FEF63B23EC4
S31502024D6030686F3FEC54B53E9ED86E3F2A44B83E39
S31502024D70BE466E3FA031BB3E93B26D3F4A1DBE3E5A
S31502024D801D1C6D3F1E07C13E5E836C3F15EFC33E7F
S31502024D9058E86B3F29D5C63E0C4B6B3F53B9C93E09
S31502024DA07BAB6A3F8B9BCC3EA7096A3FCA7BCF3E4F
S31502024DB09165693F095AD23E3CBF683F4136D53EAC
S31502024DC0A816683F6B10D83ED86B673F80E8DA3E7A
S31502024DD0CCBE663F79BEDD3E880F663F4F92E03E0D
S31502024DE00B5E653FFA63E33E59AA643F7533E63EBC
S31502024DF073F4633FB700E93E5A3C633FBBCBEB3EDB
S31502024E001082623F7994EE3E98C5613FEA5AF13EBC
S31502024E10F206613F071FF43E2146603FCBE0F63EB3
S31502024E2027835F3F2DA0F93E05BE5E3F275DFC3E0E
S31502024E30BEF65D3FB217FF3E532D5D3FE4E7003FEC
S31502024E40C7615C3FB142023F1A945B3F3D9C033FFE
S31502024E5050C45A3F84F4043F6AF2593F824B063FDA
S31502024E606A1E593F36A1073F5348583F9BF5083FF2
S31502024E702670573FAD480A3FE595563F6B9A0B3F60
S31502024E8093B9553FD0EA0C3F31DB543FDA390E3F34
S31502024E90C3FA533F84870F3F4918533FCDD3103F7E
S31502024EA0C633523FB01E123F3D4D513F2A68133F51
S31502024EB0AF64503F39B0143F1F7A4F3FD9F6153FC0
S31502024EC0908D4E3F073C173F029F4D3FC07F183FD2
S31502024ED079AE4C3F00C2193FF8BB4B3FC6021B3F9D
S31502024EE07FC74A3F0C421C3F12D1493FD17F1D3F29
S31502024EF0B3D8483F12BC1E3F65DE473FCBF61F3F83
S31502024F002AE2463FF92F213F03E4453F9967223FB2
S31502024F10F5E3443FA99D233F00E2433F25D2243FC6
S31502024F2029DE423F0A05263F70D8413F5636273FC1
S31502024F30DAD0403F0566283F67C73F3F1594293FAF
S31502024F401BBC3E3F82C02A3FF9AE3D3F4AEB2B3F96
S31502024F5003A03C3F69142D3F3B8F3B3FDE3B2E3F76
S31502024F60A47C3A3FA5612F3F4268393FBB85303F59
S31502024F701652383F1DA8313F233A373FC9C8323F3E
S31502024F806C20363FBCE7333FF304353FF304353F2B
S31502024F90BCE7333F6C20363FC9C8323F233A373F1C
S31502024FA01DA8313F1652383FBB85303F4268393F12
S31502024FB0A5612F3FA47C3A3FDE3B2E3F3B8F3B3F10
S31502024FC069142D3F03A03C3F4AEB2B3FF9AE3D3F0E
S31502024FD082C02A3F1BBC3E3F1594293F67C73F3F0B
S31502024FE00566283FDAD0403F5636273F70D8413F02
S31502024FF00A05263F29DE423F25D2243F00E2433FED
S31502025000A99D233FF5E3443F9967223F03E4453FC7
S31502025010F92F213F2AE2463FCBF61F3F65DE473F85
S3150202502012BC1E3FB3D8483FD17F1D3F12D1493F22
S315020250300C421C3F7FC74A3FC6021B3FF8BB4B3F8F
S3150202504000C2193F79AE4C3FC07F183F029F4D3FC7
S31502025050073C173F908D4E3FD9F6153F1F7A4F3FB9
S3150202506039B0143FAF64503F2A68133F3D4D513F5A
S31502025070B01E123FC633523FCDD3103F4918533F9B
S3150202508084870F3FC3FA533FDA390E3F31DB543F6F
S31502025090D0EA0C3F93B9553F6B9A0B3FE595563FC3
S315020250A0AD480A3F2670573F9BF5083F5348583F83
S315020250B036A1073F6A1E593F824B063F6AF2593FA3
S315020250C084F4043F50C45A3F3D9C033F1A945B3F0B
S315020250D0B142023FC7615C3FE4E7003F532D5D3FA9
S315020250E0B217FF3EBEF65D3F275DFC3E05BE5E3F42
S315020250F02DA0F93E27835F3FCBE0F63E2146603F75
S31502025100071FF43EF206613FEA5AF13E98C5613F35
S315020251107994EE3E1082623FBBCBEB3E5A3C633F32
S31502025120B700E93E73F4633F7533E63E59AA643F1C
S31502025130FA63E33E0B5E653F4F92E03E880F663F9F
S3150202514079BEDD3ECCBE663F80E8DA3ED86B673F6B
S315020251506B10D83EA816683F4136D53E3CBF683F23
S31502025160095AD23E9165693FCA7BCF3EA7096A3F79
S315020251708B9BCC3E7BAB6A3F53B9C93E0C4B6B3F12
S3150202518029D5C63E58E86B3F15EFC33E5E836C3F98
S315020251901E07C13E1D1C6D3F4A1DBE3E93B26D3FA8
S315020251A0A031BB3EBE466E3F2A44B83E9ED86E3FF3
S315020251B0EC54B53E30686F3FEF63B23E73F56F3F14
S315020251C03A71AF3E6680703FD47CAC3E0809713FAD
S315020251D0C486A93E578F713F128FA63E5213723F63
S315020251E0C595A33EF894723FE59AA03E4714733FD3
S315020251F0789E9D3E3F91733F86A09A3EDD0B743F99
S3150202520017A1973E2284743F31A0943E0BFA743F53
S31502025210DD9D913E976D753F229A8E3EC6DE753FA3
S3150202522007958B3E974D763F938E883E07BA763F19
S31502025230CE86853E1724773FC07D823EC58B773F59
S31502025240E1E67E3E10F1773FCCCF783EF853783FC7
S3150202525051B6723E7BB4783F7F9A6C3E9812793F82
S31502025260667C663E4E6E793F135C603E9DC7793F11
S3150202527097395A3E841E7A3F0115543E02737A3F8B
S3150202528060EE4D3E16C57A3FC2C5473EBE147B3F0F
S31502025290379B413EFC617B3FCF6E3B3ECDAC7B3FB3
S315020252A09840353E31F57B3FA2102F3E283B7C3F8C
S315020252B0FCDE283EB07E7C3FB6AB223EC9BF7C3FB7
S315020252C0DE761C3E73FE7C3F8340163EAC3A7D3F41
S315020252D0B708103E74747D3F86CF093ECCAB7D3F44
S315020252E00295033EB1E07D3F73B2FA3D24137E3F3F
S315020252F07638EE3D23437E3F2EBCE13DB0707E3FC3
S31502025300B93DD53DC99B7E3F36BDC83D6DC47E3F84
S31502025310C33ABC3D9DEA7E3F80B6AF3D580E7F3F03
S315020253208C30A33D9D2F7F3F05A9963D6D4E7F3F53
S315020253300A208A3DC76A7F3F742B7B3DAB847F3F3F
S315020253406814623D189C7F3F2FFB483D0FB17F3F99
S3150202535007E02F3D8FC37F3F2CC3163D98D37F3F75
S31502025360B949FB3C29E17F3FB00AC93C43EC7F3F86
S31502025370B6C9963CE6F47F3F900E493C11FB7F3F4D
S31502025380890FC93BC4FE7F3F000000000000803F38
S31502025390890FC9BBC4FE7F3F900E49BC11FB7F3FFA
S315020253A0B6C996BCE6F47F3FB00AC9BC43EC7F3F5E
S315020253B0B949FBBC29E17F3F2CC316BD98D37F3F77
S315020253C007E02FBD8FC37F3F2FFB48BD0FB17F3F43
S315020253D0681462BD189C7F3F742B7BBDAB847F3FF2
S315020253E00A208ABDC76A7F3F05A996BD6D4E7F3FD9
S315020253F08C30A3BD9D2F7F3F80B6AFBD580E7F3F37
S31502025400C33ABCBD9DEA7E3F36BDC8BD6DC47E3F72
S31502025410B93DD5BDC99B7E3F2EBCE1BDB0707E3F74
S315020254207638EEBD23437E3F73B2FABD24137E3F26
S31502025430029503BEB1E07D3F86CF09BECCAB7D3F6E
S31502025440B70810BE74747D3F834016BEAC3A7D3FE8
S31502025450DE761CBE73FE7C3FB6AB22BEC9BF7C3F64
S31502025460FCDE28BEB07E7C3FA2102FBE283B7C3FCC
S31502025470984035BE31F57B3FCF6E3BBECDAC7B3F0E
S31502025480379B41BEFC617B3FC2C547BEBE147B3F12
S3150202549060EE4DBE16C57A3F011554BE02737A3FBF
S315020254A097395ABE841E7A3F135C60BE9DC7793F06
S315020254B0667C66BE4E6E793F7F9A6CBE9812793FC3
S315020254C051B672BE7BB4783FCCCF78BEF853783FE2
S315020254D0E1E67EBE10F1773FC07D82BEC58B773F85
S315020254E0CE8685BE1724773F938E88BE07BA763F4D
S315020254F007958BBE974D763F229A8EBEC6DE753FC4
S31502025500DD9D91BE976D753F31A094BE0BFA743F35
S3150202551017A197BE2284743F86A09ABEDD0B743F02
S31502025520789E9DBE3F91733FE59AA0BE4714733F94
S31502025530C595A3BEF894723F128FA6BE5213723F4E
S31502025540C486A9BE578F713FD47CACBE0809713F8F
S315020255503A71AFBE6680703FEF63B2BE73F56F3FBC
S31502025560EC54B5BE30686F3F2A44B8BE9ED86E3F31
S31502025570A031BBBEBE466E3F4A1DBEBE93B26D3F52
S315020255801E07C1BE1D1C6D3F15EFC3BE5E836C3F77
S3150202559029D5C6BE58E86B3F53B9C9BE0C4B6B3F01
S315020255A08B9BCCBE7BAB6A3FCA7BCFBEA7096A3F47
S315020255B0095AD2BE9165693F4136D5BE3CBF683FA4
S315020255C06B10D8BEA816683F80E8DABED86B673F72
S315020255D079BEDDBECCBE663F4F92E0BE880F663F05
S315020255E0FA63E3BE0B5E653F7533E6BE59AA643FB4
S315020255F0B700E9BE73F4633FBBCBEBBE5A3C633FD3
S315020256007994EEBE1082623FEA5AF1BE98C5613FB4
S31502025610071FF4BEF206613FCBE0F6BE2146603FAB
S315020256202DA0F9BE27835F3F275DFCBE05BE5E3F06
S31502025630B217FFBEBEF65D3FE4E700BF532D5D3FE4
S31502025640B14202BFC7615C3F3D9C03BF1A945B3FF6
S3150202565084F404BF50C45A3F824B06BF6AF2593FD2
S3150202566036A107BF6A1E593F9BF508BF5348583FEA
S31502025670AD480ABF2670573F6B9A0BBFE595563F58
S31502025680D0EA0CBF93B9553FDA390EBF31DB543F2C
S3150202569084870FBFC3FA533FCDD310BF4918533F76
S315020256A0B01E12BFC633523F2A6813BF3D4D513F49
S315020256B039B014BFAF64503FD9F615BF1F7A4F3FB8
S315020256C0073C17BF908D4E3FC07F18BF029F4D3FCA
S315020256D000C219BF79AE4C3FC6021BBFF8BB4B3F95
S315020256E00C421CBF7FC74A3FD17F1DBF12D1493F21
S315020256F012BC1EBFB3D8483FCBF61FBF65DE473F7B
S31502025700F92F21BF2AE2463F996722BF03E4453FAA
S31502025710A99D23BFF5E3443F25D224BF00E2433FBE
S315020257200A0526BF29DE423F563627BF70D8413FB9
S31502025730056628BFDAD0403F159429BF67C73F3FA7
S3150202574082C02ABF1BBC3E3F4AEB2BBFF9AE3D3F8E
S3150202575069142DBF03A03C3FDE3B2EBF3B8F3B3F6E
S31502025760A5612FBFA47C3A3FBB8530BF4268393F51
S315020257701DA831BF1652383FC9C832BF233A373F36
S31502025780BCE733BF6C20363FF30435BFF304353F23
S315020257906C2036BFBCE7333F233A37BFC9C8323F14
S315020257A0165238BF1DA8313F426839BFBB85303F0A
S315020257B0A47C3ABFA5612F3F3B8F3BBFDE3B2E3F08
S315020257C003A03CBF69142D3FF9AE3DBF4AEB2B3F06
S315020257D01BBC3EBF82C02A3F67C73FBF1594293F03
S315020257E0DAD040BF0566283F70D841BF5636273FFA
S315020257F029DE42BF0A05263F00E243BF25D2243FE5
S31502025800F5E344BFA99D233F03E445BF9967223FBF
S315020258102AE246BFF92F213F65DE47BFCBF61F3F7D
S31502025820B3D848BF12BC1E3F12D149BFD17F1D3F1A
S315020258307FC74ABF0C421C3FF8BB4BBFC6021B3F87
S3150202584079AE4CBF00C2193F029F4DBFC07F183FBF
S31502025850908D4EBF073C173F1F7A4FBFD9F6153FB1
S31502025860AF6450BF39B0143F3D4D51BF2A68133F52
S31502025870C63352BFB01E123F491853BFCDD3103F93
S31502025880C3FA53BF84870F3F31DB54BFDA390E3F67
S3150202589093B955BFD0EA0C3FE59556BF6B9A0B3FBB
S315020258A0267057BFAD480A3F534858BF9BF5083F7B
S315020258B06A1E59BF36A1073F6AF259BF824B063F9B
S315020258C050C45ABF84F4043F1A945BBF3D9C033F03
S315020258D0C7615CBFB142023F532D5DBFE4E7003FA1
S315020258E0BEF65DBFB217FF3E05BE5EBF275DFC3E3A
S315020258F027835FBF2DA0F93E214660BFCBE0F63E6D
S31502025900F20661BF071FF43E98C561BFEA5AF13E2D
S31502025910108262BF7994EE3E5A3C63BFBBCBEB3E2A
S3150202592073F463BFB700E93E59AA64BF7533E63E14
S315020259300B5E65BFFA63E33E880F66BF4F92E03E97
S31502025940CCBE66BF79BEDD3ED86B67BF80E8DA3E63
S31502025950A81668BF6B10D83E3CBF68BF4136D53E1B
S31502025960916569BF095AD23EA7096ABFCA7BCF3E71
S315020259707BAB6ABF8B9BCC3E0C4B6BBF53B9C93E0A
S3150202598058E86BBF29D5C63E5E836CBF15EFC33E90
S315020259901D1C6DBF1E07C13E93B26DBF4A1DBE3EA0
S315020259A0BE466EBFA031BB3E9ED86EBF2A44B83EEB
S315020259B030686FBFEC54B53E73F56FBFEF63B23E0C
S315020259C0668070BF3A71AF3E080971BFD47CAC3EA5
S315020259D0578F71BFC486A93E521372BF128FA63E5B
S315020259E0F89472BFC595A33E471473BFE59AA03ECB
S315020259F03F9173BF789E9D3EDD0B74BF86A09A3E91
S31502025A00228474BF17A1973E0BFA74BF31A0943E4B
S31502025A10976D75BFDD9D913EC6DE75BF229A8E3E9B
S31502025A20974D76BF07958B3E07BA76BF938E883E11
S31502025A30172477BFCE86853EC58B77BFC07D823E51
S31502025A4010F177BFE1E67E3EF85378BFCCCF783EBF
S31502025A507BB478BF51B6723E981279BF7F9A6C3E7A
S31502025A604E6E79BF667C663E9DC779BF135C603E09
S31502025A70841E7ABF97395A3E02737ABF0115543E83
S31502025A8016C57ABF60EE4D3EBE147BBFC2C5473E07
S31502025A90FC617BBF379B413ECDAC7BBFCF6E3B3EAB
S31502025AA031F57BBF9840353E283B7CBFA2102F3E84
S31502025AB0B07E7CBFFCDE283EC9BF7CBFB6AB223EAF
S31502025AC073FE7CBFDE761C3EAC3A7DBF8340163E39
S31502025AD074747DBFB708103ECCAB7DBF86CF093E3C
S31502025AE0B1E07DBF0295033E24137EBF73B2FA3D37
S31502025AF023437EBF7638EE3DB0707EBF2EBCE13DBB
S31502025B00C99B7EBFB93DD53D6DC47EBF36BDC83D7C
S31502025B109DEA7EBFC33ABC3D580E7FBF80B6AF3DFB
S31502025B209D2F7FBF8C30A33D6D4E7FBF05A9963D4B
S31502025B30C76A7FBF0A208A3DAB847FBF742B7B3D37
S31502025B40189C7FBF6814623D0FB17FBF2FFB483D91
S31502025B508FC37FBF07E02F3D98D37FBF2CC3163D6D
S31502025B6029E17FBFB949FB3C43EC7FBFB00AC93C7E
S31502025B70E6F47FBFB6C9963C11FB7FBF900E493C45
S31502025B80C4FE7FBF890FC93B000080BF0000000030
S31502025B90C4FE7FBF890FC9BB11FB7FBF900E49BCF2
S31502025BA0E6F47FBFB6C996BC43EC7FBFB00AC9BC56
S31502025BB029E17FBFB949FBBC98D37FBF2CC316BD6F
S31502025BC08FC37FBF07E02FBD0FB17FBF2FFB48BD3B
S31502025BD0189C7FBF681462BDAB847FBF742B7BBDEA
S31502025BE0C76A7FBF0A208ABD6D4E7FBF05A996BDD1
S31502025BF09D2F7FBF8C30A3BD580E7FBF80B6AFBD2F
S31502025C009DEA7EBFC33ABCBD6DC47EBF36BDC8BD6A
S31502025C10C99B7EBFB93DD5BDB0707EBF2EBCE1BD6C
S31502025C2023437EBF7638EEBD24137EBF73B2FABD1E
S31502025C30B1E07DBF029503BECCAB7DBF86CF09BE66
S31502025C4074747DBFB70810BEAC3A7DBF834016BEE0
S31502025C5073FE7CBFDE761CBEC9BF7CBFB6AB22BE5C
S31502025C60B07E7CBFFCDE28BE283B7CBFA2102FBEC4
S31502025C7031F57BBF984035BECDAC7BBFCF6E3BBE06
S31502025C80FC617BBF379B41BEBE147BBFC2C547BE0A
S31502025C9016C57ABF60EE4DBE02737ABF011554BEB7
S31502025CA0841E7ABF97395ABE9DC779BF135C60BEFE
S31502025CB04E6E79BF667C66BE981279BF7F9A6CBEBB
S31502025CC07BB478BF51B672BEF85378BFCCCF78BEDA
S31502025CD010F177BFE1E67EBEC58B77BFC07D82BE7D
S31502025CE0172477BFCE8685BE07BA76BF938E88BE45
S31502025CF0974D76BF07958BBEC6DE75BF229A8EBEBC
S31502025D00976D75BFDD9D91BE0BFA74BF31A094BE2D
S31502025D10228474BF17A197BEDD0B74BF86A09ABEFA
S31502025D203F9173BF789E9DBE471473BFE59AA0BE8C
S31502025D30F89472BFC595A3BE521372BF128FA6BE46
S31502025D40578F71BFC486A9BE080971BFD47CACBE87
S31502025D50668070BF3A71AFBE73F56FBFEF63B2BEB4
S31502025D6030686FBFEC54B5BE9ED86EBF2A44B8BE29
S31502025D70BE466EBFA031BBBE93B26DBF4A1DBEBE4A
S31502025D801D1C6DBF1E07C1BE5E836CBF15EFC3BE6F
S31502025D9058E86BBF29D5C6BE0C4B6BBF53B9C9BEF9
S31502025DA07BAB6ABF8B9BCCBEA7096ABFCA7BCFBE3F
S31502025DB0916569BF095AD2BE3CBF68BF4136D5BE9C
S31502025DC0A81668BF6B10D8BED86B67BF80E8DABE6A
S31502025DD0CCBE66BF79BEDDBE880F66BF4F92E0BEFD
S31502025DE00B5E65BFFA63E3BE59AA64BF7533E6BEAC
S31502025DF073F463BFB700E9BE5A3C63BFBBCBEBBECB
S31502025E00108262BF7994EEBE98C561BFEA5AF1BEAC
S31502025E10F20661BF071FF4BE214660BFCBE0F6BEA3
S31502025E2027835FBF2DA0F9BE05BE5EBF275DFCBEFE
S31502025E30BEF65DBFB217FFBE532D5DBFE4E700BFDC
S31502025E40C7615CBFB14202BF1A945BBF3D9C03BFEE
S31502025E5050C45ABF84F404BF6AF259BF824B06BFCA
S31502025E606A1E59BF36A107BF534858BF9BF508BFE2
S31502025E70267057BFAD480ABFE59556BF6B9A0BBF50
S31502025E8093B955BFD0EA0CBF31DB54BFDA390EBF24
S31502025E90C3FA53BF84870FBF491853BFCDD310BF6E
S31502025EA0C63352BFB01E12BF3D4D51BF2A6813BF41
S31502025EB0AF6450BF39B014BF1F7A4FBFD9F615BFB0
S31502025EC0908D4EBF073C17BF029F4DBFC07F18BFC2
S31502025ED079AE4CBF00C219BFF8BB4BBFC6021BBF8D
S31502025EE07FC74ABF0C421CBF12D149BFD17F1DBF19
S31502025EF0B3D848BF12BC1EBF65DE47BFCBF61FBF73
S31502025F002AE246BFF92F21BF03E445BF996722BFA2
S31502025F10F5E344BFA99D23BF00E243BF25D224BFB6
S31502025F2029DE42BF0A0526BF70D841BF563627BFB1
S31502025F30DAD040BF056628BF67C73FBF159429BF9F
S31502025F401BBC3EBF82C02ABFF9AE3DBF4AEB2BBF86
S31502025F5003A03CBF69142DBF3B8F3BBFDE3B2EBF66
S31502025F60A47C3ABFA5612FBF426839BFBB8530BF49
S31502025F70165238BF1DA831BF233A37BFC9C832BF2E
S31502025F806C2036BFBCE733BFF30435BFF30435BF1B
S31502025F90BCE733BF6C2036BFC9C832BF233A37BF0C
S31502025FA01DA831BF165238BFBB8530BF426839BF02
S31502025FB0A5612FBFA47C3ABFDE3B2EBF3B8F3BBF00
S31502025FC069142DBF03A03CBF4AEB2BBFF9AE3DBFFE
S31502025FD082C02ABF1BBC3EBF159429BF67C73FBFFB
S31502025FE0056628BFDAD040BF563627BF70D841BFF2
S31502025FF00A0526BF29DE42BF25D224BF00E243BFDD
S31502026000A99D23BFF5E344BF996722BF03E445BFB7
S31502026010F92F21BF2AE246BFCBF61FBF65DE47BF75
S3150202602012BC1EBFB3D848BFD17F1DBF12D149BF12
S315020260300C421CBF7FC74ABFC6021BBFF8BB4BBF7F
S3150202604000C219BF79AE4CBFC07F18BF029F4DBFB7
S31502026050073C17BF908D4EBFD9F615BF1F7A4FBFA9
S3150202606039B014BFAF6450BF2A6813BF3D4D51BF4A
S31502026070B01E12BFC63352BFCDD310BF491853BF8B
S3150202608084870FBFC3FA53BFDA390EBF31DB54BF5F
S31502026090D0EA0CBF93B955BF6B9A0BBFE59556BFB3
S315020260A0AD480ABF267057BF9BF508BF534858BF73
S315020260B036A107BF6A1E59BF824B06BF6AF259BF93
S315020260C084F404BF50C45ABF3D9C03BF1A945BBFFB
S315020260D0B14202BFC7615CBFE4E700BF532D5DBF99
S315020260E0B217FFBEBEF65DBF275DFCBE05BE5EBF32
S315020260F02DA0F9BE27835FBFCBE0F6BE214660BF65
S31502026100071FF4BEF20661BFEA5AF1BE98C561BF25
S315020261107994EEBE108262BFBBCBEBBE5A3C63BF22
S31502026120B700E9BE73F463BF7533E6BE59AA64BF0C
S31502026130FA63E3BE0B5E65BF4F92E0BE880F66BF8F
S3150202614079BEDDBECCBE66BF80E8DABED86B67BF5B
S315020261506B10D8BEA81668BF4136D5BE3CBF68BF13
S31502026160095AD2BE916569BFCA7BCFBEA7096ABF69
S315020261708B9BCCBE7BAB6ABF53B9C9BE0C4B6BBF02
S3150202618029D5C6BE58E86BBF15EFC3BE5E836CBF88
S315020261901E07C1BE1D1C6DBF4A1DBEBE93B26DBF98
S315020261A0A031BBBEBE466EBF2A44B8BE9ED86EBFE3
S315020261B0EC54B5BE30686FBFEF63B2BE73F56FBF04
S315020261C03A71AFBE668070BFD47CACBE080971BF9D
S315020261D0C486A9BE578F71BF128FA6BE521372BF53
S315020261E0C595A3BEF89472BFE59AA0BE471473BFC3
S315020261F0789E9DBE3F9173BF86A09ABEDD0B74BF89
S3150202620017A197BE228474BF31A094BE0BFA74BF43
S31502026210DD9D91BE976D75BF229A8EBEC6DE75BF93
S3150202622007958BBE974D76BF938E88BE07BA76BF09
S31502026230CE8685BE172477BFC07D82BEC58B77BF49
S31502026240E1E67EBE10F177BFCCCF78BEF85378BFB7
S3150202625051B672BE7BB478BF7F9A6CBE981279BF72
S31502026260667C66BE4E6E79BF135C60BE9DC779BF01
S3150202627097395ABE841E7ABF011554BE02737ABF7B
S3150202628060EE4DBE16C57ABFC2C547BEBE147BBFFF
S31502026290379B41BEFC617BBFCF6E3BBECDAC7BBFA3
S315020262A0984035BE31F57BBFA2102FBE283B7CBF7C
S315020262B0FCDE28BEB07E7CBFB6AB22BEC9BF7CBFA7
S315020262C0DE761CBE73FE7CBF834016BEAC3A7DBF31
S315020262D0B70810BE74747DBF86CF09BECCAB7DBF34
S315020262E0029503BEB1E07DBF73B2FABD24137EBF2F
S315020262F07638EEBD23437EBF2EBCE1BDB0707EBFB3
S31502026300B93DD5BDC99B7EBF36BDC8BD6DC47EBF74
S31502026310C33ABCBD9DEA7EBF80B6AFBD580E7FBFF3
S315020263208C30A3BD9D2F7FBF05A996BD6D4E7FBF43
S315020263300A208ABDC76A7FBF742B7BBDAB847FBF2F
S31502026340681462BD189C7FBF2FFB48BD0FB17FBF89
S3150202635007E02FBD8FC37FBF2CC316BD98D37FBF65
S31502026360B949FBBC29E17FBFB00AC9BC43EC7FBF76
S31502026370B6C996BCE6F47FBF900E49BC11FB7FBF3D
S31502026380890FC9BBC4FE7FBF00000080000080BF28
S31502026390890FC93BC4FE7FBF900E493C11FB7FBFEA
S315020263A0B6C9963CE6F47FBFB00AC93C43EC7FBF4E
S315020263B0B949FB3C29E17FBF2CC3163D98D37FBF67
S315020263C007E02F3D8FC37FBF2FFB483D0FB17FBF33
S315020263D06814623D189C7FBF742B7B3DAB847FBFE2
S315020263E00A208A3DC76A7FBF05A9963D6D4E7FBFC9
S315020263F08C30A33D9D2F7FBF80B6AF3D580E7FBF27
S31502026400C33ABC3D9DEA7EBF36BDC83D6DC47EBF62
S31502026410B93DD53DC99B7EBF2EBCE13DB0707EBF64
S315020264207638EE3D23437EBF73B2FA3D24137EBF16
S315020264300295033EB1E07DBF86CF093ECCAB7DBF5E
S31502026440B708103E74747DBF8340163EAC3A7DBFD8
S31502026450DE761C3E73FE7CBFB6AB223EC9BF7CBF54
S31502026460FCDE283EB07E7CBFA2102F3E283B7CBFBC
S315020264709840353E31F57BBFCF6E3B3ECDAC7BBFFE
S31502026480379B413EFC617BBFC2C5473EBE147BBF02
S3150202649060EE4D3E16C57ABF0115543E02737ABFAF
S315020264A097395A3E841E7ABF135C603E9DC779BFF6
S315020264B0667C663E4E6E79BF7F9A6C3E981279BFB3
S315020264C051B6723E7BB478BFCCCF783EF85378BFD2
S315020264D0E1E67E3E10F177BFC07D823EC58B77BF75
S315020264E0CE86853E172477BF938E883E07BA76BF3D
S315020264F007958B3E974D76BF229A8E3EC6DE75BFB4
S31502026500DD9D913E976D75BF31A0943E0BFA74BF25
S3150202651017A1973E228474BF86A09A3EDD0B74BFF2
S31502026520789E9D3E3F9173BFE59AA03E471473BF84
S31502026530C595A33EF89472BF128FA63E521372BF3E
S31502026540C486A93E578F71BFD47CAC3E080971BF7F
S315020265503A71AF3E668070BFEF63B23E73F56FBFAC
S31502026560EC54B53E30686FBF2A44B83E9ED86EBF21
S31502026570A031BB3EBE466EBF4A1DBE3E93B26DBF42
S315020265801E07C13E1D1C6DBF15EFC33E5E836CBF67
S3150202659029D5C63E58E86BBF53B9C93E0C4B6BBFF1
S315020265A08B9BCC3E7BAB6ABFCA7BCF3EA7096ABF37
S315020265B0095AD23E916569BF4136D53E3CBF68BF94
S315020265C06B10D83EA81668BF80E8DA3ED86B67BF62
S315020265D079BEDD3ECCBE66BF4F92E03E880F66BFF5
S315020265E0FA63E33E0B5E65BF7533E63E59AA64BFA4
S315020265F0B700E93E73F463BFBBCBEB3E5A3C63BFC3
S315020266007994EE3E108262BFEA5AF13E98C561BFA4
S31502026610071FF43EF20661BFCBE0F63E214660BF9B
S315020266202DA0F93E27835FBF275DFC3E05BE5EBFF6
S31502026630B217FF3EBEF65DBFE4E7003F532D5DBFD4
S31502026640B142023FC7615CBF3D9C033F1A945BBFE6
S3150202665084F4043F50C45ABF824B063F6AF259BFC2
S3150202666036A1073F6A1E59BF9BF5083F534858BFDA
S31502026670AD480A3F267057BF6B9A0B3FE59556BF48
S31502026680D0EA0C3F93B955BFDA390E3F31DB54BF1C
S3150202669084870F3FC3FA53BFCDD3103F491853BF66
S315020266A0B01E123FC63352BF2A68133F3D4D51BF39
S315020266B039B0143FAF6450BFD9F6153F1F7A4FBFA8
S315020266C0073C173F908D4EBFC07F183F029F4DBFBA
S315020266D000C2193F79AE4CBFC6021B3FF8BB4BBF85
S315020266E00C421C3F7FC74ABFD17F1D3F12D149BF11
S315020266F012BC1E3FB3D848BFCBF61F3F65DE47BF6B
S31502026700F92F213F2AE246BF9967223F03E445BF9A
S31502026710A99D233FF5E344BF25D2243F00E243BFAE
S315020267200A05263F29DE42BF5636273F70D841BFA9
S315020267300566283FDAD040BF1594293F67C73FBF97
S3150202674082C02A3F1BBC3EBF4AEB2B3FF9AE3DBF7E
S3150202675069142D3F03A03CBFDE3B2E3F3B8F3BBF5E
S31502026760A5612F3FA47C3ABFBB85303F426839BF41
S315020267701DA8313F165238BFC9C8323F233A37BF26
S31502026780BCE7333F6C2036BFF304353FF30435BF13
S315020267906C20363FBCE733BF233A373FC9C832BF04
S315020267A01652383F1DA831BF4268393FBB8530BFFA
S315020267B0A47C3A3FA5612FBF3B8F3B3FDE3B2EBFF8
S315020267C003A03C3F69142DBFF9AE3D3F4AEB2BBFF6
S315020267D01BBC3E3F82C02ABF67C73F3F159429BFF3
S315020267E0DAD0403F056628BF70D8413F563627BFEA
S315020267F029DE423F0A0526BF00E2433F25D224BFD5
S31502026800F5E3443FA99D23BF03E4453F996722BFAF
S315020268102AE2463FF92F21BF65DE473FCBF61FBF6D
S31502026820B3D8483F12BC1EBF12D1493FD17F1DBF0A
S315020268307FC74A3F0C421CBFF8BB4B3FC6021BBF77
S3150202684079AE4C3F00C219BF029F4D3FC07F18BFAF
S31502026850908D4E3F073C17BF1F7A4F3FD9F615BFA1
S31502026860AF64503F39B014BF3D4D513F2A6813BF42
S31502026870C633523FB01E12BF4918533FCDD310BF83
S31502026880C3FA533F84870FBF31DB543FDA390EBF57
S3150202689093B9553FD0EA0CBFE595563F6B9A0BBFAB
S315020268A02670573FAD480ABF5348583F9BF508BF6B
S315020268B06A1E593F36A107BF6AF2593F824B06BF8B
S315020268C050C45A3F84F404BF1A945B3F3D9C03BFF3
S315020268D0C7615C3FB14202BF532D5D3FE4E700BF91
S315020268E0BEF65D3FB217FFBE05BE5E3F275DFCBE2A
S315020268F027835F3F2DA0F9BE2146603FCBE0F6BE5D
S31502026900F206613F071FF4BE98C5613FEA5AF1BE1D
S315020269101082623F7994EEBE5A3C633FBBCBEBBE1A
S3150202692073F4633FB700E9BE59AA643F7533E6BE04
S315020269300B5E653FFA63E3BE880F663F4F92E0BE87
S31502026940CCBE663F79BEDDBED86B673F80E8DABE53
S31502026950A816683F6B10D8BE3CBF683F4136D5BE0B
S315020269609165693F095AD2BEA7096A3FCA7BCFBE61
S315020269707BAB6A3F8B9BCCBE0C4B6B3F53B9C9BEFA
S3150202698058E86B3F29D5C6BE5E836C3F15EFC3BE80
S315020269901D1C6D3F1E07C1BE93B26D3F4A1DBEBE90
S315020269A0BE466E3FA031BBBE9ED86E3F2A44B8BEDB
S315020269B030686F3FEC54B5BE73F56F3FEF63B2BEFC
S315020269C06680703F3A71AFBE0809713FD47CACBE95
S315020269D0578F713FC486A9BE5213723F128FA6BE4B
S315020269E0F894723FC595A3BE4714733FE59AA0BEBB
S315020269F03F91733F789E9DBEDD0B743F86A09ABE81
S31502026A002284743F17A197BE0BFA743F31A094BE3B
S31502026A10976D753FDD9D91BEC6DE753F229A8EBE8B
S31502026A20974D763F07958BBE07BA763F938E88BE01
S31502026A301724773FCE8685BEC58B773FC07D82BE41
S31502026A4010F1773FE1E67EBEF853783FCCCF78BEAF
S31502026A507BB4783F51B672BE9812793F7F9A6CBE6A
S31502026A604E6E793F667C66BE9DC7793F135C60BEF9
S31502026A70841E7A3F97395ABE02737A3F011554BE73
S31502026A8016C57A3F60EE4DBEBE147B3FC2C547BEF7
S31502026A90FC617B3F379B41BECDAC7B3FCF6E3BBE9B
S31502026AA031F57B3F984035BE283B7C3FA2102FBE74
S31502026AB0B07E7C3FFCDE28BEC9BF7C3FB6AB22BE9F
S31502026AC073FE7C3FDE761CBEAC3A7D3F834016BE29
S31502026AD074747D3FB70810BECCAB7D3F86CF09BE2C
S31502026AE0B1E07D3F029503BE24137E3F73B2FABD27
S31502026AF023437E3F7638EEBDB0707E3F2EBCE1BDAB
S31502026B00C99B7E3FB93DD5BD6DC47E3F36BDC8BD6C
S31502026B109DEA7E3FC33ABCBD580E7F3F80B6AFBDEB
S31502026B209D2F7F3F8C30A3BD6D4E7F3F05A996BD3B
S31502026B30C76A7F3F0A208ABDAB847F3F742B7BBD27
S31502026B40189C7F3F681462BD0FB17F3F2FFB48BD81
S31502026B508FC37F3F07E02FBD98D37F3F2CC316BD5D
S31502026B6029E17F3FB949FBBC43EC7F3FB00AC9BC6E
S31502026B70E6F47F3FB6C996BC11FB7F3F900E49BC35
S31502026B80C4FE7F3F890FC9BB0000803F00000000A0
S31502026B9011FB7F3F900E493C43EC7F3FB00AC93C52
S31502026BA098D37F3F2CC3163D0FB17F3F2FFB483D43
S31502026BB0AB847F3F742B7B3D6D4E7F3F05A9963D8D
S31502026BC0580E7F3F80B6AF3D6DC47E3F36BDC83D8F
S31502026BD0B0707E3F2EBCE13D24137E3F73B2FA3D76
S31502026BE0CCAB7D3F86CF093EAC3A7D3F8340163E13
S31502026BF0C9BF7C3FB6AB223E283B7C3FA2102F3E4A
S31502026C00CDAC7B3FCF6E3B3EBE147B3FC2C5473EF9
S31502026C1002737A3F0115543E9DC7793F135C603E6B
S31502026C209812793F7F9A6C3EF853783FCCCF783EE2
S31502026C30C58B773FC07D823E07BA763F938E883EEA
S31502026C40C6DE753F229A8E3E0BFA743F31A0943EFF
S31502026C50DD0B743F86A09A3E4714733FE59AA03E27
S31502026C605213723F128FA63E0809713FD47CAC3E84
S31502026C7073F56F3FEF63B23E9ED86E3F2A44B83E2B
S31502026C8093B26D3F4A1DBE3E5E836C3F15EFC33E15
S31502026C900C4B6B3F53B9C93EA7096A3FCA7BCF3E2B
S31502026CA03CBF683F4136D53ED86B673F80E8DA3E45
S31502026CB0880F663F4F92E03E59AA643F7533E63E1D
S31502026CC05A3C633FBBCBEB3E98C5613FEA5AF13E63
S31502026CD02146603FCBE0F63E05BE5E3F275DFC3EA7
S31502026CE0532D5D3FE4E7003F1A945B3F3D9C033F11
S31502026CF06AF2593F824B063F5348583F9BF5083F7B
S31502026D00E595563F6B9A0B3F31DB543FDA390E3F1C
S31502026D104918533FCDD3103F3D4D513F2A68133F89
S31502026D201F7A4F3FD9F6153F029F4D3FC07F183F4C
S31502026D30F8BB4B3FC6021B3F12D1493FD17F1D3FD3
S31502026D4065DE473FCBF61F3F03E4453F9967223F85
S31502026D5000E2433F25D2243F70D8413F5636273FB1
S31502026D6067C73F3F1594293FF9AE3D3F4AEB2B3F9A
S31502026D703B8F3B3FDE3B2E3F4268393FBB85303F6E
S31502026D80233A373FC9C8323FF304353FF304353F4E
S31502026D90C9C8323F233A373FBB85303F4268393F43
S31502026DA0DE3B2E3F3B8F3B3F4AEB2B3FF9AE3D3F4D
S31502026DB01594293F67C73F3F5636273F70D8413F52
S31502026DC025D2243F00E2433F9967223F03E4453F2F
S31502026DD0CBF61F3F65DE473FD17F1D3F12D1493FAA
S31502026DE0C6021B3FF8BB4B3FC07F183F029F4D3F77
S31502026DF0D9F6153F1F7A4F3F2A68133F3D4D513F41
S31502026E00CDD3103F4918533FDA390E3F31DB543F97
S31502026E106B9A0B3FE595563F9BF5083F5348583F01
S31502026E20824B063F6AF2593F3D9C033F1A945B3FEF
S31502026E30E4E7003F532D5D3F275DFC3E05BE5E3F04
S31502026E40CBE0F63E2146603FEA5AF13E98C5613FE3
S31502026E50BBCBEB3E5A3C633F7533E63E59AA643FCF
S31502026E604F92E03E880F663F80E8DA3ED86B673F74
S31502026E704136D53E3CBF683FCA7BCF3EA7096A3F31
S31502026E8053B9C93E0C4B6B3F15EFC33E5E836C3F53
S31502026E904A1DBE3E93B26D3F2A44B83E9ED86E3F0D
S31502026EA0EF63B23E73F56F3FD47CAC3E0809713F85
S31502026EB0128FA63E5213723FE59AA03E4714733FC3
S31502026EC086A09A3EDD0B743F31A0943E0BFA743FC4
S31502026ED0229A8E3EC6DE753F938E883E07BA763F6B
S31502026EE0C07D823EC58B773FCCCF783EF853783F42
S31502026EF07F9A6C3E9812793F135C603E9DC7793F3A
S31502026F000115543E02737A3FC2C5473EBE147B3F09
S31502026F10CF6E3B3ECDAC7B3FA2102F3E283B7C3F41
S31502026F20B6AB223EC9BF7C3F8340163EAC3A7D3F9A
S31502026F3086CF093ECCAB7D3F73B2FA3D24137E3F28
S31502026F402EBCE13DB0707E3F36BDC83D6DC47E3F6C
S31502026F5080B6AF3D580E7F3F05A9963D6D4E7F3FE7
S31502026F60742B7B3DAB847F3F2FFB483D0FB17F3FA6
S31502026F702CC3163D98D37F3FB00AC93C43EC7F3FF0
S31502026F80900E493C11FB7F3F000000000000803F4B
S31502026F90900E49BC11FB7F3FB00AC9BC43EC7F3F4E
S31502026FA02CC316BD98D37F3F2FFB48BD0FB17F3F3F
S31502026FB0742B7BBDAB847F3F05A996BD6D4E7F3F89
S31502026FC080B6AFBD580E7F3F36BDC8BD6DC47E3F8B
S31502026FD02EBCE1BDB0707E3F73B2FABD24137E3F72
S31502026FE086CF09BECCAB7D3F834016BEAC3A7D3F0F
S31502026FF0B6AB22BEC9BF7C3FA2102FBE283B7C3F46
S31502027000CF6E3BBECDAC7B3FC2C547BEBE147B3FF5
S31502027010011554BE02737A3F135C60BE9DC7793F67
S315020270207F9A6CBE9812793FCCCF78BEF853783FDE
S31502027030C07D82BEC58B773F938E88BE07BA763FE6
S31502027040229A8EBEC6DE753F31A094BE0BFA743FFB
S3150202705086A09ABEDD0B743FE59AA0BE4714733F23
S31502027060128FA6BE5213723FD47CACBE0809713F80
S31502027070EF63B2BE73F56F3F2A44B8BE9ED86E3F27
S315020270804A1DBEBE93B26D3F15EFC3BE5E836C3F11
S3150202709053B9C9BE0C4B6B3FCA7BCFBEA7096A3F27
S315020270A04136D5BE3CBF683F80E8DABED86B673F41
S315020270B04F92E0BE880F663F7533E6BE59AA643F19
S315020270C0BBCBEBBE5A3C633FEA5AF1BE98C5613F5F
S315020270D0CBE0F6BE2146603F275DFCBE05BE5E3FA3
S315020270E0E4E700BF532D5D3F3D9C03BF1A945B3F0D
S315020270F0824B06BF6AF2593F9BF508BF5348583F77
S315020271006B9A0BBFE595563FDA390EBF31DB543F18
S31502027110CDD310BF4918533F2A6813BF3D4D513F85
S31502027120D9F615BF1F7A4F3FC07F18BF029F4D3F48
S31502027130C6021BBFF8BB4B3FD17F1DBF12D1493FCF
S31502027140CBF61FBF65DE473F996722BF03E4453F81
S3150202715025D224BF00E2433F563627BF70D8413FAD
S31502027160159429BF67C73F3F4AEB2BBFF9AE3D3F96
S31502027170DE3B2EBF3B8F3B3FBB8530BF4268393F6A
S31502027180C9C832BF233A373FF30435BFF304353F4A
S31502027190233A37BFC9C8323F426839BFBB85303F3F
S315020271A03B8F3BBFDE3B2E3FF9AE3DBF4AEB2B3F49
S315020271B067C73FBF1594293F70D841BF5636273F4E
S315020271C000E243BF25D2243F03E445BF9967223F2B
S315020271D065DE47BFCBF61F3F12D149BFD17F1D3FA6
S315020271E0F8BB4BBFC6021B3F029F4DBFC07F183F73
S315020271F01F7A4FBFD9F6153F3D4D51BF2A68133F3D
S31502027200491853BFCDD3103F31DB54BFDA390E3F93
S31502027210E59556BF6B9A0B3F534858BF9BF5083FFD
S315020272206AF259BF824B063F1A945BBF3D9C033FEB
S31502027230532D5DBFE4E7003F05BE5EBF275DFC3E00
S31502027240214660BFCBE0F63E98C561BFEA5AF13EDF
S315020272505A3C63BFBBCBEB3E59AA64BF7533E63ECB
S31502027260880F66BF4F92E03ED86B67BF80E8DA3E70
S315020272703CBF68BF4136D53EA7096ABFCA7BCF3E2D
S315020272800C4B6BBF53B9C93E5E836CBF15EFC33E4F
S3150202729093B26DBF4A1DBE3E9ED86EBF2A44B83E09
S315020272A073F56FBFEF63B23E080971BFD47CAC3E81
S315020272B0521372BF128FA63E471473BFE59AA03EBF
S315020272C0DD0B74BF86A09A3E0BFA74BF31A0943EC0
S315020272D0C6DE75BF229A8E3E07BA76BF938E883E67
S315020272E0C58B77BFC07D823EF85378BFCCCF783E3E
S315020272F0981279BF7F9A6C3E9DC779BF135C603E36
S3150202730002737ABF0115543EBE147BBFC2C5473E05
S31502027310CDAC7BBFCF6E3B3E283B7CBFA2102F3E3D
S31502027320C9BF7CBFB6AB223EAC3A7DBF8340163E96
S31502027330CCAB7DBF86CF093E24137EBF73B2FA3D24
S31502027340B0707EBF2EBCE13D6DC47EBF36BDC83D68
S31502027350580E7FBF80B6AF3D6D4E7FBF05A9963DE3
S31502027360AB847FBF742B7B3D0FB17FBF2FFB483DA2
S3150202737098D37FBF2CC3163D43EC7FBFB00AC93CEC
S3150202738011FB7FBF900E493C000080BF0000000047
S3150202739011FB7FBF900E49BC43EC7FBFB00AC9BC4A
S315020273A098D37FBF2CC316BD0FB17FBF2FFB48BD3B
S315020273B0AB847FBF742B7BBD6D4E7FBF05A996BD85
S315020273C0580E7FBF80B6AFBD6DC47EBF36BDC8BD87
S315020273D0B0707EBF2EBCE1BD24137EBF73B2FABD6E
S315020273E0CCAB7DBF86CF09BEAC3A7DBF834016BE0B
S315020273F0C9BF7CBFB6AB22BE283B7CBFA2102FBE42
S31502027400CDAC7BBFCF6E3BBEBE147BBFC2C547BEF1
S3150202741002737ABF011554BE9DC779BF135C60BE63
S31502027420981279BF7F9A6CBEF85378BFCCCF78BEDA
S31502027430C58B77BFC07D82BE07BA76BF938E88BEE2
S31502027440C6DE75BF229A8EBE0BFA74BF31A094BEF7
S31502027450DD0B74BF86A09ABE471473BFE59AA0BE1F
S31502027460521372BF128FA6BE080971BFD47CACBE7C
S3150202747073F56FBFEF63B2BE9ED86EBF2A44B8BE23
S3150202748093B26DBF4A1DBEBE5E836CBF15EFC3BE0D
S315020274900C4B6BBF53B9C9BEA7096ABFCA7BCFBE23
S315020274A03CBF68BF4136D5BED86B67BF80E8DABE3D
S315020274B0880F66BF4F92E0BE59AA64BF7533E6BE15
S315020274C05A3C63BFBBCBEBBE98C561BFEA5AF1BE5B
S315020274D0214660BFCBE0F6BE05BE5EBF275DFCBE9F
S315020274E0532D5DBFE4E700BF1A945BBF3D9C03BF09
S315020274F06AF259BF824B06BF534858BF9BF508BF73
S31502027500E59556BF6B9A0BBF31DB54BFDA390EBF14
S31502027510491853BFCDD310BF3D4D51BF2A6813BF81
S315020275201F7A4FBFD9F615BF029F4DBFC07F18BF44
S31502027530F8BB4BBFC6021BBF12D149BFD17F1DBFCB
S3150202754065DE47BFCBF61FBF03E445BF996722BF7D
S3150202755000E243BF25D224BF70D841BF563627BFA9
S3150202756067C73FBF159429BFF9AE3DBF4AEB2BBF92
S315020275703B8F3BBFDE3B2EBF426839BFBB8530BF66
S31502027580233A37BFC9C832BFF30435BFF30435BF46
S31502027590C9C832BF233A37BFBB8530BF426839BF3B
S315020275A0DE3B2EBF3B8F3BBF4AEB2BBFF9AE3DBF45
S315020275B0159429BF67C73FBF563627BF70D841BF4A
S315020275C025D224BF00E243BF996722BF03E445BF27
S315020275D0CBF61FBF65DE47BFD17F1DBF12D149BFA2
S315020275E0C6021BBFF8BB4BBFC07F18BF029F4DBF6F
S315020275F0D9F615BF1F7A4FBF2A6813BF3D4D51BF39
S31502027600CDD310BF491853BFDA390EBF31DB54BF8F
S315020276106B9A0BBFE59556BF9BF508BF534858BFF9
S31502027620824B06BF6AF259BF3D9C03BF1A945BBFE7
S31502027630E4E700BF532D5DBF275DFCBE05BE5EBFFC
S31502027640CBE0F6BE214660BFEA5AF1BE98C561BFDB
S31502027650BBCBEBBE5A3C63BF7533E6BE59AA64BFC7
S315020276604F92E0BE880F66BF80E8DABED86B67BF6C
S315020276704136D5BE3CBF68BFCA7BCFBEA7096ABF29
S3150202768053B9C9BE0C4B6BBF15EFC3BE5E836CBF4B
S315020276904A1DBEBE93B26DBF2A44B8BE9ED86EBF05
S315020276A0EF63B2BE73F56FBFD47CACBE080971BF7D
S315020276B0128FA6BE521372BFE59AA0BE471473BFBB
S315020276C086A09ABEDD0B74BF31A094BE0BFA74BFBC
S315020276D0229A8EBEC6DE75BF938E88BE07BA76BF63
S315020276E0C07D82BEC58B77BFCCCF78BEF85378BF3A
S315020276F07F9A6CBE981279BF135C60BE9DC779BF32
S31502027700011554BE02737ABFC2C547BEBE147BBF01
S31502027710CF6E3BBECDAC7BBFA2102FBE283B7CBF39
S31502027720B6AB22BEC9BF7CBF834016BEAC3A7DBF92
S3150202773086CF09BECCAB7DBF73B2FABD24137EBF20
S315020277402EBCE1BDB0707EBF36BDC8BD6DC47EBF64
S3150202775080B6AFBD580E7FBF05A996BD6D4E7FBFDF
S31502027760742B7BBDAB847FBF2FFB48BD0FB17FBF9E
S315020277702CC316BD98D37FBFB00AC9BC43EC7FBFE8
S31502027780900E49BC11FB7FBF00000080000080BF43
S31502027790900E493C11FB7FBFB00AC93C43EC7FBF46
S315020277A02CC3163D98D37FBF2FFB483D0FB17FBF37
S315020277B0742B7B3DAB847FBF05A9963D6D4E7FBF81
S315020277C080B6AF3D580E7FBF36BDC83D6DC47EBF83
S315020277D02EBCE13DB0707EBF73B2FA3D24137EBF6A
S315020277E086CF093ECCAB7DBF8340163EAC3A7DBF07
S315020277F0B6AB223EC9BF7CBFA2102F3E283B7CBF3E
S31502027800CF6E3B3ECDAC7BBFC2C5473EBE147BBFED
S315020278100115543E02737ABF135C603E9DC779BF5F
S315020278207F9A6C3E981279BFCCCF783EF85378BFD6
S31502027830C07D823EC58B77BF938E883E07BA76BFDE
S31502027840229A8E3EC6DE75BF31A0943E0BFA74BFF3
S3150202785086A09A3EDD0B74BFE59AA03E471473BF1B
S31502027860128FA63E521372BFD47CAC3E080971BF78
S31502027870EF63B23E73F56FBF2A44B83E9ED86EBF1F
S315020278804A1DBE3E93B26DBF15EFC33E5E836CBF09
S3150202789053B9C93E0C4B6BBFCA7BCF3EA7096ABF1F
S315020278A04136D53E3CBF68BF80E8DA3ED86B67BF39
S315020278B04F92E03E880F66BF7533E63E59AA64BF11
S315020278C0BBCBEB3E5A3C63BFEA5AF13E98C561BF57
S315020278D0CBE0F63E214660BF275DFC3E05BE5EBF9B
S315020278E0E4E7003F532D5DBF3D9C033F1A945BBF05
S315020278F0824B063F6AF259BF9BF5083F534858BF6F
S315020279006B9A0B3FE59556BFDA390E3F31DB54BF10
S31502027910CDD3103F491853BF2A68133F3D4D51BF7D
S31502027920D9F6153F1F7A4FBFC07F183F029F4DBF40
S31502027930C6021B3FF8BB4BBFD17F1D3F12D149BFC7
S31502027940CBF61F3F65DE47BF9967223F03E445BF79
S3150202795025D2243F00E243BF5636273F70D841BFA5
S315020279601594293F67C73FBF4AEB2B3FF9AE3DBF8E
S31502027970DE3B2E3F3B8F3BBFBB85303F426839BF62
S31502027980C9C8323F233A37BFF304353FF30435BF42
S31502027990233A373FC9C832BF4268393FBB8530BF37
S315020279A03B8F3B3FDE3B2EBFF9AE3D3F4AEB2BBF41
S315020279B067C73F3F159429BF70D8413F563627BF46
S315020279C000E2433F25D224BF03E4453F996722BF23
S315020279D065DE473FCBF61FBF12D1493FD17F1DBF9E
S315020279E0F8BB4B3FC6021BBF029F4D3FC07F18BF6B
S315020279F01F7A4F3FD9F615BF3D4D513F2A6813BF35
S31502027A004918533FCDD310BF31DB543FDA390EBF8B
S31502027A10E595563F6B9A0BBF5348583F9BF508BFF5
S31502027A206AF2593F824B06BF1A945B3F3D9C03BFE3
S31502027A30532D5D3FE4E700BF05BE5E3F275DFCBEF8
S31502027A402146603FCBE0F6BE98C5613FEA5AF1BED7
S31502027A505A3C633FBBCBEBBE59AA643F7533E6BEC3
S31502027A60880F663F4F92E0BED86B673F80E8DABE68
S31502027A703CBF683F4136D5BEA7096A3FCA7BCFBE25
S31502027A800C4B6B3F53B9C9BE5E836C3F15EFC3BE47
S31502027A9093B26D3F4A1DBEBE9ED86E3F2A44B8BE01
S31502027AA073F56F3FEF63B2BE0809713FD47CACBE79
S31502027AB05213723F128FA6BE4714733FE59AA0BEB7
S31502027AC0DD0B743F86A09ABE0BFA743F31A094BEB8
S31502027AD0C6DE753F229A8EBE07BA763F938E88BE5F
S31502027AE0C58B773FC07D82BEF853783FCCCF78BE36
S31502027AF09812793F7F9A6CBE9DC7793F135C60BE2E
S31502027B0002737A3F011554BEBE147B3FC2C547BEFD
S31502027B10CDAC7B3FCF6E3BBE283B7C3FA2102FBE35
S31502027B20C9BF7C3FB6AB22BEAC3A7D3F834016BE8E
S31502027B30CCAB7D3F86CF09BE24137E3F73B2FABD1C
S31502027B40B0707E3F2EBCE1BD6DC47E3F36BDC8BD60
S31502027B50580E7F3F80B6AFBD6D4E7F3F05A996BDDB
S31502027B60AB847F3F742B7BBD0FB17F3F2FFB48BD9A
S31502027B7098D37F3F2CC316BD43EC7F3FB00AC9BCE4
S31502027B8011FB7F3F900E49BC0000803F00000000BF
S31502027B9043EC7F3FB00AC93C0FB17F3F2FFB483D02
S31502027BA06D4E7F3F05A9963D6DC47E3F36BDC83DEB
S31502027BB024137E3F73B2FA3DAC3A7D3F8340163EB2
S31502027BC0283B7C3FA2102F3EBE147B3FC2C5473ED6
S31502027BD09DC7793F135C603EF853783FCCCF783E1F
S31502027BE007BA763F938E883E0BFA743F31A0943ED3
S31502027BF04714733FE59AA03E0809713FD47CAC3E16
S31502027C009ED86E3F2A44B83E5E836C3F15EFC33E52
S31502027C10A7096A3FCA7BCF3ED86B673F80E8DA3E46
S31502027C2059AA643F7533E63E98C5613FEA5AF13E68
S31502027C3005BE5E3F275DFC3E1A945B3F3D9C033FB9
S31502027C405348583F9BF5083F31DB543FDA390E3F22
S31502027C503D4D513F2A68133F029F4D3FC07F183F59
S31502027C6012D1493FD17F1D3F03E4453F9967223F27
S31502027C7070D8413F5636273FF9AE3D3F4AEB2B3F7E
S31502027C804268393FBB85303FF304353FF304353F43
S31502027C90BB85303F4268393F4AEB2B3FF9AE3D3F47
S31502027CA05636273F70D8413F9967223F03E4453F44
S31502027CB0D17F1D3F12D1493FC07F183F029F4D3FE0
S31502027CC02A68133F3D4D513FDA390E3F31DB543FAD
S31502027CD09BF5083F5348583F3D9C033F1A945B3F2E
S31502027CE0275DFC3E05BE5E3FEA5AF13E98C5613FFC
S31502027CF07533E63E59AA643F80E8DA3ED86B673F9F
S31502027D00CA7BCF3EA7096A3F15EFC33E5E836C3F2D
S31502027D102A44B83E9ED86E3FD47CAC3E0809713FD7
S31502027D20E59AA03E4714733F31A0943E0BFA743F84
S31502027D30938E883E07BA763FCCCF783EF853783F89
S31502027D40135C603E9DC7793FC2C5473EBE147B3F68
S31502027D50A2102F3E283B7C3F8340163EAC3A7D3F23
S31502027D6073B2FA3D24137E3F36BDC83D6DC47E3FD3
S31502027D7005A9963D6D4E7F3F2FFB483D0FB17F3FD2
S31502027D80B00AC93C43EC7F3F000000000000803F7E
S31502027D90B00AC9BC43EC7F3F2FFB48BD0FB17F3F00
S31502027DA005A996BD6D4E7F3F36BDC8BD6DC47E3FE9
S31502027DB073B2FABD24137E3F834016BEAC3A7D3FB0
S31502027DC0A2102FBE283B7C3FC2C547BEBE147B3FD4
S31502027DD0135C60BE9DC7793FCCCF78BEF853783F1D
S31502027DE0938E88BE07BA763F31A094BE0BFA743FD1
S31502027DF0E59AA0BE4714733FD47CACBE0809713F14
S31502027E002A44B8BE9ED86E3F15EFC3BE5E836C3F50
S31502027E10CA7BCFBEA7096A3F80E8DABED86B673F44
S31502027E207533E6BE59AA643FEA5AF1BE98C5613F66
S31502027E30275DFCBE05BE5E3F3D9C03BF1A945B3FB7
S31502027E409BF508BF5348583FDA390EBF31DB543F20
S31502027E502A6813BF3D4D513FC07F18BF029F4D3F57
S31502027E60D17F1DBF12D1493F996722BF03E4453F25
S31502027E70563627BF70D8413F4AEB2BBFF9AE3D3F7C
S31502027E80BB8530BF4268393FF30435BFF304353F41
S31502027E90426839BFBB85303FF9AE3DBF4AEB2B3F45
S31502027EA070D841BF5636273F03E445BF9967223F42
S31502027EB012D149BFD17F1D3F029F4DBFC07F183FDE
S31502027EC03D4D51BF2A68133F31DB54BFDA390E3FAB
S31502027ED0534858BF9BF5083F1A945BBF3D9C033F2C
S31502027EE005BE5EBF275DFC3E98C561BFEA5AF13EFA
S31502027EF059AA64BF7533E63ED86B67BF80E8DA3E9D
S31502027F00A7096ABFCA7BCF3E5E836CBF15EFC33E2B
S31502027F109ED86EBF2A44B83E080971BFD47CAC3ED5
S31502027F20471473BFE59AA03E0BFA74BF31A0943E82
S31502027F3007BA76BF938E883EF85378BFCCCF783E87
S31502027F409DC779BF135C603EBE147BBFC2C5473E66
S31502027F50283B7CBFA2102F3EAC3A7DBF8340163E21
S31502027F6024137EBF73B2FA3D6DC47EBF36BDC83DD1
S31502027F706D4E7FBF05A9963D0FB17FBF2FFB483DD0
S31502027F8043EC7FBFB00AC93C000080BF000000007C
S31502027F9043EC7FBFB00AC9BC0FB17FBF2FFB48BDFE
S31502027FA06D4E7FBF05A996BD6DC47EBF36BDC8BDE7
S31502027FB024137EBF73B2FABDAC3A7DBF834016BEAE
S31502027FC0283B7CBFA2102FBEBE147BBFC2C547BED2
S31502027FD09DC779BF135C60BEF85378BFCCCF78BE1B
S31502027FE007BA76BF938E88BE0BFA74BF31A094BECF
S31502027FF0471473BFE59AA0BE080971BFD47CACBE12
S315020280009ED86EBF2A44B8BE5E836CBF15EFC3BE4E
S31502028010A7096ABFCA7BCFBED86B67BF80E8DABE42
S3150202802059AA64BF7533E6BE98C561BFEA5AF1BE64
S3150202803005BE5EBF275DFCBE1A945BBF3D9C03BFB5
S31502028040534858BF9BF508BF31DB54BFDA390EBF1E
S315020280503D4D51BF2A6813BF029F4DBFC07F18BF55
S3150202806012D149BFD17F1DBF03E445BF996722BF23
S3150202807070D841BF563627BFF9AE3DBF4AEB2BBF7A
S31502028080426839BFBB8530BFF30435BFF30435BF3F
S31502028090BB8530BF426839BF4AEB2BBFF9AE3DBF43
S315020280A0563627BF70D841BF996722BF03E445BF40
S315020280B0D17F1DBF12D149BFC07F18BF029F4DBFDC
S315020280C02A6813BF3D4D51BFDA390EBF31DB54BFA9
S315020280D09BF508BF534858BF3D9C03BF1A945BBF2A
S315020280E0275DFCBE05BE5EBFEA5AF1BE98C561BFF8
S315020280F07533E6BE59AA64BF80E8DABED86B67BF9B
S31502028100CA7BCFBEA7096ABF15EFC3BE5E836CBF29
S315020281102A44B8BE9ED86EBFD47CACBE080971BFD3
S31502028120E59AA0BE471473BF31A094BE0BFA74BF80
S31502028130938E88BE07BA76BFCCCF78BEF85378BF85
S31502028140135C60BE9DC779BFC2C547BEBE147BBF64
S31502028150A2102FBE283B7CBF834016BEAC3A7DBF1F
S3150202816073B2FABD24137EBF36BDC8BD6DC47EBFCF
S3150202817005A996BD6D4E7FBF2FFB48BD0FB17FBFCE
S31502028180B00AC9BC43EC7FBF00000080000080BF7A
S31502028190B00AC93C43EC7FBF2FFB483D0FB17FBFFC
S315020281A005A9963D6D4E7FBF36BDC83D6DC47EBFE5
S315020281B073B2FA3D24137EBF8340163EAC3A7DBFAC
S315020281C0A2102F3E283B7CBFC2C5473EBE147BBFD0
S315020281D0135C603E9DC779BFCCCF783EF85378BF19
S315020281E0938E883E07BA76BF31A0943E0BFA74BFCD
S315020281F0E59AA03E471473BFD47CAC3E080971BF10
S315020282002A44B83E9ED86EBF15EFC33E5E836CBF4C
S31502028210CA7BCF3EA7096ABF80E8DA3ED86B67BF40
S315020282207533E63E59AA64BFEA5AF13E98C561BF62
S31502028230275DFC3E05BE5EBF3D9C033F1A945BBFB3
S315020282409BF5083F534858BFDA390E3F31DB54BF1C
S315020282502A68133F3D4D51BFC07F183F029F4DBF53
S31502028260D17F1D3F12D149BF9967223F03E445BF21
S315020282705636273F70D841BF4AEB2B3FF9AE3DBF78
S31502028280BB85303F426839BFF304353FF30435BF3D
S315020282904268393FBB8530BFF9AE3D3F4AEB2BBF41
S315020282A070D8413F563627BF03E4453F996722BF3E
S315020282B012D1493FD17F1DBF029F4D3FC07F18BFDA
S315020282C03D4D513F2A6813BF31DB543FDA390EBFA7
S315020282D05348583F9BF508BF1A945B3F3D9C03BF28
S315020282E005BE5E3F275DFCBE98C5613FEA5AF1BEF6
S315020282F059AA643F7533E6BED86B673F80E8DABE99
S31502028300A7096A3FCA7BCFBE5E836C3F15EFC3BE27
S315020283109ED86E3F2A44B8BE0809713FD47CACBED1
S315020283204714733FE59AA0BE0BFA743F31A094BE7E
S3150202833007BA763F938E88BEF853783FCCCF78BE83
S315020283409DC7793F135C60BEBE147B3FC2C547BE62
S31502028350283B7C3FA2102FBEAC3A7D3F834016BE1D
S3150202836024137E3F73B2FABD6DC47E3F36BDC8BDCD
S315020283706D4E7F3F05A996BD0FB17F3F2FFB48BDCC
S3150202838043EC7F3FB00AC9BC0000803F00000000F8
S315020283900FB17F3F2FFB483D6DC47E3F36BDC83DC0
S315020283A0AC3A7D3F8340163EBE147B3FC2C5473E72
S315020283B0F853783FCCCF783E0BFA743F31A0943E05
S315020283C00809713FD47CAC3E5E836C3F15EFC33E17
S315020283D0D86B673F80E8DA3E98C5613FEA5AF13EBA
S315020283E01A945B3F3D9C033F31DB543FDA390E3F21
S315020283F0029F4D3FC07F183F03E4453F9967223FE4
S31502028400F9AE3D3F4AEB2B3FF304353FF304353FCA
S315020284104AEB2B3FF9AE3D3F9967223F03E4453FC4
S31502028420C07F183F029F4D3FDA390E3F31DB543F80
S315020284303D9C033F1A945B3FEA5AF13E98C5613F5F
S3150202844080E8DA3ED86B673F15EFC33E5E836C3F28
S31502028450D47CAC3E0809713F31A0943E0BFA743FBC
S31502028460CCCF783EF853783FC2C5473EBE147B3F17
S315020284708340163EAC3A7D3F36BDC83D6DC47E3F53
S315020284802FFB483D0FB17F3F000000000000803FF6
S315020284902FFB48BD0FB17F3F36BDC8BD6DC47E3FBF
S315020284A0834016BEAC3A7D3FC2C547BEBE147B3F71
S315020284B0CCCF78BEF853783F31A094BE0BFA743F04
S315020284C0D47CACBE0809713F15EFC3BE5E836C3F16
S315020284D080E8DABED86B673FEA5AF1BE98C5613FB9
S315020284E03D9C03BF1A945B3FDA390EBF31DB543F20
S315020284F0C07F18BF029F4D3F996722BF03E4453FE3
S315020285004AEB2BBFF9AE3D3FF30435BFF304353FC9
S31502028510F9AE3DBF4AEB2B3F03E445BF9967223FC3
S31502028520029F4DBFC07F183F31DB54BFDA390E3F7F
S315020285301A945BBF3D9C033F98C561BFEA5AF13E5E
S31502028540D86B67BF80E8DA3E5E836CBF15EFC33E27
S31502028550080971BFD47CAC3E0BFA74BF31A0943EBB
S31502028560F85378BFCCCF783EBE147BBFC2C5473E16
S31502028570AC3A7DBF8340163E6DC47EBF36BDC83D52
S315020285800FB17FBF2FFB483D000080BF00000000F5
S315020285900FB17FBF2FFB48BD6DC47EBF36BDC8BDBE
S315020285A0AC3A7DBF834016BEBE147BBFC2C547BE70
S315020285B0F85378BFCCCF78BE0BFA74BF31A094BE03
S315020285C0080971BFD47CACBE5E836CBF15EFC3BE15
S315020285D0D86B67BF80E8DABE98C561BFEA5AF1BEB8
S315020285E01A945BBF3D9C03BF31DB54BFDA390EBF1F
S315020285F0029F4DBFC07F18BF03E445BF996722BFE2
S31502028600F9AE3DBF4AEB2BBFF30435BFF30435BFC8
S315020286104AEB2BBFF9AE3DBF996722BF03E445BFC2
S31502028620C07F18BF029F4DBFDA390EBF31DB54BF7E
S315020286303D9C03BF1A945BBFEA5AF1BE98C561BF5D
S3150202864080E8DABED86B67BF15EFC3BE5E836CBF26
S31502028650D47CACBE080971BF31A094BE0BFA74BFBA
S31502028660CCCF78BEF85378BFC2C547BEBE147BBF15
S31502028670834016BEAC3A7DBF36BDC8BD6DC47EBF51
S315020286802FFB48BD0FB17FBF00000080000080BFF4
S315020286902FFB483D0FB17FBF36BDC83D6DC47EBFBD
S315020286A08340163EAC3A7DBFC2C5473EBE147BBF6F
S315020286B0CCCF783EF85378BF31A0943E0BFA74BF02
S315020286C0D47CAC3E080971BF15EFC33E5E836CBF14
S315020286D080E8DA3ED86B67BFEA5AF13E98C561BFB7
S315020286E03D9C033F1A945BBFDA390E3F31DB54BF1E
S315020286F0C07F183F029F4DBF9967223F03E445BFE1
S315020287004AEB2B3FF9AE3DBFF304353FF30435BFC7
S31502028710F9AE3D3F4AEB2BBF03E4453F996722BFC1
S31502028720029F4D3FC07F18BF31DB543FDA390EBF7D
S315020287301A945B3F3D9C03BF98C5613FEA5AF1BE5C
S31502028740D86B673F80E8DABE5E836C3F15EFC3BE25
S315020287500809713FD47CACBE0BFA743F31A094BEB9
S31502028760F853783FCCCF78BEBE147B3FC2C547BE14
S31502028770AC3A7D3F834016BE6DC47E3F36BDC8BD50
S315020287800FB17F3F2FFB48BD0000803F0000000073
S315020287906DC47E3F36BDC83DBE147B3FC2C5473E51
S315020287A00BFA743F31A0943E5E836C3F15EFC33ED3
S315020287B098C5613FEA5AF13E31DB543FDA390E3F40
S315020287C003E4453F9967223FF304353FF304353FFD
S315020287D09967223F03E4453FDA390E3F31DB543FC4
S315020287E0EA5AF13E98C5613F15EFC33E5E836C3F7E
S315020287F031A0943E0BFA743FC2C5473EBE147B3F7C
S3150202880036BDC83D6DC47E3F000000000000803FB9
S3150202881036BDC8BD6DC47E3FC2C547BEBE147B3FD0
S3150202882031A094BE0BFA743F15EFC3BE5E836C3F52
S31502028830EA5AF1BE98C5613FDA390EBF31DB543FBF
S31502028840996722BF03E4453FF30435BFF304353F7C
S3150202885003E445BF9967223F31DB54BFDA390E3F43
S3150202886098C561BFEA5AF13E5E836CBF15EFC33EFD
S315020288700BFA74BF31A0943EBE147BBFC2C5473EFB
S315020288806DC47EBF36BDC83D000080BF0000000039
S315020288906DC47EBF36BDC8BDBE147BBFC2C547BE50
S315020288A00BFA74BF31A094BE5E836CBF15EFC3BED2
S315020288B098C561BFEA5AF1BE31DB54BFDA390EBF3F
S315020288C003E445BF996722BFF30435BFF30435BFFC
S315020288D0996722BF03E445BFDA390EBF31DB54BFC3
S315020288E0EA5AF1BE98C561BF15EFC3BE5E836CBF7D
S315020288F031A094BE0BFA74BFC2C547BEBE147BBF7B
S3150202890036BDC8BD6DC47EBF00000080000080BFB8
S3150202891036BDC83D6DC47EBFC2C5473EBE147BBFCF
S3150202892031A0943E0BFA74BF15EFC33E5E836CBF51
S31502028930EA5AF13E98C561BFDA390E3F31DB54BFBE
S315020289409967223F03E445BFF304353FF30435BF7B
S3150202895003E4453F996722BF31DB543FDA390EBF42
S3150202896098C5613FEA5AF1BE5E836C3F15EFC3BEFC
S315020289700BFA743F31A094BEBE147B3FC2C547BEFA
S315020289806DC47E3F36BDC8BD0000803F00000000B8
S31502028990BE147B3FC2C5473E5E836C3F15EFC33EA4
S315020289A031DB543FDA390E3FF304353FF304353FE8
S315020289B0DA390E3F31DB543F15EFC33E5E836C3F1D
S315020289C0C2C5473EBE147B3F000000000000803F46
S315020289D0C2C547BEBE147B3F15EFC3BE5E836C3F64
S315020289E0DA390EBF31DB543FF30435BFF304353FA8
S315020289F031DB54BFDA390E3F5E836CBF15EFC33EDD
S31502028A00BE147BBFC2C5473E000080BF0000000005
S31502028A10BE147BBFC2C547BE5E836CBF15EFC3BE23
S31502028A2031DB54BFDA390EBFF30435BFF30435BF67
S31502028A30DA390EBF31DB54BF15EFC3BE5E836CBF9C
S31502028A40C2C547BEBE147BBF00000080000080BFC5
S31502028A50C2C5473EBE147BBF15EFC33E5E836CBFE3
S31502028A60DA390E3F31DB54BFF304353FF30435BF27
S31502028A7031DB543FDA390EBF5E836C3F15EFC3BE5C
S31502028A80BE147B3FC2C547BE0000803F0000000005
S31502028A905E836C3F15EFC33EF304353FF304353F65
S31502028AA015EFC33E5E836C3F000000000000803F6C
S31502028AB015EFC3BE5E836C3FF30435BFF304353F45
S31502028AC05E836CBF15EFC33E000080BF000000004C
S31502028AD05E836CBF15EFC3BEF30435BFF30435BF25
S31502028AE015EFC3BE5E836CBF00000080000080BF2C
S31502028AF015EFC33E5E836CBFF304353FF30435BF05
S31502028B005E836C3F15EFC3BE0000803F000000008B
S31502028B10E6F47F3FB6C9963C97D37F3F2CC3163DF8
S31502028B20189C7F3F6914623D6D4E7F3F05A9963DB3
S31502028B309DEA7E3FC33ABC3DB0707E3F2EBCE13D0C
S31502028B40B1E07D3F0295033EAC3A7D3F8340163E3D
S31502028B50B07E7C3FFCDE283ECDAC7B3FCF6E3B3EF9
S31502028B6016C57A3F60EE4D3E9DC7793F135C603E65
S31502028B707BB4783F51B6723EC58B773FC07D823E4B
S31502028B80974D763F07958B3E0BFA743F31A0943E82
S31502028B903F91733F789E9D3E5213723F128FA63EBD
S31502028BA06680703F3A71AF3E9ED86E3F2A44B83E07
S31502028BB01D1C6D3F1E07C13E0C4B6B3F53B9C93E8E
S31502028BC09165693F095AD23ED86B673F80E8DA3E21
S31502028BD00B5E653FFA63E33E5A3C633FBBCBEB3E19
S31502028BE0F206613F071FF43E05BE5E3F275DFC3E6D
S31502028BF0C7615C3FB142023F6AF2593F824B063F6E
S31502028C002670573FAD480A3F31DB543FDA390E3FF1
S31502028C10C633523FB01E123F1F7A4F3FD9F6153F57
S31502028C2079AE4C3F00C2193F12D1493FD17F1D3F57
S31502028C302AE2463FF92F213F00E2433F25D2243F53
S31502028C40DAD0403F0566283FF9AE3D3F4AEB2B3F5D
S31502028C50A47C3A3FA5612F3F233A373FC9C8323F28
S31502028C60BCE7333F6C20363FBB85303F4268393F13
S31502028C7069142D3F03A03C3F1594293F67C73F3F26
S31502028C800A05263F29DE423F9967223F03E4453F12
S31502028C9012BC1E3FB3D8483FC6021B3FF8BB4B3F2E
S31502028CA0073C173F908D4E3F2A68133F3D4D513F79
S31502028CB084870F3FC3FA533F6B9A0B3FE595563FA4
S31502028CC036A1073F6A1E593F3D9C033F1A945B3FFA
S31502028CD0B217FF3EBEF65D3FCBE0F63E2146603F4F
S31502028CE07994EE3E1082623F7533E63E59AA643F9C
S31502028CF079BEDD3ECCBE663F4136D53E3CBF683FBD
S31502028D008B9BCC3E7BAB6A3F15EFC33E5E836C3FC9
S31502028D10A031BB3EBE466E3FEF63B23E73F56F3F76
S31502028D20C486A93E578F713FE59AA03E4714733F08
S31502028D3017A1973E2284743F229A8E3EC6DE753F63
S31502028D40CE86853E1724773FCCCF783EF853783FBE
S31502028D50667C663E4E6E793F0115543E02737A3F39
S31502028D60379B413EFC617B3FA2102F3E283B7C3F54
S31502028D70DE761C3E73FE7C3F86CF093ECCAB7D3F40
S31502028D807638EE3D23437E3F36BDC83D6DC47E3FF7
S31502028D908C30A33D9D2F7F3F742B7B3DAB847F3F5F
S31502028DA007E02F3D8FC37F3FB00AC93C43EC7F3FAA
S31502028DB0880FC93BC4FE7F3F900E49BC11FB7F3F21
S31502028DC0BA49FBBC29E17F3F30FB48BD0FB17F3F69
S31502028DD00A208ABDC76A7F3F80B6AFBD580E7F3F63
S31502028DE0B93DD5BDC99B7E3F73B2FABD24137E3F00
S31502028DF0B70810BE74747D3FB6AB22BEC9BF7C3FB4
S31502028E00984035BE31F57B3FC2C547BEBE147B3F95
S31502028E1097395ABE841E7A3F7F9A6CBE9812793F60
S31502028E20E1E67EBE10F1773F938E88BE07BA763FA1
S31502028E30DD9D91BE976D753F86A09ABEDD0B743F8E
S31502028E40C595A3BEF894723FD47CACBE0809713FA5
S31502028E50EC54B5BE30686F3F4A1DBEBE93B26D3F3B
S31502028E6029D5C6BE58E86B3FCA7BCFBEA7096A3F61
S31502028E706B10D8BEA816683F4F92E0BE880F663FB7
S31502028E80B700E9BE73F4633FEA5AF1BE98C5613F81
S31502028E902DA0F9BE27835F3FE4E700BF532D5D3F56
S31502028EA084F404BF50C45A3F9BF508BF5348583F47
S31502028EB0D0EA0CBF93B9553FCDD310BF4918533FE1
S31502028EC039B014BFAF64503FC07F18BF029F4D3FF7
S31502028ED00C421CBF7FC74A3FCBF61FBF65DE473F28
S31502028EE0A99D23BFF5E3443F563627BF70D8413FBB
S31502028EF082C02ABF1BBC3E3FDE3B2EBF3B8F3B3F9F
S31502028F001DA831BF1652383FF30435BFF304353F6D
S31502028F10165238BF1DA8313F3B8F3BBFDE3B2E3F69
S31502028F201BBC3EBF82C02A3F70D841BF5636273F7E
S31502028F30F5E344BFA99D233F65DE47BFCBF61F3F3C
S31502028F407FC74ABF0C421C3F029F4DBFC07F183FDC
S31502028F50AF6450BF39B0143F491853BFCDD3103F47
S31502028F6093B955BFD0EA0C3F534858BF9BF5083F09
S31502028F7050C45ABF84F4043F532D5DBFE4E7003F59
S31502028F8027835FBF2DA0F93E98C561BFEA5AF13E1B
S31502028F9073F463BFB700E93E880F66BF4F92E03EA5
S31502028FA0A81668BF6B10D83EA7096ABFCA7BCF3E16
S31502028FB058E86BBF29D5C63E93B26DBF4A1DBE3E67
S31502028FC030686FBFEC54B53E080971BFD47CAC3E23
S31502028FD0F89472BFC595A33EDD0B74BF86A09A3E76
S31502028FE0976D75BFDD9D913E07BA76BF938E883E19
S31502028FF010F177BFE1E67E3E981279BF7F9A6C3E08
S31502029000841E7ABF97395A3EBE147BBFC2C5473EFB
S3150202901031F57BBF9840353EC9BF7CBFB6AB223E17
S3150202902074747DBFB708103E24137EBF73B2FA3D35
S31502029030C99B7EBFB93DD53D580E7FBF80B6AF3DB7
S31502029040C76A7FBF0A208A3D0FB17FBF30FB483D08
S3150202905029E17FBFBA49FB3C11FB7FBF900E493C17
S31502029060C4FE7FBF880FC9BB43EC7FBFB00AC9BC2F
S315020290708FC37FBF07E02FBDAB847FBF742B7BBD3F
S315020290809D2F7FBF8C30A3BD6DC47EBF36BDC8BDCA
S3150202909023437EBF7638EEBDCCAB7DBF86CF09BEFB
S315020290A073FE7CBFDE761CBE283B7CBFA2102FBE9F
S315020290B0FC617BBF379B41BE02737ABF011554BE68
S315020290C04E6E79BF667C66BEF85378BFCCCF78BE49
S315020290D0172477BFCE8685BEC6DE75BF229A8EBE9E
S315020290E0228474BF17A197BE471473BFE59AA0BE26
S315020290F0578F71BFC486A9BE73F56FBFEF63B2BE47
S31502029100BE466EBFA031BBBE5E836CBF15EFC3BE49
S315020291107BAB6ABF8B9BCCBE3CBF68BF4136D5BE1A
S31502029120CCBE66BF79BEDDBE59AA64BF7533E6BE42
S31502029130108262BF7994EEBE214660BFCBE0F6BED4
S31502029140BEF65DBFB217FFBE1A945BBF3D9C03BF5C
S315020291506A1E59BF36A107BFE59556BF6B9A0BBF6A
S31502029160C3FA53BF84870FBF3D4D51BF2A6813BF4F
S31502029170908D4EBF073C17BFF8BB4BBFC6021BBF43
S31502029180B3D848BF12BC1EBF03E445BF996722BFCC
S3150202919029DE42BF0A0526BF67C73FBF159429BF0C
S315020291A003A03CBF69142DBF426839BFBB8530BFDD
S315020291B06C2036BFBCE733BFC9C832BF233A37BFBA
S315020291C0A5612FBFA47C3ABF4AEB2BBFF9AE3DBFC6
S315020291D0056628BFDAD040BF25D224BF00E243BFCC
S315020291E0F92F21BF2AE246BFD17F1DBF12D149BF45
S315020291F000C219BF79AE4CBFD9F615BF1F7A4FBF4F
S31502029200B01E12BFC63352BFDA390EBF31DB54BFAC
S31502029210AD480ABF267057BF824B06BF6AF259BFD4
S31502029220B14202BFC7615CBF275DFCBE05BE5EBF1F
S31502029230071FF4BEF20661BFBBCBEBBE5A3C63BF4D
S31502029240FA63E3BE0B5E65BF80E8DABED86B67BF20
S31502029250095AD2BE916569BF53B9C9BE0C4B6BBFDF
S315020292601E07C1BE1D1C6DBF2A44B8BE9ED86EBF64
S315020292703A71AFBE668070BF128FA6BE521372BF1C
S31502029280789E9DBE3F9173BF31A094BE0BFA74BF06
S3150202929007958BBE974D76BFC07D82BEC58B77BFC3
S315020292A051B672BE7BB478BF135C60BE9DC779BFEE
S315020292B060EE4DBE16C57ABFCF6E3BBECDAC7BBF4E
S315020292C0FCDE28BEB07E7CBF834016BEAC3A7DBFB2
S315020292D0029503BEB1E07DBF2EBCE1BDB0707EBF7A
S315020292E0C33ABCBD9DEA7EBF05A996BD6D4E7FBF40
S315020292F0691462BD189C7FBF2CC316BD97D37FBF6C
S31502029300B6C996BCE6F47FBF0000803F00000000AB
S315020293106D4E7F3F05A9963DAC3A7D3F8340163E90
S315020293209DC7793F135C603E0BFA743F31A0943EAF
S315020293309ED86E3F2A44B83ED86B673F80E8DA3E33
S3150202934005BE5E3F275DFC3E31DB543FDA390E3FF6
S3150202935012D1493FD17F1D3FF9AE3D3F4AEB2B3F2A
S31502029360BB85303F4268393F9967223F03E4453F56
S315020293702A68133F3D4D513F3D9C033F1A945B3F82
S315020293807533E63E59AA643F15EFC33E5E836C3FD0
S31502029390E59AA03E4714733FCCCF783EF853783F06
S315020293A0A2102F3E283B7C3F36BDC83D6DC47E3F90
S315020293B0B00AC93C43EC7F3F30FB48BD0FB17F3F49
S315020293C073B2FABD24137E3FC2C547BEBE147B3FAB
S315020293D0938E88BE07BA763FD47CACBE0809713F2B
S315020293E0CA7BCFBEA7096A3FEA5AF1BE98C5613F58
S315020293F09BF508BF5348583FC07F18BF029F4D3F97
S31502029400563627BF70D8413FF30435BFF304353FC2
S3150202941070D841BF5636273F029F4DBFC07F183FC5
S31502029420534858BF9BF5083F98C561BFEA5AF13EB9
S31502029430A7096ABFCA7BCF3E080971BFD47CAC3E7C
S3150202944007BA76BF938E883EBE147BBFC2C5473E1D
S3150202945024137EBF73B2FA3D0FB17FBF30FB483D84
S3150202946043EC7FBFB00AC9BC6DC47EBF36BDC8BD60
S31502029470283B7CBFA2102FBEF85378BFCCCF78BE52
S31502029480471473BFE59AA0BE5E836CBF15EFC3BED7
S3150202949059AA64BF7533E6BE1A945BBF3D9C03BFED
S315020294A03D4D51BF2A6813BF03E445BF996722BFE8
S315020294B0426839BFBB8530BF4AEB2BBFF9AE3DBF0F
S315020294C0D17F1DBF12D149BFDA390EBF31DB54BF7C
S315020294D0275DFCBE05BE5EBF80E8DABED86B67BFFB
S315020294E02A44B8BE9ED86EBF31A094BE0BFA74BF90
S315020294F0135C60BE9DC779BF834016BEAC3A7DBF80
S3150202950005A996BD6D4E7FBF0000803F0000000098
S315020295100BFA743F31A0943E31DB543FDA390E3FE7
S315020295209967223F03E4453F15EFC33E5E836C3FD4
S3150202953036BDC83D6DC47E3FC2C547BEBE147B3F23
S31502029540EA5AF1BE98C5613FF30435BFF304353FCB
S3150202955098C561BFEA5AF13EBE147BBFC2C5473EF9
S315020295606DC47EBF36BDC8BD5E836CBF15EFC3BE7A
S3150202957003E445BF996722BFDA390EBF31DB54BF16
S3150202958031A094BE0BFA74BF0000803F00000000B7
S3150202959015EFC33E5E836C3FF30435BFF304353FDA
S315020295A05E836CBF15EFC3BE0000803F0000000061
S315020295B011FB7F3F900E493C43EC7F3FB00AC93C08
S315020295C097D37F3F2CC3163D0FB17F3F30FB483DF9
S315020295D0AB847F3F742B7B3D6D4E7F3F05A9963D43
S315020295E0580E7F3F80B6AF3D6DC47E3F36BDC83D45
S315020295F0B0707E3F2EBCE13D24137E3F73B2FA3D2C
S31502029600CCAB7D3F86CF093EAC3A7D3F8340163EC8
S31502029610C9BF7C3FB6AB223E283B7C3FA2102F3EFF
S31502029620CDAC7B3FCF6E3B3EBE147B3FC2C5473EAF
S3150202963002737A3F0115543E9DC7793F135C603E21
S315020296409812793F7F9A6C3EF853783FCCCF783E98
S31502029650C58B773FC07D823E07BA763F938E883EA0
S31502029660C6DE753F229A8E3E0BFA743F31A0943EB5
S31502029670DD0B743F86A09A3E4714733FE59AA03EDD
S315020296805213723F128FA63E0809713FD47CAC3E3A
S3150202969073F56F3FEF63B23E9ED86E3F2A44B83EE1
S315020296A093B26D3F4A1DBE3E5E836C3F15EFC33ECB
S315020296B00C4B6B3F53B9C93EA7096A3FCA7BCF3EE1
S315020296C03CBF683F4136D53ED86B673F80E8DA3EFB
S315020296D0880F663F4F92E03E59AA643F7533E63ED3
S315020296E05A3C633FBBCBEB3E98C5613FEA5AF13E19
S315020296F02146603FCBE0F63E05BE5E3F275DFC3E5D
S31502029700532D5D3FE4E7003F1A945B3F3D9C033FC6
S315020297106AF2593F824B063F5348583F9BF5083F30
S31502029720E595563F6B9A0B3F31DB543FDA390E3FD2
S315020297304918533FCDD3103F3D4D513F2A68133F3F
S315020297401F7A4F3FD9F6153F029F4D3FC07F183F02
S31502029750F8BB4B3FC6021B3F12D1493FD17F1D3F89
S3150202976065DE473FCBF61F3F03E4453F9967223F3B
S3150202977000E2433F25D2243F70D8413F5636273F67
S3150202978067C73F3F1594293FF9AE3D3F4AEB2B3F50
S315020297903B8F3B3FDE3B2E3F4268393FBB85303F24
S315020297A0233A373FC9C8323FF304353FF304353F04
S315020297B0C9C8323F233A373FBB85303F4268393FF9
S315020297C0DE3B2E3F3B8F3B3F4AEB2B3FF9AE3D3F03
S315020297D01594293F67C73F3F5636273F70D8413F08
S315020297E025D2243F00E2433F9967223F03E4453FE5
S315020297F0CBF61F3F65DE473FD17F1D3F12D1493F60
S31502029800C6021B3FF8BB4B3FC07F183F029F4D3F2C
S31502029810D9F6153F1F7A4F3F2A68133F3D4D513FF6
S31502029820CDD3103F4918533FDA390E3F31DB543F4D
S315020298306B9A0B3FE595563F9BF5083F5348583FB7
S31502029840824B063F6AF2593F3D9C033F1A945B3FA5
S31502029850E4E7003F532D5D3F275DFC3E05BE5E3FBA
S31502029860CBE0F63E2146603FEA5AF13E98C5613F99
S31502029870BBCBEB3E5A3C633F7533E63E59AA643F85
S315020298804F92E03E880F663F80E8DA3ED86B673F2A
S315020298904136D53E3CBF683FCA7BCF3EA7096A3FE7
S315020298A053B9C93E0C4B6B3F15EFC33E5E836C3F09
S315020298B04A1DBE3E93B26D3F2A44B83E9ED86E3FC3
S315020298C0EF63B23E73F56F3FD47CAC3E0809713F3B
S315020298D0128FA63E5213723FE59AA03E4714733F79
S315020298E086A09A3EDD0B743F31A0943E0BFA743F7A
S315020298F0229A8E3EC6DE753F938E883E07BA763F21
S31502029900C07D823EC58B773FCCCF783EF853783FF7
S315020299107F9A6C3E9812793F135C603E9DC7793FEF
S315020299200115543E02737A3FC2C5473EBE147B3FBF
S31502029930CF6E3B3ECDAC7B3FA2102F3E283B7C3FF7
S31502029940B6AB223EC9BF7C3F8340163EAC3A7D3F50
S3150202995086CF093ECCAB7D3F73B2FA3D24137E3FDE
S315020299602EBCE13DB0707E3F36BDC83D6DC47E3F22
S3150202997080B6AF3D580E7F3F05A9963D6D4E7F3F9D
S31502029980742B7B3DAB847F3F30FB483D0FB17F3F5B
S315020299902CC3163D97D37F3FB00AC93C43EC7F3FA7
S315020299A0900E493C11FB7F3FD02F8D240000803F51
S315020299B0900E49BC11FB7F3FB00AC9BC43EC7F3F04
S315020299C02CC316BD97D37F3F30FB48BD0FB17F3FF5
S315020299D0742B7BBDAB847F3F05A996BD6D4E7F3F3F
S315020299E080B6AFBD580E7F3F36BDC8BD6DC47E3F41
S315020299F02EBCE1BDB0707E3F73B2FABD24137E3F28
S31502029A0086CF09BECCAB7D3F834016BEAC3A7D3FC4
S31502029A10B6AB22BEC9BF7C3FA2102FBE283B7C3FFB
S31502029A20CF6E3BBECDAC7B3FC2C547BEBE147B3FAB
S31502029A30011554BE02737A3F135C60BE9DC7793F1D
S31502029A407F9A6CBE9812793FCCCF78BEF853783F94
S31502029A50C07D82BEC58B773F938E88BE07BA763F9C
S31502029A60229A8EBEC6DE753F31A094BE0BFA743FB1
S31502029A7086A09ABEDD0B743FE59AA0BE4714733FD9
S31502029A80128FA6BE5213723FD47CACBE0809713F36
S31502029A90EF63B2BE73F56F3F2A44B8BE9ED86E3FDD
S31502029AA04A1DBEBE93B26D3F15EFC3BE5E836C3FC7
S31502029AB053B9C9BE0C4B6B3FCA7BCFBEA7096A3FDD
S31502029AC04136D5BE3CBF683F80E8DABED86B673FF7
S31502029AD04F92E0BE880F663F7533E6BE59AA643FCF
S31502029AE0BBCBEBBE5A3C633FEA5AF1BE98C5613F15
S31502029AF0CBE0F6BE2146603F275DFCBE05BE5E3F59
S31502029B00E4E700BF532D5D3F3D9C03BF1A945B3FC2
S31502029B10824B06BF6AF2593F9BF508BF5348583F2C
S31502029B206B9A0BBFE595563FDA390EBF31DB543FCE
S31502029B30CDD310BF4918533F2A6813BF3D4D513F3B
S31502029B40D9F615BF1F7A4F3FC07F18BF029F4D3FFE
S31502029B50C6021BBFF8BB4B3FD17F1DBF12D1493F85
S31502029B60CBF61FBF65DE473F996722BF03E4453F37
S31502029B7025D224BF00E2433F563627BF70D8413F63
S31502029B80159429BF67C73F3F4AEB2BBFF9AE3D3F4C
S31502029B90DE3B2EBF3B8F3B3FBB8530BF4268393F20
S31502029BA0C9C832BF233A373FF30435BFF304353F00
S31502029BB0233A37BFC9C8323F426839BFBB85303FF5
S31502029BC03B8F3BBFDE3B2E3FF9AE3DBF4AEB2B3FFF
S31502029BD067C73FBF1594293F70D841BF5636273F04
S31502029BE000E243BF25D2243F03E445BF9967223FE1
S31502029BF065DE47BFCBF61F3F12D149BFD17F1D3F5C
S31502029C00F8BB4BBFC6021B3F029F4DBFC07F183F28
S31502029C101F7A4FBFD9F6153F3D4D51BF2A68133FF2
S31502029C20491853BFCDD3103F31DB54BFDA390E3F49
S31502029C30E59556BF6B9A0B3F534858BF9BF5083FB3
S31502029C406AF259BF824B063F1A945BBF3D9C033FA1
S31502029C50532D5DBFE4E7003F05BE5EBF275DFC3EB6
S31502029C60214660BFCBE0F63E98C561BFEA5AF13E95
S31502029C705A3C63BFBBCBEB3E59AA64BF7533E63E81
S31502029C80880F66BF4F92E03ED86B67BF80E8DA3E26
S31502029C903CBF68BF4136D53EA7096ABFCA7BCF3EE3
S31502029CA00C4B6BBF53B9C93E5E836CBF15EFC33E05
S31502029CB093B26DBF4A1DBE3E9ED86EBF2A44B83EBF
S31502029CC073F56FBFEF63B23E080971BFD47CAC3E37
S31502029CD0521372BF128FA63E471473BFE59AA03E75
S31502029CE0DD0B74BF86A09A3E0BFA74BF31A0943E76
S31502029CF0C6DE75BF229A8E3E07BA76BF938E883E1D
S31502029D00C58B77BFC07D823EF85378BFCCCF783EF3
S31502029D10981279BF7F9A6C3E9DC779BF135C603EEB
S31502029D2002737ABF0115543EBE147BBFC2C5473EBB
S31502029D30CDAC7BBFCF6E3B3E283B7CBFA2102F3EF3
S31502029D40C9BF7CBFB6AB223EAC3A7DBF8340163E4C
S31502029D50CCAB7DBF86CF093E24137EBF73B2FA3DDA
S31502029D60B0707EBF2EBCE13D6DC47EBF36BDC83D1E
S31502029D70580E7FBF80B6AF3D6D4E7FBF05A9963D99
S31502029D80AB847FBF742B7B3D0FB17FBF30FB483D57
S31502029D9097D37FBF2CC3163D43EC7FBFB00AC93CA3
S31502029DA011FB7FBF900E493C0000803F000000007D
S31502029DB00FB17F3F30FB483D6DC47E3F36BDC83D85
S31502029DC0AC3A7D3F8340163EBE147B3FC2C5473E38
S31502029DD0F853783FCCCF783E0BFA743F31A0943ECB
S31502029DE00809713FD47CAC3E5E836C3F15EFC33EDD
S31502029DF0D86B673F80E8DA3E98C5613FEA5AF13E80
S31502029E001A945B3F3D9C033F31DB543FDA390E3FE6
S31502029E10029F4D3FC07F183F03E4453F9967223FA9
S31502029E20F9AE3D3F4AEB2B3FF304353FF304353F90
S31502029E304AEB2B3FF9AE3D3F9967223F03E4453F8A
S31502029E40C07F183F029F4D3FDA390E3F31DB543F46
S31502029E503D9C033F1A945B3FEA5AF13E98C5613F25
S31502029E6080E8DA3ED86B673F15EFC33E5E836C3FEE
S31502029E70D47CAC3E0809713F31A0943E0BFA743F82
S31502029E80CCCF783EF853783FC2C5473EBE147B3FDD
S31502029E908340163EAC3A7D3F36BDC83D6DC47E3F19
S31502029EA030FB483D0FB17F3FD02F8D240000803F0B
S31502029EB030FB48BD0FB17F3F36BDC8BD6DC47E3F84
S31502029EC0834016BEAC3A7D3FC2C547BEBE147B3F37
S31502029ED0CCCF78BEF853783F31A094BE0BFA743FCA
S31502029EE0D47CACBE0809713F15EFC3BE5E836C3FDC
S31502029EF080E8DABED86B673FEA5AF1BE98C5613F7F
S31502029F003D9C03BF1A945B3FDA390EBF31DB543FE5
S31502029F10C07F18BF029F4D3F996722BF03E4453FA8
S31502029F204AEB2BBFF9AE3D3FF30435BFF304353F8F
S31502029F30F9AE3DBF4AEB2B3F03E445BF9967223F89
S31502029F40029F4DBFC07F183F31DB54BFDA390E3F45
S31502029F501A945BBF3D9C033F98C561BFEA5AF13E24
S31502029F60D86B67BF80E8DA3E5E836CBF15EFC33EED
S31502029F70080971BFD47CAC3E0BFA74BF31A0943E81
S31502029F80F85378BFCCCF783EBE147BBFC2C5473EDC
S31502029F90AC3A7DBF8340163E6DC47EBF36BDC83D18
S31502029FA00FB17FBF30FB483D0000803F000000003A
S31502029FB0BE147B3FC2C5473E5E836C3F15EFC33E6E
S31502029FC031DB543FDA390E3FF304353FF304353FB2
S31502029FD0DA390E3F31DB543F15EFC33E5E836C3FE7
S31502029FE0C2C5473EBE147B3FD02F8D240000803F60
S31502029FF0C2C547BEBE147B3F15EFC3BE5E836C3F2E
S3150202A000DA390EBF31DB543FF30435BFF304353F71
S3150202A01031DB54BFDA390E3F5E836CBF15EFC33EA6
S3150202A020BE147BBFC2C5473E0000803F000000004F
S3150202A030F304353FF304353FD02F8D240000803FD1
S3150202A040F30435BFF304353F0000803F00000000F1
S3150202A050C4FE7F3F880FC93B11FB7F3F900E493CEE
S3150202A060E6F47F3FB6C9963C43EC7F3FB00AC93C51
S3150202A07029E17F3FBA49FB3C97D37F3F2CC3163D6A
S3150202A0808FC37F3F07E02F3D0FB17F3F30FB483D35
S3150202A090189C7F3F6914623DAB847F3F742B7B3DE4
S3150202A0A0C76A7F3F0A208A3D6D4E7F3F05A9963DCC
S3150202A0B09D2F7F3F8C30A33D580E7F3F80B6AF3D2A
S3150202A0C09DEA7E3FC33ABC3D6DC47E3F36BDC83D66
S3150202A0D0C99B7E3FB93DD53DB0707E3F2EBCE13D68
S3150202A0E023437E3F7638EE3D24137E3F73B2FA3D1A
S3150202A0F0B1E07D3F0295033ECCAB7D3F86CF093E62
S3150202A10074747D3FB708103EAC3A7D3F8340163EDB
S3150202A11073FE7C3FDE761C3EC9BF7C3FB6AB223E57
S3150202A120B07E7C3FFCDE283E283B7C3FA2102F3EBF
S3150202A13031F57B3F9840353ECDAC7B3FCF6E3B3E01
S3150202A140FC617B3F379B413EBE147B3FC2C5473E05
S3150202A15016C57A3F60EE4D3E02737A3F0115543EB2
S3150202A160841E7A3F97395A3E9DC7793F135C603EF9
S3150202A1704E6E793F667C663E9812793F7F9A6C3EB6
S3150202A1807BB4783F51B6723EF853783FCCCF783ED5
S3150202A19010F1773FE1E67E3EC58B773FC07D823E78
S3150202A1A01724773FCE86853E07BA763F938E883E40
S3150202A1B0974D763F07958B3EC6DE753F229A8E3EB7
S3150202A1C0976D753FDD9D913E0BFA743F31A0943E29
S3150202A1D02284743F17A1973EDD0B743F86A09A3EF6
S3150202A1E03F91733F789E9D3E4714733FE59AA03E88
S3150202A1F0F894723FC595A33E5213723F128FA63E42
S3150202A200578F713FC486A93E0809713FD47CAC3E82
S3150202A2106680703F3A71AF3E73F56F3FEF63B23EAF
S3150202A22030686F3FEC54B53E9ED86E3F2A44B83E24
S3150202A230BE466E3FA031BB3E93B26D3F4A1DBE3E45
S3150202A2401D1C6D3F1E07C13E5E836C3F15EFC33E6A
S3150202A25058E86B3F29D5C63E0C4B6B3F53B9C93EF4
S3150202A2607BAB6A3F8B9BCC3EA7096A3FCA7BCF3E3A
S3150202A2709165693F095AD23E3CBF683F4136D53E97
S3150202A280A816683F6B10D83ED86B673F80E8DA3E65
S3150202A290CCBE663F79BEDD3E880F663F4F92E03EF8
S3150202A2A00B5E653FFA63E33E59AA643F7533E63EA7
S3150202A2B073F4633FB700E93E5A3C633FBBCBEB3EC6
S3150202A2C01082623F7994EE3E98C5613FEA5AF13EA8
S3150202A2D0F206613F071FF43E2146603FCBE0F63E9F
S3150202A2E027835F3F2DA0F93E05BE5E3F275DFC3EFA
S3150202A2F0BEF65D3FB217FF3E532D5D3FE4E7003FD8
S3150202A300C7615C3FB142023F1A945B3F3D9C033FE9
S3150202A31050C45A3F84F4043F6AF2593F824B063FC5
S3150202A3206A1E593F36A1073F5348583F9BF5083FDD
S3150202A3302670573FAD480A3FE595563F6B9A0B3F4B
S3150202A34093B9553FD0EA0C3F31DB543FDA390E3F1F
S3150202A350C3FA533F84870F3F4918533FCDD3103F69
S3150202A360C633523FB01E123F3D4D513F2A68133F3C
S3150202A370AF64503F39B0143F1F7A4F3FD9F6153FAB
S3150202A380908D4E3F073C173F029F4D3FC07F183FBD
S3150202A39079AE4C3F00C2193FF8BB4B3FC6021B3F88
S3150202A3A07FC74A3F0C421C3F12D1493FD17F1D3F14
S3150202A3B0B3D8483F12BC1E3F65DE473FCBF61F3F6E
S3150202A3C02AE2463FF92F213F03E4453F9967223F9E
S3150202A3D0F5E3443FA99D233F00E2433F25D2243FB2
S3150202A3E029DE423F0A05263F70D8413F5636273FAD
S3150202A3F0DAD0403F0566283F67C73F3F1594293F9B
S3150202A4001BBC3E3F82C02A3FF9AE3D3F4AEB2B3F81
S3150202A41003A03C3F69142D3F3B8F3B3FDE3B2E3F61
S3150202A420A47C3A3FA5612F3F4268393FBB85303F44
S3150202A4301652383F1DA8313F233A373FC9C8323F29
S3150202A4406C20363FBCE7333FF304353FF304353F16
S3150202A450BCE7333F6C20363FC9C8323F233A373F07
S3150202A4601DA8313F1652383FBB85303F4268393FFD
S3150202A470A5612F3FA47C3A3FDE3B2E3F3B8F3B3FFB
S3150202A48069142D3F03A03C3F4AEB2B3FF9AE3D3FF9
S3150202A49082C02A3F1BBC3E3F1594293F67C73F3FF6
S3150202A4A00566283FDAD0403F5636273F70D8413FED
S3150202A4B00A05263F29DE423F25D2243F00E2433FD8
S3150202A4C0A99D233FF5E3443F9967223F03E4453FB3
S3150202A4D0F92F213F2AE2463FCBF61F3F65DE473F71
S3150202A4E012BC1E3FB3D8483FD17F1D3F12D1493F0E
S3150202A4F00C421C3F7FC74A3FC6021B3FF8BB4B3F7B
S3150202A50000C2193F79AE4C3FC07F183F029F4D3FB2
S3150202A510073C173F908D4E3FD9F6153F1F7A4F3FA4
S3150202A52039B0143FAF64503F2A68133F3D4D513F45
S3150202A530B01E123FC633523FCDD3103F4918533F86
S3150202A54084870F3FC3FA533FDA390E3F31DB543F5A
S3150202A550D0EA0C3F93B9553F6B9A0B3FE595563FAE
S3150202A560AD480A3F2670573F9BF5083F5348583F6E
S3150202A57036A1073F6A1E593F824B063F6AF2593F8E
S3150202A58084F4043F50C45A3F3D9C033F1A945B3FF6
S3150202A590B142023FC7615C3FE4E7003F532D5D3F94
S3150202A5A0B217FF3EBEF65D3F275DFC3E05BE5E3F2D
S3150202A5B02DA0F93E27835F3FCBE0F63E2146603F60
S3150202A5C0071FF43EF206613FEA5AF13E98C5613F21
S3150202A5D07994EE3E1082623FBBCBEB3E5A3C633F1E
S3150202A5E0B700E93E73F4633F7533E63E59AA643F08
S3150202A5F0FA63E33E0B5E653F4F92E03E880F663F8B
S3150202A60079BEDD3ECCBE663F80E8DA3ED86B673F56
S3150202A6106B10D83EA816683F4136D53E3CBF683F0E
S3150202A620095AD23E9165693FCA7BCF3EA7096A3F64
S3150202A6308B9BCC3E7BAB6A3F53B9C93E0C4B6B3FFD
S3150202A64029D5C63E58E86B3F15EFC33E5E836C3F83
S3150202A6501E07C13E1D1C6D3F4A1DBE3E93B26D3F93
S3150202A660A031BB3EBE466E3F2A44B83E9ED86E3FDE
S3150202A670EC54B53E30686F3FEF63B23E73F56F3FFF
S3150202A6803A71AF3E6680703FD47CAC3E0809713F98
S3150202A690C486A93E578F713F128FA63E5213723F4E
S3150202A6A0C595A33EF894723FE59AA03E4714733FBE
S3150202A6B0789E9D3E3F91733F86A09A3EDD0B743F84
S3150202A6C017A1973E2284743F31A0943E0BFA743F3F
S3150202A6D0DD9D913E976D753F229A8E3EC6DE753F8F
S3150202A6E007958B3E974D763F938E883E07BA763F05
S3150202A6F0CE86853E1724773FC07D823EC58B773F45
S3150202A700E1E67E3E10F1773FCCCF783EF853783FB2
S3150202A71051B6723E7BB4783F7F9A6C3E9812793F6D
S3150202A720667C663E4E6E793F135C603E9DC7793FFC
S3150202A73097395A3E841E7A3F0115543E02737A3F76
S3150202A74060EE4D3E16C57A3FC2C5473EBE147B3FFA
S3150202A750379B413EFC617B3FCF6E3B3ECDAC7B3F9E
S3150202A7609840353E31F57B3FA2102F3E283B7C3F77
S3150202A770FCDE283EB07E7C3FB6AB223EC9BF7C3FA2
S3150202A780DE761C3E73FE7C3F8340163EAC3A7D3F2C
S3150202A790B708103E74747D3F86CF093ECCAB7D3F2F
S3150202A7A00295033EB1E07D3F73B2FA3D24137E3F2A
S3150202A7B07638EE3D23437E3F2EBCE13DB0707E3FAE
S3150202A7C0B93DD53DC99B7E3F36BDC83D6DC47E3F70
S3150202A7D0C33ABC3D9DEA7E3F80B6AF3D580E7F3FEF
S3150202A7E08C30A33D9D2F7F3F05A9963D6D4E7F3F3F
S3150202A7F00A208A3DC76A7F3F742B7B3DAB847F3F2B
S3150202A8006914623D189C7F3F30FB483D0FB17F3F82
S3150202A81007E02F3D8FC37F3F2CC3163D97D37F3F61
S3150202A820BA49FB3C29E17F3FB00AC93C43EC7F3F70
S3150202A830B6C9963CE6F47F3F900E493C11FB7F3F38
S3150202A840880FC93BC4FE7F3F0000803F0000000024
S3150202A85043EC7F3FB00AC93C0FB17F3F30FB483D14
S3150202A8606D4E7F3F05A9963D6DC47E3F36BDC83DFE
S3150202A87024137E3F73B2FA3DAC3A7D3F8340163EC5
S3150202A880283B7C3FA2102F3EBE147B3FC2C5473EE9
S3150202A8909DC7793F135C603EF853783FCCCF783E32
S3150202A8A007BA763F938E883E0BFA743F31A0943EE6
S3150202A8B04714733FE59AA03E0809713FD47CAC3E29
S3150202A8C09ED86E3F2A44B83E5E836C3F15EFC33E66
S3150202A8D0A7096A3FCA7BCF3ED86B673F80E8DA3E5A
S3150202A8E059AA643F7533E63E98C5613FEA5AF13E7C
S3150202A8F005BE5E3F275DFC3E1A945B3F3D9C033FCD
S3150202A9005348583F9BF5083F31DB543FDA390E3F35
S3150202A9103D4D513F2A68133F029F4D3FC07F183F6C
S3150202A92012D1493FD17F1D3F03E4453F9967223F3A
S3150202A93070D8413F5636273FF9AE3D3F4AEB2B3F91
S3150202A9404268393FBB85303FF304353FF304353F56
S3150202A950BB85303F4268393F4AEB2B3FF9AE3D3F5A
S3150202A9605636273F70D8413F9967223F03E4453F57
S3150202A970D17F1D3F12D1493FC07F183F029F4D3FF3
S3150202A9802A68133F3D4D513FDA390E3F31DB543FC0
S3150202A9909BF5083F5348583F3D9C033F1A945B3F41
S3150202A9A0275DFC3E05BE5E3FEA5AF13E98C5613F0F
S3150202A9B07533E63E59AA643F80E8DA3ED86B673FB2
S3150202A9C0CA7BCF3EA7096A3F15EFC33E5E836C3F41
S3150202A9D02A44B83E9ED86E3FD47CAC3E0809713FEB
S3150202A9E0E59AA03E4714733F31A0943E0BFA743F98
S3150202A9F0938E883E07BA763FCCCF783EF853783F9D
S3150202AA00135C603E9DC7793FC2C5473EBE147B3F7B
S3150202AA10A2102F3E283B7C3F8340163EAC3A7D3F36
S3150202AA2073B2FA3D24137E3F36BDC83D6DC47E3FE6
S3150202AA3005A9963D6D4E7F3F30FB483D0FB17F3FE4
S3150202AA40B00AC93C43EC7F3F0000803F0000000091
S3150202AA506DC47E3F36BDC83DBE147B3FC2C5473E6E
S3150202AA600BFA743F31A0943E5E836C3F15EFC33EF0
S3150202AA7098C5613FEA5AF13E31DB543FDA390E3F5D
S3150202AA8003E4453F9967223FF304353FF304353F1A
S3150202AA909967223F03E4453FDA390E3F31DB543FE1
S3150202AAA0EA5AF13E98C5613F15EFC33E5E836C3F9B
S3150202AAB031A0943E0BFA743FC2C5473EBE147B3F99
S3150202AAC036BDC83D6DC47E3F0000803F00000000D7
S3150202AAD05E836C3F15EFC33EF304353FF304353F05
S3150202AAE015EFC33E5E836C3F0000000000020000C9
S3150202AAF080020000A0020000000000000000000028
S3150202AB00000000000002000080020000A002000015
S3150202AB100000000000000000000000000002000029
S3150202AB2080020000A00200000000000000000000F7
S3150202AB300000803F000000006D4E7F3F05A9963D52
S3150202AB40AC3A7D3F8340163E9DC7793F135C603E19
S3150202AB500BFA743F31A0943E9ED86E3F2A44B83E09
S3150202AB60D86B673F80E8DA3E05BE5E3F275DFC3E54
S3150202AB7031DB543FDA390E3F12D1493FD17F1D3FB5
S3150202AB80F9AE3D3F4AEB2B3FBB85303F4268393F28
S3150202AB909967223F03E4453F2A68133F3D4D513FE1
S3150202ABA03D9C033F1A945B3F7533E63E59AA643FC6
S3150202ABB015EFC33E5E836C3FE59AA03E4714733F90
S3150202ABC0CCCF783EF853783FA2102F3E283B7C3FEB
S3150202ABD036BDC83D6DC47E3FB00AC93C43EC7F3FD9
S3150202ABE030FB48BD0FB17F3F73B2FABD24137E3FDD
S3150202ABF0C2C547BEBE147B3F938E88BE07BA763F56
S3150202AC00D47CACBE0809713FCA7BCFBEA7096A3F94
S3150202AC10EA5AF1BE98C5613F9BF508BF5348583FB1
S3150202AC20C07F18BF029F4D3F563627BF70D8413F9D
S3150202AC30F30435BFF304353F70D841BF5636273F7A
S3150202AC40029F4DBFC07F183F534858BF9BF5083F2E
S3150202AC5098C561BFEA5AF13EA7096ABFCA7BCF3ECF
S3150202AC60080971BFD47CAC3E07BA76BF938E883E82
S3150202AC70BE147BBFC2C5473E24137EBF73B2FA3DE2
S3150202AC800FB17FBF30FB483D43EC7FBFB00AC9BC60
S3150202AC906DC47EBF36BDC8BD283B7CBFA2102FBE87
S3150202ACA0F85378BFCCCF78BE471473BFE59AA0BEDD
S3150202ACB05E836CBF15EFC3BE59AA64BF7533E6BE87
S3150202ACC01A945BBF3D9C03BF3D4D51BF2A6813BF19
S3150202ACD003E445BF996722BF426839BFBB8530BFCD
S3150202ACE04AEB2BBFF9AE3DBFD17F1DBF12D149BF81
S3150202ACF0DA390EBF31DB54BF275DFCBE05BE5EBF2D
S3150202AD0080E8DABED86B67BF2A44B8BE9ED86EBF49
S3150202AD1031A094BE0BFA74BF135C60BE9DC779BFA5
S3150202AD20834016BEAC3A7DBF05A996BD6D4E7FBF66
S3150202AD300000803F000000000BFA743F31A0943EEF
S3150202AD4031DB543FDA390E3F9967223F03E4453F2E
S3150202AD5015EFC33E5E836C3F36BDC83D6DC47E3F72
S3150202AD60C2C547BEBE147B3FEA5AF1BE98C5613FD1
S3150202AD70F30435BFF304353F98C561BFEA5AF13E83
S3150202AD80BE147BBFC2C5473E6DC47EBF36BDC8BDBB
S3150202AD905E836CBF15EFC3BE03E445BF996722BF4C
S3150202ADA0DA390EBF31DB54BF31A094BE0BFA74BF3F
S3150202ADB00000803F0000000015EFC33E5E836C3F39
S3150202ADC0F30435BFF304353F5E836CBF15EFC3BE92
S3150202ADD00000803F000000000FB17F3F30FB483D7C
S3150202ADE06DC47E3F36BDC83DAC3A7D3F8340163EBA
S3150202ADF0BE147B3FC2C5473EF853783FCCCF783E5E
S3150202AE000BFA743F31A0943E0809713FD47CAC3EE2
S3150202AE105E836C3F15EFC33ED86B673F80E8DA3E2E
S3150202AE2098C5613FEA5AF13E1A945B3F3D9C033F45
S3150202AE3031DB543FDA390E3F029F4D3FC07F183F46
S3150202AE4003E4453F9967223FF9AE3D3F4AEB2B3F6A
S3150202AE50F304353FF304353F4AEB2B3FF9AE3D3F50
S3150202AE609967223F03E4453FC07F183F029F4D3F49
S3150202AE70DA390E3F31DB543F3D9C033F1A945B3F66
S3150202AE80EA5AF13E98C5613F80E8DA3ED86B673FDF
S3150202AE9015EFC33E5E836C3FD47CAC3E0809713F1C
S3150202AEA031A0943E0BFA743FCCCF783EF853783FEA
S3150202AEB0C2C5473EBE147B3F8340163EAC3A7D3F37
S3150202AEC036BDC83D6DC47E3F30FB483D0FB17F3F64
S3150202AED0D02F8D240000803F30FB48BD0FB17F3F4B
S3150202AEE036BDC8BD6DC47E3F834016BEAC3A7D3FB9
S3150202AEF0C2C547BEBE147B3FCCCF78BEF853783F5D
S3150202AF0031A094BE0BFA743FD47CACBE0809713FE1
S3150202AF1015EFC3BE5E836C3F80E8DABED86B673F2D
S3150202AF20EA5AF1BE98C5613F3D9C03BF1A945B3F44
S3150202AF30DA390EBF31DB543FC07F18BF029F4D3F45
S3150202AF40996722BF03E4453F4AEB2BBFF9AE3D3F69
S3150202AF50F30435BFF304353FF9AE3DBF4AEB2B3F4F
S3150202AF6003E445BF9967223F029F4DBFC07F183F48
S3150202AF7031DB54BFDA390E3F1A945BBF3D9C033F65
S3150202AF8098C561BFEA5AF13ED86B67BF80E8DA3EDE
S3150202AF905E836CBF15EFC33E080971BFD47CAC3E1B
S3150202AFA00BFA74BF31A0943EF85378BFCCCF783EE9
S3150202AFB0BE147BBFC2C5473EAC3A7DBF8340163E36
S3150202AFC06DC47EBF36BDC83D0FB17FBF30FB483D63
S3150202AFD00000803F00000000BE147B3FC2C5473E10
S3150202AFE05E836C3F15EFC33E31DB543FDA390E3FC7
S3150202AFF0F304353FF304353FDA390E3F31DB543F72
S3150202B00015EFC33E5E836C3FC2C5473EBE147B3F0D
S3150202B010D02F8D240000803FC2C547BEBE147B3F9F
S3150202B02015EFC3BE5E836C3FDA390EBF31DB543F86
S3150202B030F30435BFF304353F31DB54BFDA390E3F31
S3150202B0405E836CBF15EFC33EBE147BBFC2C5473ECD
S3150202B0500000803F00000000F304353FF304353F51
S3150202B060D02F8D240000803FF30435BFF304353F11
S3150202B0700000803F0000000043EC7F3FB00AC93C5B
S3150202B0800FB17F3F30FB483D6D4E7F3F05A9963D8E
S3150202B0906DC47E3F36BDC83D24137E3F73B2FA3D70
S3150202B0A0AC3A7D3F8340163E283B7C3FA2102F3EA0
S3150202B0B0BE147B3FC2C5473E9DC7793F135C603EC5
S3150202B0C0F853783FCCCF783E07BA763F938E883EC6
S3150202B0D00BFA743F31A0943E4714733FE59AA03EA1
S3150202B0E00809713FD47CAC3E9ED86E3F2A44B83ED4
S3150202B0F05E836C3F15EFC33EA7096A3FCA7BCF3E0A
S3150202B100D86B673F80E8DA3E59AA643F7533E63E5A
S3150202B11098C5613FEA5AF13E05BE5E3F275DFC3E97
S3150202B1201A945B3F3D9C033F5348583F9BF5083FA9
S3150202B13031DB543FDA390E3F3D4D513F2A68133F08
S3150202B140029F4D3FC07F183F12D1493FD17F1D3F1B
S3150202B15003E4453F9967223F70D8413F5636273F5F
S3150202B160F9AE3D3F4AEB2B3F4268393FBB85303F42
S3150202B170F304353FF304353FBB85303F4268393F1E
S3150202B1804AEB2B3FF9AE3D3F5636273F70D8413F39
S3150202B1909967223F03E4453FD17F1D3F12D1493FC2
S3150202B1A0C07F183F029F4D3F2A68133F3D4D513FD4
S3150202B1B0DA390E3F31DB543F9BF5083F5348583F7D
S3150202B1C03D9C033F1A945B3F275DFC3E05BE5E3FF4
S3150202B1D0EA5AF13E98C5613F7533E63E59AA643F83
S3150202B1E080E8DA3ED86B673FCA7BCF3EA7096A3F41
S3150202B1F015EFC33E5E836C3F2A44B83E9ED86E3F2D
S3150202B200D47CAC3E0809713FE59AA03E4714733FCF
S3150202B21031A0943E0BFA743F938E883E07BA763F6C
S3150202B220CCCF783EF853783F135C603E9DC7793F98
S3150202B230C2C5473EBE147B3FA2102F3E283B7C3F2F
S3150202B2408340163EAC3A7D3F73B2FA3D24137E3FEB
S3150202B25036BDC83D6DC47E3F05A9963D6D4E7F3F04
S3150202B26030FB483D0FB17F3FB00AC93C43EC7F3FFA
S3150202B2700000803F000000006DC47E3F36BDC83D1F
S3150202B280BE147B3FC2C5473E0BFA743F31A0943EC1
S3150202B2905E836C3F15EFC33E98C5613FEA5AF13EA3
S3150202B2A031DB543FDA390E3F03E4453F9967223FC9
S3150202B2B0F304353FF304353F9967223F03E4453FE2
S3150202B2C0DA390E3F31DB543FEA5AF13E98C5613F05
S3150202B2D015EFC33E5E836C3F31A0943E0BFA743F78
S3150202B2E0C2C5473EBE147B3F36BDC83D6DC47E3FD6
S3150202B2F00000803F000000005E836C3F15EFC33EF4
S3150202B300F304353FF304353F15EFC33E5E836C3FCC
S3150202B3100000000080000000A00000000000000003
S3150202B3200000000080000000A000000000000000F3
S3150202B3300000000080000000A000000000000000E3
S3150202B3400000803F000000000BFA743F31A0943ED9
S3150202B35031DB543FDA390E3F9967223F03E4453F18
S3150202B36015EFC33E5E836C3F36BDC83D6DC47E3F5C
S3150202B370C2C547BEBE147B3FEA5AF1BE98C5613FBB
S3150202B380F30435BFF304353F98C561BFEA5AF13E6D
S3150202B390BE147BBFC2C5473E6DC47EBF36BDC8BDA5
S3150202B3A05E836CBF15EFC3BE03E445BF996722BF36
S3150202B3B0DA390EBF31DB54BF31A094BE0BFA74BF29
S3150202B3C00000803F0000000015EFC33E5E836C3F23
S3150202B3D0F30435BFF304353F5E836CBF15EFC3BE7C
S3150202B3E00000803F00000000BE147B3FC2C5473EFC
S3150202B3F05E836C3F15EFC33E31DB543FDA390E3FB3
S3150202B400F304353FF304353FDA390E3F31DB543F5D
S3150202B41015EFC33E5E836C3FC2C5473EBE147B3FF9
S3150202B420D02F8D240000803FC2C547BEBE147B3F8B
S3150202B43015EFC3BE5E836C3FDA390EBF31DB543F72
S3150202B440F30435BFF304353F31DB54BFDA390E3F1D
S3150202B4505E836CBF15EFC33EBE147BBFC2C5473EB9
S3150202B4600000803F00000000F304353FF304353F3D
S3150202B470D02F8D240000803FF30435BFF304353FFD
S3150202B4800000803F000000006DC47E3F36BDC83D0D
S3150202B490BE147B3FC2C5473E0BFA743F31A0943EAF
S3150202B4A05E836C3F15EFC33E98C5613FEA5AF13E91
S3150202B4B031DB543FDA390E3F03E4453F9967223FB7
S3150202B4C0F304353FF304353F9967223F03E4453FD0
S3150202B4D0DA390E3F31DB543FEA5AF13E98C5613FF3
S3150202B4E015EFC33E5E836C3F31A0943E0BFA743F66
S3150202B4F0C2C5473EBE147B3F36BDC83D6DC47E3FC4
S3150202B5000000803F000000005E836C3F15EFC33EE1
S3150202B510F304353FF304353F15EFC33E5E836C3FBA
S3150202B52000000000200000000000000000000000F1
S3150202B53020000000000000000000000020000000C1
S3150202B54000000000000000000000803F0000000032
S3150202B55015EFC33E5E836C3FF30435BFF304353FFA
S3150202B5605E836CBF15EFC3BE0000803F0000000081
S3150202B570F304353FF304353FD02F8D240000803F7C
S3150202B580F30435BFF304353F0000803F000000009C
S3150202B5905E836C3F15EFC33EF304353FF304353F3A
S3150202B5A015EFC33E5E836C3F000000000000000000
S3150202B5B00000000000000000000000000000000081
S3150202B5C04E4D490A000000002A2A2A204861726466
S3150202B5D0206661756C74202A2A2A20206374787484
S3150202B5E0736B3A25642020484653523A2578202026
S3150202B5F0434653523A25780A000000002A2A2A2094
S3150202B60048617264206661756C74202A2A2A202097
S3150202B61063747874736B3A25642020484653523A0F
S3150202B620257825780A0000004D5055204661756C32
S3150202B630740A0000427573204661756C740A000032
S3150202B6405B5573616765204661756C742044657447
S3150202B65065637465645D0A00434653523A20307844
S3150202B660253038582028554653523A20307825300C
S3150202B6703458290A00000000537461636B65642022
S3150202B68052303A20203078253038580A000000001D
S3150202B690537461636B65642052313A2020307825F7
S3150202B6A03038580A00000000537461636B656420E7
S3150202B6B052323A20203078253038580A00000000EB
S3150202B6C0537461636B65642052333A2020307825C5
S3150202B6D03038580A00000000537461636B656420B7
S3150202B6E05231323A203078253038580A00000000AA
S3150202B6F0537461636B6564204C523A20203078257C
S3150202B7003038580A00000000537461636B65642086
S3150202B71050433A20203078253038580A000000007B
S3150202B720537461636B6564205053523A2030782514
S3150202B7303038580A00000000535643616C6C0A0006
S3150202B7404465627567204D6F6E69746F720A0000F6
S3150202B7500A3C3C2053595354454D205245534554B5
S3150202B76020262052455354415254203E3E0A00009E
S3150202B7700A3C3C2053595354454D204641535420CA
S3150202B78052455354415254203E3E0A000A3C3C2042
S3150202B79053595354454D2052455354415254203E17
S3150202B7A03E0A000058000000780000002000000057
S3150202B7B030000000444D4C6B0000000021455252FD
S3150202B7C04F522120696E69745F496D616C6C6F63B9
S3150202B7D00A000000214552524F522120696E6974B5
S3150202B7E05F6465766963650A00000000214552526C
S3150202B7F04F522120696E69745F696E697469616C60
S3150202B800697A650A00000000214552524F522120F0
S3150202B8106B65726E656C206F626A65637420696E0F
S3150202B820697469616C697A650A000000214552529F
S3150202B8304F52212053797374656D2074696D657256
S3150202B84020737461727475700A00000021455252A7
S3150202B8504F522120496E697469616C205461736B7F
S3150202B8602063616E206E6F742073746172740A00B3
S3150202B870214552524F522120496E697469616C20E8
S3150202B8805461736B2063616E206E6F7420637265FE
S3150202B89061740A000A0A6D6963726F542D4B6572EE
S3150202B8A06E656C2056657273696F6E2025782E2539
S3150202B8B03032780A0A000000214552524F522120A4
S3150202B8C0496E6974205461736B2073746172740ACF
S3150202B8D0000000000A3C3C2053595354454D205364
S3150202B8E0485554444F574E203E3E0A004552523A5C
S3150202B8F0206661696C656420746F20616C6C6F638B
S3150202B9006174652074656E736F72206172656E6111
S3150202B9100A0000004D6F6E69746F72696E67206C61
S3150202B9206561726E696E675F626C6F636B732061CB
S3150202B93074206164647265737320307825303858D6
S3150202B9402E20496E697469616C3A20307825303846
S3150202B950580A00002121212056414C5545204348D0
S3150202B960414E47454420212121204F6C643A203022
S3150202B97078253038582C204E65773A203078253093
S3150202B98038580A0070747200766F6964207B616EA1
S3150202B9906F6E796D6F75737D3A3A65695F616C692F
S3150202B9A0676E65645F6672656528766F69642A29C1
S3150202B9B000000000433A2F55736572732F696F7444
S3150202B9C0656E2F65325F73747564696F2F776F7256
S3150202B9D06B73706163652F74726F6E5F70646D5FF5
S3150202B9E06465746563745F6370752F6170706C69E8
S3150202B9F0636174696F6E2F656467652D696D707513
S3150202BA006C73652D73646B2F636C617373696669FC
S3150202BA1065722F65695F616C69676E65645F6D61E8
S3150202BA206C6C6F632E680000454B2D5241385031C3
S3150202BA302050444D204D4943524F50484F4E4520C7
S3150202BA405445535420286D6963726F542D4B6572A7
S3150202BA506E656C20332E3029000000005B43484598
S3150202BA60434B20315D206C6561726E696E675F625F
S3150202BA706C6F636B73203D203078253038582C204A
S3150202BA807362726B5F6F6666736574203D203078EF
S3150202BA90253038582C207362726B5F73746172742C
S3150202BAA0203D203078253038582C20667265655F35
S3150202BAB06C697374203D203078253038580A0000AC
S3150202BAC05B434845434B20325D206C6561726E6969
S3150202BAD06E675F626C6F636B73203D203078253030
S3150202BAE038582C207362726B5F6F666673657420B8
S3150202BAF03D203078253038582C207362726B5F7382
S3150202BB0074617274203D203078253038582C2066B4
S3150202BB107265655F6C697374203D20307825303812
S3150202BB20580A00005B434845434B20335D206C654F
S3150202BB3061726E696E675F626C6F636B73203D2022
S3150202BB403078253038582C207362726B5F6F6666C6
S3150202BB50736574203D203078253038582C20736264
S3150202BB60726B5F7374617274203D203078253038AF
S3150202BB70582C20667265655F6C697374203D2030AD
S3150202BB8078253038580A00000A3D3D3D2043616D52
S3150202BB90657261204932432026204C4344204432B6
S3150202BBA04420436F6E6E656374696F6E20546573CB
S3150202BBB074205374617274203D3D3D0A00000000F8
S3150202BBC0526573657474696E672043616D6572614D
S3150202BBD0202843414D4552415F5245534554202D3B
S3150202BBE03E2050373039292E2E2E0A0053746172A6
S3150202BBF074696E672047505420436C6F636B2066EC
S3150202BC006F722043616D6572612058434C4B202846
S3150202BC10675F63616D5F636C6B292E2E2E0A0000CD
S3150202BC204F70656E696E6720493243204D617374A7
S3150202BC3065722028675F63616D5F6932635F6D615A
S3150202BC4073746572292E2E2E0A00000052656164F3
S3150202BC50696E67204F56353634302050726F6475DE
S3150202BC60637420494420726567697374657273202E
S3150202BC70766961204932432E2E2E0A0050726F6473
S3150202BC8075637420494420526561643A2048203D16
S3150202BC90203078253032582C204C203D2030782511
S3150202BCA03032580A000000004552524F523A20439F
S3150202BCB0616D65726120636F6D6D756E6963617424
S3150202BCC0696F6E206661696C65642E0A0000000067
S3150202BCD0535543434553533A2043616D657261207E
S3150202BCE0636F6E6E656374696F6E207665726966DE
S3150202BCF06965642120284F563536343020646574CE
S3150202BD006563746564290A004552524F523A2050BD
S3150202BD10726F64756374204944206D69736D617430
S3150202BD2063680A0054657374696E67207068797372
S3150202BD306963616C20534452414D206174206164EF
S3150202BD406472657373203078253038582E2E2E0A87
S3150202BD5000000000534452414D20766572696669BD
S3150202BD60636174696F6E206661696C6564206174D1
S3150202BD7020696E6465782025642120526561643AE1
S3150202BD80203078253038582C2045787065637465E2
S3150202BD90643A203078253038580A00004552524F0C
S3150202BDA0523A20534452414D207068797369636155
S3150202BDB06C206D656D6F72792077726974652F7268
S3150202BDC0656164206661696C6564210A000000008F
S3150202BDD0534452414D20766572696669636174699C
S3150202BDE06F6E2053554343455353210A0000000008
S3150202BDF05B434845434B20345D206C6561726E6934
S3150202BE006E675F626C6F636B73203D2030782530FC
S3150202BE1038582C207362726B5F6F66667365742084
S3150202BE203D203078253038582C207362726B5F734E
S3150202BE3074617274203D203078253038582C206681
S3150202BE407265655F6C697374203D203078253038DF
S3150202BE50580A00003D3D3D2053657474696E6720A1
S3150202BE6042757320536C61766520417262697472FF
S3150202BE706174696F6E20746F20466978656420501A
S3150202BE8072696F72697479202847726F75702033EE
S3150202BE9029203D3D3D0A0000436C656172696E6769
S3150202BEA020534452414D206672616D656275666623
S3150202BEB065727320746F20626C61636B2E2E2E0A7A
S3150202BEC0000000005B434845434B20355D206C650C
S3150202BED061726E696E675F626C6F636B73203D207F
S3150202BEE03078253038582C207362726B5F6F666623
S3150202BEF0736574203D203078253038582C207362C1
S3150202BF00726B5F7374617274203D2030782530380B
S3150202BF10582C20667265655F6C697374203D203009
S3150202BF2078253038580A0000496E697469616C696D
S3150202BF307A696E67204C43442028474C434443297E
S3150202BF402E2E2E200A0000004552524F523A204609
S3150202BF5061696C656420746F206F70656E20474C50
S3150202BF60434443202830782578290A004552524F05
S3150202BF70523A204661696C656420746F207374615B
S3150202BF80727420474C434443202830782578290A84
S3150202BF90000000005B434845434B20365D206C653A
S3150202BFA061726E696E675F626C6F636B73203D20AE
S3150202BFB03078253038582C207362726B5F6F666652
S3150202BFC0736574203D203078253038582C207362F0
S3150202BFD0726B5F7374617274203D2030782530383B
S3150202BFE0582C20667265655F6C697374203D203039
S3150202BFF078253038580A00005B434845434B2036C1
S3150202C000415D206C6561726E696E675F626C6F6319
S3150202C0106B73203D203078253038582C207362729B
S3150202C0206B5F6F6666736574203D20307825303803
S3150202C030582C207362726B5F7374617274203D2096
S3150202C0403078253038582C20667265655F6C6973C4
S3150202C05074203D203078253038580A004C4344205B
S3150202C0604261636B6C6967687420656E61626C65B6
S3150202C070642E0A005B434845434B2036425D206CE0
S3150202C0806561726E696E675F626C6F636B73203D88
S3150202C090203078253038582C207362726B5F6F66B7
S3150202C0A066736574203D203078253038582C20730B
S3150202C0B062726B5F7374617274203D203078253030
S3150202C0C038582C20667265655F6C697374203D2050
S3150202C0D03078253038580A00496E697469616C698C
S3150202C0E07A696E6720442F415645203244204772B0
S3150202C0F061706869637320456E67696E652E2E2EBE
S3150202C1000A00000054455354204D414C4C4F433AC9
S3150202C1102061646472657373203D2030782530385D
S3150202C120580A000044325F48414E444C452041645D
S3150202C13064726573733A203078253038580A0000E3
S3150202C1405B434845434B2036435D206C6561726E04
S3150202C150696E675F626C6F636B73203D2030782570
S3150202C1603038582C207362726B5F6F666673657421
S3150202C170203D203078253038582C207362726B5F4E
S3150202C1807374617274203D203078253038582C2021
S3150202C190667265655F6C697374203D20307825305E
S3150202C1A038580A005B5F7362726B204C4F47202538
S3150202C1B0645D20696E6372203D2025642C206F66C1
S3150202C1C0667365745F6265666F7265203D203078BC
S3150202C1D0253038582C20726574203D20307825305F
S3150202C1E038580A005B5F7362726B204432204C4FEE
S3150202C1F0472025645D20696E6372203D2025642CEA
S3150202C200206F66667365745F6265666F7265203D4E
S3150202C210203078253038582C20726574203D203023
S3150202C22078253038580A00004552524F523A204673
S3150202C23061696C656420746F206F70656E20442F8D
S3150202C24041564520324420656E67696E650A0000D2
S3150202C2505B434845434B20375D206C6561726E69CC
S3150202C2606E675F626C6F636B73203D203078253098
S3150202C27038582C207362726B5F6F66667365742020
S3150202C2803D203078253038582C207362726B5F73EA
S3150202C29074617274203D203078253038582C20661D
S3150202C2A07265655F6C697374203D2030782530387B
S3150202C2B0580A00005072652D72656E646572696E67
S3150202C2C067206261636B67726F756E6420616E646A
S3150202C2D02073746174696320626F7264657273207B
S3150202C2E0746F20616C6C2033206672616D656275B3
S3150202C2F066666572732E2E2E0A0000005B4348455F
S3150202C300434B20385D206C6561726E696E675F62AF
S3150202C3106C6F636B73203D203078253038582C20A1
S3150202C3207362726B5F6F6666736574203D20307846
S3150202C330253038582C207362726B5F737461727483
S3150202C340203D203078253038582C20667265655F8C
S3150202C3506C697374203D203078253038580A000003
S3150202C3604F70656E696E672050444D20647269761D
S3150202C37065722028675F70646D30292E2E2E0A00A0
S3150202C3805B434845434B20395D206C6561726E6999
S3150202C3906E675F626C6F636B73203D203078253067
S3150202C3A038582C207362726B5F6F666673657420EF
S3150202C3B03D203078253038582C207362726B5F73B9
S3150202C3C074617274203D203078253038582C2066EC
S3150202C3D07265655F6C697374203D2030782530384A
S3150202C3E0580A000050444D20647269766572206FC5
S3150202C3F070656E65642E2057616974696E67206680
S3150202C4006F7220736574746C696E672E2E2E0A0023
S3150202C41050444D2063617074757265207374617243
S3150202C420746564207375636365737366756C6C7980
S3150202C4302E0A00004552524F523A204661696C65F5
S3150202C4406420746F2073746172742050444D2063A9
S3150202C450617074757265202830782578290A000081
S3150202C4604552524F523A204661696C656420746F96
S3150202C470206F70656E2050444D2064726976657233
S3150202C480202830782578290A000000005374617248
S3150202C49074696E6720442F41564520324420526504
S3150202C4A06E646572696E67204C6F6F702028504405
S3150202C4B04D20417564696F2056697375616C697A9C
S3150202C4C06572292E2E2E0A004C6F6F702025643A51
S3150202C4D02056626C616E6B3A2025642C2050444DC4
S3150202C4E03A2025642C20524D533A2025642C2044AE
S3150202C4F07261774275663A2025640A0020205261EB
S3150202C500772053616D706C65733A20307825303826
S3150202C510582030782530385820307825303858203F
S3150202C5203078253038580A0050444D20535441542D
S3150202C53055533A2052554E4E494E472020204952D3
S3150202C5405120434F554E543A2025640050444D2003
S3150202C5505354415455533A204552524F5220283091
S3150202C5607825303458290000524D5320564F4C55E7
S3150202C5704D453A2025642020205045414B2D544FEB
S3150202C5802D5045414B3A202564000000474C434456
S3150202C59043204275666665724368616E6765204529
S3150202C5A072726F723A2025640A0000005374617235
S3150202C5B07420557365722D6D61696E2070726F6794
S3150202C5C072616D202843616D6572612026204C439B
S3150202C5D044204432442054657374292E0A00000012
S3150202C5E04552523A206F75747075742074656E7373
S3150202C5F06F72206861732073697A652025642C2024
S3150202C60062757420696E707574206D6174726978D0
S3150202C61020686173206861732073697A65202564D4
S3150202C6200A0000004552523A2043616E6E6F742030
S3150202C63068616E646C65206F7574707574207479A6
S3150202C640706520282564290A0000000054696D6974
S3150202C6506E673A200000000044535020256C642085
S3150202C66075730000445350202564206D7300000048
S3150202C6702C20696E666572656E636520256C642080
S3150202C680757300002C20696E666572656E6365209D
S3150202C6902564206D730000002C20616E6F6D616C43
S3150202C6A07920256C64207573000000002C20616ECF
S3150202C6B06F6D616C79202564206D73002C20706F7A
S3150202C6C0737470726F63657373696E6720256C6427
S3150202C6D0207573002C20706F737470726F636573AA
S3150202C6E073696E67202564206D73000023436C61B3
S3150202C6F07373696669636174696F6E2070726564C9
S3150202C700696374696F6E733A0A000000202025730A
S3150202C7103A20000025660000416E6F6D616C792039
S3150202C72070726564696374696F6E3A200000000074
S3150202C7302352656772657373696F6E2070726564E0
S3150202C740696374696F6E3A2000000000234F626AC1
S3150202C75065637420646574656374696F6E20626FC3
S3150202C760756E64696E6720626F7865733A0A0000B5
S3150202C770202025732028000029205B20783A2025D4
S3150202C780752C20793A2025752C2077696474683ACB
S3150202C7902025752C206865696768743A20257520FC
S3150202C7A05D0A0000436F756C64206E6F74206465C7
S3150202C7B07465726D696E6520686F7720746F20707A
S3150202C7C072696E742074686520726573756C74730F
S3150202C7D020666F72207468697320696D70756C7356
S3150202C7E0650A00004552523A2043616E6E6F74200A
S3150202C7F068616E646C6520696E70757420747970F6
S3150202C8006520282564290A004552523A20696E702B
S3150202C81075742074656E736F722068617320736912
S3150202C8207A652025642062797465732C2062757498
S3150202C83020696E707574206D617472697820686100
S3150202C84073206861732073697A6520256420627990
S3150202C8507465730A000000004661696C656420749F
S3150202C8606F20696E697469616C697A65207468659C
S3150202C870206D6F64656C20286572726F7220636F19
S3150202C8806465202564290A00766563746F723A3AF2
S3150202C8907265736572766500766563746F723A3A8B
S3150202C8A05F4D5F7265616C6C6F635F696E73657211
S3150202C8B07400000028616C69676E20262028616C6C
S3150202C8C069676E202D20312929203D3D2030000046
S3150202C8D0766F69642A207B616E6F6E796D6F7573EE
S3150202C8E07D3A3A65695F616C69676E65645F636129
S3150202C8F06C6C6F632873697A655F742C2073697A2C
S3150202C900655F742900000000477261797363616C86
S3150202C910650000004552523A204661696C65642000
S3150202C920746F2072756E204453502070726F636565
S3150202C930737320282564290A000000004665617483
S3150202C9407572657320282564206D732E293A20009C
S3150202C9504552523A204F7574206F66206D656D6F8F
S3150202C96072792C2063616E277420616C6C6F63612D
S3150202C97074652066656174757265730A000000004B
S3150202C9804552523A204F7574206F66206D656D6F5F
S3150202C99072792C2063616E277420616C6C6F6361FD
S3150202C9A07465206D61747269785F707472735B2547
S3150202C9B06C755D0A000000004552523A20576F75A7
S3150202C9C06C64207772697465206F75747369646525
S3150202C9D02066656174757265206275666665720A9D
S3150202C9E000000000494E464F0000000025733A201F
S3150202C9F000000000496D70756C7365206D61696E89
S3150202CA007461696E732073746174652E2043616C5E
S3150202CA106C2072756E5F636C6173736966696572A7
S3150202CA205F696E6974282920746F20726573657452
S3150202CA302073746174652028652E672E206966202C
S3150202CA40646174612073747265616D206973206911
S3150202CA506E7465727275707465642E290A0000001E
S3150202CA6052756E6E696E6720696D70756C73652E8E
S3150202CA702E2E0A003D3D3D205374617274696E6723
S3150202CA802043505520566F69636520446574656379
S3150202CA9074696F6E205461736B20287461736B5FC5
S3150202CAA033292E2E2E203D3D3D0A00005355434387
S3150202CAB04553533A2043505520566F6963652044C5
S3150202CAC06574656374696F6E205461736B20696E57
S3150202CAD0697469616C697A656420737563636573E7
S3150202CAE07366756C6C79210A000000004445544550
S3150202CAF0435445443A2025732028256425252900D6
S3150202CB00252D3234730000004E4E3A2025642E251E
S3150202CB10303364206D7300005B7461736B5F335D47
S3150202CB202044455445435445443A2025732028253A
S3150202CB3064252529207C204453503A2025642E253B
S3150202CB40303364206D73207C204E4E3A2025642EAB
S3150202CB5025303364206D73207C20546F74616C3AE5
S3150202CB602025642E25303364206D730A00000000EE
S3150202CB705B7461736B5F335D2072756E5F636C61AA
S3150202CB8073736966696572206661696C656420778A
S3150202CB906974682025640A00444554454354454451
S3150202CBA03A204552524F522028256429202000005D
S3150202CBB04E4E3A202D206D73202020202020202048
S3150202CBC02020202020202020000000004552520072
S3150202CBD041524D20434D534953204572726F723A68
S3150202CBE02025640048572052464654206661696CE5
S3150202CBF065642C204646542073697A65206E6F74EA
S3150202CC0020737570706F727465642E204D7573741D
S3150202CC10206265206120706F776572206F6620320E
S3150202CC20206265747765656E20256420616E6420D4
S3150202CC3025642C202873697A65207761732025641E
S3150202CC402900000048572052464654206661696C04
S3150202CC5065642C2066616C6C696E67206261636B27
S3150202CC6020746F20535700004552523A20556E6B7C
S3150202CC706E6F776E20657874726163742066756E64
S3150202CC806374696F6E2C206F6E6C79204D46434336
S3150202CC902C204D464520616E642073706563747262
S3150202CCA06F6772616D20737570706F727465640A54
S3150202CCB0000000004552523A20636D766E77206676
S3150202CCC061696C656420282564290A004552523A34
S3150202CCD0206E6F726D616C697A6174696F6E20661D
S3150202CCE061696C656420282564290A0046656174B7
S3150202CCF0757265204D61747269783A200A000000E5
S3150202CD004E756C6C20636865636B206661696C653F
S3150202CD10640A00006F75745F6D6174726978203DF2
S3150202CD202025647825640A0063616C63756C6174FC
S3150202CD3065642073697A65203D2025647825640A34
S3150202CD40000000004552523A205370656374726FB6
S3150202CD506772616D206661696C65642028256429A3
S3150202CD600A0000007269676874203C20706F77655A
S3150202CD70725F737065637472756D5F6672616D65FB
S3150202CD805F73697A6500000073746174696320696E
S3150202CD906E742065693A3A73706565636870793AAA
S3150202CDA03A666561747572653A3A6D6665286569B1
S3150202CDB03A3A6D61747269785F742A2C2065693A0F
S3150202CDC03A6D61747269785F742A2C2065693A3AFF
S3150202CDD07369676E616C5F742A2C2075696E74338F
S3150202CDE0325F742C20666C6F61742C20666C6F61E4
S3150202CDF0742C2075696E7431365F742C2075696ED7
S3150202CE007431365F742C2075696E7433325F742CFA
S3150202CE102075696E7433325F742C2075696E7431B3
S3150202CE20365F742900000000433A2F557365727308
S3150202CE302F696F74656E2F65325F73747564696FDD
S3150202CE402F776F726B73706163652F74726F6E5F89
S3150202CE5070646D5F6465746563745F6370752F6178
S3150202CE6070706C69636174696F6E2F656467652D94
S3150202CE70696D70756C73652D73646B2F6473702F95
S3150202CE8073706565636870792F666561747572651C
S3150202CE902E687070000000004552523A204D4643F9
S3150202CEA043206661696C656420282564290A0000AC
S3150202CEB06D69736F6A690000736F756E642D696EB0
S3150202CEC07465726661636500496D70756C7365207F
S3150202CED023310000617564696F0000005369676E51
S3150202CEE0616C0000646F776E000000006C65667408
S3150202CEF0000000006E6F6973650000007269676860
S3150202CF00740000007570000D303132333435363715
S3150202CF1038396162636465663031323334353637A5
S3150202CF203839414243444546080000006DEA000290
S3150202CF3000000000080000000000000000000000DF
S3150202CF400400000069F10002CDF1000204000000B3
S3150202CF5000000000CDF10002020000000000000005
S3150202CF6000000000010000000000000000000000B6
S3150202CF70000000000100000041FF00020100000063
S3150202CF8000040000000000001FFEFFFFBDFFFFFFBE
S3150202CF90AC03000097FEFFFF37020000000000000C
S3150202CFA003E6F904ED0100F00F010900050DFEF496
S3150202CFB0FFECF701FEFD04F80BF5FFFC0508FFEE98
S3150202CFC0FBEEF900FFFD01FC0D040DF5040807EA6C
S3150202CFD0F9ECF1FAF90107F80F0F0A030806FCE960
S3150202CFE0F7E3F6FBF7FD07020C0F08030107F6E566
S3150202CFF0FBF0F5FDFAFF07FE15140DFC010BF4EE2C
S3150202D000FBF2F8FBF8F90AF609120C000007F8EE31
S3150202D010F3F7F801F6FE0CFD0E170A02FF08F2F309
S3150202D020F8F4F6FEF8050AF50E0C0BFF0207F4F801
S3150202D030F8F5FDFEF5FD0DFB0C120C00FE09F5FDE1
S3150202D040F8FBF3FD04F90EFE0A180BFD020AF6F9C5
S3150202D050F8FDF5F7FDFD0CFE0A110C020409F1F1C9
S3150202D0600308FEFFF5020207040805F704FFF7F1BB
S3150202D070040CF908F10603FF0B05F900060BFB0A7D
S3150202D080FB08F8EFF605F8FEF3FE02FBFE07F309CC
S3150202D0900D08F9F6FE01FD04FEFFF5FB0209030780
S3150202D0A00A0EF7F9F50AF50202FEF4FE000D05056F
S3150202D0B00F0CFBFAFC03FB0003F5F0F801080D0D59
S3150202D0C00E0AF9F6F103F80100F4F4F7070A0B0A5D
S3150202D0D00F0EF9FAF708F8FFFBF5F1F803090D0E40
S3150202D0E0110BF5FEF804FB0201ECF6F803080F0633
S3150202D0F00D0AF7F3F803F70300EFF5FD0207070837
S3150202D100120AF7F9F405F504F7FAF0FCFC09090527
S3150202D1100F06FCF8F604F401FDF0F0FDFE06090422
S3150202D120040BFAFDF705F9FFFDF9F703FE03060103
S3150202D13004FE09FC0E07F9FFFCFFF4F3FDFF0402ED
S3150202D140D6D1FEF6F510ED04E906E7F5D6BED4D938
S3150202D150FDE60AFEE70EFBE6EAF5E9DED4ECEAE5CF
S3150202D160F2BB11E2C70ADCDCEC00E7F6C6C3F2DA6E
S3150202D170D3BA0CF2FF12E2D2F2F1EED8C9ACF9C579
S3150202D180F7B50FFAC30FEBE3E7F8E9DFD1A0FBE04D
S3150202D190DA9C0DD5E314EBC0E9FDDBEDE890EABCBF
S3150202D1A0D3BE0CE7E70BE7C9E200D2E5EBADF1E24B
S3150202D1B0C8C500E9D817EECEDFFCCFD9D6CFEEC965
S3150202D1C0C2CF1BF4D112EBE0DEFBD7E5D6CEE7CF18
S3150202D1D0E6B10EE1EB0EEDD8EAF2E3DAEBB7FCCFFB
S3150202D1E0F48111E9F90EE9D9DBEFE3E2E5AAF4DA11
S3150202D1F000D5FFEAEA0AF0EADEF0DEBDE3BEF0D3CC
S3150202D200B58DF1DC0813DBBDFD09F4C3DAEB00DBF5
S3150202D2100409FFDEF8FDFAF4F5F402F609F0000A53
S3150202D220020607FEF804F401F709001005FC0308DA
S3150202D230E30A0908FEFBFFF7F7F4F81004FA0407FB
S3150202D240EB0B0713F901FA00FDF7F51305F8040BC8
S3150202D250EF07060EFCFDF3FDFEFBF00E04FBFD0BD3
S3150202D260F007021001F8FAFA00EEF30C09FC020AC0
S3150202D270F6070410FCF8FCFFF9EFF51407F8FE0CAA
S3150202D280F4050A130302FEFFF8F9F40C07F1010E84
S3150202D290F106000D01F8FCFDFEF7F2120903060A79
S3150202D2A0F9080B0CFAF902FDF3F6EE0A01F4020D85
S3150202D2B0E9080507FCFCF8F6FBECF30507FB000799
S3150202D2C0EF08000801FFFE03F8F4EF0C03FA060B5F
S3150202D2D0F9FF0508F1FAF9FAFAF1F01606F202E096
S3150202D2E001F6FF0307F80901F501FEFEF4FA03F45B
S3150202D2F005F202FA0DF1030FFEFB04F4F7EF03F156
S3150202D30003F106FB0FF20F0EFD040AF1FBFB04EB1F
S3150202D31004F306F509F20B0DF5F109F9F9FAFFEE36
S3150202D32004F006F913F80C10F4F806F7F5F8FBF414
S3150202D33008F305F312F40411F8FC0DEEFAEEFBF50E
S3150202D34005F80AFC11FB040FF8FD0BFAF7F5FDF3DB
S3150202D35003F909F909F40A11F4FD09F5FAF4FBF3E2
S3150202D36007F80AFD0CFA040FFFFD05FAFFF4F9F8B5
S3150202D37003F204F40DFD0C10FEF606F2F8F4FFFABF
S3150202D3800CF009F20CFE0700FAFA07F7FDFBFFEDB5
S3150202D39002F5FFFB03FB0AFFF2FD02F7F9F1FF02B8
S3150202D3A00608F903E5F70302EFFC06F1F604FF218C
S3150202D3B09F97FFFF3DDCFFFF2CB4F4FF178AFFFFA6
S3150202D3C0B735FFFF0000000049FFFFFF08FDFFFF20
S3150202D3D08EFEFFFF53FEFFFF25EDFFFF3CFFFFFF21
S3150202D3E058010000E1F3FFFF4FFDFFFFC6010000F7
S3150202D3F0040100007DFCFFFFC3FDFFFF9FECFFFF60
S3150202D400A0FFFFFF07FDFFFFE3F211FFFD0100FB95
S3150202D410FEE6F601F100FDEC05F6EF01CB01F9811C
S3150202D4200101EBFDFEBFFC02F1FFF6E1FFEF160082
S3150202D43081F401FC05FFFF040306AAF881F20FE05C
S3150202D440F70BE5E9B6FCFBB5DD0014F6E51F12D9CA
S3150202D450DA81080DFAFFF303E4E0FA0006F7DC08C4
S3150202D460F8FBF3F801D4D9071A05A7FEBB00D9B413
S3150202D470FA0ED4EED7F4F5CEE5057FDFF5FEF2EE2F
S3150202D480001181FEBE07B1D5F8FDE2F6FF0AFEE8FB
S3150202D490FE0AEEF6FEDEFC1B01E914F5F5E22B00AE
S3150202D4A0FFF5F800E097EA0D01F88110EA85F10727
S3150202D4B00411E9EBF7F9FC0081113BB800F8FE040E
S3150202D4C0F4EDF9D104FA0800E4EDFC072009E502BD
S3150202D4D0D9C800FFF405EFDFD0AFFFEEE5121381E4
S3150202D4E081DD01A2C1FD03FB9BB003E6D3DFFFFD93
S3150202D4F0E589FEF9E9AEF80FABE610C1FD0E01F7BA
S3150202D500D7E9FF81EBF402FAEFF200A1EAEA090196
S3150202D510BFB70203F60507EEDF810103FB01FAF547
S3150202D520DCB7040C01FFE7190F0100F81BEEC581F7
S3150202D530FF02E1FA1AE2F5060B02DDEED6E312006B
S3150202D5401C18B6F701BC0D36F6FBEAFEE1DCF60064
S3150202D550B3D1FCF77F06F6E3029E0C000302F6FC49
S3150202D560FFF7F507FB01D6F903EAE904EAFD81F5BD
S3150202D570F90881E1CB8EFE06F902E4D00ED6EE035D
S3150202D580D3F7F5F405F239FE8FFFFFFFCCFEFFFF5C
S3150202D59015E6FFFFE6F6FFFF21CAFFFF0CF9FFFFC2
S3150202D5A093E8FFFF7AEBFFFFD3D322E3EA1712EAED
S3150202D5B0FFFE0208F0F2B00009070502FB1A14F593
S3150202D5C0F602DA8121000CEC060E09081D0006811C
S3150202D5D0DEF50DFFFAF8060402040CF40905EFE77C
S3150202D5E004FF0907F00E0AF70637120D09F509FEBE
S3150202D5F000FCF30201FE6D05BB08F3291604FC01C9
S3150202D600E8EB0A7F26D5F2EAFB060B090F0104F1C3
S3150202D61030192A0FECEFFD05E70A09F3FD2527AEBD
S3150202D620CC3B09E3162500DFD81340CF061517DADD
S3150202D630D4272AF9EFFAEEE9811960F8A10B101242
S3150202D640FB0710FD7EDB567281C9A402F21811276E
S3150202D650277E110B58A193B8FC341DFFEBDA7A1E12
S3150202D6608829F101DF202D16E5C117C811D4FA1453
S3150202D670F1F9131900F9F8087FE407FCFEFDF60F2B
S3150202D6800009F6F4F320E8E4F0021B1AF30A020296
S3150202D69001EFF14712E7DA190BD1F504091410FF6B
S3150202D6A03D25E8E5FFE6D4E80BF811FD527FD6C325
S3150202D6B0E919FCE307FB1B0EF9FD20FE4B03A6DF6D
S3150202D6C01306E11020052548506AD0CEC0D8D203EF
S3150202D6D02727F8F74C1B7FCFCCD3D8D2F02510F8E8
S3150202D6E0FFFFFFFF80FFFFFF0100000001000000B5
S3150202D6F0010000000000000001000000010000001D
S3150202D70080FFFFFF7F0000009660A443B92C9B4C6A
S3150202D71093DFB67D092C497C21291E42BBB7656C73
S3150202D720F1C5CD6267537049FAFFFFFFFBFFFFFFA8
S3150202D730F9FFFFFFF9FFFFFFF9FFFFFFFAFFFFFF06
S3150202D740F9FFFFFFF9FFFFFF0100000001000000E1
S3150202D750320000000D000000080000000100000077
S3150202D760030000000D00000001000000010000009D
S3150202D7700100000008000000010000000100000094
S3150202D7803200000008000000010000000200000052
S3150202D790000000000000000080FFFFFF7F00000083
S3150202D7A00100000032000000010000000800000033
S3150202D7B0010000000200000001000000010000005A
S3150202D7C0010000001900000001000000080000002C
S3150202D7D08000000080FFFFFF010000000100000040
S3150202D7E0010000000000000001000000010000002C
S3150202D7F080FFFFFF7F000000727AE7580E36DB4693
S3150202D80078A6AC7565BE3156AC3C434A2F541A4AC9
S3150202D81050BB5344EEB03E7FC4920C5DEE8BD57F75
S3150202D820410D914F902C394E327AC855B1BDD574FD
S3150202D830D242CB56F971B575FCFFFFFFFCFFFFFF23
S3150202D840FAFFFFFFFCFFFFFFFAFFFFFFFBFFFFFFEF
S3150202D850FBFFFFFFFAFFFFFFFBFFFFFFFBFFFFFFDF
S3150202D860FBFFFFFFFCFFFFFFFBFFFFFFF9FFFFFFCF
S3150202D870FCFFFFFFFAFFFFFF0100000001000000AC
S3150202D880190000000800000010000000010000005C
S3150202D8900300000008000000010000000100000071
S3150202D8A0010000001000000001000000010000005B
S3150202D8B0190000001000000001000000190000001B
S3150202D8C00100000010000000010000000D0000002F
S3150202D8D001000000100000008000000000000000AD
S3150202D8E04400000080FFFFFF7F00000001000000ED
S3150202D8F001000000D000000001000000D00000007C
S3150202D9000100000001000000050000000100000005
S3150202D91001000000010000000500000028D90202F1
S3150202D920FCD9020200000000010000000000803B58
S3150202D93044D902023CD902020000000001000000A2
S3150202D9403D000000010000003B2C6A3E020000007E
S3150202D95001000000050000000200000001000000B4
S3150202D960D000000004000000010000000D000000CB
S3150202D9700100000010000000040000000100000087
S3150202D98019000000010000001000000098D90202EE
S3150202D990FCD902020000000001000000AD8C1B3D12
S3150202D9A0040000000100000001000000190000004E
S3150202D9B01000000004000000010000000100000047
S3150202D9C01900000008000000040000000100000027
S3150202D9D01900000001000000080000000400000017
S3150202D9E001000000320000000100000008000000F1
S3150202D9F004DA0202FCD90202000000000100000061
S3150202DA0080FFFFFF010000007E2A663D040000003F
S3150202DA1001000000010000003200000008000000C0
S3150202DA2004000000010000000100000032000000B4
S3150202DA300D00000040DA0202C4DB0202000000000E
S3150202DA4008000000D8EB113C48349C3C64B0D13B40
S3150202DA5063692B3C0450E93BF92C533CA5C6C43BF3
S3150202DA609C84BC3B04000000080000000100000088
S3150202DA70030000000D00000000000000000000008C
S3150202DA8081DB4BF20711EF06F50E04FAF8E982ED95
S3150202DA90041B030AFC26F3F3092310FF00EF0CEF23
S3150202DAA00F18F60810EFFA81CD011408FAF8FD05EF
S3150202DAB00AFCFF00F41600E9FB0D0C02F5F50A0456
S3150202DAC00F4A050704FFFCF50406FFF8010273E993
S3150202DAD01B45D721FCFDF016FC05E44FEC0F1FE9AE
S3150202DAE0E3E3F10D0E09ECE87F25E429CBCDD41C44
S3150202DAF0351BEEE60CE816CE1111D8F22226F4EB0D
S3150202DB00F10D0ADEF50403F0F1002200F9EBF27FD1
S3150202DB10B0FD1302F4FE030708FBF602BAB2B5F829
S3150202DB205EFFD63622F70AFBFD1FE6293CE8AFE185
S3150202DB30130720011220C2042A6381A9DABF07F958
S3150202DB40212910E9DFE5F119100100010702FCFDA6
S3150202DB501206E5FAFD0F04FAFAFFFBF3F87F16F155
S3150202DB60F5F1011809F4F60807F5F1412819C92356
S3150202DB700CD3D8F70917F2234F3CEBDA03F7DCEAA8
S3150202DB80F70625112F7FFBCADFFA00D4170D2312DF
S3150202DB900A8115455F18B6C5E6D9E51A27ED53F28D
S3150202DBA0462F13F5ECF2C8C028F919A87914670AA8
S3150202DBB0C5C1E7DDF5F3E6F1E8DB0202C4DB0202E8
S3150202DBC00000000008000000000000000000000043
S3150202DBD0000000000000000000000000000000003B
S3150202DBE0000000000000000008000000B2E7FD3954
S3150202DBF016E6873A516EB6391E21153ACBFBCA3959
S3150202DC006DB9373A4C32AB391203A439010000001E
S3150202DC1008000000000000000000000000000000F2
S3150202DC20720A00007E020000B4E1FFFFC8FAFFFF9B
S3150202DC3053F2FFFF29F2FFFF2BE8FFFF48FFFFFF28
S3150202DC404CDC02023CDE0202000000001000000070
S3150202DC508A198A3C8753763CE0FFA33C4C95A93C41
S3150202DC6081C0173C1394B53CB987393CA1E57A3C8D
S3150202DC704DDF633C9785563CBCA3963C69A31B3C8D
S3150202DC80D990893CACA6523C75EE033CAB46083CA5
S3150202DC900400000010000000010000000300000062
S3150202DCA00800000000000000000000000000000062
S3150202DCB0ECDB0412D701F9D0E3C9F3EF810300903A
S3150202DCC0E4EEE5ECA1001FE5FC07F0DD0FBC030F55
S3150202DCD0E5F6F6EC09D4050481F03103FBF80000FF
S3150202DCE091A2EE00DD0800C1A589FAFFFDFB01DE65
S3150202DCF0B481130516FAF119D481FA010611F2E179
S3150202DD00DFBA02060BF9D90AE8E40AF613A3F00906
S3150202DD101417EA00C80DF4E4DE02EC00970B05853F
S3150202DD2081CE4003E30608A202FF81F7FE8FDD01E0
S3150202DD300303CFF605EEEF05F700FCFEFB2CF2F528
S3150202DD40838135F3D11B08E4D5A4F0FFD4FB06E3A5
S3150202DD5010DDF002CDDDF0CCDEF407E8CF0D03E5EF
S3150202DD60F1EA068FDD000FF7FFFCF281FDD70D0601
S3150202DD7004FA290417E4FE10E5F0FB12F1FEE5E2CD
S3150202DD80E681F20EEF13E7D0A9CFF20C17EFF0F805
S3150202DD9081AFF505F5F3F5F2DCDAEAFAFF2BFA2F93
S3150202DDA0B9E0F6D1EB0409F8EBEBECDAE9DBFE00BB
S3150202DDB0F4E9E3E8FB810113FB24F72EF10BDEEF14
S3150202DDC0F7F4F7ECFDC6BFFDFEF781051285CE021A
S3150202DDD0E1810502FB0DF8D9EAE4ED01E9EEE4B8C8
S3150202DDE018ECAF0A02D69BE3FD0281CDF887E5FF66
S3150202DDF00000DEB80CC4F106F7FAF9A606E741FA04
S3150202DE00B783F8EE9E0F0181D4AB16141B0097D28C
S3150202DE100ADD172D14CDB40B120D9495F6BA2B0703
S3150202DE20E600E281F3F40302A4F71304BA1A37E511
S3150202DE3080DE02023CDE0202000000001000000048
S3150202DE4000000000000000000000000000000000C8
S3150202DE5000000000000000000000000000000000B8
S3150202DE6000000000000000000000000000000000A8
S3150202DE700000000000000000000000000000000098
S3150202DE8010000000BC53783AEE775D3A1C73933A5F
S3150202DE904878983A2470083A2D41A33ABCCE263ADB
S3150202DEA0F493613A72E04C3AA1DF403A1C70873A27
S3150202DEB0A6EE0B3AF15D773AB6643D3A463CED3947
S3150202DEC0390CF539010000001000000000000000C4
S3150202DED094000000C5FBFFFF7BFFFFFFB3FDFFFFC0
S3150202DEE007F8FFFF48FEFFFF16FFFFFFD9020000F9
S3150202DEF094FAFFFF460200004403000022FDFFFFE0
S3150202DF00F6000000ACFBFFFFE3FCFFFF60F9FFFF38
S3150202DF101CDF02024CE302020000000001000000C4
S3150202DF202D508D3C0200000005000000D0000000CA
S3150202DF30EE07F9FEE90201FA16F50D03FDF607E50B
S3150202DF401501D0FEF4FCF2FB0F03F8F702EFF2C959
S3150202DF501A01F0FC01F8FA171B070302FCEBF9DAC5
S3150202DF601304FFF7F4F4FE101B101208E6EAF4D9C2
S3150202DF701D000AFCEFF1FF14160E19FDDDE9F6E2A9
S3150202DF801D0704F4F5F5FE0B1D141DEEE6F4F1EB86
S3150202DF90210A12F6ECF8FE12150F1FFDEDE4F1E866
S3150202DFA01B070E07F100FE1511191BEFE7F5F3DE4B
S3150202DFB01A0B01F6F6FEFF141D131BF4E5F6F4E046
S3150202DFC01B0611FAE5F3F91C0E131AF4EFFFF0F32E
S3150202DFD016FE16FBEE01F50C11121EDCFB00DEF13B
S3150202DFE0120BF8F7F40A0B0F0A0B1CE4F3EBECF82C
S3150202DFF012FB00FD0612010C0AEF0A040714F402D0
S3150202E000FC11F308D9F0FD07060404FB0510EA0F1A
S3150202E010EB10FD05E1F60504FFFBF9FBFB0D000B18
S3150202E020E912F6EEEEEC16F90B0BF2FB12140704EA
S3150202E030ED1AF5F2ECFF05EE0CFBF1FC1B100A07DA
S3150202E040E312E8F7FBF112F80703DE0D280F0912B5
S3150202E050E80EE6F3F4F60AF50EFBE3FE220D070DD1
S3150202E060F110F3F3F5F614E90CF4E20714140913AA
S3150202E070F217E6F3F7F711F403FFEB0A1F08020998
S3150202E080F70BF8EFEFEF08EC04ECEA0A1A10040AAF
S3150202E090FA0FF1F6FAFC12EF03F0E6060705060C92
S3150202E0A0F608F3F2FBF20AE90AF6FB07060A0BFD89
S3150202E0B0FD0CE9FCF6F008F602F9F810080E060E57
S3150202E0C0FF09D3F0F70601FBFFF6EC0304F610078D
S3150202E0D0E4BFFCF6ED0713FC110BFE13FCCAFBC8E8
S3150202E0E0DEDEEA02F919DDF1F8FB0A0BD9D8F0F203
S3150202E0F0ADB9D2FBF605F9DCEAF4F20ED2DBF7B4DD
S3150202E100E6C3BAE0D813D9CAD2EBE01AEAF3DDC6FD
S3150202E110B3C699BCEC1AADDCDED9F615EDDBD1BC81
S3150202E1209EC4D2D3E715C9ACE4C8BD0FEFEECCCD7F
S3150202E130ABDAD1F1EE06BEC3CFF8F315FBEDCDDEB7
S3150202E140ADC7B5F0EB0CCEBFE8E1E919E0C9E6F4DA
S3150202E15081D6D6DBEB1FC0B2D7E3D114C9F9D6D02A
S3150202E160BFDCD4F9EB0AEECBDDFFD715E4F4F7E315
S3150202E1709EE798D3F6FDC0C2DEE4DE14E9EEDFF4D2
S3150202E180D8DAD7E6E5FFDDE2E2F7D125E0E2F4D31B
S3150202E190E6E7C7C7E19D97ABE70EFC0FE9B6E7C014
S3150202E1A00C00F2F3F80BF903EFFDF1FE0310EB1884
S3150202E1B0FFFF260F0AF2CFF6E8FD0303070B030F52
S3150202E1C0F4FE2B160BF6DCE4F10CF3F2F3111A0B46
S3150202E1D0E10421210300DBF1FA0BEFFEEE0F130D30
S3150202E1E0DFFC1C1C03FCE2F4F70CE1F0E51414104C
S3150202E1F0F0002215FDF1E400FF0EF3F8F60C110F02
S3150202E200E700191907F7E5F7F60DE506FA0A1811F6
S3150202E210D6FD1D1F03FAE9EF000BE5FBF00E1711FF
S3150202E220E9FB171B04FBEBE7FB0DE60A000F1012D4
S3150202E230EEFB1C130903E4F0F60EEFFFF30C161ABB
S3150202E240EBF1100D0D02EEE7F005E300FF0A190BE2
S3150202E250DF07090F09FEE6EEFB06DE0301031311D1
S3150202E260EAF43019FA0AF50300F5E4FDE30314FEB3
S3150202E27010FAFB08160EFFEAEF04F603FEFC05EEA1
S3150202E28009EEF6ED170F1A1CF0020BFEFFE3F7F288
S3150202E29001F1F5FA14081019F0EF18FDF8DEFBF099
S3150202E2A004F0E5F112151219E8E509FF03EDF2F1A0
S3150202E2B00DE5F6FA17130C16F2E600F6F8E0EDF89B
S3150202E2C00CE2DEF81B0F0A16F2EC0AF205EAF4F683
S3150202E2D00EECEA0210100A13E2F30AFDFEF3F2F260
S3150202E2E00AF5F3000A16171BEFEC05F6FFF2EFF634
S3150202E2F00DF8F4FC130C1018F8F0090102F7F3F802
S3150202E30006F3F5ED15091A17EAF601F2FFEAF0F637
S3150202E3100FF0FCF70D0C1508ECEAF5F302F0EDF13D
S3150202E320F7F8FBF903091408F2F7FCF7FCF7F0FD1C
S3150202E3300C13F505011CFE03E9070EEF01FDE8F8D1
S3150202E34054E302024CE30202000000000100000054
S3150202E350000000000100000065BA2B3A010000002D
S3150202E360050000000000000000000000000000009E
S3150202E370FEFAFFFFD9FFFFFF5A090000F5FBFFFF76
S3150202E3802C04000001000000020000000000000050
S3150202E390FFFFFFFFD00000000000000000000000A7
S3150202E3A00100000019000000010000001000000038
S3150202E3B00100000001000000190000000800000030
S3150202E3C00100000032000000010000000800000007
S3150202E3D0010000000400000000000000000000002E
S3150202E3E00100000001000000320000000D000000E2
S3150202E3F004E40202FCE30202000000000100000043
S3150202E4000100000001000000C8B85E3D02000000E3
S3150202E410010000008A020000030000000100000061
S3150202E4200000000000000000DD14010200000000EE
S3150202E4307803002203000000030000008523010284
S3150202E440800300220000000050E4020201000000E4
S3150202E4500200000000000000010000008D0201021D
S3150202E46079030102B5030102B50201021103010297
S3150202E470000000000000005F000000070007001411
S3150202E4807F147F14242A7F2A1223130864623649D0
S3150202E4905522500005030000001C224100004122C1
S3150202E4A01C0014083E081408083E080800503000F2
S3150202E4B0000808080808006060000020100804022C
S3150202E4C03E5149453E00427F400042615149462142
S3150202E4D041454B311814127F1027454545393C4AAE
S3150202E4E049493001710905033649494936064949FE
S3150202E4F0291E003636000000563600000814224154
S3150202E50000141414141400412214080201510906BB
S3150202E510324979413E7E1111117E7F494949363E81
S3150202E520414141227F4141221C7F494949417F099A
S3150202E5300909013E4149497A7F0808087F00417F5D
S3150202E54041002040413F017F081422417F40404062
S3150202E550407F020C027F7F0408107F3E4141413E0A
S3150202E5607F090909063E4151215E7F09192946465C
S3150202E5704949493101017F01013F4040403F1F2085
S3150202E58040201F3F4038403F631408146307087057
S3150202E59008076151494543007F41410002040816BA
S3150202E5A0200041417F0004020102044040404040F3
S3150202E5B0000102040020545454787F4844443838F7
S3150202E5C044444420384444487F3854545418087EFC
S3150202E5D00901020C5252523E7F0804047800447D1D
S3150202E5E040002040447D007F1028440000417F40C5
S3150202E5F0007C041804787C080404783844444438BD
S3150202E6007C14141408081414187C7C0804040848A0
S3150202E61054545420043F4440203C4040207C1C2059
S3150202E62040201C3C4030403C44281028440C5050A8
S3150202E630503C4464544C44000836410000007F00BA
S3150202E64000004136080010080810080000000068A1
S3150202E65000C0126800802568000000000000F03F3A
S3150202E660748515D3B0D9EF3F0F89F96C58B5EF3FD0
S3150202E670515B12D00193EF3F7B517D3CB872EF3F63
S3150202E680AAB968318754EF3F3862756E7A38EF3F1E
S3150202E690E1DE1FF59D1EEF3F15B7310AFE06EF3F7B
S3150202E6A0CBA93A37A7F1EE3F2234124CA6DEEE3F51
S3150202E6B02D89616008CEEE3F272A36D5DABFEE3FB4
S3150202E6C0824F9D562BB4EE3F295448DD07ABEE3FEF
S3150202E6D085553AB07EA4EE3FCD3B7F669EA0EE3FC5
S3150202E6E0745FECE8759FEE3F8701EB7314A1EE3F70
S3150202E6F013CE4C9989A5EE3FDBA02A42E5ACEE3F4A
S3150202E700E5C5CDB037B7EE3F90F0A38291C4EE3F96
S3150202E7105D253EB203D5EE3FADD35A999FE8EE3F51
S3150202E720475EFBF276FFEE3F9C5285DD9B19EF3F79
S3150202E7306990EFDC2037EF3F87A4FBDC1858EF3FE6
S3150202E7405F9B7B33977CEF3FDA90A4A2AFA4EF3FA5
S3150202E75040456E5B76D0EF3F000000000000E842C3
S3150202E7609423914BF86AAC3FF3C4FA50CEBFCE3F24
S3150202E770D6520CFF422EE63F00000000000038434C
S3150202E780FE822B65471547409423914BF86ABC3E9D
S3150202E790F3C4FA50CEBF2E3FD6520CFF422E963FFC
S3150202E7A0A2000000F9A2000083F9A2006E83F9A278
S3150202E7B04E6E83F9444E6E8315444E6E2915444EAF
S3150202E7C0FC29154427FC29155727FC29D15727FC72
S3150202E7D0F5D1572734F5D157DD34F5D1C0DD34F5FD
S3150202E7E0DBC0DD3462DBC0DD9562DBC0999562DB9C
S3150202E7F03C999562433C999590433C994190433C9E
S3150202E800000000000000F03F000000000000F0BF20
S3150202E810000000000000F0BF000000000000F03F10
S3150202E82083C8C96D305F6441182D4454FB21F93FF8
S3150202E830000000000000F03F1C620CFDFFFFDFBF7C
S3150202E840198F06E15355A53F9D359AE887C056BFF3
S3150202E850C3F87B024393F93E03A695595455C5BFA5
S3150202E860C40B23057610813F24CF7437EB9429BF5C
S3150202E870000000000000F03F000000000000F0BFB0
S3150202E880000000000000F0BF000000000000F03FA0
S3150202E89083C8C96D305F6441182D4454FB21F93F88
S3150202E8A0000000000000F0BF1C620CFDFFFFDF3F0C
S3150202E8B0198F06E15355A5BF9D359AE887C0563F83
S3150202E8C0C3F87B024393F9BE03A695595455C5BFB5
S3150202E8D0C40B23057610813F24CF7437EB9429BFEC
S3150202E8E0232D302B2000686C4C006566674546472F
S3150202E8F000303132333435363738394142434445B2
S3150202E9004600303132333435363738396162636420
S3150202E910656600004275696C7420776974682052D4
S3150202E920656E6573617320416476616E6365642008
S3150202E930466C657869626C6520536F66747761729C
S3150202E94065205061636B6167652076657273696FD4
S3150202E9506E20362E342E3000362E342E3000000033
S3090202E960000004069F
S3090202E964F8B500BF39
S3090202E968F8B500BF35
S3110202E96C4D050002E50301029D4B01026B
S3090202E9782505000265
S30D0202E97C186CFE7F0100000087
S30902C9F040FFFFFFFFFF
S30902C9F044EFFFFFFF0B
S30902C9F0C0FFFFFFFD81
S30902C9F0C4FFFFFFFF7B
S30902C9F120000000001A
S30902C9F1240000000016
S70502009969F6
