S017000074726F6E5F6932635F6465746563742E7372656315
S31502000000A00704225D910002358F00025991000279
S315020000105991000259910002599100025991000228
S3150200002000000000000000000000000059910002DC
S3150200003059910002000000005991000259910002F4
S31502000040E97700027D790002A17A0002857B00022F
S31502000050FD830002CD850002257200027D72000238
S309020000607586000297
S31502000064010100000000000001030000692C0102E6
S3150200007409000000008000000000000000000000EB
S3150200008401030000B9CF00020A000000008000004C
S31502000094000000000000000069646C6500000000B6
S315020000A40000000000000000000000000000000044
S315020000B40000000000000000000000000000000034
S315020000C47000002200000000000000000000000092
S315020000D4C03404222F0000000400000003000000C4
S315020000E40000803F01000000309101020000404000
S315020000F406000000C8900102100000000300000080
S31502000104CDCCCC3D38910102010100000100000072
S315020001144C8D010200000000DB50B935DBE399B5D2
S3150200012475C15A3942E53AB99182883C09CB75BC04
S31502000134FC357A3FE52771BF497376314973F63147
S31502000144497376310000803F0B06E9BF39B3543F49
S315020001540000803F000000400000803F0000803F16
S315020001640D1BEABF14F65A3F0000803F0000004010
S315020001740000803F0000803F9A05EDBFC2C9663F7A
S315020001840000803F000000400000803F0000803FE6
S31502000194CFC1F2BF87E4763F26A3AB3AD1482EBA43
S315020001A4482D9E3C972F33BC0F1C183E1640D1BDDA
S315020001B44D37533F0A7439BFBBF51138BBF5913835
S315020001C4BBF511380000803F395DB5BF8F3C053F52
S315020001D40000803F000000400000803F0000803F96
S315020001E484C9AABFCD39183F0000803F00000040F1
S315020001F40000803F0000803F246C9EBFB9D6393F81
S315020002040000803F000000400000803F0000803F65
S315020002143FEA9BBFAB16663F0B050C0500000000C8
S3150200022403000000683C04224300000000000000B2
S3150200023400000000000000000000000000000000B2
S31502000244000000000000000043000000000000005F
S315020002540000000000000000000000000000000092
S31502000264000000000000000043000000000000003F
S315020002740000000000000000000000000000000072
S31502000284000000000000000043000000000000001F
S315020002940000000000000000000000000000000052
S315020002A400000000000000004300000000000000FF
S315020002B40000000000000000000000000000000032
S315020002C400000000000000004300000000000000DF
S315020002D40000000000000000000000000000000012
S315020002E400000000000000004300000000000000BF
S315020002F400000000000000000000000000000000F2
S3150200030400000000000000006B690102DF5F0102C9
S3150200031400000000E0C3010260C101025EC20102E4
S315020003245EC201025EC201025EC201025EC2010235
S315020003345EC201025EC201025EC201025EC2010225
S31502000344FFFFFFFFFFFFFFFFFFFFFFFFFFFF0000AF
S315020003540100415343494900000000000000000027
S315020003640000000000000000000000000000000081
S315020003740000415343494900000000000000000008
S315020003840000000000000000000000000000000061
S31502000394000000003803002200000000683C04222A
S315020003A4D03C0422383D0422000000000000000074
S315020003B40000000000000000000000000000000031
S315020003C40000000000000000000000000000000021
S315020003D40000000000000000000000000000000011
S309020003E4000000000D
S315020003F00348044B834202D0034B03B118477047AC
S31502000400840300228403002200000000064B0749F1
S31502000410C91A891048BF0131491003D0044B0BB1E8
S3150200042001481847704700BF840300228403002254
S315020004300000000010B5064C237843B9FFF7D8FF39
S31502000440044B13B10448AFF300800123237010BD9F
S31502000450B02B04220000000028F1C90208B5054BA2
S315020004601BB105490548AFF30080BDE80840FFF718
S31502000470CDBF00BF00000000B42B042228F1C90240
S3150200048009F022B9022800D0704708B54FF47A71F4
S31502000490C82008F00BFD0449044807F007F8BDE838
S315020004A00840012008F0F0BDF07A0102CC2B0422AC
S315020004B008B5FFF7E5FF002008BD00BF2DE9F04FA4
S315020004C085B0BDF93860BDF93CC056B3BCF1000F2A
S315020004D027DD98460023A2F1100722F00F0B914662
S315020004E01A463744A8F110066644BFB2B6B207F1FF
S315020004F00F0E2EF00F0E06F10F0C2CF00F0C28F03B
S315020005000F0A6BF30F036EF30F020D466AF31F43D6
S315020005106CF31F4202A904460293039206F07CFA88
S3150200052018B9002005B0BDE8F08F2046294605F02F
S3150200053083FA95F8D5303FB2980736B233D4D90745
S3150200054000F14A8100232946204602AA009302F0BE
S3150200055013FD064600232946204602AA04F03CFE65
S315020005600023294602AA204605F0FCFF0022D4F801
S31502000570B83103F10801C4F8B811C3E90026D4F86A
S31502000580BC31013B9342C4F8BC3103DC2046D4F8AB
S31502000590C03198472046002202A905F00BFD012032
S315020005A005B0BDE8F08FDA0700F1168149EA0703C4
S315020005B048EA06021B0702F00F0200F0C982BDF9E3
S315020005C00830D4F8B811A3EB09031B0303F58033F3
S315020005D001F10800C4F8B8014B6004230B60D4F89B
S315020005E0BC31013BC4F8BC31002A00F00582002B65
S315020005F003DC2046D4F8C03198470A214FF48032F2
S31502000600D4F8B83103F10800C4F8B801C3E90012FE
S31502000610D4F8BC31013B002BC4F8BC3103DC2046C4
S31502000620D4F8C031984700221021D4F8B83103F12A
S315020006300800C4F8B801C3E90012D4F8BC31013B82
S315020006409342C4F8BC3103DC2046D4F8C031984743
S315020006500521BDF90830D4F8B821FF1A3B0303F58A
S31502000660803302F10800C4F8B801C2E90013D4F8D5
S31502000670BC31013B002BC4F8BC3103DC2046D4F864
S31502000680C03198470B22D4F8B831DA4903F1080091
S31502000690C4F8B801C3E90021D4F8BC31013B002BF0
S315020006A0C4F8BC3103DC2046D4F8C0319847002296
S315020006B01121D4F8B83103F10800C4F8B801C3E92E
S315020006C00012D4F8BC31013B9342C4F8BC3103DCBE
S315020006D02046D4F8C03198470621BDF90A30D4F82D
S315020006E0B821A3EB08031B0303F5803302F10800CC
S315020006F0C4F8B801C2E90013D4F8BC31013B002B9F
S31502000700C4F8BC3103DC2046D4F8C0319847D4F88B
S31502000710B831002103F10802C4F8B8210C22C3E95A
S315020007200021D4F8BC31013B8B42C4F8BC3103DC56
S315020007302046D4F8C0319847D4F8B8314FF4803106
S3150200074003F10802C4F8B8211222C3E90021D4F841
S31502000750BC31013B002BC4F8BC3103DC2046D4F883
S31502000760C03198470721BDF90A30D4F8B821F61AE4
S31502000770330303F5803302F10800C4F8B801C2E975
S315020007800013D4F8BC31013B002BC4F8BC3103DCA6
S315020007902046D4F8C031984700220D21D4F8B8314A
S315020007A003F10800C4F8B801C3E90012D4F8BC3159
S315020007B0013B9342C4F8BC3103DC2046D4F8C03175
S315020007C098471322D4F8B83103F10801C4F8B811D6
S315020007D08849C3E90021F7E00421BDF90830D5F8BC
S315020007E01021A3EB090302FB03F302EB1312D4F865
S315020007F0B83103F10800C4F8B801C3E90012D4F80D
S31502000800BC31013B002BC4F8BC3140F37E810A2285
S31502000810D4F8B831D5F8101103F10800C4F8B801BC
S31502000820C3E90021D4F8BC31013B002BC4F8BC312A
S3150200083040F3898100221021D4F8B83103F108006F
S31502000840C4F8B801C3E90012D4F8BC31013B9342A3
S31502000850C4F8BC3140F372810521BDF90830D5F8E0
S315020008601021FB1A02FB03F302EB1312D4F8B83180
S3150200087003F10800C4F8B801C3E90012D4F8BC3188
S31502000880013B002BC4F8BC3140F353810B21D5F850
S3150200089010315A42D4F8B83103F10800C4F8B8014D
S315020008A0C3E90012D4F8BC31013B002BC4F8BC31B9
S315020008B040F33A8100221121D4F8B83103F108003D
S315020008C0C4F8B801C3E90012D4F8BC31013B934223
S315020008D0C4F8BC3140F30F810621BDF90A30D5F8C0
S315020008E01021A3EB080302FB03F302EB1312D4F865
S315020008F0B83103F10800C4F8B801C3E90012D4F80C
S31502000900BC31013B002BC4F8BC3140F3EF80D4F874
S31502000910B831002103F10802C4F8B8210C22C3E958
S315020009200021D4F8BC31013B8B42C4F8BC3140F300
S31502000930E7801222D4F8B831D5F8101103F1080075
S31502000940C4F8B801C3E90021D4F8BC31013B002B3D
S31502000950C4F8BC3140F3C580BDF90A30D5F8102180
S31502000960F31A02FB03F302EB13120723D4F8B811AE
S3150200097001F10800C4F8B801C1E90032D4F8BC316B
S31502000980013B002BC4F8BC3140F3C98000220D2183
S31502000990D4F8B83103F10800C4F8B801C3E900126B
S315020009A0D4F8BC31013B9342C4F8BC3140F3B28067
S315020009B0D4F8B831D5F8102103F10801C4F8B811FA
S315020009C013215242C3E90012D4F8BC31013B002B79
S315020009D0C4F8BC3103DC2046D4F8C03198470F2650
S315020009E0042300962946204602AA02F0C5FA0646C4
S315020009F0B0E500BF0000FFFF002B03DC2046D4F861
S31502000A00C0319847D4F8B8314FF4803103F1080267
S31502000A10C4F8B8210A22C3E90021D4F8BC31013B4B
S31502000A20002BC4F8BC3103DC2046D4F8C031984709
S31502000A30D4F8B831002103F10802C4F8B821102213
S31502000A40C3E90021D4F8BC31013B8B42C4F8BC3166
S31502000A5003DC2046D4F8C03198470521BDF9083099
S31502000A60D4F8B821FB1A1B0303F5803302F1080000
S31502000A70C4F8B801C2E90013D4F8BC31013B002B1B
S31502000A80C4F8BC3103DC2046D4F8C03198470B22A7
S31502000A90D4F8B83103F10801C4F8B8117449C3E9AE
S31502000AA00021D4F8BC31013B002BC4F8BC3103DC75
S31502000AB02046D4F8C031984700221121D4F8B83123
S31502000AC003F10800C4F8B801C3E90012D4F8BC3136
S31502000AD0013B9342C4F8BC3140F3C480032602238F
S31502000AE07FE72046D4F8C031984735E72046D4F848
S31502000AF0C03198470BE72046D4F8C0319847EBE659
S31502000B002046D4F8C031984713E72046D4F8C031BE
S31502000B1098477CE62046D4F8C031984748E72046F5
S31502000B20D4F8C031984731E72046D4F8C031984707
S31502000B30C0E62046D4F8C0319847A7E62046D4F846
S31502000B40C031984788E62046D4F8C031984771E606
S31502000B50002A3FF4F7AC0421BDF90A30D4F8B821D3
S31502000B60A3EB08031B0303F5803302F10800C4F864
S31502000B70B801C2E90013D4F8BC31013B002BC4F81A
S31502000B80BC3103DC2046D4F8C0319847D4F8B831DA
S31502000B90002103F10802C4F8B8210A22C3E90021A0
S31502000BA0D4F8BC31013B8B42C4F8BC3103DC20468D
S31502000BB0D4F8C0319847D4F8B8314FF4803103F1F4
S31502000BC00802C4F8B8211022C3E90021D4F8BC31C6
S31502000BD0013B002BC4F8BC3103DC2046D4F8C031FB
S31502000BE098470521BDF90A30D4F8B821F31A1B0338
S31502000BF003F5803302F10800C4F8B801C2E9001314
S31502000C00D4F8BC31013B002BC4F8BC3103DC2046CE
S31502000C10D4F8C031984700220B21D4F8B83103F139
S31502000C200800C4F8B801C3E90012D4F8BC31013B8C
S31502000C309342C4F8BC3103DC2046D4F8C03198474D
S31502000C401122D4F8B83103F10801C4F8B8110849E1
S31502000C50C3E90021D4F8BC31013B002BC4F8BC31F6
S31502000C603FF73CAF2046D4F8C031984736E700BF7D
S31502000C700000FFFF30B594468E461C4683B0BDF990
S31502000C801850816A72466346CDE90045FFF716FCA5
S31502000C90002003B030BD00BF10B582B0BDF91040D0
S31502000CA000930194B0F86EE0B0F87030134401EB93
S31502000CB00E021BB2C16A12B2FFF700FC002002B09C
S31502000CC010BD00BF2DE9F04FB0F96C4091B0002C79
S31502000CD0BDF968C044DD102C0F4606469846C16A27
S31502000CE00BD091F8D730012B3ED1B1F9D830A342BF
S31502000CF03ADD91F8D530DB0736D41FFA8CFA95B275
S31502000D00A2B2AB1AB8B20AEB420B0FFA83F90FFA88
S31502000D108BFB821A4B46079012B230460094CDF8EE
S31502000D2004B0FFF7CBFBCDE900844B463A46F16AA5
S31502000D303046FFF7C3FB0798CDF804B000EB080274
S31502000D4000944B46F16A12B230465544FFF7B6FBA1
S31502000D50F16A3A463046CDE900842BB2FFF7AEFB84
S31502000D60002011B0BDE8F08FBFB292B2A8F1080818
S31502000D70ACF1080C94440194B844C4F34F04083F00
S31502000D80083A3F1B121BA044644492B2BFB21FFA38
S31502000D9088F8A4B2ADF82220ADF82620ADF820706E
S31502000DA0ADF82C70ADF82480ADF82880ADF82A4055
S31502000DB0ADF82E40002304259DED907E0CAA82ED0F
S31502000DC0807E3046CDE903330295009504F0C8FAD9
S31502000DD0002011B0BDE8F08F2DE9F04105461C4612
S31502000DE00F46904682B0BDF9206020340096FFF788
S31502000DF069FF2036284604F0E1FD36B2A8F1100359
S31502000E00A7F1100224B2A96A1BB212B22846CDE992
S31502000E100046FFF753FB284604F0F4FD002002B01B
S31502000E20BDE8F0812DE9F04104460E4617461D46FF
S31502000E3082B0BDF920800093CDF80480B0F87030FE
S31502000E401344B0F86E201BB20A4412B2C16AFFF70D
S31502000E5035FB204604F0B2FDA16A3B4632462046E7
S31502000E60CDE90058FFF72AFB204604F0CBFD00200F
S31502000E7002B0BDE8F08100BF2DE9F0410446D0F88A
S31502000E807230D0F87620806E82B0C7060D46CDE964
S31502000E900032616C01D403294FDD204601F098F837
S31502000EA01922D4F8B83103F10801C4F8B811C3E91C
S31502000EB00025D4F8BC31013B002BC4F8BC3103DC5D
S31502000EC02046D4F8C03198470022D4F8B83103F14D
S31502000ED00801C4F8B811C3E90022D4F8BC31013BB9
S31502000EE09342C4F8BC3103DC2046D4F8C03198479B
S31502000EF00121636DD4F8B82143F0A07343F4805303
S31502000F0002F10800C4F8B801C2E90013D4F8BC31F2
S31502000F10013B002BC4F8BC3103DC2046D4F8C031B7
S31502000F20984700222046694605F044F8204601F01B
S31502000F304FF8002002B0BDE8F081042797FBF1F7D5
S31502000F40206C90FBF7F107FB11000028A5D1E16B9D
S31502000F508E07A2D1E16C88079FD143F30B100FFADB
S31502000F6083FC002899D1013942F30B10884216B24C
S31502000F7093D1A16C072900F3CB80002910DB072946
S31502000F800ED8DFE801F004D90DC80D0DC2B205F086
S31502000F907F4141EA15612D0E41EA054141EA0525E7
S31502000FA0A6EB0C0820461E14C6EB224601F010F8EA
S31502000FB01922D4F8B8314FEA281803F10801C4F807
S31502000FC0B811C3E90025D4F8BC313611013B002B18
S31502000FD008F1010806F10106C4F8BC3103DC20461B
S31502000FE0D4F8C0319847D4F8B83103F10802C4F8EE
S31502000FF0B8210022C3E90022D4F8BC31013B934256
S31502001000C4F8BC3103DC2046D4F8C0319847D4F882
S31502001010B831624903F10802C4F8B8210122C3E9D2
S315020010200021D4F8BC31013B002BC4F8BC3103DCEF
S315020010302046D4F8C0319847236C1F2193FBF7F35F
S31502001040D4F8B8219BB202F10800C4F8B8011160C5
S315020010505360D4F8BC31013B002BC4F8BC3103DC2D
S315020010602046D4F8C0319847B8FBF7F31E21D4F8CE
S31502001070B82143EA064302F10800C4F8B801C2E9FE
S315020010800013D4F8BC31013B002BC4F8BC3103DC9D
S315020010902046D4F8C0319847636C022B6BD0042BE0
S315020010A057D0012B7FF442AF2020BDF90220BDF9B3
S315020010B00030216C12111B1101FB0233D4F8B82146
S315020010C0E16B02F108051944C4F8B851C2E90001FE
S315020010D0D4F8BC31013B002BC4F8BC313FF726AF34
S315020010E02046D4F8C031984720E705F0F0014FEAD0
S315020010F0152E41EA157128090EF47045294300F4AC
S315020011007060014301EB01454AE74FEA356547E75F
S3150200111041297FF445AF290C280B00F4706001F4D5
S3150200112070410143280A00F0F000C5F3031501439C
S31502001130294301EB014533E7290A680901F478419D
S3150200114000F4FC60C5F3C4050143294301EB0145E4
S3150200115026E7BDF90220BDF90030216C12111B11E0
S3150200116001FB0233D4F8B821E16B202002F1080515
S3150200117001EB8301A8E7BDF90220BDF90030216C1D
S3150200118012111B1101FB0233D4F8B821E16B2020A6
S3150200119002F1080501EB430196E700BF001060016A
S315020011A02DE9F04106464FF4BE7003F093FF044664
S315020011B0002800F096806FF07F424FF07F43466032
S315020011C0C4E902224FF4B05200254FF48031C4E93B
S315020011D05333C4F854314FF0FF3702201023C4F8BA
S315020011E01C214FF47032C4F8101184F8D50027611F
S315020011F0C4F8285184F80E51A382D6F88030C4F878
S315020012003421042284F8E9204FF4002213F0006FFF
S315020012103B4B08BF4FF480039FED356B9FED367B4A
S3150200122040F2011E4FF0400CC4F82C214FF0AA08E0
S315020012300122C4E94F55C4F82031C4F84451706DF7
S3150200124084ED317F034343F4012343F4C063C4E9CD
S315020012504581C4F82431C4F83011C4F8162084F844
S31502001260D420A4F8D6E0C4F8D8C004F11C0084F84F
S315020012700F51C4E93F55A4F80C21C4E94155C4F8FD
S31502001280485101F071FE04F1340001F06DFE04F1E3
S315020012904C0001F069FE04F1640001F065FE04F100
S315020012A07C0001F061FE04F1940001F05DFE04F1A0
S315020012B0AC0001F059FE0C22124B3046C4F8E43061
S315020012C02146C4E93757C4F8387184F8E82005F096
S315020012D031F8F36920462360F46186F8C651BDE809
S315020012E0F081012586F8C6512046BDE8F08100BF8F
S315020012F0AA00000004000000000000001000000028
S31502001300080040200103030303464FF0000C10B40B
S315020013105C6A023122F07F4244F82120596A604613
S3150200132091F80E2142F0010281F80E2183F8C6C11E
S315020013305DF8044B704700BF00B5436A024693F856
S3150200134012C093F80E018C4540F0010E18BF40F012
S31502001350070083F80EE118BF83F80E01987D997491
S31502001360C0074FF0000044BF0906C3F84C1182F8CB
S31502001370C6015DF804FB00BF00B5436A024693F856
S3150200138016C093F80E018C4540F0010E18BF40F0CE
S315020013900700997583F80EE118BF83F80E01C90795
S315020013A058BF4FF07F414FF0000044BF997C0906B9
S315020013B0C3F84C1182F8C6015DF804FB10B4446A06
S315020013C0032994F80E31844643F0010384F80E3162
S315020013D027D81A4B53F82110032A22D8DFE802F045
S315020013E02B04022841F480610022D4F82001D4F8AB
S315020013F02C31C4F81C110343DCF854000343D4F81F
S315020014003C010343D4F840010343D4F844010343A7
S315020014100B43C4F824318CF8C62110465DF8044B00
S31502001420704710228CF8C62110465DF8044B7047AF
S3150200143041F4A051D8E741F48051D5E7FC7F01027F
S3150200144030B4426A034692F8D50059B1002440F0FE
S3150200145002010020C2F8284182F8D51083F8C6019D
S3150200146030BC70474FF480354FF0100C4FF4FC44FB
S3150200147000F0FC01C2F81051A2F814C0E9E700BF5F
S315020014806FF07F43D0F84C11027C90F811C0090A24
S3150200149001FB023201FB0C3390F80E1102F07F427F
S315020014A003F07F4321F00201C0E9542380F80E11B4
S315020014B0704700BF2DE9F04F87B0BDF944E0BDF992
S315020014C0407091F8D5B01FFA8EFCA7EB0C061BF004
S315020014D0010FA3EB0C0C1546DDE9128904461FFA2F
S315020014E086FA1FFA8CF0149A36B20FFA8CFC00F0C8
S315020014F0C680C3F108030393C7F10803049306FBEE
S3150200150006F30CFB0C3303F1FF00002BB8BF0346B6
S31502001510B1F914A0D1F8100166440EEBDE7106EBA8
S315020015206106F117A6FB00764FEAE37B059700FBFF
S3150200153001661F12002A40F0528172464FF078402F
S31502001540D3174FF0FF3112F019FF524650EA0F211E
S31502001550D31712F013FF0BFB00FB07FB01BBA0FB2B
S3150200156007371BEB070702D50F3347F100079A46E9
S31502001570BB46059B019600935AEA2F1BDDE90067DD
S3150200158056EA0F17BAEB06026BEB07061346321E34
S3150200159002DAFF3342F100021E46174600290B46C5
S315020015A056EA2F2705DA40F6FF73C318184641F1AB
S315020015B000039B4682465AEA2F3B039B2A1D03FBE6
S315020015C00AF77F00002F07F10F03B8BF1F46049BDF
S315020015D03F1103FB0AFB4FEA4B0B0BF10F03BBF167
S315020015E0000FB8BF9B46D4F8B8314FEA2B1B03F164
S315020015F00801B9F1000F7CD07642A6EB0806C4F8C2
S31502001600B8111A605E60D4F8BC31013B002BC4F8F5
S31502001610BC3103DC2046D4F8C0319847D4F8B8313F
S315020016207F4203F10802C4F8B8216A1D5F601A609E
S31502001630D4F8BC31013B002BC4F8BC3103DC204694
S31502001640D4F8C0319847D4F8B831CBF1000703F18A
S315020016500802C4F8B82105F11002C3E90027D4F83C
S31502001660BC31013B002BC4F8BC3103DC2046D4F864
S31502001670C0319847D4F8B831CAEBCA7A74E050EA56
S315020016800A0000F09980C3F10801724BC7F10807FE
S3150200169093FBFEFA06FB06F366440CFB0C3C8CFB42
S315020016A00A2C63464FEAEA0A0AFB01F10AFB07FB28
S315020016B04F004FEA4B0B002F52EAEF2307F10F03BD
S315020016C0B8BF1F46BBF1000F0BF10F03B8BF9B4615
S315020016D00EEBDE7E06EB6E06A2EB06363F114FEAF6
S315020016E02B1BD4F8B8312A1D03F10801B9F1000FFA
S315020016F082D14644C4F8B811C3E90026D4F8BC31F5
S31502001700013B002BC4F8BC3103DC2046D4F8C031BF
S315020017109847D4F8B8316A1D03F10801C4F8B81124
S31502001720C3E90027D4F8BC31013B002BC4F8BC3115
S3150200173003DC2046D4F8C0319847D4F8B83103F117
S315020017400802C4F8B82105F11002C3E9002BD4F847
S31502001750BC31013B002BC4F8BC3103DC2046D4F873
S31502001760C0319847D4F8B83103F108014FEA4A0666
S3150200177005F10B02C4F8B811C3E90026D4F8BC314E
S31502001780013B002BC4F8BC3103DC2046D4F8C0313F
S315020017909847D4F8B831113503F10802C4F8B821D4
S315020017A0C3E90056D4F8BC31013B002BC4F8BC3166
S315020017B049DD07B0BDE8F08F274BCEF1080793FB52
S315020017C0FEFA0AFB07F77F00002F07F10F03B8BFE7
S315020017D01F46CEEB4E563F11BB46F60281E7D4F8C2
S315020017E080305B017FF5A9AE4FF0784393FBFEF3A1
S315020017F09B0193FBFAF3039A4FEA231A049902FB1D
S315020018000AF201FB0AFB002A83FB071002F1070317
S31502001810B8BF1A46BBF1000F0BF10703B8BF9B46D0
S3150200182000284FEAE2074FEAEB0B04DA11F10F0345
S31502001830194640F100000A46034652EA2F1305995B
S31502001840A2EB81064DE72046D4F8C03107B0BDE8C9
S31502001850F04F18470000C0FF0000F8FFF8B5064633
S3150200186014200D46B76903F035FC002835D0002355
S315020018708560C360B36E044605EB8505D8074FEA5B
S31502001880850113D5084603F025FC606010B30023DA
S315020018902361B36ED90705D4D6F88430DA0613D499
S315020018A09B0707D4002323602046F8BD304603F089
S315020018B04FFCEAE7A268042102EB82023846920054
S315020018C006F0C0FE2061EDE70146384606F0C4FE8A
S315020018D02061E7E7204603F0FFFB0024E4E700BFB0
S315020018E0F8B5876911B306460C460CE0304603F09C
S315020018F051FC2A691AB1D6F884309B070DD42846C2
S3150200190003F0EAFB94B12546B36E2468DA076968E8
S31502001910ECD5084603F0E0FBEBE73846042106F077
S3150200192095FE284603F0D8FB002CECD1F8BD00BF8B
S3150200193010B583680446186838B100224368C2604D
S3150200194023618368A060E36110BD216A2068FFF706
S3150200195085FF10B1A3681860EFE71522236883F8A4
S31502001960C72110BD2DE9F0414569044682B0002D1C
S315020019703CD0C169AB69002933D10268012BD2F888
S31502001980188040F2978086682F69B268736802EB06
S31502001990820203EB820307EB8207F26800690AB14F
S315020019A01760F160834207D91A1A013A22F003023C
S315020019B08021043213F0A8FED6E90123102603EB98
S315020019C0830329699B004046009606F049FEAB69EF
S315020019D02F61013BAB61204602B0BDE8F041FFF743
S315020019E0A7BF012B23D002B0BDE8F08140F2FF3140
S315020019F00369774A1A6003695D6006698368321D66
S31502001A00DA600369996003F10C02C3690261013B62
S31502001A10C0E90653FFF78CFF236893F9C731002B01
S31502001A207DD1A3685B68736002B0BDE8F081E969A5
S31502001A3002680129D2F8188041D9EE680139A768EF
S31502001A40E9617068002800F0AE80FB68002B55D073
S31502001A5018600023FB60A2692369032A0FD8DFE816
S31502001A6002F05840023340F2FF311A88D96042F040
S31502001A70004242F400021A6003F1100222610021C0
S31502001A801027E369A268013BE361A161D2E9012360
S31502001A9003EB830329699B004046009706F0E0FDAD
S31502001AA07368002B97D0331DEB6072686B692A61ED
S31502001AB0AB6190E7E9690129BFD88CD1012B04BF3C
S31502001AC0152382F8C73186E71A6822F07F4242F070
S31502001AD000421A6040F2FF321A612369143323610D
S31502001AE0CDE740F2FF311A78996042F0802242F443
S31502001AF000021A6003F10C022261C0E72369344A2C
S31502001B001A60236958602369A2680433D360236983
S31502001B10083340F2FF3243F8042B2361AFE723690F
S31502001B20A269A3F10C012161032A11D8DFE802F0B0
S31502001B30162D1E0240F2FF3153F80C2C596022F08A
S31502001B407F4242F0004243F80C2C2369143323618E
S31502001B500022E369013BC4E9062344E740F2FF3170
S31502001B60A3F1080243F80C1C2261F1E7194640F280
S31502001B70FF3033F80C2C42F0004242F4000243F8E4
S31502001B800C2C41F8040B2161E2E740F2FF3113F815
S31502001B900C2C43F8041C42F0802242F4000243F863
S31502001BA00C2C2361D4E7AA68042102EB8202404688
S31502001BB0920006F047FD706000287FF446AF0122CE
S31502001BC0236883F8C721706800283FF444AF3CE7D6
S31502001BD03280808083690269032B0CD8DFE803F028
S31502001BE0100220111146137843F0802343F40003B8
S31502001BF041F8083B01610022C369013BC0E90623A3
S31502001C00704711461368002223F07F4343F00043D6
S31502001C1041F8103BC3690161013BC0E90623EFE7C6
S31502001C2011461388002243F0004343F4000341F8AF
S31502001C300C3BC3690161013BC0E90623E0E700BF33
S31502001C4010B504460068816E11F0200104D13B22D2
S31502001C5000F5BC7013F058FD63686269C4E902338B
S31502001C6062B11368D36063691A6812681A6163699C
S31502001C705A68DA6163695A699A6163680022596827
S31502001C8021619B68E262C4E9062310BD2DE9F04793
S31502001C904FF000080D4686692C6814F0803F14D078
S31502001CA0B4F1803F3DD02204E7B23CD5322F00F09A
S31502001CB09680394630466A6801F032FA202F65D09E
S31502001CC0AC68083514F0803FEAD15FFA84FA5146CF
S31502001CD030466A6801F024FABAF1200FC4F30729E4
S31502001CE0C4F307474FEA14644CD049463046AA6803
S31502001CF001F016FAB9F1200F40D039463046EA68AB
S31502001D0001F00EFA202F35D0214630462A6901F01D
S31502001D1007FA202C2AD01435BEE7002C42DBFF2F0F
S31502001D2017D00435B8E72302F7D5FF2FC4F30724EB
S31502001D3030D0394630466A6801F0F2F9202F55D084
S31502001D4021463046AA6801F0EBF9202C4AD00C3520
S31502001D50A2E7C4F30728B8F1020F02D0B8F1040FC4
S31502001D603DD13046043501F0E1F995E7304601F000
S31502001D70DDF9D0E7304601F0D9F9C5E7304601F082
S31502001D80D5F9BAE7304601F0D1F9AEE7304601F0AF
S31502001D90CDF995E7022C21D1304601F0C7F9A046CC
S31502001DA0043579E7394630466A6801F0B9F9202FD9
S31502001DB0C4F30729C4F3074424D049463046AA6827
S31502001DC001F0AEF9B9F1200F18D021463046EA6883
S31502001DD001F0A6F9202C0DD010355DE7A04640464D
S31502001DE0BDE8F087304601F0A1F9B0E7304601F0D0
S31502001DF09DF9A5E7304601F099F9EDE7304601F085
S31502001E0095F9E2E7304601F091F9D6E72DE9F04F70
S31502001E10876EC468D0E96D5117F02007A1EB05085B
S31502001E2081462268A66983B04FEAE80851D1A942E1
S31502001E30236945D002F5BC718946DFF890A10835C1
S31502001E4002F18C0B019005E00137B84505F1080552
S31502001E5034D9226892F9C72103EB860E701C6ABB3D
S31502001E6055E9022C1AF8021061B119F9021019B1DA
S31502001E705BF822106145E7D04FF0010109F8021024
S31502001E804BF822C09A55CEF804C0E26A10F0030657
S31502001E9002F10102E262D7D1E2692369013A1433FF
S31502001EA0012A2361E261CFD82046A6610137FFF7F6
S31502001EB059FDB845236905F10805CAD8DDF804902D
S31502001EC0A6614023D9F8B421C9E96E2303B0BDE85F
S31502001ED0F08FE36A4344E36292F9C731002BF0D1F3
S31502001EE026B32069B8F1000FEBD0424605F108038C
S31502001EF001E0083386B153E90217013A815500EB36
S31502001F00860106F101061D464F6006F0030608F13A
S31502001F10FF38EED1002ED4D1002223691433236177
S31502001F20E369013B012BC4E906234BD95FEA980713
S31502001F304FF0000605D125E00136BE4205F1200527
S31502001F4020D0236893F9C731E3B92A6823691A7046
S31502001F50AA685A702A699A70AA69DA706A685A6017
S31502001F60EA689A606A69DA60EA691A61E36922696B
S31502001F70013B1432012B2261E361DDD82046FFF7D3
S31502001F80F1FCD9E718F003089BD008F1010805F126
S31502001F90080305EBC805AC460EE0A169206953E9C2
S31502001FA002574A1C083300EB810602F0030263451E
S31502001FB045547760A26184D0226892F9C721002A2B
S31502001FC0EBD07EE72046FFF7CDFCAFE7108001029B
S31502001FD038B50446FFF71AFFE06882690369032AE7
S31502001FE00FD8DFE802F03326021940F2FF451A88BD
S31502001FF003F1100142F0004242F400021A60DD6071
S3150200200001610022C369013B012BC0E9062323D9E2
S31502002010002084F8C60138BD40F2FF411A681961F2
S3150200202022F07F4242F000421A60036914330361D0
S31502002030E7E740F2FF451A7803F10C0142F08022ED
S3150200204042F400021A609D600161DAE740F2FF4243
S3150200205043F8042B0361D4E7FFF784FC002084F8DD
S31502002060C60138BD38B50446FFF7D0FEE06882697E
S315020020700369032A0FD8DFE802F03326021940F279
S31502002080FF251A8803F1100142F0004242F40002D1
S315020020901A60DD6001610022C369013B012BC0E9C0
S315020020A0062323D9002084F8C60138BD40F2FF2159
S315020020B01A68196122F07F4242F000421A600369EF
S315020020C014330361E7E740F2FF251A7803F10C01A6
S315020020D042F0802242F400021A609D600161DAE752
S315020020E040F2FF2243F8042B0361D4E7FFF73AFCE0
S315020020F0002084F8C60138BD2DE9F041036882B09C
S315020021009D6E15F0010526D1D0E90274BC428046C7
S315020021109E6912D0236830461BB1E2680AB11B6978
S315020021201360A368626803EB830321699B00009531
S3150200213006F096FA2468A742ECD10025D8F81C00CE
S31502002140A36862681B1A03EB8303216930469B006E
S31502002150009506F085FA02B0BDE8F08103689A6E32
S31502002160D20720D42DE9F041D0E90264B4420746F1
S315020021709D690BD0A368626803EB8303042128469A
S315020021809B0006F075FA2468A642F3D1FA69A368A1
S3150200219028469B1A03EB830362680421BDE8F041DB
S315020021A09B0006F065BA704703689A6ED20726D47A
S315020021B02DE9F041D0E90264B44207469D6911D087
S315020021C02368042128461BB1E2680AB11B69136021
S315020021D0A368226903EB83039B0006F049FA24688D
S315020021E0A642EDD1FA69A36828469B1A03EB83033C
S315020021F022690421BDE8F0419B0006F039BA704716
S315020022002DE9F0410C46054682B008681746FFF7ED
S31502002210FDFDA2692369032A0FD8DFE802F04235E1
S31502002220022840F2FF311A88D96042F0004242F495
S3150200223000021A6003F1100222610022E369013BE7
S31502002240C4E90623EB6F002B55D06369002B46D0F9
S315020022506FBB00232046E361FFF784FBA268636934
S31502002260E260002B60D0186902B0BDE8F08140F24E
S31502002270FF311A68196122F07F4242F000421A6069
S31502002280236914332361D8E740F2FF311A78996043
S3150200229042F0802242F400021A6003F10C0222612B
S315020022A0CBE740F2FF3243F8042B2361C5E7002552
S315020022B0206800F003FAE169A268D2E901235B1AF9
S315020022C0616903EB830309699B00009506F0C8F96F
S315020022D02046FFF7B5FC002318466362C4E7D5F82B
S315020022E0843020469A0730D4DB0629D5FFF75CFFF7
S315020022F0002FAED0ECE7D4F80880D8F8003053B3FC
S31502002300A36A01333C2BA3629FD1D8F8006000E098
S31502002310884631463668002EFAD12068FFF7E0FA81
S31502002320C8F80060A66290E7D5F8843013F0120F61
S3150200233002D01069002897D1206902B0BDE8F08169
S31502002340FFF70CFF002F84D0C2E7FFF7D5FE002F60
S315020023503FF47FAFBCE7A36277E700BFB1F9343041
S315020023600A6B002B0FDD002310B41C46043A42F818
S31502002370044FB1F9340001339842F8DC00235DF8CA
S31502002380044BCB8670470023CB867047F8B5B1F96C
S315020023903400B1F93660431EB3420C461746096B48
S315020023A006DD731CB00041F82670E3860844F8BDCA
S315020023B0103000B2A0860122800002F08FFEB4F92E
S315020023C0343001469E422063EBDA35460022B000E5
S315020023D001EB860343F8042BB4F934C00135AC454E
S315020023E0F8DC731C41F82670E3860844F8BD00BF8A
S315020023F02DE9F843002708604F61D0F87C80064635
S315020024000C46B8F1000F74D0D8F8003020204B608B
S3150200241002F060FE05466061002867D0D8F8080021
S31502002420800002F057FE8146286000285ED0D8F868
S3150200243008106960D6F88830D8F8042003FB02F247
S31502002440AA60D8F804306B6171B1012307606A682B
S315020024509A4206D92A6842F823706A6801339A4278
S31502002460F8D8D5F80090AA68C5F80C9002EB82025B
S315020024700421B069920006F0E5F8C9F800002B685D
S315020024801B68002B32D069686A692B61C5E906218F
S315020024906068E06050B300231022A06041682161A9
S315020024A081684020C4E90631C4E90A33A28602F0F3
S315020024B011FE2063D0B1636903B31B681A68B4F9CD
S315020024C03430002B09DD00231D46011F41F8045F4D
S315020024D0B4F9340001338342F8DB00232146304647
S315020024E0E386FFF753FF0120BDE8F8830020BDE82D
S315020024F0F8831146FFF7B2F96060CAE7D6F884207E
S31502002500636812F0120F02D01A69002AD7D15A68EC
S31502002510D5E700BFF8B505464FF4EA7002F0DAFDDA
S315020025200446002857D000264FF0000202234FF43B
S315020025300011A0F8C621C0E90666C0E91236856612
S3150200254041650665FEF72CFEA6EE100B6A0684EDC3
S31502002550087F03D4702002F0BDFD0646002315F065
S31502002560040F0CBF05210421C4E90D33C4E90F335E
S31502002570C4E91B3384F8C63184F8C43163646367E3
S31502002580A4F87830636180EF50602B074FF0330078
S315020025904FF000054FF0010748BF21F00401221D4C
S315020025A02663676682ED007F40F22712C4F8880030
S315020025B0E16504F18C0029462566E56713F0A4F867
S315020025C00822064BC4F88050196884F8C851216065
S315020025D084F8C5211C602046F8BD00BFE82B042202
S315020025E070B5044600F076FDA06100285ED03B225D
S315020025F0002104F5BC7013F087F8E56F7DB1D4F8BD
S3150200260088102046FFF72AF906462E602046D4F89F
S315020026108810FFF723F930602B681A681360D4F824
S3150200262088202046114603F0EBF80346D4F88820AA
S3150200263023611146204603F0E3F8226903466061EE
S31502002640F2B1E8B10025C4E9022263604FF40070DA
S31502002650656302F03FFD184B4022C4F8C0310346C1
S315020026600A21C4E96D33A069C4F8BC2184F8C951B2
S3150200267005F062FF48B9002384F8C631184670BDDA
S31502002680012384F8C631184670BDFF232A460A2163
S31502002690A06905F027FF2A460A21A06905F03EFF38
S315020026A0FF2804BF012384F8C931E4E7052384F82F
S315020026B0C631184670BD00BF0D1E00028069704704
S315020026C0002843D038B5436E04468B420D4617D0D8
S315020026D0082B1AD0082929D003F0A8F90021626A2A
S315020026E092F80E3143F0010382F80E31626A84F8E1
S315020026F0C611656692F80E3143F0010382F80E3177
S31502002700002384F8C631184638BD426A616692F8DB
S315020027100E3143F0010382F80E3103F073F9082DEE
S315020027200CD0002384F8C631184638BD426A616669
S3150200273092F80E3143F0010382F80E31204603F07F
S315020027403DF9002384F8C631184638BD0220704789
S3150200275040B110B5044600F0F3FC002384F8C631FC
S31502002760184610BD022070472DE9F04F89B0DDE909
S31502002770127C149C07FB07FED4F810411CF0010FD3
S3150200278008BFA346804618BF4FF0000B03FB03E0C9
S315020027901CF0020F1D4608BFA2468946164618BF00
S315020027A04FF0000A02F01EFC159B240194FBF0F484
S315020027B003B11C60784204FB00F005FB04F44D44AF
S315020027C0241104FB05F50011374400FB1755149B31
S315020027D0C9F10001D3F810210AEB2513029300FB7D
S315020027E001F304FB163300FB06F604FB0166CDE992
S315020027F00504520802EB23120BEB261604920796E7
S315020028009DED045F43460094424264420394019262
S315020028109DED007FA3EC045F83ED007FC8F82000E6
S3150200282009B0BDE8F08F00BF2DE9F04F89B0DDE9B0
S3150200283012B60BFB0BFC6FEA0609804603FB03C0CC
S315020028401D468A461746149C02F0CCFB4FF48013B1
S3150200285086F00206C6F340064FEA094993FBF0F0FA
S31502002860360409F4803904B12060CBF1000300FB81
S3150200287003F300FB05F41B115544CAF1000A03FBDE
S315020028800AF2241104FB1722BB4403FB07F704FBDD
S315020028900A77CDE90534121102F5004209EB271732
S315020028A0049207979DED045F424604FB05F503FB80
S315020028B01B55009406EB2516594264420296019175
S315020028C003949DED007FA2EC045F82ED007FC8F8C1
S315020028D0203009B0BDE8F08F2DE9F04F89B0DDE96F
S315020028E01245EF4385F0020CCCF3400C3F04002B5B
S315020028F0DDF850904FEA0C4C07F4803704EB0205E2
S3150200290003EB01084ADB002C23DBC2F1000AA342D7
S315020029104FEA0A3A69DD5E42240494FBF6F402FBAE
S3150200292004FE04FB05F501FB04F64FEA2E1E2D11EB
S31502002930C5EB0835AEEB013EAAEB2616C4F100083C
S31502002940B9F1000F01D0C9F800304FF480337D4948
S3150200295065E0C4F1000A4E429A454FEA063BC0F2D0
S3150200296096801B0493FBFAF301FB03FE08FB03F8B4
S3150200297002FB03F62D034FEA2E1EC5EB2815CEEBFE
S31502002980023EABEB26165942B9F1000F01D0C9F847
S3150200299000A04FF48034DFF8AC8140E0002CC0F296
S315020029A091805E42A6424FEA013A52DD240494FB2C
S315020029B0F3F401FB04F604FB05F502FB04FE4FEA01
S315020029C00838C8F100083611A8EB2515C6EB023601
S315020029D00AEB2E1EC4F10008B9F1000F01D0C9F8A6
S315020029E000304FF48031574B19E01B0493FBF4F38C
S315020029F003FB02F2121108FB03F8C2EB013603FBDA
S31502002A0001F12D03AAEB211E05EB28155942B9F156
S31502002A10000F38D04FF48038C9F80040494C06F50B
S31502002A200046CDE904647744079706939DED045F5B
S31502002A3002466544CDE90251CDF8048000939DED2E
S31502002A40007FA2EC045F82ED007F046209B0BDE85C
S31502002A50F08F1B0493FBF4F301FB03FE02FB03F668
S31502002A6008FB03F82D03C2F1000B4FEA2E1EAAEB58
S31502002A70261605EB2815CEEB0B3E5942B9F1000F8F
S31502002A8001D0C9F800404FF480382E4CC7E75E42A9
S31502002A90240494FBF6F401FB04F604FB05F502FBA1
S31502002AA004FEC2F1000A36112D11C5EB08350BEBF7
S31502002AB02E1EC6EB0A36C4F10008B9F1000F7FF4E8
S31502002AC042AF42E7A3424FEA023E1EDA240494FBD7
S31502002AD0F3F401FB04F604FB05F5AEEB261602FB46
S31502002AE004FE4FEA0838C8F100084FEA013AA8EB9B
S31502002AF025150AEB2E1EC4F10008B9F1000F3FF4AA
S31502002B0070AF5B42C9F800306BE764421B0493FB6B
S31502002B10F4F302FB03F6C1F1000A08FB03F803FB18
S31502002B2001F12D033611AEEB211EC5EB2815C6EBBE
S31502002B300A365942B9F1000F3FF42BAFC9F80040EB
S31502002B4027E700BF0000FFFF10B4002B019C2CDB1F
S31502002B50002C16DBA34238DD240494FBF3F44FF475
S31502002B60803304FB01F112036442C2EB2111029A83
S31502002B70C0E90143002A51EA01915DF8044B016064
S31502002B807047C4F1000C194422449C4512B209B2A2
S31502002B90E2DB1B0493FBF4F303FB02F209034FF49B
S31502002BA080345B42C1EB2211E1E7002C22DBC3F148
S31502002BB0000CA44514DD240494FBF3F404FB01F198
S31502002BC00911104BC1EB0231D1E71B0493FBF4F35D
S31502002BD002FB03FC4FEA2C1C0A4CCCEB0131C6E784
S31502002BE01B0493FBF4F303FB02F21211054CC2EB36
S31502002BF00131BCE719442244A34212B209B2DADD1A
S31502002C00C7E700BF0000FFFF2DE9F043002BDDE917
S31502002C10075EDEF8104138DB002D1EDBAB424ADCD4
S31502002C204FEA034C9CFBF5FC8CFB04631F4656EAF9
S31502002C302F4702FB0CF212116542C2EB0132BEF9BA
S31502002C401430120192FBF3F204EBD47302EB63022B
S31502002C50C0E901560260BDE8F0836E4219442A4477
S31502002C609E4212B209B247DA2D0495FBF3F585FBB3
S31502002C700483994658EA2F4901FB05F51203C2EB74
S31502002C8025122646C8F10005D9E7002D44DB5F422E
S31502002C90AF42C4F100061FDD2D0495FBF3F585FB5B
S31502002CA00483994658EA2F4901FB05F52D11C5EB18
S31502002CB002324546C3E72D0495FBF3F383FB0485F5
S31502002CC0A94658EA2F4901FB03F312032646C2EB33
S31502002CD02312C8F10005B2E71B0493FBF5F3354650
S31502002CE083FB0486B14658EA2F4903FB02F212110E
S31502002CF04646C2EB0132A2E71B0493FBF5F383FBC4
S31502002D0004652F4656EA2F4703FB02F209032546BE
S31502002D10C1EB2212764292E719442A44AB420FFAD9
S31502002D2082FC09B20FDD1A0492FBF5F282FB046300
S31502002D301F4656EA2F470CFB02F209032546C1EB52
S31502002D40221276427BE72D0495FBF3F585FB04837D
S31502002D50994658EA2F4901FB05F52D11C5EB0C32B0
S31502002D60664245466BE700BF10B4019C002C03DAAD
S31502002D701944224409B212B204FB01F103FB1212F6
S31502002D801B0383601302029A6442002A53EA0393E6
S31502002D90240303F50043446003605DF8044B704767
S31502002DA02DE9F041069D0646002D0C4690461F462B
S31502002DB004DA1C44A84424B20FFA88F805FB05F08D
S31502002DC007FB070002F00EF94FF48013B3FBF0F095
S31502002DD06D4200FB05F500FB07F72D11644205FB6A
S31502002DE004F43F1107FB1842079B1211002B52EA0B
S31502002DF00292C6E9015702F500423260BDE8F0814F
S31502002E008268036810B401FB023354428460036093
S31502002E105DF8044B704700BFF8B5B1F916C00D4610
S31502002E20ACEB030C8B68069E03FB0CFCB1F9143069
S31502002E3004469B1A4A6802FB03C20B681211511C14
S31502002E4013F0080F18BF0A4613F0100FA2F58031CF
S31502002E5018BF0A46590751BF012740F20127A2F5BA
S31502002E60004202F1FF325B0607FA06F704D54FF479
S31502002E70003371088B401F43D4F8B831C2F1000CFD
S31502002E80079A311D03F10800C4F8B80119608ABB1C
S31502002E90C3F804C0D4F8BC31013B002BC4F8BC31E2
S31502002EA05DDDD4F8B8316A6803F10801C4F8B811D7
S31502002EB05A6006F10A021A60D4F8BC31013B002BB3
S31502002EC0C4F8BC3146DDD4F8B831AA6803F108016A
S31502002ED01036C4F8B811C3E90062D4F8BC31013B1C
S31502002EE0002BC4F8BC3103DC2046D4F8C031984725
S31502002EF03846F8BD4FEA8C125A60D4F8BC31013B11
S31502002F00002BC4F8BC3120DD6A68D4F8B8319201CE
S31502002F1003F10801C4F8B8115A6006F10A021A60F0
S31502002F20D4F8BC31013B002BC4F8BC3104DDAA68DD
S31502002F30D4F8B8319201C9E7D4F8C031204698478F
S31502002F40AA68D4F8B8319201C0E72046D4F8C03155
S31502002F509847D9E72046D4F8C0319847B3E72046C8
S31502002F60D4F8C03198479CE7002380EF5060036095
S31502002F7080ED017F436170472DE9F0411D464B7E8E
S31502002F800C46D9078046174682B011D5E269D207A8
S31502002F9006D5052D089E6CD9304602B0BDE8F081F3
S31502002FA0042D00F28480089A023522F40002089267
S31502002FB09E0738D4089EA37D990719D5627E5207CB
S31502002FC016D5E26CD00777D5052DE5D806F08073C5
S31502002FD00193B7F9023000954046B7F9002004F193
S31502002FE04C01FFF719FFA37D3043013520F400069B
S31502002FF05907D1D5637E1A07CED5636EDB0762D534
S31502003000052DC9D806F080730193B7F90230B7F9D6
S3150200301000204046009504F16401FFF7FDFE3043AF
S3150200302020F40006B8E7636BD8071BD5052D089E6A
S31502003030B2D806F080730193B7F902300095404684
S31502003040B7F9002004F13401FFF7E6FE636B304363
S3150200305020F4000613F0400F20F4400018BF064685
S315020030600135A8E7042D22D8089B023523F4000671
S31502003070A1E706F080730193B7F902300095B7F91C
S31502003080002004F11C01FFF7C7FEE369013513F0C6
S31502003090400F089B40EA030020F4000220F440009F
S315020030A018BF0246637E08929E0783D5BBE7089E39
S315020030B0304602B0BDE8F081042D3FF66DAF26F42E
S315020030C00006023594E726F40003052D38BF1E4696
S315020030D062E700BF38B50546084605F0D1F9044651
S315020030E0B8B10122114605F019FA420144BF012383
S315020030F085F8C8318303C5F880000CD53122012139
S315020031002046EB6D05F0EEF9204605F0A3FAC5F868
S315020031108400204638BDAB6E43F00103AB66EDE793
S315020031208C4613460121624605F0DCB910B5044609
S3150200313000220121204605F0F1F9C307F8D410BD9B
S3150200314038B5836E05468469D8070AD5012100225F
S31502003150204605F0E3F98107F8D138BDAB6E9A0730
S3150200316007D500220121204605F0D8F90307F5D438
S31502003170F3E7C8220421204605F012FAF1E700BF60
S3150200318070B54C680B6B816E0546C90786690CD40F
S315020031901A684AB190F9C91191B13046BDE870403A
S315020031A03222012105F09EB970BD5AB9002CFBD01E
S315020031B028466168FEF76AFD0328F5D02468F5E71C
S315020031C01346EAE71968BDE87040FEF75FBD00BF27
S315020031D02DE9F04FA9B0BDF9C8E0BDF9CCC0AEEB00
S315020031E00206ACEB030A0D4656EA0A01BDF9D08087
S315020031F000F03C8295F8D67008F10F010446012FC3
S315020032004FEA61000C90069000F04682359911F45F
S315020032100051079140F02E82079912911FFA8EF102
S31502003220002EBDF818B00D911FFA82F940F35582AF
S3150200323001F10F025A44A9EB0B0122F00F0221F011
S315020032400F0112B209B2ADF86C20ADF868101FFA80
S315020032508CF299B2BAF1000F0992089140F33082CA
S3150200326002F10F035B44A1EB0B0223F00F0322F0E2
S315020032700F021BB212B220461AA9ADF86E30ADF893
S315020032806A2003F0C9FB002800F0F081BDF868301F
S31502003290089AA9EB03090FFA89F30A93BDF86A3073
S315020032A0B8F12F0F1593A2EB03031BB20B9302DCAB
S315020032B0022F08BF01273599359A01F001010E91B7
S315020032C0359995F8D53002F0030201F00201032A7E
S315020032D003F003030F9100F0C082032B00F0418438
S315020032E0DDE90A12359BB8F11F0FCDE900A31CAB2D
S315020032F01846139317AB0293334640F3FB81FFF74D
S3150200330093FA1C9B012F03EBC8231C934FEA083345
S31502003310119300F0EB822946204602F08DFBD5F888
S315020033202831BAF1000F109340F34C82F60FAB7DB1
S31502003330109ADFF8809902F4185213F0060F42EA47
S31502003340090913D0079A022F14BF02230523002A64
S3150200335018BF0523CDF80090294620461AAAFFF782
S315020033600BFE10F4000F814608BF002695F8D42004
S3150200337093072DD50A9B2199A5F890300B9BD5F87A
S31502003380D000A5F892302123EB6795F80E3109019A
S3150200339043F0080312F0080F85F80E3191FBF0F1A5
S315020033A0209B00F0C1825B421B0193FBF0FC0B46A3
S315020033B0D5F8CC10C5E9203C0B03C5F88830530775
S315020033C006D5179B1B0193FBF0F30B44C5F8CC30D3
S315020033D03346294620461AAA01F0FEFE33462946FE
S315020033E020461AAA03F0BEF8022F00F0F2810E9BC5
S315020033F0002B40F037820F9B002B40F09A829846B2
S315020034001493359B13F4C05F15D01A0505D51FAB6F
S3150200341093E80700369B83E80700359BDB0405D556
S31502003420369B22AA0C3307CA83E807001AAB03CBE2
S31502003430379B18605960B346002E40F04382079BC3
S31502003440B3B1129B03F5803A359B980506D5389B96
S31502003450D3E9002352EA030140F02E84359B5B0533
S3150200346006D5389BD3E9022352EA030140F0BE8314
S315020034700422D4F8B8311C9903F10800C4F8B80143
S31502003480C3E90021D4F8BC31013B002BC4F8BC319E
S3150200349003DC2046D4F8C03198470A22D4F8B83162
S315020034A01D9903F10800C4F8B801C3E90021D4F854
S315020034B0BC31013B002BC4F8BC3103DC2046D4F8F6
S315020034C0C03198471022D4F8B8311E9903F108008A
S315020034D0C4F8B801C3E90021D4F8BC31013B002B82
S315020034E0C4F8BC3103DC2046D4F8C0319847D4F87E
S315020034F0B8311F9A03F10801C4F8B8115A60B8F13D
S31502003500000F00F0FA8008221A60D4F8BC31013BA1
S31502003510002BC4F8BC3103DC2046D4F8C0319847EE
S315020035200E22D4F8B831209903F10800C4F8B80184
S31502003530C3E90021D4F8BC31013B002BC4F8BC31ED
S3150200354003DC2046D4F8C03198471422D4F8B831A7
S31502003550219903F10800C4F8B801C3E90021D4F89F
S31502003560BC31013B002BC4F8BC3103DC2046D4F845
S31502003570C03198470522D4F8B831229903F10800E0
S31502003580C4F8B801C3E90021D4F8BC31013B002BD1
S31502003590C4F8BC3103DC2046D4F8C03198470B226C
S315020035A0D4F8B831239903F10800C4F8B801C3E985
S315020035B00021D4F8BC31013B002BC4F8BC3103DC3A
S315020035C02046D4F8C03198471122D4F8B83124994C
S315020035D003F10800C4F8B801C3E90021D4F8BC31EC
S315020035E0013B002BC4F8BC3103DC2046D4F8C031C1
S315020035F098471622D4F8B83103F10801C4F8B81175
S315020036001199C3E90021D4F8BC31013B002BC4F85F
S31502003610BC3103DC2046D4F8C03198470022D4F8E6
S31502003620B83103F10801C4F8B811C3E90029D4F886
S31502003630BC31013B9342C4F8BC3103DC2046D4F8CA
S31502003640C03198470C9A069B2046134403F10F0893
S315020036504FEA281842461AA9002E00F0B08002F05E
S3150200366039FD022F00F06C81012000E0002029B014
S31502003670BDE8F08F95F8D7104FEA6800042900F0EC
S315020036804A81B5F9D810014401EB81000903129170
S3150200369040F38F010691C1E5359901F00301032933
S315020036A03FF4B4AD00EB4001C0EBC10141F30F1191
S315020036B00691359911F4005107913FF4ADADD9E762
S315020036C0089B099A0F335B44A2EB0B0223F00F030C
S315020036D022F00F021BB212B2CDE50D9909F10F02CB
S315020036E05A44A1EB0B0122F00F0221F00F0112B294
S315020036F009B2A8E5FFF7F0F803E605221A60D4F846
S31502003700BC31013B002BC4F8BC3103DC2046D4F8A3
S31502003710C03198470B22D4F8B831209903F108003A
S31502003720C4F8B801C3E90021D4F8BC31013B002B2F
S31502003730C4F8BC3103DC2046D4F8C03198471122C4
S31502003740D4F8B831219903F10800C4F8B801C3E9E5
S315020037500021D4F8BC31013B002BC4F8BC3103DC98
S315020037602046D4F8C03198470822D4F8B8312299B5
S315020037709818C4F8B801C3E90021D4F8BC31013B5A
S31502003780002BC4F8BC3103DC2046D4F8C03198477C
S315020037900E22D4F8B831239903F10800C4F8B8010F
S315020037A0C3E90021D4F8BC31013B002BC4F8BC317B
S315020037B003DC2046D4F8C0319847142205E702F00C
S315020037C0F9FB4EE700F00F82002ED4BF0026012639
S315020037D0ADE508F110080E9B4FEA68011491002B23
S315020037E000F07681BDF868300D9AD31A1BB2002E0E
S315020037F040F0E481BDF86A200998821A12B203EBFE
S315020038004107002F18464FF000074FEA41011FDD1E
S315020038104FF0010802EB010CBCF1000F13DDA0EB27
S31502003820010EBDF968C0BDF96C00A0EB0C0086451F
S3150200383009DABDF96E00BDF96AC0511AA0EB0C0097
S315020038408142C0F224830E9B13B3B8F1000F0BD052
S315020038504FF0010849F400590AE0032B00F0858273
S3150200386000273DE5002314934FF0000849F48069D0
S31502003870359B980500F148811F9BBAF1000F03F5AD
S31502003880004202F1010203F50043C8BF13461F932B
S315020038900F9B002B3FF4B5ADB8F1000F4BD049F4A6
S315020038A08069359B590500F14181229BBAF1000FCF
S315020038B003F5004202F1010203F50043D8BF1346A5
S315020038C022939EE5BDF96A20BDF96E3013989B1AC4
S315020038D04FEA231B5946FFF793FA59461FA8FFF7EB
S315020038E08FFA594622A8FFF78BFAA8E50E9B33B941
S315020038F0119A1F9BA2F5803203EB62031F930F9B63
S31502003900002B7FF408AD119A229BA2F5803203EBBD
S3150200391062032293FFE4069901EB810141F38F01D1
S3150200392006910103129179E41B0193FBF0F38C4695
S315020039303EE50E9B14934FF0000849F40059B0E798
S31502003940002294460D9FBDF85030099907F10F09E0
S315020039509944A7EB030A01F10F0E9E446AF30F0284
S31502003960CB1A69F30F0C18A863F31F426EF31F4CB0
S31502003970014622F00F122CF00F13204618921993CB
S3150200398003F04AF800283FF46FAE4FF00009149B8B
S3150200399009990193BDF862302046CB1A1BB20093F7
S315020039A0BDF860302946FB1A4A461BB2CDE9039997
S315020039B0CDF80890FDF77EFD109BBD4F03F4007312
S315020039C02946204618AA1F434B4601F005FC4B46E2
S315020039D02946204618AA02F0C5FDAB7D13F0060F54
S315020039E040F04282BDF96830BDF96010BDF962202F
S315020039F0C91ABDF96A302498D21A091112111EB1D8
S31502003A004042A2EB0B0224900626229B239D5B4298
S31502003A1005FB113300FB1233D4F8B82103F101136D
S31502003A2002F10801C4F8B811C2E90063D4F8BC3146
S31502003A30013B002BC4F8BC3103DC2046D4F8C0316C
S31502003A4098470C21D4F8B831239A03F10800524260
S31502003A50C4F8B801C3E90012D4F8BC31013B002B0B
S31502003A60C4F8BC3103DC2046D4F8C0319847122191
S31502003A70D4F8B831249A03F108005242C4F8B801C6
S31502003A80C3E90012D4F8BC31013B002BC4F8BC31A7
S31502003A9003DC2046D4F8C0319847D4F8B83103F194
S31502003AA00802C4F8B8210022C3E90027D4F8BC31C1
S31502003AB0013B9342C4F8BC3103DC2046D4F8C03142
S31502003AC09847204618A948F30B1202F073FACBE581
S31502003AD00B9A56B1BDF86E20159B13441A46BDF8D3
S31502003AE06A30D21A089BD21A12B20F9B002B6BD0E5
S31502003AF00A98002700EB4103002B4FEA41017FF7AA
S31502003B001AAFB8460A9B85E60023DDE90A1201933D
S31502003B10389B1FA85B684FEA4B0B0093389B1B68C8
S31502003B20FFF722F90FFA8BF30693B1E60123BDF8EC
S31502003B306A200193099BBDF868109A1A0D9B12B26E
S31502003B40591A389B09B2DB6822A85B420093389B5C
S31502003B509B685B42FFF708F9069B5B001BB2069364
S31502003B604FE4359BDDE90A12CDE900A31CAB1846EA
S31502003B70139317AB039302953346FEF7F5FDD5F87B
S31502003B8010311C9908FB03F2012F01EB62111C9103
S31502003B904FEA22114FEA621209D10E9810B91F9804
S31502003BA010441F900F9810B92298104422905B0877
S31502003BB0A3F580330B441193FFF7ADBBBDF86E201E
S31502003BC00998121A12B21AE60A98DDF83CC000EBFE
S31502003BD04103002BE04649F400594FEA41017FF7C1
S31502003BE010AC034616E65646FFF7A1BB009200222A
S31502003BF009990192BDF86A200D988A1ABDF86810D3
S31502003C005B42411A109812B200F4805040EA090051
S31502003C1040F0080909B225A8FFF7C2F8002E40F0C5
S31502003C202C813598D4F8B8210004259B02F10801AD
S31502003C3040F1E6805344C4F8B81153600723136079
S31502003C40D4F8BC31013B002BC4F8BC3103DC20465E
S31502003C50D4F8C03198470D22D4F8B831269903F129
S31502003C600800C4F8B801C3E90021D4F8BC31013B0D
S31502003C70002BC4F8BC3103DC2046D4F8C031984787
S31502003C801322D4F8B831279903F10800C4F8B80111
S31502003C90C3E90021D4F8BC31013B002BC4F8BC3186
S31502003CA03FF7E6AB2046D4F8C0319847FFF7E0BBB2
S31502003CB0450840001380C000002001901098009231
S31502003CC000F4006040EA090040F004095B4225A8BE
S31502003CD0DDE90A12FFF764F8002E40F0D380D4F82B
S31502003CE0B821359802F10801C4F8B8114104259BA0
S31502003CF054D45344536006231360D4F8BC31013BB9
S31502003D00002BC4F8BC3103DC2046D4F8C0319847F6
S31502003D100C22D4F8B831269903F10800C4F8B80188
S31502003D20C3E90021D4F8BC31013B002BC4F8BC31F5
S31502003D3003DC2046D4F8C03198471222D4F8B831B1
S31502003D40279903F10800C4F8B801C3E90021D4F8A1
S31502003D50BC31013B002BC4F8BC313FF77FAB204698
S31502003D60D4F8C0319847FFF779BB359BDDE90A12D3
S31502003D70CDE900A31CAB1846139317AB0393029528
S31502003D803346FEF7F1FCD5F810311C9A08FB03F115
S31502003D9002EB611200271C92091108E7AAEB030342
S31502003DA0536006231360D4F8BC31013B002BC4F8E0
S31502003DB0BC3103DC2046D4F8C03198470C21D4F834
S31502003DC0B831269A03F108005242C4F8B801C3E991
S31502003DD00012D4F8BC31013B002BC4F8BC3103DC21
S31502003DE02046D4F8C03198471221D4F8B831279A20
S31502003DF003F108005242C4F8B801C3E90012A6E76B
S31502003E00AAEB0303C4F8B811536007231360D4F86E
S31502003E10BC31013B002BC4F8BC3103DC2046D4F88C
S31502003E20C03198470D21D4F8B831269A03F108001B
S31502003E305242C4F8B801C3E90012D4F8BC31013BBE
S31502003E40002BC4F8BC3103DC2046D4F8C0319847B5
S31502003E501321D4F8B831279A03F108005242C4F864
S31502003E60B801C3E9001215E7009729460323204645
S31502003E7018AAFFF781F80746B4E5594625A8FEF7C2
S31502003E80BFFFCEE6594625A8FEF7BAFF27E74FF051
S31502003E90000C0092149A2946019220460222CDE98C
S31502003EA003CCCDF808C0FDF705FB109B03F40063B5
S31502003EB043EA090343F4801949F08409C3E400BFC5
S31502003EC04FF0000C2DE9F0479EB2634688B0BDF96B
S31502003ED040501FFA82F91035C5F34F07884609F19B
S31502003EE00F013944A9EB070E06F10F023A4461F3BA
S31502003EF00F03F71B6EF30F0C67F31F4C62F31F439E
S31502003F002CF00F1723F00F1306A904460697079302
S31502003F1002F082FD10B908B0BDE8F0870022BDF8B4
S31502003F201A306D10F61A36B2BDF8183001950096A1
S31502003F30D8F82861A9EB030341462046CDE90322BE
S31502003F401BB20292FDF7B6FA06F4007242F4800240
S31502003F5042F04102022300924146204606AAFFF79A
S31502003F600BF8119B0F3506462D09002B69D0139BC2
S31502003F70BDF91820B3F900309B1A4FEA2319139B97
S31502003F80BDF91A20B3F902309B1A1F11119BDA07E9
S31502003F9000F189804FF0020A119B9B0753D5072136
S31502003FA0129B129ADB681269C3F5803302FB09334E
S31502003FB0129A526902FB0733D4F8B821013302F18F
S31502003FC00800C4F8B801C2E90013D4F8BC31013BB9
S31502003FD0002BC4F8BC3140F3C9800D21129B1B692A
S31502003FE05A42D4F8B83103F10800C4F8B801C3E95B
S31502003FF00012D4F8BC31013B002BC4F8BC3140F3AB
S31502004000A1801321129B5A69D4F8B831524203F1A6
S315020040100800C4F8B801C3E90012D4F8BC31013B68
S31502004020002BC4F8BC3140F38880BAF1030F46F482
S3150200403080560CBF4FF0040A4FF0020A46F00806FB
S3150200404001E04FF0020A5346414606AA2046009670
S31502004050FEF792FF0022D4F8B83103F10801C4F842
S31502004060B811C3E90020D4F8BC31013B9342C4F82D
S31502004070BC3103DC2046D4F8C0319847414620467D
S3150200408006AA002301F0A8F800234146204606AA04
S3150200409002F068FA20462A4606A901F08BFF0120A3
S315020040A008B0BDE8F0870621129B129A1B68526877
S315020040B0C3F5803302FB0933129A926802FB073377
S315020040C0D4F8B821013302F10800C4F8B801C2E9F4
S315020040D00013D4F8BC31013B002BC4F8BC3140DDDF
S315020040E00C21129B5B685A42D4F8B83103F10800DE
S315020040F0C4F8B801C3E90012D4F8BC31013B002B65
S31502004100C4F8BC3128DD1221129B9B685A42D4F8AE
S31502004110B83103F10800C4F8B801C3E90012D4F8B3
S31502004120BC31013B002BC4F8BC3110DD46F40066FD
S315020041304FF0030A46F004062EE72046D4F8C031B3
S31502004140984772E72046D4F8C031984759E7204687
S31502004150D4F8C0319847E9E72046D4F8C0319847E9
S31502004160D1E72046D4F8C0319847B9E72046D4F8BB
S31502004170C031984731E700BF2DE9F04FADB0BDF928
S31502004180E040BDF9D850BDF9DCA00994BDF9E44080
S31502004190CDE9105A0F950894AD1A0446AAEB03000E
S315020041A0079355EA00030C9203D100202DB0BDE817
S315020041B0F08F00FB00F091F8D63005FB050089462A
S315020041C0069300F00FFF4FF0807393FBF0F2134655
S315020041D01592079A03FB05F5A2EB0A0603FB06F600
S315020041E0099936122D1206FB01F805FB01F708990B
S315020041F04FEA684C06FB01FB05FB01F34FEA6B41F4
S315020042001291591413910C994FEA674E01EB6840CB
S31502004210A1EB6848114602EB6742A1EB67470F998B
S315020042200D9001EB6B40A1EB6B410B910AEB634BDB
S31502004230AAEB6341069B0E90022B0A9100F0E982DB
S315020042403A9B03F00303032B00F06983069B012BC1
S315020042501AD13A9BD80707D40D9BA8EB0E08A3EBFD
S315020042600E030D93624467443A9B99070CD4139943
S315020042700E9B0B440E930B9B0B440B9312990A9BBA
S31502004280ABEB010B5B1A0A93DDE90D139942A8BF4A
S3150200429019460B9B4345A8BF43469942ADBF23F03F
S315020042A00F0321F00F010BB21BB2ADF87830DDE936
S315020042B00D139942B8BF19460B9B4345B8BF4346F7
S315020042C0994240F361820F3121F00F010BB2ADF832
S315020042D07C300A9B5A451146A8BF5946BB42A8BF25
S315020042E03B469942ADBF23F00F0321F00F010BB2FB
S315020042F01BB2ADF87A300A9B5A451146B8BF5946E9
S31502004300BB42B8BF3B46994240F339820F3121F096
S315020043100F010BB220461EA91292ADF87E3002F0B2
S315020043207BFB00283FF441AFDDE90D329A1ABDF856
S3150200433078000D92129ABDF87AC0A2EB0B011B1AF5
S315020043400E9119B2A2EB0C030FFA83FE079B0C9A8D
S31502004350A3EB0C030FFA83FB0F9BAAEB0C0C1B1AA5
S315020043601BB205FB03F30FFA8CFC06FB1C331B1175
S3150200437003F500431B9306FB0BF3101A00B205FB71
S3150200438010331B1103F580332596764219951A963A
S3150200439018939DED187F1FFA88F212920B9A99F8DC
S315020043A0D530A2EB080213920A9A03F00303D21B3A
S315020043B06D42032B14928DED207F72461690249542
S315020043C0BEB200F0CA8200250E9B0195009326AB71
S315020043D0184617930D9BFEF7B7FB1298BDF87A2085
S315020043E0BDF87810149B411AB21A009329A8139BA0
S315020043F0019512B209B21290FEF7A6FB269B03F5AF
S3150200440000432693299B03F5004329933A9B03F025
S315020044100106069B012B00F085824946204601F0E3
S315020044200BFB069BD9F82851022B0BD145F40073DE
S31502004430002E08BF1D463A9B13F0020F45F4806317
S3150200444008BF1D4699F8D42093072DD5169B2298AE
S31502004450A9F890302123C9F87C3099F80E31D9F8A1
S31502004460D01043F00803000112F0080F89F80E314C
S3150200447090FBF1F0219BA9F892B000F0B1825B4269
S315020044801B0193FBF1FC0346D9F8CC00C9E9203C99
S315020044900303C9F88830530706D5159B1B0193FB06
S315020044A0F1F30344C9F8CC300A9B9F4240F3718171
S315020044B00B9BA8EB03030D930D9B002BC0F273819C
S315020044C00023494620461EAA00F086FE00234946DE
S315020044D020461EAA02F046F8079B9A4580F2A3825E
S315020044E04FF00008BDF97A20AAEB0202DDE9083195
S315020044F09942B8BF194699F8160005F4F05343F4E9
S31502004500400341F30B1110F0060F43F00F0301EBCA
S31502004510020740F05F81002E00F06C81012200202C
S31502004520CDE90A20089A42F34F020D92C346B8F12A
S31502004530000F40F02F820021D4F8B82102F10800C2
S31502004540C4F8B801C2E90013D4F8BC31013B8B426E
S31502004550C4F8BC3103DC2046D4F8C031984799F838
S31502004560D53003F00303032B00F0AD81209A04211A
S31502004570D4F8B83103F10800C4F8B801C3E900124F
S31502004580D4F8BC31013B002BC4F8BC3103DC204615
S31502004590D4F8C03198470A22D4F8B831219903F1E8
S315020045A00800C4F8B801C3E90021D4F8BC31013BC4
S315020045B0002BC4F8BC3103DC2046D4F8C03198473E
S315020045C01022D4F8B831229903F10800C4F8B801D0
S315020045D0C3E90021D4F8BC31013B002BC4F8BC313D
S315020045E003DC2046D4F8C03198470522D4F8B83106
S315020045F0239903F10800C4F8B801C3E90021D4F8ED
S31502004600BC31013B002BC4F8BC3103DC2046D4F894
S31502004610C03198470B22D4F8B831249903F1080027
S31502004620C4F8B801C3E90021D4F8BC31013B002B20
S31502004630C4F8BC3103DC2046D4F8C03198471122B5
S31502004640D4F8B831259903F10800C4F8B801C3E9D2
S315020046500021D4F8BC31013B002BC4F8BC3103DC89
S315020046602046D4F8C03198470622D4F8B8312699A4
S3150200467003F10800C4F8B801C3E90021D4F8BC313B
S31502004680013B002BC4F8BC3103DC2046D4F8C03110
S3150200469098470C22D4F8B831279903F10800C4F8D8
S315020046A0B801C3E90021D4F8BC31013B002BC4F8A0
S315020046B0BC3103DC2046D4F8C03198471222D4F824
S315020046C0B831289903F10800C4F8B801C3E90021FA
S315020046D0D4F8BC31013B002BC4F8BC3103DC2046C4
S315020046E0D4F8C03198470722D4F8B831299903F192
S315020046F00800C4F8B801C3E90021D4F8BC31013B73
S31502004700002BC4F8BC3103DC2046D4F8C0319847EC
S315020047100D22D4F8B8312A9903F10800C4F8B80179
S31502004720C3E90021D4F8BC31013B002BC4F8BC31EB
S3150200473003DC2046D4F8C03198471322D4F8B831A6
S315020047402B9903F10800C4F8B801C3E90021D4F893
S31502004750BC31013B002BC4F8BC3103DC2046D4F843
S31502004760C03198473A4620461EA9B8F1000F63D0D9
S3150200477001F0B0FC069B022B63D0012016E50F3335
S3150200478023F00F031BB2C5E50F3323F00F031BB251
S315020047909DE50E9B002B3FF78FAE3FF491AE0D9B2E
S315020047A0002B7FF78DAE0123494620461EAA00F054
S315020047B013FD01231EAA4946204601F0D3FE079B9C
S315020047C0BDF97E209A454FF00108B4BFD21AA2EB7A
S315020047D00A028BE600934946042320461EAAFEF7E8
S315020047E0CBFB10F4000F034608BF4FF00008002E63
S315020047F07FF494AE3A9A12F0020200F0F680079A1B
S315020048000B9611920C9A0A961092099A52100D92D0
S315020048108CE6099B0899302B3A9BB8BF43F00103FB
S315020048202F293A9303F0030340F3CE80033B18BFCC
S3150200483001235B00069327E501F0BCFB069B022BD6
S315020048409BD100231E46BDF83410BDF84050BDF87A
S31502004850442005EB010C8F186D1A0CF10F0C521A3D
S315020048600F3765F30F036CF30F0662F31F4367F30B
S315020048701F4623F00F1326F00F1620461CA91C9381
S315020048801D9602F0C9F8002840F0E4800B9B002B2D
S315020048903FF473AF20463C9C0A9B03943B9C012B3E
S315020048A00294DDE908534FF0010408BF1D460C9936
S315020048B0079B0F9A14BF53460A4600954946019430
S315020048C0FFF7FEFA59E7069B022B3FF44FAEA90506
S315020048D0209A0FD4219BB9F914001901229B91FB4E
S315020048E0F0F11B0193FBF0F3120192FBF0F2CDE91A
S315020048F0211320926B053FF53AAE23982499259B06
S31502004900B9F91450000109011B0190FBF5F091FB66
S31502004910F5F193FBF5F3CDE92301259327E6002371
S315020049200693B1E43EB9099A209B1203A2F580329E
S3150200493003EB620320933A9B9A077BD4089A239B44
S315020049401203A2F5803203EB620349462046239303
S3150200495001F072F8D9F8285174E50E9BCDF804904F
S31502004960009326AB184617930D9BFEF74DF9129846
S31502004970BDF87A20BDF87810149BB21A411A00933A
S3150200498029A8139BCDF8049012B209B21290FEF731
S315020049903BF93BE5BDF97A10BDF97E2020A8521AF3
S315020049A04FEA221B59460E93FEF72AFA594623A8C6
S315020049B0FEF726FA59461798FEF722FA5946129832
S315020049C0FEF71EFA0E9BB6E543F00203033B18BF41
S315020049D001233A995B0041F002013A91069353E4AE
S315020049E01B0193FBF1F384464EE5DDE908018142A2
S315020049F027DC01210A91089941F34F010D912CA957
S31502004A0002EB420201EB820201211EAEB4463B9E3C
S31502004A10303A0B9107CA86E80700BCE803003C9AC5
S31502004A201060516082E5BDF97A20079B4FF00008BD
S31502004A309A1A5BE54946204600F0FEFFD9F828514E
S31502004A4000E5079A0A9611920C9A109201221141D8
S31502004A500D91D4E700221199BDF972300D9DCB1A42
S31502004A601BB210990093BDF970302046CB1A29B2B9
S31502004A701BB20191CDE9032249460292FCF71AFDC7
S31502004A802B460F331B090693B8F1000F00F039814C
S31502004A900A992CAA01EB410302EB830353F8282C53
S31502004AA04F00524243F8282C289BBDF978205B42DE
S31502004AB028932B9B5B422B93BDF970309B1A1D11D9
S31502004AC0BDF97A20BDF972309B1ACBEB231600236F
S31502004AD0494620461CAA00F07FFB00234946204691
S31502004AE01CAA01F03FFDDDE92632062102FB053351
S31502004AF0289A02FB0633D4F8B82102F10800C4F85A
S31502004B00B801C2E90013D4F8BC31013B002BC4F84A
S31502004B10BC3103DC2046D4F8C03198470C22D4F8C5
S31502004B20B831279903F10800C4F8B801C3E9002196
S31502004B30D4F8BC31013B002BC4F8BC3103DC20465F
S31502004B40D4F8C03198471222D4F8B831289903F123
S31502004B500800C4F8B801C3E90021D4F8BC31013B0E
S31502004B60002BC4F8BC3103DC2046D4F8C031984788
S31502004B70DDE92932072102FB05332B9A02FB0633B4
S31502004B80D4F8B82102F10800C4F8B801C2E900134A
S31502004B90D4F8BC31013B002BC4F8BC3103DC2046FF
S31502004BA0D4F8C03198470D22D4F8B8312A9903F1C6
S31502004BB00800C4F8B801C3E90021D4F8BC31013BAE
S31502004BC0002BC4F8BC3103DC2046D4F8C031984728
S31502004BD01322D4F8B8312B9903F10800C4F8B801AE
S31502004BE0C3E90021D4F8BC31013B002BC4F8BC3127
S31502004BF003DC2046D4F8C031984708220A9BF918EC
S31502004C002CAB03EB810151F8303C51F82C0CC3F567
S31502004C10803300FB153351F8281C01FB1633D4F8F8
S31502004C20B81101338818C4F8B801C1E90023D4F8D1
S31502004C30BC31013B002BC4F8BC3103DC2046D4F85E
S31502004C40C03198470E210A9B2CAAFB1802EB83035C
S31502004C5053F82C2CD4F8B831524203F10800C4F8A8
S31502004C60B801C3E90012D4F8BC31013B002BC4F8E9
S31502004C70BC3103DC2046D4F8C031984714210A9B84
S31502004C801F442CAB03EB870757F8282CD4F8B8310E
S31502004C90524203F10800C4F8B801C3E90012D4F87D
S31502004CA0BC31013B002BC4F8BC3103DC2046D4F8EE
S31502004CB0C0319847D9F82831494603F4D052184BE7
S31502004CC02046134300931CAA0523FEF755F900223A
S31502004CD0D4F8B83103F10801C4F8B811C3E90020C9
S31502004CE0D4F8BC31013B9342C4F8BC3103DC204604
S31502004CF0D4F8C03198472046069A1CA901F05AF901
S31502004D00C4E5BDF97820BDF970309B1A1D11BDF9B5
S31502004D107A20BDF972309B1A1E110A9B5F00D6E6F5
S31502004D205D2040002DE9F04F91F8D5C091B01CF0FE
S31502004D30010FBDF968A0BDF96CB0BDF970701FD145
S31502004D402F2F0C4605469146984604DD91F8D6C0AB
S31502004D50BCF1020F26D02146209C1D9B06941F9C67
S31502004D60CDE9027305941E9C43464A462846CDE980
S31502004D7000AB0494FEF72CFA012011B0BDE8F08FC7
S31502004D801D9C08AD04940AACCDE90277CDE9054530
S31502004D90CDF804B0CDF800A0FFF7EEF9012011B06E
S31502004DA0BDE8F08F1D9E06F0030CBCF1030FD2D0B6
S31502004DB0209ECDE901B706961F9ECDF800A0059666
S31502004DC01E9E04961D9E46F4C05C4CF0030CCDF864
S31502004DD00CC0FEF7FDF90028CED01D9BDA0710D5D0
S31502004DE01D9B9B07C8D4022621461F9C5B46039443
S31502004DF01E9C52462846CDE900760294FFF760F8DB
S31502004E00BAE71F99434603911E994A460291012128
S31502004E102846019100972146FFF752F8E0E700BFC6
S31502004E20F0B58C461D46002491B00DF1200E0AAF56
S31502004E30816ABDF95830CDE9047EBDF95C60189FE0
S31502004E400193CDE902671346069462460095FFF781
S31502004E5069FF204611B0F0BD30B5002591B0009330
S31502004E6013460A461699BDF95040039108A90591C1
S31502004E700AA9019406950491B0F86C10BDF9544044
S31502004E8004EB410424B2C16A0294FFF74BFF2846A1
S31502004E9011B030BD30B50025964691B0BDF954200B
S31502004EA006950292169ABDF950C0039208AA059277
S31502004EB00AAA0492B0F86E2013441BB20093B0F80B
S31502004EC070300A449C440FFA8CF47344C16A12B2DD
S31502004ED001941BB2FFF726FF284611B030BD00BF72
S31502004EE02DE9F04F4FF0000993B01E9DBDF97440B5
S31502004EF003951D468B4690460294099404460AAFD2
S31502004F000CAE0597CDF818900496B0F86E20B0F85E
S31502004F107030BDF970A0511909B2009103EB0A0174
S31502004F2009B201915A444344C16A12B21BB2FFF755
S31502004F30F9FE204600F042FD1E9A099BCDE9046760
S31502004F4003920293CDF81890CDF804A0A16A4346C5
S31502004F505A4620460095FFF7E5FE204600F052FD30
S31502004F60484613B0BDE8F08F2DE9F04F1D464FF0CD
S31502004F7000088B46044693B0BDF970901E9B0AAF9B
S31502004F800CAE0393CDF804900597CDF818800496DD
S31502004F900095BDF974A0B0F86C1013460AEB4101F6
S31502004FA009B20291C16A09925A46FFF7BBFE204630
S31502004FB000F004FD1E9BCDE90467CDE902A3CDF8FE
S31502004FC01880CDF80490A16A5A46099B204600959E
S31502004FD0FFF7A8FE204600F015FD404613B0BDE8D7
S31502004FE0F08F00BFB0F1804F03466ED34FF0A04260
S31502004FF04FF4004003F14043934224BF00F5804042
S315020050009B1A820302F18062934224BF00F500508C
S315020050109B1A420302F18072934224BF00F580502C
S315020050209B1A020302F58002934224BF00F5006038
S315020050309B1AC20202F58012934224BF00F58060D9
S315020050409B1A820202F58022934224BF00F5007069
S315020050509B1A420202F58032934224BF00F5807009
S315020050609B1A020202F58042934224BF80309B1AA9
S31502005070C20102F58052934224BF40309B1A82013C
S3150200508002F58062934224BF20309B1A420102F548
S315020050908072934224BF10309B1A0201403293421F
S315020050A024BF08309B1AC2001032934224BF043038
S315020050B09B1A82000432934224BF02309B1A42009A
S315020050C00132934250EA309070474FF080520020EE
S315020050D092E700BF03F0B0BA03F0B0BA2DE9F0418F
S315020050E00D4668B306460846904603F0A9FA0446FA
S315020050F048B386422F4602D23846BDE8F081304692
S3150200510003F09AFA0746F0B1B8F1000F12D0A408DC
S3150200511010D0A400A4F1040E4FEA9E0E0EF1010E69
S3150200512002464EF001E02B1F53F8041F42F8041BFF
S315020051300FF007C0284603F081FA3846BDE8F08131
S31502005140084603F07BFA00273846BDE8F08100BF27
S3150200515038B504460D46FDF7B1FAD4F88430DA07BD
S3150200516011D4DB0604D42846BDE8384003F064BAFD
S315020051702A460421044603F065FA01462046BDE8A4
S31502005180384003F06BBA2A46BDE83840042103F0E2
S3150200519059BA00BF38B505460C46FDF78FFAD5F861
S315020051A08430DA0711D4DB060AD52146054603F018
S315020051B053FA042102462846BDE8384003F046BAAF
S315020051C02046BDE8384003F039BA2246BDE83840E9
S315020051D0042103F03BBA00BF2DE9F0410D46C97D1B
S315020051E0022901D0BDE8F081E96F0446D5E92067BE
S315020051F001F02000B5F990C0B5F99210002B4DD1FF
S31502005200002800F09F8001FB07F706FB0C77D5F814
S31502005210883003EB27132421D4F8B8215B4202F12C
S315020052200800C4F8B801C2E90013D4F8BC31013B46
S31502005230002BC4F8BC3103DC2046D4F8C0319847B1
S315020052402522D4F8B831D5F8801003F10800C4F845
S31502005250B801C3E90021D4F8BC31013B002BC4F8E4
S31502005260BC3103DC2046D4F8C03198472622D4F854
S31502005270B831D5F8841003F10800C4F8B801C3E9BF
S315020052800021D4F8BC31013B002BC4F8BC31A9DCA7
S315020052902046D4F8C031BDE8F0411847B2F900E023
S315020052A0B2F90280B2F90630002842D006FB0CF6AB
S315020052B0A3EB08035B1A07FB1366D5F8882002EBFB
S315020052C026132421D4F8B8215B4202F10800C4F85F
S315020052D0B801C2E90013D4F8BC31013B002BC4F873
S315020052E0BC3103DC2046D4F8C03198472522D4F8D5
S315020052F0B831D5F8801003F10800C4F8B801C3E943
S315020053000021D4F8BC31013B002BC4F8BC3103DCCC
S315020053102046D4F8C03198472621D5F88420D4F8FF
S31502005320B831524203F10800C4F8B801C3E90012C9
S31502005330A7E7CB1A07FB03F3ACEB0E0E06FB0E3305
S315020053401B11BEE7B2F90230B2F90020CB1A07FBF5
S3150200535003F3ACEB020C06FB0C331B115BE700BF3D
S3150200536080EF50602DE9F04FA7B00A93309BBDF94C
S31502005370C440022B0F948DED1C7FCDE91010329C98
S31502005380BDF9CC60BDF9D050159200F2EA8040F02A
S31502005390E480002313930B9314F00403B1B2A8B272
S315020053A016930D91309B0E9040F0EE80013B3093A8
S315020053B0159BE2431D460E995B8802F001020B44DF
S315020053C00FFA83FA0D9935F8043B0B441BB21F46BC
S315020053D0309B012B00F0458116990C91002604F0B2
S315020053E006031293309BB046023BB14614930996CC
S315020053F0134656463A4604350EE0149BA3EB0903C0
S31502005400B3FA83F35B095B00309809F10109814520
S3150200541005F1040500F0A1800D9835F8044C0896B4
S31502005420044435F8026C0E9824B20644944236B20D
S3150200543000F0C5800B9883F00307002800F0BB80BC
S31502005440099858EA000000F0E280C246DDF824B06E
S31502005450F8070AD583F4007701EB0A035B421D9332
S315020054600C9B87F003075B441C93BB072ED5309B2E
S31502005470CDE91712013B4B4500F0E6806B880D9A89
S31502005480B5F8008013441BB29B1B03FB03F0904448
S315020054900FFA88F8A8EB040808FB08000993FFF73F
S315020054A0A1FDDDE9171240B1099B4FEA08281B024C
S315020054B093FBF0F398FBF0F8099308EB0A035B42BF
S315020054C01F93099B47F480675B441E930A9B2BB18B
S315020054D0184650F8043B012B0A902CD0139847F437
S315020054E0C053002870D10B98A8B10C9B0AFB03F09D
S315020054F00BFB01F3984247F4605347F4F047C8BFE9
S315020055003B4609990BFB08F00AFB01F1814243F481
S315020055100041C8BF0B461CA906911AA905910F990D
S315020055200393CDE9016120A90491089B0094DDE96A
S315020055301010FFF7F7FB129B51462246CDF830B00A
S31502005540002B3FF45AAF309809F1010981454FF01B
S31502005550000305F104057FF45FAF012027B0BDE823
S31502005560F08F0F9B102B7FF714AF109B93F8D73059
S31502005570002B73D0022B0CBF0123002313930CBF05
S31502005580002301230B9307E7159D03F18043013B9B
S3150200559005EB830235F823300B441BB21F465388B2
S315020055A003440FFA83FA0B9B002B62D10B9A159DCB
S315020055B011460C9212E7C246DDF824B086E7089837
S315020055C0B0427FF437AF1FE703931CAB06931AABC7
S315020055D005930F9B20AFCDE90163DDE91010089B0F
S315020055E0009404970C92FFF79DFB169A52EA090360
S315020055F0A1D0012102971AAF03970F9F0191089B31
S315020056000C9A0097DDE91010FEF75AFC93E7CDE9F4
S315020056101831089BA4EB020AA6EB030B0BFB0BF05B
S315020056200AFB0A001792FFF7DDFCDDE91723199939
S3150200563000283FF40DAF4FEA0A2A4FEA0B2B9AFBDA
S31502005640F0FA9BFBF0FB03E7159A0E995388B2F822
S3150200565000800B441BB20D9A9B1B16E713930B9308
S315020056609AE6A6073FF5B8AE169942F002020C91E9
S31502005670B4E632F8021C32F8043C02460A4412B27C
S31502005680AAEB02050D9A05FB05F013441BB2F91AA3
S3150200569001FB010008910C95FFF7A4FC089902464C
S315020056A048B12B0293FBF0F3090291FBF0F10022C1
S315020056B0159D0C9392E6159D90E600BFF8B5C66857
S315020056C0D6E90F329A4221D0D0F8C0712F4D044646
S315020056D0AF423FD0FCF79AFBE36FC3B12046FCF71B
S315020056E095FBF36BC4F8BC31E26F6AB9E268516CA0
S315020056F01364C4F8B411936CC4F8B831D36CC4F80B
S31502005700BC31136DC4F8C031F36B3364F8BDE36882
S31502005710D4F8B4215A64D4F8B8219A64D4F8BC21D6
S31502005720DA64D4F8C0211A659A6BC4F8B421D3E9B5
S315020057300F10091A02EBC102C4F8B8211B6C2046ED
S31502005740C4E96F35FCF762FBF36BAF42C4F8BC31B8
S31502005750CAD1D9E7D0F8BC313364736CC0F8B4311E
S31502005760B36CC0F8B831F36CC0F8BC31336DC0F815
S31502005770C031FCF74BFBE36F002BC8D02046FCF789
S3150200578045FBF36BC4F8BC31BEE700BF915700027C
S31502005790012270B5C5680446D5E90E163001964059
S315020057A0FFF79CFCC0B1D5E90F32F31A1A44C5E9DA
S315020057B00F62A86383B1D4F8BC21E1681344C4F82C
S315020057C0BC318B6BD4E96D02121A1344C4F8B8319A
S315020057D08B6BC4F8B43170BDE36F33B1E368D4F8B0
S315020057E0B4211B6CC4E96E2370BD2046FFF766FF29
S315020057F0E368D4F8B4211B6CC4E96E23F4E700BF56
S31502005800F8B500B3022906460D4619D9022A1746EB
S3150200581016D95820FFF75EFC0446B8B100230146AC
S315020058202A463046A363FCF7E3FDE8B1F36F8BB17A
S315020058300023C4E90873636586F8C6312046F8BDBD
S315020058400D2386F8C63100242046F8BD012386F8CA
S31502005850C631F8E74FF40070FFF73CFCA06318B1BD
S315020058604023C4E90F33E3E70123204686F8C63115
S31502005870FFF732FCE7E700BFF8B505460C46FCF732
S31502005880C5FAEB6F2BB1EE68A64202D0776D002FF8
S3150200589035D0002C31D000236365EC606B63626AFD
S315020058A0CAB96369F3B11B681E6821462846FCF72C
S315020058B055FD214632462846FCF768FDA96E11F0D1
S315020058C0200104D13B2205F5BC700FF01DFF00201C
S315020058D085F8C601F8BD63622046FCF7B1F9636933
S315020058E0002BE0D1D5F88420636812F0120F02D0A3
S315020058F01E69002ED9D15E68D7E7AC68CBE7304681
S31502005900FCF768F93369094A31461A603369284651
S315020059105F603369B2680433D36033693A46083349
S315020059203361B761FCF76CFCB3E700BF328080805D
S315020059302DE9F041D0E90268C660736A04464768F9
S315020059406BBB0121736D716263B9436E082B29D05B
S31502005950E36F13B92046FFF7B1FE01223146204616
S31502005960FCF74EFC01230022736531462046FDF703
S3150200597007FC0023736294F9C751C4F80C80A84649
S3150200598084F8C7313946204684F8C651FFF774FFBA
S31502005990C4E9016784F8C6514046BDE8F081122584
S315020059A0A846EFE7FCF78CFED2E700BF10B5044627
S315020059B0FCF7CEFE002084F8C60110BDC36F03B10A
S315020059C07047C368D0F8B41130B45964D0F8B8112E
S315020059D09A6B9964D0F8BC11094CD964D0F8C011FD
S315020059E01965C0F8B4211D6CD96B491B02EBC102C3
S315020059F0C0F8B8211B6CC0E96F3430BC704700BFD9
S31502005A0091570002C36F7BB9C368D0F8BC115A6CB8
S31502005A101964C0F8B4219A6CC0F8B821DA6CC0F8DF
S31502005A20BC211B6DC0F8C031704700BFC36F03B104
S31502005A307047FFF743BE00BF2DE9F041436B0446B2
S31502005A408B420D4617D0656395F80E312A7E23F0F8
S31502005A500103012A85F80E3100F00A82D5F8246185
S31502005A60EB7D46F08077032B09D8DFE813F0270198
S31502005A705E01A7010A0091F80E31DE07E3D4BDE804
S31502005A80F08195F80E31590700F11F821922D4F8D8
S31502005A90B831D5F8601103F10800C4F8B801C3E9BA
S31502005AA00021D4F8BC31013B002BC4F8BC3103DC25
S31502005AB02046D4F8C0319847287ED4F8B831012858
S31502005AC0D5F8642103F1080104D1E87C22F07F4273
S31502005AD042EA00621A20C4F8B811C3E90002D4F8F7
S31502005AE0BC31013B002BC4F8BC3103DC2046D4F8A0
S31502005AF0C0319847D5F83C3113F0807302D194F93E
S31502005B00C42132B12046FCF7ADFAD5F83C3103F098
S31502005B108073003B18BF01232F21D4F8B82184F8E3
S31502005B20C431D5F8F83002F10800C4F8B801C2E968
S31502005B300013D4F8BC31013B002BC4F8BC3103DCA2
S31502005B402046D4F8C03198472D22D4F8B831D5F87A
S31502005B50EC1003F10800C4F8B801C3E90021D4F837
S31502005B60BC31013B002BC4F8BC3103DC2046D4F81F
S31502005B70C03198472E22D4F8B831D5F8381103F13E
S31502005B800800C4F8B801C3E90021D4F8BC31013BCE
S31502005B90002BC4F8BC3103DC2046D4F8C031984748
S31502005BA03922D4F8B83195F80D1103F10800C4F87A
S31502005BB0B801C3E90021D4F8BC31013B002BC4F87B
S31502005BC0BC3103DC2046D4F8C0319847D4F8803083
S31502005BD09A024BD5D5F8082113F0807F0CBF102707
S31502005BE04FF48077002A00F07E81A16B8A4200F092
S31502005BF07481012385F80C3100223721D4F8B8319B
S31502005C0003F10800C4F8B801C3E90012D4F8BC31A4
S31502005C10013B9342C4F8BC3103DC2046D4F8C031C0
S31502005C20984700264FF03808BF00D5F80821D4F867
S31502005C30B831925903F10801C4F8B811C3E90082D8
S31502005C40D4F8BC31013B002BC4F8BC3103DC20463E
S31502005C50D4F8C03198470436BE42E6D10023D5F8BF
S31502005C60082185F80C31D4F88030A2639B01D5F85F
S31502005C70442103D5B2F1806F00F07B81D5F834114F
S31502005C80D5F82431D5F83C010B43D5F8401143EA47
S31502005C9002050543A26D0D43C54B45F002056A4058
S31502005CA01340002B40F01581D4F8B831A56503F1F5
S31502005CB00801C4F8B81101225D6027E0D5F84C113D
S31502005CC0AA68D4F8B8310A43192103F10800C4F8C6
S31502005CD0B801C3E90012D4F8BC31013B002BC4F869
S31502005CE0BC3103DC2046D4F8C0319847A26DB04BD4
S31502005CF07A401340002B40F0B7800122D4F8B83125
S31502005D00A76503F10801C4F8B8115F601A60D4F8F8
S31502005D10BC31013B002BC4F8BC313FF7B0AE204684
S31502005D20D4F8C031BDE8F0411847D5F84C11AA683D
S31502005D30D4F8B8310A43192103F10800C4F8B801AE
S31502005D40C3E90012D4F8BC31013B002BC4F8BC31C4
S31502005D5003DC2046D4F8C0319847287ED4F8B831FF
S31502005D600128EA6803F1080100F0A080D5F84C0189
S31502005D70C4F8B8111A210243C3E90012D4F8BC319F
S31502005D80013B002BC4F8BC3103DC2046D4F8C031F9
S31502005D909847A26D46F08076854B46F400567240CF
S31502005DA01340002B40F08D80D4F8B831A66503F17C
S31502005DB00801C4F8B81101225E60A7E795F80E3112
S31502005DC098077AD4A968D5F85021D4F8B8310A438D
S31502005DD0192103F10800C4F8B801C3E90012D4F886
S31502005DE0BC31013B002BC4F8BC3103DC2046D4F89D
S31502005DF0C0319847E968D5F85421D4F8B8310A4336
S31502005E001A2103F10800C4F8B801C3E90012D4F854
S31502005E10BC31013B002BC4F8BC3103DC2046D4F86C
S31502005E20C03198471D22D4F8B831D5F8141103F1C0
S31502005E300800C4F8B801C3E90021D4F8BC31013B1B
S31502005E40002BC4F8BC3103DC2046D4F8C031984795
S31502005E50D5F83031A26D1F4347F00107544B7A4003
S31502005E601340002B3FF449AF2046FCF7B1F844E754
S31502005E701A21D5F82431EA7C23F44003C5F82431EB
S31502005E80D4F8B831120603F10800C4F8B801C3E920
S31502005E900012D4F8BC31013B002BC4F8BC313FF7E9
S31502005EA0DDAD2046D4F8C0319847D7E5E87CC4F882
S31502005EB0B81142EA00621A215EE72846FBF7E0FAC9
S31502005EC080E72046FCF784F86EE7284600F02CFBB4
S31502005ED0DCE52046FCF77CF8E6E695F90C21002A7B
S31502005EE07FF48AAEC2E6D5F80421002A3FF4BEAE9C
S31502005EF0A16B8A4256D0012385F80C310022372144
S31502005F00D4F8B83103F10800C4F8B801C3E90012A5
S31502005F10D4F8BC31013B9342C4F8BC3103DC2046C1
S31502005F20D4F8C031984700264FF03808BF00D5F89C
S31502005F300421D4F8B831925903F10801C4F8B81112
S31502005F40C3E90082D4F8BC31013B002BC4F8BC3152
S31502005F5003DC2046D4F8C03198470436B742E6D16E
S31502005F600023D5F8042185F80C31D4F88030A263D9
S31502005F707CE63A22D4F8B831D5F8481103F1080084
S31502005F80C4F8B801C3E90021D4F8BC31013B002BA7
S31502005F90C4F8BC3103DC2046D4F8C0319847D5F8A2
S31502005FA044216BE695F90C21002AA7D15EE600BFD3
S31502005FB0C801F0302DE9F0410F464FF01F0CB1F940
S31502005FC00450B0F84010D0F8B83101EB0241B7F9ED
S31502005FD0002003F1080EB7F90660AD1AB7F90220E0
S31502005FE0C0F8B8E1C3E900C1D0F8BC31B61A013B2A
S31502005FF02D113611002B044605F1010506F10106A5
S31502006000C0F8BC3102DCD0F8C03198471E22D4F861
S31502006010B83105EB064503F10801C4F8B811C3E926
S315020060200025D4F8BC31013B002BC4F8BC3103DC9B
S315020060302046D4F8C0319847636C022B38D0042B23
S315020060401ED0012B1AD12020B7F90220B7F9003051
S31502006050216C12111B1101FB0233D4F8B821E16B3A
S3150200606002F108051944C4F8B851C2E90001D4F88E
S31502006070BC31013B002BC4F8BC3113DDBDE8F08115
S31502006080B7F90220B7F90030216C12111B1101FB7E
S315020060900233D4F8B821E16B202002F1080501EBA6
S315020060A08301E0E72046D4F8C031BDE8F041184745
S315020060B0B7F90220B7F90030216C12111B1101FB4E
S315020060C00233D4F8B821E16B202002F1080501EB76
S315020060D04301C8E72DE9F0414FF01F0C0F46036C50
S315020060E012045B4212FA83F3D0F8B821B1F90450D4
S315020060F0B1F9001002F1080EB7F906606D1AB7F988
S315020061000210C0F8B8E1C2E900C3D0F8BC31761A71
S31502006110013B2D113611002B044605F1010506F14E
S315020061200106C0F8BC3102DCD0F8C03198471E2205
S31502006130D4F8B83105EB064503F10801C4F8B811E5
S31502006140C3E90025D4F8BC31013B002BC4F8BC31AD
S3150200615003DC2046D4F8C0319847636C022B38D052
S31502006160042B1ED0012B1AD12020B7F90620B7F92D
S315020061700030216C12111B1101FB0233D4F8B82135
S31502006180E16B02F108051944C4F8B851C2E90001ED
S31502006190D4F8BC31013B002BC4F8BC3113DDBDE899
S315020061A0F081B7F90620B7F90030216C12111B11E4
S315020061B001FB0233D4F8B821E16B202002F1080575
S315020061C001EB8301E0E72046D4F8C031BDE8F04197
S315020061D01847B7F90620B7F90030216C12111B11C6
S315020061E001FB0233D4F8B821E16B202002F1080545
S315020061F001EB4301C8E700BF10B50446FAF73CFEBF
S31502006200002084F8C60110BD30B50446406E83B046
S315020062100138BDF9185007280ED8DFE800F004133C
S315020062201C252E0D0D0420460095FAF723FD43B2D8
S3150200623084F8C63103B030BD0923184684F8C63146
S3150200624003B030BD20460095FAF73CFD43B284F810
S31502006250C63103B030BD20460095FAF7BDFD43B204
S3150200626084F8C63103B030BD20460095FAF714FD16
S3150200627043B284F8C63103B030BD20460095FAF722
S31502006280D1FD43B284F8C63103B030BD70B50446C1
S31502006290406E84B00138BDF92050BDF9246007284C
S315020062A011D8DFE800F00416222E3A1010040A98DC
S315020062B00095CDE901602046FEF7B2FD43B284F8AF
S315020062C0C63104B070BD0923184684F8C63104B03D
S315020062D070BD0A980095CDE901602046FEF7BCFD27
S315020062E043B284F8C63104B070BD0A980095CDE970
S315020062F001602046FEF738FE43B284F8C63104B088
S3150200630070BD0A980095CDE901602046FEF7C2FDF0
S3150200631043B284F8C63104B070BD0A980095CDE93F
S3150200632001602046FEF7DCFD43B284F8C63104B0B4
S3150200633070BD00BF91F8E43010B5013B062B00F2A8
S31502006340ED80DFE803F004151B22282F35004FF0FD
S315020063507F434FF0FF0C1A46604691F8E5E0BEF126
S31502006360070F77D8DFE80EF02C837BB4AEA8A172B4
S3150200637091F8DC0003061A468446EEE700234FF046
S315020063807F424FF0FF0C1846E7E700224FF07F43AB
S31502006390FF209446E1E7002391F8DCC018464FEA55
S315020063A00C62DAE7002291F8DC0094460306D4E791
S315020063B091F8DC0091F8E0C003064FEA0C62CCE7E4
S315020063C04FF0000C604691F8E6E0BEF1070F5AD88E
S315020063D0DFE80EF00498908A84655E554FF0000C53
S315020063E0604691F8E7E0BEF1070F00F29380DFE81E
S315020063F00EF0072823201D19041291F8DF0003432B
S3150200640091F80E01C1F8583140F00403C1F85C213D
S3150200641081F80E3110BD91F8DF4091F8E300234375
S315020064200243EDE791F8DF000243E9E743F0FF0399
S31502006430E6E742F0FF02E3E791F8DF000343024397
S31502006440DEE743F0FF0342F0FF02D9E791F8DD00F1
S3150200645091F8E1C043EA004342EA0C42B3E791F8FD
S31502006460DD00844643EA004342EA0042ABE74FF0CE
S31502006470FF0C43F47F03604642F47F02A3E791F8E0
S31502006480DE0091F8E2C043EA002342EA0C22A8E7C2
S3150200649091F8DE004FF0000C43EA0023A1E791F8E1
S315020064A0DEC0002042EA0C229BE791F8DD004FF0A5
S315020064B0000C43EA004386E791F8DDC0002042EA79
S315020064C00C4280E74FF0000CFF2043F47F037AE78B
S315020064D04FF0FF0C002042F47F0274E74FF0000CED
S315020064E0FF2043F47F437CE74FF0FF0C002042F489
S315020064F07F4276E791F8DE00844643EA002342EAC9
S3150200650000226EE74FF0FF0C43F47F43604642F4ED
S315020065107F4266E7034342EA0C0271E700231A460A
S315020065209C46184619E700BF6FF07F43D0F84C111E
S3150200653030B4D0E95654090A2A0E01FB023265F339
S315020065401702250E01FB053390F80E1164F31703AB
S31502006550C0F8602121F00402C0F8643180F80E21EF
S3150200656030BC70472DE9F04FCD7D81B0032D02D0AE
S3150200657001B0BDE8F08F0E46B2F90050B1F9A8108D
S31502006580D6F8FC70491BD6F89850044605FB01FC68
S31502006590D6F8B050B6F9AAB005FB01F1D6F8A0506C
S315020065A0D6F89C8007EB050ED6F8A470D6F80051F3
S315020065B0D6F8B4A005EB0709D0F8B87107F10805BB
S315020065C0002B40F0C780B2F90230C0F8B851ABEBED
S315020065D0030308FB03CC0AFB03112423AEEB2C15A1
S315020065E07D603B60D0F8BC31A9EB2115013B002B45
S315020065F0C0F8BC3102DCD0F8C03198472522D4F865
S31502006600B831D6F8981003F10800C4F8B801C3E906
S315020066100021D4F8BC31013B002BC4F8BC3103DCA9
S315020066202046D4F8C03198472622D4F8B831D6F895
S315020066309C1003F10800C4F8B801C3E90021D4F89C
S31502006640BC31013B002BC4F8BC3103DC2046D4F834
S31502006650C0319847D6F8EC102B1401FB03F327211F
S31502006660D4F8B821D6F8B07002F10800D6F8B48092
S31502006670C4F8B801C2E90013D4F8BC31013B002BBF
S31502006680C4F8BC3103DC2046D4F8C031984728222E
S31502006690D4F8B831ADB203F10801C4F8B811C3E9B0
S315020066A00025D4F8BC31013B002BC4F8BC3103DC15
S315020066B02046D4F8C03198472921D6F8EC303A144E
S315020066C003FB02F2D4F8B83103F10800C4F8B801AA
S315020066D0C3E90012D4F8BC31013B002BC4F8BC312B
S315020066E003DC2046D4F8C0319847D6F8EC304FEA9E
S315020066F0284203FB02F2D4F8B83103F10801C4F8C8
S31502006700B8112A21C3E90012D4F8BC31013B002B8F
S31502006710C4F8BC3103DC2046D4F8C03198472B219B
S31502006720D4F8B821BBB202F1080043EA0843C4F820
S31502006730B801C2E90013D4F8BC31013B002BC4F8FE
S31502006740BC313FF715AF2046D4F8C03101B0BDE8E1
S31502006750F04F1847B2F90630C0F8B851ABEB030553
S3150200676008FB05C8AEEB28137B6024233B60D0F8F8
S31502006770BC310AFB0515013B002BA9EB2515C0F818
S31502006780BC3102DCD0F8C03198472522D4F8B831A2
S31502006790D6F8981003F10800C4F8B801C3E900213D
S315020067A0D4F8BC31013B002BC4F8BC3103DC2046D3
S315020067B0D4F8C0319847D4F8B831D6F89C2003F102
S315020067C00801C4F8B81126215242C3E90012D4F8CE
S315020067D0BC31013B002BC4F8BC3103DC2046D4F8A3
S315020067E0C0319847D6F8EC102B1401FB03F3D6E917
S315020067F02C71C1F100082721D4F8B82102F1080052
S31502006800C4F8B801C2E90013D4F8BC31013B002B2D
S31502006810C4F8BC3103DC2046D4F8C031984728229C
S31502006820D4F8B831ADB203F10801C4F8B811C3E91E
S315020068300025D4F8BC31013B002BC4F8BC3103DC83
S315020068402046D4F8C03198472921D6F8EC303A14BC
S3150200685003FB02F2D4F8B83103F10800C4F8B80118
S31502006860C3E90012D4F8BC31013B002BC4F8BC3199
S3150200687003DC2046D4F8C0319847D6F8EC304FEA0C
S31502006880284203FB02F2D4F8B83103F10801C4F836
S31502006890B8112A21C3E90012D4F8BC31013B002BFE
S315020068A0C4F8BC3103DC2046D4F8C03198472B2209
S315020068B0D4F8B831BFB203F1080147EA0847C4F871
S315020068C0B811C3E9002736E7F0B5C66C054637B2FC
S315020068D0006DBDF914C09F42D8BF06F1FF330FFA0F
S315020068E080FED8BF1BB2E645DCBF00F1FF3C0FFAC3
S315020068F08CFC2CEAEC744FF0000C21EAE1718F4219
S3150200690022EAE272DCBF06F1FF3631B29645E6466E
S31502006910D8BF00F1FF3023EAE373D8BF02B2090100
S315020069201B0160461201240185F8C6C163F30F0EEE
S3150200693061F30F0C62F31F4C64F31F4EC5F872C06D
S31502006940C5F876E0F0BD00BFF0B583B0DDE90856C4
S31502006950072E0446C0E91335C1638664026409DC66
S31502006960002E10DB072E0ED8DFE806F03C41360873
S315020069700D0D474C402E2FD0412E04D14FF440111D
S31502006980022261656264E669BEB1D6F82C71D6F858
S315020069901C21606DD6F820113A430243D6F83C71A9
S315020069A0D6F840010A433A43D6F8441102430A4351
S315020069B0C6F824213668002EE7D10022013D2DB209
S315020069C0013B2046114600951BB2FFF77DFF0020D2
S315020069D084F8C60103B0F0BD4FF4001104226165CC
S315020069E06264D0E70021012241654264CBE74FF49D
S315020069F08011022241654264C5E7042204494264C9
S31502006A004165C0E70222034942644165BBE700BF14
S31502006A100001200000013000B0F97620B1F9003003
S31502006A209A4227DBB1F90220B0F978C0944521DBFE
S31502006A3030B5B1F904E0B0F972C0E6451CDBB1F934
S31502006A400650B0F97440A54216DB6345BCBFA1F8F7
S31502006A5000C0B0F97440A242B8BF4C80B0F976309B
S31502006A609E45C8BF8B80B0F978309D4200DDCB8051
S31502006A70012030BD00207047002030BD704700BFA6
S31502006A802DE9F843089E082E42DC0024814615466D
S31502006A9008464FF0FF32214698464FF0FF37FFF780
S31502006AA0EDFF874274EB01012CD3D9F80030002E9A
S31502006AB01861D9F800301D6214DDA8F10805A04658
S31502006AC0F5E902012246FFF7D9FF874278EB010179
S31502006AD012D304F11002D9F800300134A64243F869
S31502006AE03200EDD1D9F80020936803F00C0343F08D
S31502006AF001039360BDE8F883A421084B084A0948BC
S31502006B0002F0CCF99821084B054A064802F0C6F96C
S31502006B109421064B024A034802F0C0F9C8800102DA
S31502006B20C091010274800102B08001024C80010210
S31502006B30704700BF0268936803F00C0343F0020338
S31502006B40936003685A685107C2F3800012D45A68E8
S31502006B50C2F30011D2060CD45A68C2F3C010120650
S31502006B6006D45A68D20504D45868C0F34010704758
S31502006B70084670470020704710B40024D0E901127D
S31502006B80121BB1FA81F118BF01228446490942EA71
S31502006B904102006862F30704C4601F4BDCF8001070
S31502006BA001E0013B02D04A681207FAD44B68C3F3EC
S31502006BB0C0001B0709D4DCF804304A6AB3FA83F32F
S31502006BC0C2F340025B09934204D04FF0FF305DF8F6
S31502006BD0044B7047DCF808204B6A003A18BF0122C2
S31502006BE003F001039A42F0D1022245F25354CA61DC
S31502006BF0DCF80020094BD463DCF800201364DCF8CF
S31502006C0000205364DCF800209364DCF80020D3648F
S31502006C105DF8044B704700BFA086010000001F0FFD
S31502006C2008B5C0E9001283608B6A1B0F01D00020F1
S31502006C3008BDFFF7A1FFB0FA80F0400908BD00BF0A
S31502006C400068022A836803F00C0306D0A2F101024F
S31502006C50B2FA82F2520962F3C303022906D0A1F103
S31502006C600101B1FA81F1490961F3820383600020CF
S31502006C70704700BF10B50068836A04688B422AD049
S31502006C804FEA136C4B405FFA83FE1B074FEA116112
S31502006C901DD18CEA01000F288CBF00200120BEF115
S31502006CA0100F28BF00201CF0080F03D111F0080FA7
S31502006CB018BF002082EA0403B3F1805F09D2C2F34F
S31502006CC00752C4F30754A24288BF002010BD002019
S31502006CD0E5E7002010BD0120ECE700BF0048704741
S31502006CE0EC2B0422002070470020704708B50120D3
S31502006CF00DF03CFD08B10023037008BD00E020BF83
S31502006D000378002BFBD0013B03700020704700BFC5
S31502006D1003780133037040BF00207047704700BFFD
S31502006D20704700BF437C012B0FD0022310B50374BA
S31502006D300446FFF7FFFE034683F001035B00DBB266
S31502006D40E06A6374FFF7E4FF10BD70472DE9F8436C
S31502006D50234E04463768894615469846002F38D092
S31502006D60204F3B686BB3DDE908234FF0020C256325
S31502006D70002549462046C4F8388084F841C084F884
S31502006D8042C06563E563FFF74BFFF8B1FFF7AEFF5D
S31502006D90E062D8B1306825616561A561E561256269
S31502006DA06562A562FFF79EFF0F4B30681A681C608A
S31502006DB0E260FFF799FF3868FFF7AAFF2846BDE8A9
S31502006DC0F883FFF793FF38600028CCD14FF0FF30ED
S31502006DD0F5E7FFF783FF30600028C1D1F6E700BF71
S31502006DE0F42B0422F02B0422F82B042238B5037C60
S31502006DF00446012BD8B20ED002280ED0002853D05A
S31502006E0000234FF0FF3023616361A361E3612362D4
S31502006E106362A36238BD0029FCD0626A002A15DDCE
S31502006E20002502E00135954210DA94F842302B41F2
S31502006E30DB07F7D5D4E9073252F8251053F83500A7
S31502006E4000F0D0F9626A01359542EEDB4FF0FF326F
S31502006E504FF0FF33E06AFFF751FF002827DB204699
S31502006E60A16AFFF75DFFE36B3BB1013BE36323B925
S31502006E70012220461146FFF7E3FE637C03F0FF0082
S31502006E8083B1637C022B20D02046FFF775FE38B90A
S31502006E90E26B2046B2FA82F252091146FFF7D0FEA1
S31502006EA04FF0FF300023AEE76FF0010038BD01213D
S31502006EB06174237C022BD2D14FF0FF324FF0FF33A5
S31502006EC0E06A6174FFF71AFFC9E72046FFF730FE52
S31502006ED0DAE700BF2DE9F04782B0DDE90A7C002936
S31502006EE000F0A980002B00F0B480002F00F0AA80E9
S31502006EF00446007C01EB020800F0FF0500284BD196
S31502006F000C98C4E90512C4E907372574C4F824C0ED
S31502006F10A062534D0868A84236D112F0030633D157
S31502006F200D1DD4E90C1251EA020069D1A8450FD908
S31502006F302B78022B10D0052B34D0012B24D1D5E986
S31502006F4001122046FFF796FEF0B10C35A845EFD8A0
S31502006F50304602B0BDE8F0876B786F8805F1040908
S31502006F6047EA034719F00F0A4FEA87070CD1606A0E
S31502006F70002830DDE2690346083A01E0013B20D0F1
S31502006F8052F8081F0907F9D0002323616361A36140
S31502006F90E36123626362A3624FF0FF36304602B0BA
S31502006FA0BDE8F0870435C1E7236A53F82A10E3697E
S31502006FB053F83A0000F014F9606A0AF1010A8245B0
S31502006FC009DA94F8413043FA0AF3DB07ECD40AF102
S31502006FD0010A8245F5DBE36B5A1CE263D3B1012356
S31502006FE02046A16A2374FFF799FE636A3A46009324
S31502006FF049462046E3690437FFF742FD3D4495E7DB
S31502007000BCF1020F92DDBF68A06B8742BCD8C3E910
S3150200701004128BE72046FFF7AFFD40B9E26B20462C
S31502007020B2FA82F252091146FFF70AFED7E7E36B7C
S31502007030013BE363A8E740F282210A4B0A4A0B4866
S3150200704001F02CFF4FF42171094B074A074801F062
S3150200705025FF40F28321074B034A044801F01EFF35
S31502007060434F503120810102E0910102EC8001027E
S315020070704C8101023881010210B584B0069C00944D
S31502007080079C0194089C02940446FFF723FF0028FC
S3150200709006DB0121204604B0BDE81040FFF7A6BE7C
S315020070A04FF0FF3004B010BD70B5054682B00C46F5
S315020070B0EFF31086012181F310882C4B1A6822F413
S315020070C080321A601B681E2001F0F0FE86F31088DB
S315020070D00023AA68A17B1068627BCDE900211A46CB
S315020070E02349FFF733FE00283CD1A36894F90C200C
S315020070F01B01002ADBB22FDB02F1604101F561417F
S3150200710081F800331B491C4B41F8225002F5C65147
S3150200711053F8210020F4803043F8210053F821303F
S31502007120BFF35F8F012153099B0002F01F0203F197
S31502007130604303F5614301FA02F2C3F880211A6043
S31502007140002318466C6022680C49EA60626829606E
S315020071506A612B6102B070BD094902F00F00014459
S315020071600B76CFE7032002B070BD00BF003020408F
S3150200717000001440782C04220060004054454D5211
S31502007180FCEC00E030B583B0EFF30383124A103B08
S315020071905CB252F82450AB681868FFF7C3FDEB687F
S315020071A05BB12869B0B1036801936B690360EB6850
S315020071B098472B690BB1019A1A60084A04F5C6531F
S315020071C052F8231021F4803142F8231052F823306A
S315020071D003B030BD01A8E8E7782C04220060004025
S315020071E0704700BF704700BF30B5436A83B004469C
S315020071F08C466D469BB193E8030085E8030083F84D
S3150200720004C0A16ADA8019601846236A9847636A3D
S315020072101BB195E8030083E8030003B030BD2B469B
S31502007220EDE700BF38B5EFF303830221114A103BA5
S315020072305CB252F82450AA68136923F00203136160
S31502007240AB6899612B6A1BB100222846FFF7CCFF77
S31502007250094A04F5C65352F8231021F4803142F844
S31502007260231052F82330AA68136943F0020313610C
S3150200727038BD00BF782C04220060004010B5EFF341
S3150200728003830E4A103B5CB252F824000C49836811
S315020072905A690A409A61036A1BB10321120CFFF76D
S315020072A0A3FF084A04F5C65352F8231021F480318D
S315020072B042F8231052F8233010BD00BF782C042266
S315020072C0000007080060004010B40B0A064C1B01C0
S315020072D053FA81F154F821300020C3F340035DF8DC
S315020072E0044B1370704700BF000840400020012382
S315020072F08242CAB203FA02F39AB24FEA034308BFC2
S315020073001A460B0A5B0103F1804303F580039A6078
S31502007310704700BF2DE9F84F0388DBB14FF0000A32
S3150200732080464FF00109DFF8D4B00024314D4FEA10
S31502007330CA07D8F8043035F8022BD9198988914240
S315020073400AD00134032CF4D1B8F800300AF1010A4C
S315020073505345EAD8BDE8F88FDB5909FA04F603F07B
S31502007360B853B3F1807F244BF6B293F84C2C12D06B
S31502007370324230D104F120021BF81230DB09E0D090
S315020073801BF81230012123F08003C8200BF81230BB
S3150200739001F08CFDD5E7324210D004F120021BF831
S315020073A01230DB09CDD11BF81230012143F08003E4
S315020073B0C8200BF8123001F079FDC2E7012001F076
S315020073C021FE0D4B012093F84C2C324383F84C2CB2
S315020073D001F0E8FDE1E7012001F014FE064B012071
S315020073E093F84C2C22EA060283F84C2C01F0DAFDC3
S315020073F0C0E700BFF491010200E0014000202040F6
S31502007400F8B50646FFF786FFEFF31082012383F3F2
S315020074101088234F3B681BB9402022490B7508751B
S315020074203B6801333B6082F31088338800211BB32B
S315020074301D4D08E01B01134445F8234032880131F3
S315020074408BB29A4218D9736853F8314003EBC102E2
S315020074509288E0034FEA1223D2B2EBD502EB031075
S3150200746055F820E024F4803C2EF4803E45F820E0D6
S315020074701B0145F820C0DEE7EFF31082012383F3F8
S3150200748010883B6813B13B68013B3B603B681BB904
S31502007490802004490B75087582F31088F8BD00BF79
S315020074A0742C0422000D40400008404008B5034BEE
S315020074B003600846FFF7A4FF002008BD54524F5050
S315020074C008B50846FFF79CFF002008BD70B50126E7
S315020074D086B001AB03A80C4615460493ADF80C60C2
S315020074E0ADF808100192FFF715FFEFF3108186F34E
S315020074F010881D4B1A681AB91C480275402202757B
S315020075001A6801321A6081F31088E9034FEA1422DD
S31502007510E4B219D4110116480A1940F82250EFF3C1
S315020075201082012181F31088196811B11968013995
S3150200753019601B681BB980200C490B75087582F30C
S315020075401088002006B070BD0948110104EB021232
S3150200755050F8226026F4803640F8226025F4803600
S3150200756040F82260D7E700BF742C0422000D404089
S315020075700008404030B5836B83B004460A466D4628
S31502007580A3B193E8030085E80300E16B1A71196061
S315020075901846636B9847A36B1BB195E8030083E813
S315020075A00300002384F82B3003B030BD2B46ECE7F2
S315020075B070B40024402203691C7003691A700269C0
S315020075C013785B06FCD5C0231370036802695B6AF5
S315020075D0804D1B794FF0000C43F0E00313740368EF
S315020075E002695B6AB324DB7843F0E00353740368F1
S315020075F002695B6A9B781B0103F0700343F0080380
S315020076009370036802695B6A1E78012E5E7814BF66
S315020076100423052343EA4603DBB2D37003685B689F
S31502007620AB4214BF7722F72203695A71036983F8C2
S3150200763006C00369DC7191F911204B7B6245C0F2E9
S31502007640AA801B0102F16044DBB204F5614484F8AE
S315020076500033614C614B44F8220002F5C65553F8DB
S31502007660256026F4803643F8256053F82530BFF3AB
S315020076705F8F012553099B0002F01F0203F160434D
S3150200768003F5614305FA02F2C3F880211A6091F903
S315020076900F204B7B002AC0F295801B0102F1604548
S315020076A0DBB205F5614585F800334C4B44F8220000
S315020076B002F5C65553F8256026F4803643F8256050
S315020076C053F82530BFF35F8F012553099B0002F063
S315020076D01F0203F1604303F5614305FA02F2C3F8A0
S315020076E080211A6091F910204B7B002A63DB1B0173
S315020076F002F16045DBB205F5614585F80033374B8B
S3150200770044F8220002F5C65553F8256026F4803661
S3150200771043F8256053F82530BFF35F8F01255309DF
S315020077209B0002F01F0203F1604303F5614305FA71
S3150200773002F2C3F880211A6091F90E204B7B002ACF
S3150200774031DB1B0102F16041DBB201F5614181F8D7
S315020077500033224B44F8220002F5C65153F8214069
S3150200776024F4803443F8214053F82130BFF35F8F6D
S31502007770012153099B0002F01F0203F1604303F546
S31502007780614301FA02F2C3F880211A609F2203695B
S315020077901A7070BC7047124C02F00F051B01DBB267
S315020077A02C44237655E70E4902F00F051B01DBB286
S315020077B029440B76CDE70B4D1B0102F00F06DBB217
S315020077C0AB559CE7074D1B0102F00F06DBB2AB552A
S315020077D06BE700BF40420F00782C04220060004095
S315020077E0FCEC00E014ED00E010B582B0EFF3038389
S315020077F0103B5F4A5BB203F5C65352F8231021F4DD
S31502007800803142F8231052F82330EFF30383594AAA
S31502007810103B5BB252F8234094F82D305BBBA36950
S31502007820022B22D9E369012B0ED12269137943F087
S31502007830100313712269137943F008031371226945
S31502007840137923F01003137123685B6ADB79002B2B
S315020078503ED101222369DB7CDBB28DF807309DF82D
S31502007860073084F82D2002B010BD2269137943F047
S3150200787040031371D6E7E369002BF4D02268526AFB
S31502007880D279FAB9032B17D0022B26D0012B34D08A
S315020078902269236AD17C6269D154D4E90732013262
S315020078A0013BC4E90732002BDDD121690A7963F372
S315020078B086120A7102B010BD2269137943F04003A1
S315020078C01371E5E705212046FFF754FEE369D9E780
S315020078D005212046FFF74EFEBBE72269137943F0E6
S315020078E0100313712269137943F008031371226995
S315020078F0137923F010031371CAE794F82A2072B39E
S3150200790022681D4892F90F20510902F01F0203FA5C
S3150200791002F2203140F82120BFF34F8FBFF36F8F61
S3150200792004202169CA7942F08002CA7121690A7962
S3150200793042F010020A7121690A7922F008020A71DC
S3150200794021690A7922F010020A71226950702169AE
S315020079504A7922F001024A7184F82C3098E708210C
S315020079602269537A03F0F7035372236959708FE73A
S3150200797000600040782C042200E100E010B5EFF32D
S315020079800383103B434A5BB203F5C65352F82310F6
S3150200799021F4803142F8231052F82330EFF30383A7
S315020079A03D4A103B5BB252F8234094F82730002B35
S315020079B040D194F82930002B3BD123685B6ADB79EE
S315020079C02BB194F82B3013B9236A002B5CD1E369EF
S315020079D02169002B41D1CB79C02223F08003CB71E0
S315020079E0216901E0013A02D0CB79DB09FAD1236899
S315020079F0284A93F9103003F5C65352F8231021F49E
S31502007A00803142F8231052F82330236893F910305C
S31502007A10002B09DB01215A09204803F01F036032BB
S31502007A2001FA03F340F822302269D37943F0400386
S31502007A30D37110BD94F82630032B1CD094F8242061
S31502007A4023699A7494F8282094F827300132013B6E
S31502007A5084F8282084F8273010BD236A6269D35C33
S31502007A608B74D4E907320132013BC4E90732002B99
S31502007A70DFD12169AFE794F82830022BDED194F8E2
S31502007A803030002BDAD110BD05212046FFF772FDFA
S31502007A909DE700BF00600040782C042200E100E070
S31502007AA038B5EFF30383344A103B5BB252F82340F6
S31502007AB023685B6ADB79002B4BD194F829301BB122
S31502007AC094F82730012B52D0E369E3B12169C02330
S31502007AD0CA7922F04002CA71216901E0013B02D053
S31502007AE0CA795206FAD4EFF30383103B234A5BB2F8
S31502007AF003F5C65352F8231021F4803142F82310BD
S31502007B0052F8233038BD94F82A203AB3012022686D
S31502007B101B4D92F90F20510902F01F02203100FA83
S31502007B2002F245F82120BFF34F8FBFF36F8F4FF05C
S31502007B30040C2169CA7942F08002CA71226982F86C
S31502007B4001C021694A7963F300024A7184F82C0064
S31502007B50BCE705212046FFF70DFDAEE708212269A5
S31502007B60537A03F0F703537223695970AEE794F818
S31502007B703030002BAAD0A7E7782C04220060004000
S31502007B8000E100E038B5EFF303834F4A103B5BB2E6
S31502007B9052F823000269537A517ADC0601F0E001B9
S31502007BA051725FFA83FC03F003022CD503695978FC
S31502007BB049064ED40024012580F82B50DC71016859
S31502007BC0FFF7F6FCB32290F82630816980F8283058
S31502007BD0036980F82C400162C46180F82A40294674
S31502007BE0DA71FFF7C7FCEFF30383103B374A5BB248
S31502007BF003F5C65352F8231021F4803142F82310BC
S31502007C0052F8233038BD002A5CD11CF0080F11D07F
S31502007C10C369002B45D190F82B30002B41D1B322FA
S31502007C2090F829100369C1F10301C9B2DA71FFF7AD
S31502007C30A1FCD8E790F82C200CF0040342B3002BE9
S31502007C40D1D0C369002B3BD190F82B30002B37D112
S31502007C50E5E7002AAED15A78C2F380115206D4D58E
S31502007C60082280F82B105A70036801695A6A9479BF
S31502007C701378527943EAC41343EA021343F0020328
S31502007C80DBB2CB700269537943F001035371AAE761
S31502007C90002BA8D003685B6ADB79002BA3D00421F2
S31502007CA0C5E70023B32190F826508469026980F85B
S31502007CB02C3080F828500462C36180F82A30D171D2
S31502007CC00121B4E7036975E7782C042200600040BD
S31502007CD001464FF0020C094B00201A6842F48072EA
S31502007CE01A601A6842F001021A60D3F8402442F080
S31502007CF00102C3F8402481F800C0704700303440C6
S31502007D00F0B502F11103144D1B02E858C60720D440
S31502007D1012480468C4F30020E4051AD4002915BFEA
S31502007D204FF0030E4FF0010E0127002741F20C1C03
S31502007D3005EB022202F5895426686EF301062660D7
S31502007D40EC18676042F80C10EA5842F00102EA5059
S31502007D50F0BD40F2EE30F0BD002034400030344039
S31502007D602DE9F04F9246AC4C037B026834F813605F
S31502007D70876885B0002A00F0EC8041F21C15A74AFC
S31502007D804FEA0A2CD25CA64B120763445A5190F86A
S31502007D900CE0B1F9003034F81EB0A24C8568A48814
S31502007DA01A469C42039580F29C809E4A837BB2F9D6
S31502007DB000200468B1F902E00192002B40F0D8805D
S31502007DC0984D1A46B5F806900293F145C0F2B48072
S31502007DD0BEF1000FB0F80680C0F2D280A9EB0E0900
S31502007DE0C1451FFA89F9B8BFC84641F20C1907FB0B
S31502007DF006F68B4FF608674447F80940447B002C89
S31502007E00847B56EA06B6002C00F09C8041F21014E0
S31502007E100026B0F810B03E51048A08FB04F401981B
S31502007E2041F228191044024641F2301841F218155F
S31502007E3041F2241741F22C167B489B090BF1FF3BBA
S31502007E40013B9BB200EA0B4B4BEA030B029B00EA97
S31502007E5002421A43724BC4F30A04634443F805B060
S31502007E6043F8092043F808206E4AB2F90220724408
S31502007E7000EA02402043D85198510A7A002A5FD07C
S31502007E80012A41F234104B7A14BF4FF47F040024C6
S31502007E9041F2381141F20306614A4FEA0343624452
S31502007EA018BF43F080731350604B54501B68604AEE
S31502007EB0023342F82A30012141F250100024584A76
S31502007EC00AF11103944402EB03225A4B0CF589552D
S31502007ED02E6051604CF800401970597005B0BDE82B
S31502007EE0F08F002BB0F804E05ADBE41A7445A4B212
S31502007EF0B8BFA6464B4BCEF30A05B3F90030046869
S31502007F0001930BFB0EF30295DB0890F80E80B1F994
S31502007F1002E0B8F1000F03D0B0F8068008FB03F3C5
S31502007F209D06404D18BF23F03F03B5F8069018BFD3
S31502007F304033F145BFF64CAF4FF0000EF04654E722
S31502007F400326B8E741F210103604C34644463E50B3
S31502007F5065E70120324B0AF1110403EB0A2101F510
S31502007F60895103EB042308605A6005B0BDE8F08F1F
S31502007F700023B0F806801A46029308FB03F3CFE704
S31502007F80F044B8F1000FD7DD039D1FFA88F80BFB0A
S31502007F9005F94FEAD9090EFB19444FF0000E24E702
S31502007FA003EB0E04002C7FF700AFBBF1070F20D8BE
S31502007FB04FF0010842461B4D5B42B5F9005095420F
S31502007FC001951EDAB3FBF8F818FB02F80022AEEBB5
S31502007FD0080E1FFA8EF403FB0BFE0BFB04F3C4F32D
S31502007FE00A0402940468DB0804EBEE0424F03F045E
S31502007FF08BE740224FEADB08B2FBF8F2904612B258
S31502008000D9E7B3FBF8F208FB123292B21444524299
S31502008010A4B212B2DFE700BF08920102189201026F
S3150200802000203440082C04220000FF07FC2B042207
S31502008030002C042200000022F8B5002305460C4657
S315020080400370EFF31086012181F31088C14B9A6801
S3150200805022F010029A609B681E2000F027FF86F32A
S315020080601088BD490B6843F480330B60D4F8842032
S3150200807094F83C005379A0F103001279B0FA80F02B
S31502008080B2FA82F2400903F03F03520943EA00338F
S3150200809043EA022343F04003C1F8503494F84020E7
S315020080A0D4F884300AB14FF4BC72C1F8E42300223A
S315020080B0A94EC6F8042493F9000093F90110471C4F
S315020080C093F9022040F07081481C40F05781531CFE
S315020080D040F01C814FF0011C628E218D9F4B9E4FFA
S315020080E0C1F30A0103EA02420A437A60C7F808C0EA
S315020080F0A18DB4F82AC00131CCF30A0C03EA01417E
S3150200810041EA0C013961E18E954E013103EA0143E0
S31502008110A18E0022C1F30A010B43FB6094F845309D
S3150200812094F846101B0203EB014394F844102046D0
S315020081300B447B61A38D04F15C013380E38E738073
S31502008140638DB380A38EF380FFF70AFE012204F14A
S31502008150680104F11400FFF703FE94F83C20814BFA
S3150200816094F83D009B5C01284FEA033343F08050AC
S3150200817008BF034694F83E0043F0807C012808BFFE
S315020081806346794994F85870895C032A43F400726D
S3150200819008BF1346D4F8840009042FB18279022A53
S315020081A000F0198141F480114FF4007C4FF0022750
S315020081B0B56007200626684AC2F8C4336B4BC2F87C
S315020081C0D413C2F8C8C3C2F8CC73C2F8D033E36F73
S315020081D06B60D4F88030C5E90234A18EE38E0B447D
S315020081E0D2F85012013363F30A01C2F85012C2F8F0
S315020081F04064C2F84404EB6893F97720002A28DB2E
S3150200820093F874305A4C02F160401B015949DBB2B3
S3150200821000F5614080F8003302F5C65344F8225057
S3150200822051F8230020F4803041F8230051F823301E
S31502008230BFF35F8F012153099B0002F01F0203F176
S31502008240604303F5614301FA02F2C3F880211A6022
S31502008250EB6893F97820002A28DB93F87530444CB2
S3150200826002F160401B014349DBB200F5614080F830
S31502008270003302F5C65344F8225051F8230020F485
S31502008280803041F8230051F82330BFF35F8F01217C
S3150200829053099B0002F01F0203F1604303F5614399
S315020082A001FA02F2C3F880211A60EB6893F9792089
S315020082B0002A27DB93F876302D4C02F160401B0131
S315020082C02C49DBB200F5614080F8003302F5C65353
S315020082D044F8225051F8230020F4803041F823005C
S315020082E051F82330BFF35F8F012153099B0002F03F
S315020082F01F0203F1604303F5614301FA02F2C3F878
S3150200830080211A6001232B700020F8BD94F83F30BB
S315020083101BB90121104BC3F8281417490F4B51F80A
S3150200832022100D480A6842F007020A60A28D618D8A
S3150200833003EA0242C1F30A010A43C0F82024E18E8D
S31502008340A28E03EA0143C2F30A021343C0F81034B1
S31502008350C0E600BF00302040003034400000FF0776
S31502008360082C042200920102FC9101028080800006
S31502008370782C0422006000402092010294F83A30E0
S3150200838033B91C48D0F80C3443F01003C0F80C344F
S31502008390194B184853F8213019681960238FC3F313
S315020083A00A03C0F8083492E694F830302BB9D6F8AE
S315020083B01C3443F01003C6F81C340F4B53F820004C
S315020083C0036843F002030360E38D0A48C3F30A031A
S315020083D0C0F8183478E6427AC779120142EA0732BF
S315020083E0877A007A3A4342EA002242F400121143A3
S315020083F0DAE600BF003034402092010230B51A4B53
S315020084001A491A68896801321A601B6883B023B94F
S3150200841000240025164BC3E900450122154B486886
S315020084201A705A7038B103228B68684601934B68FA
S315020084308DF800209847104AD2F8483443F00103D9
S31502008440C2F84834EFF30383103B0C4A5BB203F5E0
S31502008450C65352F8231021F4803142F8231052F801
S31502008460233003B030BD00BFFC2B0422082C0422AB
S31502008470002C04220000002200303440006000403C
S31502008480F8B50126154C6660EFF3108786F310885F
S31502008490134DAB6823F04003AB60AB681E20314638
S315020084A000F004FD87F31088204600F04FF808B16B
S315020084B02046F8BD0746EFF3108486F31088AB68B2
S315020084C043F04003AB60AB681E20314600F0EEFC81
S315020084D084F310883C462046F8BD00BF142C0422C3
S315020084E000302040012904D00A2900D07047436099
S315020084F07047322A06D0920002F1402202F5880223
S315020085001360704741680029F5D053F8041B024AEC
S31502008510C2F8C8100360704700404440012904D0E5
S315020085200A290CBF406800207047920002F14022DF
S3150200853002F588021068704701291DBFA1F10A00E1
S31502008540B0FA80F040090846704700BF70B42E2684
S315020085500E4B0F4D1B780F4A1B010F49DBB2C5F8B4
S31502008560C06082F80533D1F814330C4C23F48033FF
S315020085706061C1F81433D1F81433BFF35F8F20233F
S31502008580C2F880311360012070BC7047EC7A010298
S315020085900040444000E100E000C00040782C042284
S315020085A00949931C086828B922B1013B09D10B6815
S315020085B0002BFCD0002308680B60C01A18BF0120EC
S315020085C07047013AEEE700BF1C2C042210B4EFF309
S315020085D003832E20144A103B11685BB28906C2F847
S315020085E0C0000DD5114951F823104868B0B108688A
S315020085F004689CB10068C2F8C8000A6804320A60BE
S315020086000B4A03F5C65352F8231021F4803142F87F
S31502008610231052F823305DF8044B704705490A6867
S3150200862001320A60ECE700BF00404440782C042285
S31502008630006000401C2C04220CF098B80CF09EB886
S315020086400120704710460CF091B800BF10460CF09E
S3150200865095B800BF01207047084670470846704724
S3150200866008B5084611461A460DF01DF9012008BD47
S315020086700120704710B582B0EFF30383103B0D4A19
S315020086805BB203F5C65152F8210020F4803042F85D
S31502008690210052F82120084A01A852F823406269B3
S315020086A0E36801929847A368DA680AB101221A7749
S315020086B002B010BD00600040782C04221D4A92F8D8
S315020086C02630928CDBB202F00F02A2F108010329D6
S315020086D02BD8DFE801F020160C021749174A51F889
S315020086E02330A2FB03231B09154A13607047124964
S315020086F0124A51F82330A2FB0323114ADB08136006
S3150200870070470D490D4A51F82330A2FB03230C4A48
S315020087109B08136070470849084A51F82330A2FBA8
S315020087200323074A5B0813607047034951F8233055
S31502008730D340D9E700E00140A0070422ABAAAAAAC7
S31502008740AC2C0422704700BF4AF20351F8B5594BCC
S31502008750594AB3F8FA43A3F8FA1353680746D903FA
S31502008760A4B21AD5544B00255A68920329D500267D
S31502008770504A524992F8753092F86D2003F00F0371
S3150200878002F00F0251F82330072A00F28E80DFE84A
S3150200879002F0292929888A828486EFF31086012528
S315020087A085F31088536843F48033536053681E2060
S315020087B0294600F07BFB86F310883F4B5A689203EA
S315020087C0D5D4EFF31086012181F310885A6842F45A
S315020087D000325A605B681E2000F068FB86F3108840
S315020087E00226C5E7012101FA02F2B3FBF2F30121E7
S315020087F0334AA2FB03239B0C03FA01F000F056FB5B
S315020088002C4A92F8753043F0400382F8753092F89C
S315020088107530DB09FBD07B78264982F86D303B78D0
S3150200882043F0400382F875303B7882F8753091F850
S315020088307530DB09FBD135B9BEB91E4B44F425446C
S31502008840A3F8FA43F8BDEFF31085012181F31088EE
S31502008850194B5A6822F480325A605B681E2000F077
S3150200886025FB85F31088002EE7D0EFF31085012152
S3150200887081F31088104B5A6822F400325A605B6802
S315020088801E2000F013FB85F310880A4B44F425449E
S31502008890A3F8FA43F8BD0322A7E70522A5E70A22B1
S315020088A0A3E70622A1E708229FE71021083A01FA68
S315020088B002F29AE700E0014000302040A0070422BD
S315020088C083DE1B43000000004AF203529FEDBC4BBD
S315020088D09FEDBD5BC24BC348C34930B5C3E908012E
S315020088E0C24CC3499FEDBA6B9FEDBB7B9962A4F85C
S315020088F0FA23A3EC045F83B083ED007FFFF7DEFE6D
S3150200890009230A2284F8502A84F8A23094F8003CFB
S3150200891023B994F8013C9C0700F06182B34C94F8A9
S31502008920003C002B00F050820022B04B83F8012C51
S3150200893083F8002C0022AD4B83F8362083F83220D0
S3150200894093F83C201007FBD549F2025540F25344F6
S3150200895000204FF6021140F25142C3F8C850A3F864
S315020089604E4083F84A00C3F8AC10A3F84C20BFF37C
S315020089704F8FBFF36F8F9F4A516921F400315161C6
S31502008980C2F85002BFF34F8FBFF36F8F9A490A683E
S3150200899022F440520A60BFF34F8FBFF36F8F01205C
S315020089A0197D924A60F302011975137DD906FCD42A
S315020089B0914A136843F440531360BFF34F8FBFF3DA
S315020089C06F8FA2F57342536913F4003311D1BFF3CB
S315020089D04F8FBFF36F8FC2F85032BFF34F8FBFF383
S315020089E06F8F536943F400335361BFF34F8FBFF365
S315020089F06F8F00237D4A82F82A3092F83C309B061C
S31502008A00FBD500227D4B1A701A781A781A785A68A2
S31502008A10FA2A04D07A4959605A68FA2AFBD1774B66
S31502008A209A687D2A04D0774999609A687D2AFBD193
S31502008A30052242F220116D4B73481862998483F81D
S31502008A402620FFF73BFE01211E2000F02FFA6B4A7B
S31502008A505368C3F30903642B84BF01231370FFF722
S31502008A602DFE4AF20152694B1A80BFF35F8F012233
S31502008A701A72BFF35F8F4FF425415C4A198092F850
S31502008A80DA3043F0400382F8DA3092F8DA30DB0962
S31502008A90FBD0C923032082F8D40082F8DA3092F898
S31502008AA0DA30524903F0BF0382F8DA3091F8DA304D
S31502008AB0DB09FBD10124802081F8534081F83E3046
S31502008AC081F83E0091F87430484A43F0400381F839
S31502008AD0743092F87430DB09FBD007204A210A234E
S31502008AE0424C82F86C0082F8741082F8743094F862
S31502008AF07430DB09FBD14FF0090301A8ADF804304D
S31502008B00FFF722FE94F87630384A43F0400384F8A1
S31502008B10763092F87630DB09FBD0CA23032082F83E
S31502008B206E0082F8763092F87630304903F0BF0351
S31502008B3082F8763091F87630DB09FBD191F8553020
S31502008B402A4A43F0400381F8553092F85530DB0942
S31502008B50FBD0CA23022082F8540082F8553092F8DC
S31502008B605530224903F0BF0382F8553091F855304B
S31502008B70DB09FBD191F857301C4A43F0400381F8D8
S31502008B80573092F85730DB09FBD0C723002082F812
S31502008B90560082F8573092F85730144903F0BF0353
S31502008BA082F8573091F85730DB09FBD191F85D30E6
S31502008BB00E4A43F0400381F85D3029E0AFF30080AE
S31502008BC0006CDC0200127A000080000000366E01A2
S31502008BD00080000000CA9A3B00A3E1115543DE1350
S31502008BE0A00704220084D71700C2EB0B00E0014065
S31502008BF0001C4E0E00ED00E000E001E000C0134054
S31502008C00FA00001E7D0000E13234233200200040CB
S31502008C1092F85D30DB09FBD0CA2082F85C3082F81C
S31502008C205D0092F85D30704903F0BF0382F85D3053
S31502008C3091F85D30DB09FBD191F878306A4A43F04E
S31502008C40400381F8783092F87830DB09FBD0C923EB
S31502008C50022082F8700082F8783092F87830624901
S31502008C6003F0BF0382F8783091F87830DB09FBD144
S31502008C7091F85F305C4A43F0400381F85F3092F826
S31502008C805F30DB09FBD0CA2082F85E3082F85F00D3
S31502008C9092F85F30544903F0BF0382F85F3091F8CF
S31502008CA05F30DB09FBD191F877304F4A43F040033E
S31502008CB081F8773092F87730DB09FBD0CA2304209B
S31502008CC082F86F0082F8773092F87730464903F0DF
S31502008CD0BF0382F8773091F87730DB09FBD191F840
S31502008CE05B30414A43F0400381F85B3092F85B30D7
S31502008CF0DB09FBD0CA23022082F85A0082F85B30D5
S31502008D0092F85B30384903F0BF0382F85B3091F882
S31502008D105B30DB09FBD191F8DB30334A43F0400389
S31502008D2081F8DB3092F8DB30DB09FBD0C523022069
S31502008D3082F8D50082F8DB3092F8DB302A4903F05C
S31502008D40BF0382F8DB3091F8DB30DB09FBD191F807
S31502008D50DC30254A43F0400381F8DC3092F8DC30FF
S31502008D60DB09FBD0C52082F8D63082F8DC0092F807
S31502008D70DC301D4903F0BF0382F8DC3091F8DC30A9
S31502008D80DB09FBD191F8DE30174A43F0400381F844
S31502008D90DE3092F8DE30DB09FBD0C923092082F8E7
S31502008DA0D80082F8DE3092F8DE300F4903F0BF03B6
S31502008DB082F8DE3091F8DE30DB09FBD14FF4254331
S31502008DC0A1F8FA3303B030BD0121C82084F8001C93
S31502008DD000F06CF894F8003C012BFBD1A4E54FF4AB
S31502008DE07A70FFF7AFFCA5E500E0014038B5002533
S31502008DF0284C0121C82084F8285000F057F884F83E
S31502008E00245094F82430002BFBD194F824302149C5
S31502008E1043F0020384F8243091F82430C3F340006F
S31502008E209B07F9D41B4A81F8220092F8223003F0FC
S31502008E30FF00002BF9D192F84030164960F3C713B0
S31502008E4082F8403091F84030DB09FBD191F84200BC
S31502008E50104A63F3C71081F8420092F84230DB09E8
S31502008E60FBD192F844000B4963F3C71082F8440021
S31502008E7091F84430C3F3C014DB09F9D1012000F0A4
S31502008E80C1F8054B012083F84C4CBDE8384000F090
S31502008E9089B800BF0020204000E0014000BEFEE786
S31502008EA0A0F101000028FBD1704700BF1E4B1F4AEC
S31502008EB01B6800FB01F1934213D302F1854202F5CE
S31502008EC0071203F5742302F6834203F23F23A2FB41
S31502008ED003239B0CA3FB01314FF0FF30E1B1FFF7F7
S31502008EE0DFBF4FF47A7210B4114C4FF0FF30B4FB6F
S31502008EF0F3F3A1FB02C434B9BCFBF3F080B15DF815
S31502008F00044BFFF7CDBFB1FBF3F1A1FB0212002A1E
S31502008F10F5D1084620B1F2E71846002BDFD170479B
S31502008F205DF8044B704700BFAC2C042200127A0095
S31502008F3000CA9A3BF8B5002401260D4B0D4FD3F813
S31502008F400021D3F82051154006FA04F32B4204D02F
S31502008F5057F82430E0B203B198470134152CF3D107
S31502008F60034AC2F81051D2F820312B42FBD1F8BD88
S31502008F7000C00040202C04220022092310B4074816
S31502008F80074C30F8021F02F5C65C013209B144F8FB
S31502008F902C10013BF5D15DF8044B7047E67F0102C8
S31502008FA000600040EFF31081012383F31088124B17
S31502008FB033F8102092B22AB133F81020013A92B255
S31502008FC023F8102033F810309BB293B910B40B4A31
S31502008FD00B4CB2F8FA3334F810009BB243F4254333
S31502008FE023EA0003A2F8FA3381F310885DF8044BF2
S31502008FF0704781F3108870479C2C042200E00140E0
S315020090006094010230B4EFF31081012383F31088D8
S315020090100E4A32F810309BB26BB90D4C0D4DB4F8B6
S31502009020FA3335F810C09BB243EA0C0343F42543E6
S315020090309BB2A4F8FA3332F8103001339BB222F80D
S31502009040103081F3108830BC704700BF9C2C04227C
S3150200905000E001406094010208B509490A688318D4
S31502009060B3F5802F03D807480B60104408BD0CF0F7
S31502009070FFFB0C2203461A604FF0FF3008BD00BF0B
S31502009080A82C0422A0030022F8B506462F4C94F819
S31502009090503C03F0FF05002BF9D187221023A4F8D8
S315020090A0242C84F8003C002E3DD1012200232749BE
S315020090B081F8022C81F8013C91F8503C002BFBD13F
S315020090C0C6B14FF40C73214AA1F8483C92F8503CC1
S315020090D0D907FBD4012347F2A83011211C4CC2F850
S315020090E0444C82F8403CA2F8140C82F8163C82F8F2
S315020090F0001CF8BD012347F2A830154C134AC1F8EB
S31502009100444C81F8403CA1F8140C81F8163C92F8C4
S31502009110003CDB07FBD492F8503C002BF7D101232D
S3150200912082F8103CF8BD01272846FFF76BFF094B72
S31502009130284683F85370FFF735FF044A84F8207CEB
S3150200914092F8503C1807FBD4AFE700BF003000404E
S315020091500325050000E0014000BE704708B500F097
S3150200916037F8F7F7A5F9FEE7F8B5174F05463E6853
S31502009170A6B17C6806EB460604EB860602E00C34D2
S31502009180B4420BD0637AAB42F9D1D4E90002002192
S31502009190121A0C340CF0B8FAB442F3D1BE6896B186
S315020091A0FC6804EB061602E01034A6420BD0637B81
S315020091B0AB42F9D1D4E90002A168121A10340CF0BC
S315020091C072FBA642F3D1F8BD309201020000000004
S315020091D0F8B5844A844B5A61BFF34F8FBFF36F8F42
S315020091E01B6803F47002B2F5801F00F0D48013F4FA
S315020091F0600F00F0BC807D4A136823F004031360FD
S31502009200BFF34F8FBFF36F8F4FF47002784B764CDC
S315020092100020C4F88820A360F7F734F90025FFF789
S3150200922053FB4AF202514FF42542724B0120A3F836
S31502009230FA1383F8B05AA3F8FA23F7F723F96E4B19
S3150200924083F30A88694B1A68910704D5A268B2F1BA
S31502009250007F00F0A4800020FFF786FFFFF72EFABA
S31502009260FFF7C4FD0320FFF7CDFE00234FF00E0EDD
S315020092701C464EF001E0614903F10C0221F822403E
S3150200928001330FF007C80320FFF78CFE0320FFF718
S31502009290B9FE5B4B03205C609C60DC601C61554C34
S315020092A0FFF780FED4F8D8339A0747D5D4F8D833D7
S315020092B0504CD4F8D8335B0727D5D4F8D8330220DC
S315020092C0F7F7E0F80120FFF74FFFBFF34F8FBFF329
S315020092D06F8F0024444BC3F85042BFF34F8FBFF346
S315020092E06F8F484B484D5B1BA3424FEAA30605DD31
S315020092F055F8043B01349847A642F9DCFFF73CFED9
S31502009300BDE8F840002000F081B894F81431002B33
S31502009310D5D00120FFF776FE94F8143103F0C0038E
S31502009320802BF9D10023334A84F8143192F8143190
S315020093303F2BFBD80120FFF735FEC0E794F810312A
S31502009340002BB5D00120FFF75DFE94F8103103F033
S31502009350C003802BF9D10023264A84F8103192F8F3
S3150200936010313F2BFBD80120FFF71CFEA0E71F4A56
S31502009370136843F004031360BFF34F8FBFF36F8F7D
S315020093804FF0E022936843F480339360BFF34F8F2C
S31502009390BFF36F8F38E718077FF42DAF27E7012158
S315020093A01A695869C2F3C302093201FA02F30026A6
S315020093B00027DB0843F005C0E5E802670FF005C0A9
S315020093C0C0F3C303093301FA03F34FF00052DB087B
S315020093D043F007C0AFF30080E2E802670FF005C072
S315020093E039E700BF01020E0000ED00E000E001E0F7
S315020093F00000000200E00140A0030422000D4040EC
S315020094000040204040C501023CC50102704700BF32
S3150200941000290FDD10B4084A084C0144D2F8483836
S315020094209B00FBD510F8013B81422371F6D15DF812
S31502009430044B7047704700BF0080354000883540B6
S3150200944030B41120002510240849094B4A6822F439
S3150200945000024A60074AC3F80858C3F80C48C3F822
S315020094601028C3F8080830BC704700BF00302040FF
S31502009470008035401020008080F31188BFF36F8F83
S31502009480704700BFEFF31180704700BFEFF3118002
S31502009490102383F31188704730B4002001244FF063
S315020094A0E0234FF08052044D044928600C60C3F853
S315020094B0042D30BCFFF7E0BFB4290422B8290422E8
S315020094C04FF0E0234FF08052C3F8042D704700BFDF
S315020094D030484FF0010101602F480168002909D187
S315020094E04FF0085282F30A88DFF8B0D02C4A82F392
S315020094F00A8811E02DE9F00F00B50A6912F48052CC
S3150200950005D01EF0100302D12DED108A08B4C1F861
S3150200951018D04FF0000202601F4C224D224E4FF02F
S31502009520100282F31188D5F80080B8F1000F0DD130
S31502009530D6F800C0BCF1000F08BF00F04FF94FF09B
S31502009540000282F31188BFF36F8FE8E7C4F8008048
S315020095504FF0085282F30A88D8F818D0D8F81C209F
S3150200956082F30A88D8F8100010F4805006D0009BC7
S3150200957013F0100302D108BCBDEC108A5DF804EBAF
S31502009580BDE8F00F03484FF00001016081F3118836
S3150200959070470000B8290422B4290422B82D0422F7
S315020095A0B82C0422B0290422D02D042208B5024880
S315020095B000F036F9FEE700BF6481010208B54FF0FC
S315020095C0E0230A4A1168D3F82C2D01B189685300A9
S315020095D007D54FF0E0230648D3F8283D00F056FCA5
S315020095E0FEE7044800F052FCFAE700BFB429042261
S315020095F06C810102A081010208B5024800F010F94F
S31502009600FEE700BFCC81010208B5024800F008F966
S31502009610FEE700BFD881010208B5024800F000F952
S31502009620FEE700BFE481010208B5024800F0F8F83F
S31502009630FEE700BFF481010208B5024800F0F0F827
S31502009640FEE700BFFC81010210B5054C2368013319
S31502009650236001F05BFF2368013B236010BD00BF5E
S31502009660B02C042270B40E480E490F4A0F4B85B037
S31502009670CDE90001CDE902230D480E4B0E499DEDC1
S31502009680007FC3E90E0100200C4E0D4D0D4C83EDFB
S31502009690027FC3E90B549E6105B070BC704700BFE0
S315020096A0AD950002BD950002F995000209960002E9
S315020096B0D1940002003E0422499600021996000245
S315020096C029960002399600022DE9F047FFF7DEFEE1
S315020096D000F060F84FF0700E4FF0E021214C4EF092
S315020096E001E02346D1F8081D1F4A1160091B5A588A
S315020096F043F8042B0FF005C84FF0E0221B494FF642
S31502009700FF4AB1F1085F98BF4FF008514FF4E029C4
S315020097104FF00008C2F8084DD2F80C3D144803EA8F
S315020097200A03144F144E154DDFF854E0DFF854C007
S3150200973043F0BF6343F40033C2F80C3DC2F8249DE4
S315020097404FF00853C2F81C8DC2F8207D31602860A4
S31502009750CEF80010CCF8000083F30A8802F064F811
S31502009760FEE700BF003E0422C82D04220045042263
S3150200977000000E220000F010C42D0422C02D042287
S31502009780BC2D0422B82D0422002070470020704709
S3150200979000207047704700BF08B5FFF777FEFEE767
S315020097A0821C08B510D0431C04D0033008D06FF0D9
S315020097B0100008BD064800F033F86FF0080008BD37
S315020097C0044800F02DF8F8E7034800F029F8F4E71A
S315020097D00C820102488201022C820102704700BFFC
S315020097E0FFF72EBE10B582B08DF80700FFF74EFECA
S315020097F09DF8073004460A2B0AD001210DF1070015
S31502009800FFF706FE2046FFF737FE002002B010BD26
S3150200981001210248FFF7FCFDEFE700BF6A9401024F
S31502009820F0B5054683B0FFF731FE2B780646D3B175
S31502009830104F0AE001210DF10700FFF7E9FD20466E
S31502009840FFF71AFE15F8013F6BB18DF80730FFF7E7
S315020098501DFE9DF8073004460A2BEBD1012138463E
S31502009860FFF7D6FDE6E73046FFF706FE002003B017
S31502009870F0BD00BF6A94010238B5138800290B4473
S31502009880138007DD0446451814F8010BFFF7AAFFFB
S31502009890A542F9D138BD00BF2DE9F04F17468BB06E
S315020098A0009317F8013BA3B182468B460020164669
S315020098B01946252907F101040ED03978002866D009
S315020098C03E4627460029F4D118B1391A5A460139BB
S315020098D0D0470BB0BDE8F08F18B1391A5A46013994
S315020098E0D0474FF0000814F8012C2046A2F12003BD
S315020098F0102B0AD8DFE803F04809094509090909C6
S3150200990009090942093F09093A002A2A62D1009A3D
S3150200991052F8040B01B2002903DA404201B248F0C0
S31502009920010800922278B81C2E2A68D04FF0FF3424
S3150200993002F0FB03682B4FF000038DF8173028D096
S31502009940782A10D8632A73D90123A2F16407FDB2DB
S31502009950AB40974D2B4240F0F381732A00F0D3803F
S31502009960702A00F02F81064601382CE048F01008D4
S3150200997027460134B7E748F00108F9E748F002083C
S31502009980F6E748F00808F3E748F00408F0E730463F
S3150200999096E7064616F8015B782D14D8632D3DD955
S315020099A00123A5F164075FFA87FC03FA0CF3DFF8DB
S315020099B000C213EA0C0F40F04981732D00F0A48017
S315020099C0702D00F00081374617F8011B00297FF43D
S315020099D070AF79E7A2F13003DCB2092C4FF0000137
S315020099E0A2D810F8012B01EB810103EB4101A2F190
S315020099F03003DCB2092C09B2F3D92E2A96D10278A9
S31502009A002A2A25D1009B427853F8044B023024B20D
S31502009A10009324EAE47408F0EF0889E7582D00F071
S31502009A20E281632D2BD0002DCDD10BB0BDE8F08F96
S31502009A30582A00F0F081632A20D0002A93D110F828
S31502009A40011C0746461E104600297FF432AF3BE74B
S31502009A50A2F13003DDB2092D4FF0000400F101003E
S31502009A60D9D804EB840410F8012B03EB44031CB28F
S31502009A70A2F13003DDB2092DF3D9CCE70646012265
S31502009A8001398DB20A214FF0FF34009B029253F83E
S31502009A90042B01910DF125098DF8252000930391E0
S31502009AA018F0110872D09DF8173023B15A460121D9
S31502009AB00DF11700D047019B002B48DB013D002C1E
S31502009AC02DB206F1010758DD013C24B2013C012109
S31502009AD05A46384824B2D047611CF7D148465A46FE
S31502009AE00299D047002DC0F2AB80013D5A460121B2
S31502009AF031482DB2D0476B1CF7D1317800200029AE
S31502009B007FF4D7AEE0E606460098002C50F8049B98
S31502009B108DB2A3B2C0F2F780013B1CB2621C00F008
S31502009B209881A1B24A468446013102E0013900F029
S31502009B30FD801746A3B212F8010B5C1E24B2002860
S31502009B40F4D160460A2200900192039261E019481C
S31502009B505A460121D047039BD806AFD513F0400FD2
S31502009B60164B17485A4618BF18460121D047013DE1
S31502009B70002C2DB206F10107A6DCB8F1100F55D064
S31502009B80013C2204AAD447F6FF749FE7013D2FB297
S31502009B90002FADB287DB084D013F5A460121284608
S31502009BA03FB2D0477B1CF7D14FF6FF757BE700BF6C
S31502009BB0210812006C82010268820102608201029F
S31502009BC0648201020646009A8DB252F8043B002BCB
S31502009BD000F0A480023D0F2BADB20DF1260740F234
S31502009BE04B81B9469E4803F00F0C10F80CC0FF2BB0
S31502009BF009F801CD4FEA1313F5D86FF06F01019101
S31502009C0090210391C35C009209F8013C09F1FF39E6
S31502009C10A3B2A7EB0902029292B29C1A24B2002CBA
S31502009C20D5BFAA1AEB1A95B29DB239E7002D03DB0E
S31502009C302C464FF0FF3549E748465A460299D04727
S31502009C403178002000297FF434AE3DE66C2A2CD10F
S31502009C50009A52F8043B009289B20D46142F0CD892
S31502009C60DFE807F02D0B0B0B0B2D0B0B0B0B0B422F
S31502009C700B0B0B0B0B0B0B0B80000A2201920392B0
S31502009C80002B79D1002C3AD00DF12607B946039B59
S31502009C9073484FEAA30E0EF0100E10F80E3009F1BB
S31502009CA0FF3989F80030A3B2B3E70098682A50F862
S31502009CB0043B0090D0D1692D48D11BB289B2002B4A
S31502009CC00D46C0F2828018F0020F49D118F0040F37
S31502009CD0D3D020228DF817200A2201398DB20192A3
S31502009CE00392002BCED047E018F0080F32D0002B9B
S31502009CF040F09A80082301930393002CC4D1029466
S31502009D000DF12609CCE699F80070002F00F0868046
S31502009D104F4617F8012F002AFBD113E70A210DF14E
S31502009D202607B9464E48019103916BE70A23174667
S31502009D301A460193CDF800C04FF6FF73039268E707
S31502009D40009A064652F8043B009285E7642DB4D089
S31502009D509BB281E7082201920392002B92D00BE07C
S31502009D602B22B7E71022039218F0080F28D19DF98B
S31502009D700C200192002B85D003998A1002F0100E56
S31502009D8001F03F02934271D30DF12607B9463448DA
S31502009D90029400EB0E0CB3FBF2F102FB11340B46FC
S31502009DA01CF80410934209F8011DF4D29E4410F8DF
S31502009DB00E30029C09F8013C09F1FF39A3B228E7EB
S31502009DC0DBB99DF90C3001935CE70A224D1E019224
S31502009DD011462D224FF0000E8DF817205B420A46DF
S31502009DE0ADB20391CEE76C2A28D1009A5023039391
S31502009DF052F8043B8DB20092B6E7039A022142F072
S31502009E008000821002F0100E1022039040B20190E0
S31502009E10691A8DB2B6E70646009AE7E70A2300906A
S31502009E200297019303933BE66FF077028821019232
S31502009E3003914FF0000E08220121E9E70098682AF3
S31502009E4050F8043B00900DD150229BB28DB2039282
S31502009E508AE70A2300220090CDE9013203931FE626
S31502009E607094010250228DB203927DE70DF126070E
S31502009E70B94605489E4410E76FF06F0101919021A3
S31502009E80B94601480391BDE6709401024FF0000CF9
S31502009E900FB400B583B004AB53F8042B07480DF199
S31502009EA00201ADF802C00193FFF7F6FCBDF902000C
S31502009EB003B05DF804EB04B0704700BF7998000266
S31502009EC0F0B50546012685B017468E40FFF7DEFA45
S31502009ED06B6801336B60FFF7CFFA08E0A8682122AE
S31502009EE0314603AB009700F0EFFB041E0ADBFFF7D7
S31502009EF0CDFA2C6846EA040129603440FFF7BCFA21
S31502009F00002CEBD1FFF7C2FA6B68013B6B60FFF7DF
S31502009F10B3FA204605B0F0BD4FF0FF32FFF7D0BFCF
S31502009F2038B5044601258D40FFF7B0FA236823EAC7
S31502009F3005032360FFF7A0FA606800B938BD294619
S31502009F40A068BDE8384000F057BB00BF70B50923D2
S31502009F50002584B0084A044668460E46CDE9013516
S31502009F60009200F0C5FAA842A06003DB2846C4E9C5
S31502009F700055E66004B070BD4D4C4F4310B5044623
S31502009F808068002807DD00F0F9FA002802DB0023CA
S31502009F901846A36010BD6FF0100010BD072A38B531
S31502009FA08C461446054635DD83073ED00346C9B2C4
S31502009FB01A4603F8011B9807FAD1013C2C44A41A4D
S31502009FC04FEA0C4202F47F0201EB01200243032C0A
S31502009FD042EA0C6225DD043C4FEA940C0CF10100C6
S31502009FE04FEA800EAEF1040E4FEA9E0E0EF1010EFE
S31502009FF04EF001E003EB800043F8042B0FF005C09E
S3150200A000CCEB8C7C04EB8C0414B122460BF07CFB6B
S3150200A010284638BD002AFBDDC9B20BF075FB28467F
S3150200A02038BD1846002CF0D1F2E7C9B24FEA0C420D
S3150200A03001EB012302F47F021A4342EA0C62034651
S3150200A040C9E700BF08B5FFF71DFA50B9064B1B68F2
S3150200A050002B06DC054B1B681BB10222044B1A605F
S3150200A06008BD6FF0180008BDB02C0422B4290422E2
S3150200A070B829042208B5FFF705FA80B9094B1B680F
S3150200A080002B0CDC084B1B684BB1084A08491268C6
S3150200A0900860934201D0FFF713FA002008BD6FF063
S3150200A0A0180008BDB02C0422B4290422B0290422C7
S3150200A0B0B829042238B517491748FFF747FF041E87
S3150200A0C01FDB164C1648002521460822C0E900006F
S3150200A0D0144B246000E00346013AC3E9004103F150
S3150200A0E048000B6019461D72F5D1636000F0A6F9AF
S3150200A0F0041E06DB00240C4B1D6000F059F92046B5
S3150200A10038BD00F069F900F0CBF90348FFF736FFD6
S3150200A110204638BD70820102200A0422CC0704229E
S3150200A120D4070422DC0704221C0A04222DE9F04F7C
S3150200A1300B46054685B0002197480393FFF7ECFED0
S3150200A1406B690024D3E90D26D3F814A0029201F01C
S3150200A15027F82B6BC5E90D04A34200F3FB80A94641
S3150200A16059F8204F4C4524D08C4FE368F3B1237F36
S3150200A17043F010032377FFF789F93A680020538DDD
S3150200A18001335385FFF778F95346012204F1100192
S3150200A190E068B047FFF77AF93A680020538D013B31
S3150200A1A05385FFF769F9AB6B0133AB6324684C4502
S3150200A1B0DBD100217848FFF7B3FEAB6B002B05DD40
S3150200A1C04FF0FF320121E86B00F078FD4FF0000BF3
S3150200A1D071485946C5F834B0FFF79EFE2C6A4C45C5
S3150200A1E03ED06E4F6E4EDFF8B0810195237F00217F
S3150200A1F043F0100323774046FFF792FEFFF746F936
S3150200A2003A680020538D01335385FFF735F9012152
S3150200A21053464FF0FF32029D04F11000A847FFF7A4
S3150200A22035F93A680020538D013B5385FFF724F92F
S3150200A23000214046FFF770FE23689C4203D0626805
S3150200A240136062685A607368C4E9006373681C60CD
S3150200A250019BC4F808B074601C6AA145C6D11D46AC
S3150200A26000214D48FFF75CFE00214B48FFF754FEE4
S3150200A270D5E90594E86BD9F82C60D9F8147000F08A
S3150200A280DFFC2B689D4203D06A6813606A685A60D5
S3150200A2902B4653F8082F9A4203D0EB681A60EB68F4
S3150200A2A05360002349462B6151F8403F994203D13E
S3150200A2B013E01B68994210D09A699442F9D1D9F8F1
S3150200A2C0181011F0010104D13348FFF729FE0024CA
S3150200A2D02DE0039B23F00103039300212E48FFF791
S3150200A2E01FFE002EF3D0DFF8B480FFF7CFF8D8F8C0
S3150200A2F000200020538D01335385FFF7BDF829480E
S3150200A300294BA9EB0000C01003FB00F001303A46CE
S3150200A310039904EB0020B0470446FFF7B7F8D8F8D4
S3150200A32000200020538D013B5385FFF7A5F800213D
S3150200A3301948FFF7F1FD1D4B00215A681648C5E979
S3150200A34000325A6815605D60FFF7EAFD204605B0E7
S3150200A350BDE8F08F114FD5F82C80FFF797F83A68D1
S3150200A3602046538D05F1200901335385FFF784F802
S3150200A370D5E90B12534658F8040CB047FFF786F896
S3150200A3803A682046538D013B5385FFF775F8AB6B50
S3150200A3900133AB630DE700BF200A0422B42904226D
S3150200A3A03C0A0422DC070422398EE338840D042297
S3150200A3B038B5074D00212846FFF7AEFD0021054CB2
S3150200A3C02846C4E90044A160BDE83840FFF7A8BDAD
S3150200A3D0200A0422300A0422F8B5154D2B682BB345
S3150200A3E0002700211348FFF797FD134AA96813684F
S3150200A3F02C685B1AAC421360AF6011D00D4E00217F
S3150200A400A7603046FFF78CFD0021A4F10800FFF794
S3150200A4108DFE00213046FFF77FFD2C68AC42EED15F
S3150200A420BDE8F84000210348FFF77ABDF8BD00BF3A
S3150200A430300A0422200A0422CC2D042230B54FF021
S3150200A440100E134D002128464EF001E0114B2D60EF
S3150200A450024619611D605A601846136040330FF0B8
S3150200A46009C84FF0100E0C4C6860214600204EF0D1
S3150200A47001E00A4B24600A4698601C605A6019463D
S3150200A480136034330FF009C86160002030BD00BF8D
S3150200A490840D04228C0D04223C0A0422440A04225E
S3150200A4A000207047836B044A013B03EB43030146DA
S3150200A4B002EBC30001F08AB99411042230B40A4CAB
S3150200A4C0002521461022094B246000E00346013A8A
S3150200A4D0C3E901151C6003F118000B601946F5D19A
S3150200A4E06360002030BC70478C1104229411042250
S3150200A4F030B5436883B033F0090330D10546FEF721
S3150200A500C5FF184A1368934226D0174C17491C1BDD
S3150200A510E41001FB04F4196801344A60C3E901340A
S3150200A52011601B602A68DA606A681A61AA685A6151
S3150200A5300F4A104B12681B689A4203D00E4B1B68D7
S3150200A540034304D0FEF798FF204603B030BD0190C6
S3150200A550FEF7B6FF0198F5E76FF02104E8E76FF022
S3150200A5600A04F1E78C11042294110422ABAAAAAAC6
S3150200A570B4290422B0290422B8290422F8B5441EBB
S3150200A5800F2C2BD8FEF782FF164F04EB440407EB81
S3150200A590C406B3680546E40083B96FF02904124A7B
S3150200A5A0124B12681B689A4203D0114B1B682B434D
S3150200A5B011D02846FEF760FF2046F8BD304601F06E
S3150200A5C0A3F800220B4B59683B51716014460E608A
S3150200A5D05E60B260E3E7FEF773FFEAE76FF011042D
S3150200A5E0EAE700BF94110422B4290422B029042206
S3150200A5F0B82904228C1104222DE9F84F451E0F2D8D
S3150200A60056D80C46FEF742FF2B4F05EB450307EBE8
S3150200A610C30BDBF8082081464FEA4508DB008AB304
S3150200A620F858DBF81430584544EA0301CBF8141005
S3150200A63006D125E073B95C4522D02046DBF814101A
S3150200A640D0E9126A1AF0010F046806EA0103F1D191
S3150200A6509E42F0D1036D196000F0EEFF1AF0200F52
S3150200A66006D0DBF8143023EA0603CBF814303BB1EC
S3150200A6701AF0100FDFD00023A84407EBC8077B614E
S3150200A680002401E06FF029040C4A0D4B12681B6886
S3150200A6909A4204D00B4B1B6859EA030305D048467D
S3150200A6A0FEF7EAFE2046BDE8F88FFEF709FFF6E759
S3150200A6B06FF01104F6E700BF94110422B4290422B4
S3150200A6C0B0290422B82904222DE9F04B0027441EA2
S3150200A6D082B00F2C019700F288800E46002900F006
S3150200A6E08180994632F0310315467BD10A9B0133AC
S3150200A6F078DB3F4F3B68002B71D13E4B1B68002B2A
S3150200A7006DDCDFF804B1DBF80030002B67D0FEF712
S3150200A710B9FE002863D1FEF7B9FE3749804604EB3D
S3150200A720440001EBC00083686200002B50D0D0F8D1
S3150200A73010C01CF0080F2ED0131901EBC3035B697E
S3150200A74015F0010F06EA030E2ED0BEF1000F2DD131
S3150200A7502A4B1CF0010F2A4A18BF1A46DBF80030B2
S3150200A7600A995A6301AAC3E91265C3F850905A645A
S3150200A77000F0F8FF234BDBF800201B689A4203D057
S3150200A7803B6858EA030327D04046FEF775FE019858
S3150200A79002B0BDE8F08B131951F833309842CBD092
S3150200A7A06FF028030193E5E77645D1D1A806C9F8EB
S3150200A7B0003005D5101923EA060301EBC0004361F8
S3150200A7C0EB06D7D50020224401EBC2035861D1E73C
S3150200A7D06FF029030193CDE7FEF772FED4E76FF01F
S3150200A7E01800D5E76FF01000D2E76FF01100CFE73F
S3150200A7F0B8290422B02C0422941104229094010256
S3150200A8009C940102B0290422B429042230B40A4CD1
S3150200A810002521460822094B246000E00346013A3E
S3150200A820C3E901151C6003F11C000B601946F5D142
S3150200A8306360002030BC7047141304221C130422E8
S3150200A840034653F80C2BD01C002AB8BF0246B1EBC4
S3150200A850A20F18460EDD002202E0C26891420DDA0E
S3150200A86040688342F9D18A4207DB00687047C268B2
S3150200A8708A4202DA00688342F9D17047FDDD006838
S3150200A880704700BF70B50E460C4656F8081B0546C3
S3150200A890891BFFF7D5FF63680C3523F00103A84235
S3150200A8A0636002D0C3688B4209D000234268C4E9C0
S3150200A8B00202426816604660C4E9043170BD23464E
S3150200A8C00246816843F8101F42F8083F2169626117
S3150200A8D001B14B600023A36070BD00BF02688368AC
S3150200A8E092B153B1426843E902024268083B1360DF
S3150200A8F0D0E90221436051600268904203D0436866
S3150200A9001A60436853607047C2681360002BFAD01E
S3150200A910C2685A60704700BF00282DE9F0413BDD4E
S3150200A9200F288ABF0730102520F00705FEF7AEFD77
S3150200A930DFF86C800746D8F8006029463046FFF7F4
S3150200A9407FFF0C36B042044611D0FFF7C7FFC3683B
S3150200A9505B1B172B0DD854F8043C43F0010344F853
S3150200A960043C3846FEF788FD2046BDE8F081002407
S3150200A970F7E74119A0F108034B6050F8082C425141
S3150200A980536803F001030B43536040F8081CD8F8E0
S3150200A9900000FFF777FFDEE700242046BDE8F081DE
S3150200A9A0FC13042270B50546FEF770FD55E9023424
S3150200A9B024F0010445F8044C5A680646D2070ED51F
S3150200A9C06368DB0720D5A5F10804174B21461868F2
S3150200A9D0FFF758FF3046BDE87040FEF74DBD03F164
S3150200A9E00800FFF77BFF55F8082CD2E9003121F069
S3150200A9F001010B605968526861F300025A6055F80A
S3150200AA00044C6368DB07DED404F10800FFF766FF37
S3150200AA102268D2E9003121F001010B6059685268BF
S3150200AA2061F300025A60D0E7FC13042270B5224893
S3150200AA30224D03682A68033323F0030303F11B0143
S3150200AA4021F007011E4C103A521A23601A6022683E
S3150200AA502B6884B0151DCDE90055036002F10C0385
S3150200AA60CDE902339DED007F82ED017F106808304B
S3150200AA700B185D6055680D50686800F001001843B8
S3150200AA806860256853602A1D4A606E680E607268A7
S3150200AA90206802F001020A43726069605A6842F055
S3150200AAA001025A60836843F001038360FFF7EAFEFE
S3150200AAB0002004B070BD00BFC42D0422C02D0422A4
S3150200AAC0FC13042210B40B4C0020214608220A4B28
S3150200AAD0246000E06346013AC3E9011018631C6072
S3150200AAE003F1380C0B601946F4D1636000205DF85F
S3150200AAF0044B704700140422081404220B4810B4B5
S3150200AB000146002404220A4B0060013AC3E90114FB
S3150200AB10186003F1340C0B60194601D06346F4E762
S3150200AB2043605DF8044B0020704700BFC81504223D
S3150200AB30D015042230B40A4C002521460822094BBE
S3150200AB40246000E00346013AC3E901151C6003F1E3
S3150200AB5034000B601946F5D16360002030BC7047A3
S3150200AB60A0160422A81604220B4810B4014600249B
S3150200AB7004220A4B0060013AC3E90114186003F18A
S3150200AB80200C0B60194601D06346F4E743605DF87A
S3150200AB90044B0020704700BF4818042250180422B4
S3150200ABA02DE9F041846BDFF85880013CC4EBC40701
S3150200ABB000294FEAC40508EB870703DB014638463E
S3150200ABC000F004FE2B1B08EB830632699B009207FA
S3150200ABD014D458F80340A74210D0736909E02846F6
S3150200ABE000F02AFD7369AA6CA742A3EB0203736104
S3150200ABF004D02546AA6C24689A42F0DDBDE8F081AD
S3150200AC00D81804224FF0FF31FFF7CABF30B40A4CFE
S3150200AC10002521461022094B246000E00346013A32
S3150200AC20C3E901151C6003F11C000B601946F5D13E
S3150200AC306360002030BC7047D0180422D818042262
S3150200AC40F8B5441E0F2C2BD8FEF720FC164FC4EB8A
S3150200AC50C40407EB8406B3680546A40083B96FF003
S3150200AC602904124A124B12681B689A4203D0114BEE
S3150200AC701B682B4311D02846FEF7FEFB2046F8BD83
S3150200AC80304600F041FD00220B4B59683B51716082
S3150200AC9014460E605E60B260E3E7FEF711FCEAE777
S3150200ACA06FF01104EAE700BFD8180422B42904227F
S3150200ACB0B0290422B8290422D018042200232DE93F
S3150200ACC0F04F441E85B00F2C039379D899420D4656
S3150200ACD073DD501C174670DBDFF8FCA0DAF8003093
S3150200ACE0002B67D1384B1B68002B63DCDFF8EC9036
S3150200ACF0D9F80030002B5DD0FEF7C4FB002859D1ED
S3150200AD00FEF7C4FBDFF8D8B0C4EBC4060BEB86062D
S3150200AD10B3688046E200002B43D0B169D9F800300F
S3150200AD20A9420BDB316989071BD5111B0BEB81018C
S3150200AD304869A8421FDB401B486102E06FF010021F
S3150200AD400392224A12689A4204D0DAF8003058EA8C
S3150200AD5003032CD04046FEF78FFB039805B0BDE8EF
S3150200AD60F08F19463046019200F04CFDD9F80030BA
S3150200AD70019A8342D9D0121B0BEB820BDBF810200F
S3150200AD80134C12F0010F134A18BF22465A6303AA44
S3150200AD909D645A643946304600F0E4FCD9F8003026
S3150200ADA0CFE76FF02902D9F800300392C9E7FEF720
S3150200ADB087FBCFE76FF01800D0E76FF01000CDE702
S3150200ADC06FF01100CAE700BFB02C0422B02904229A
S3150200ADD0A8940102B4940102B8290422B4290422D7
S3150200ADE0D8180422202270B5194C0021234642F0BD
S3150200ADF001E0184D18482960016043F8042BC3E9A5
S3150200AE00003308330FF005C80026042231461348E2
S3150200AE10134DC4F80461C4F80C61FFF7BFF8114979
S3150200AE202C4620203246B4460F4B2D600E6000E0C1
S3150200AE300B4601320138C3E9014283F82FC01D6077
S3150200AE4003F1700123601C46F2D16B60002070BDD5
S3150200AE50A0280422B0290422B4290422A829042203
S3150200AE60981A0422B8290422A01A042230B4002215
S3150200AE706FF006054FF080744FF0080C90F83030F2
S3150200AE8090F82C1023F0030380F82D1080F82E1072
S3150200AE9080F8303090F92810836EC26341850264CF
S3150200AEA04264C26680F82FC043F8044C43F8445CFF
S3150200AEB043F80C2C4269A3F1440422F0010243F840
S3150200AEC0082C836E0269456AD91C42F480525B1BC8
S3150200AED0C0E9064330BC016202617047012330B407
S3150200AEE090F82E50104C80F82F3004EBC5018A687A
S3150200AEF0AB4042600A46043202608A681060D4F8A7
S3150200AF00082188601A43C4F8082190F830309B075C
S3150200AF10236848BFC4F80C019D4202DA034B256040
S3150200AF20186030BC704700BFA0280422B029042252
S3150200AF3010B52D4B90F82E10D3F80C21904204BF79
S3150200AF400022C3F80C210268904203D044682260B2
S3150200AF504468546090F83020D40734D403EBC10C13
S3150200AF606246DCF804400432944209D01F4A116852
S3150200AF70814200D010BDD3F80C1169B3116010BD27
S3150200AF804FF0010ED3F808411A680EFA01FC24EAC2
S3150200AF900C049142C3F80841E8D11F2A22DC1CEABC
S3150200AFA0040F0AD1C2F1200102E01CEA040F04D107
S3150200AFB0013201390EFA02FCF7D11A600B4A116806
S3150200AFC08142D7D1D7E722F0010280F83020074A22
S3150200AFD011688142CED1CEE7196803EBC1035968E5
S3150200AFE01160CCE72022E8E7A0280422B029042237
S3150200AFF02DE9F041426822F4995323F00103002B14
S3150200B0006ED106690546002E67DBC368013B1F2B1E
S3150200B01063D8920642D57F2E5FDDD0F81480FEF704
S3150200B02035FA314B07461C689C4229D00122216819
S3150200B03020464B6019602B68E3606B682361AB683E
S3150200B0406361EB686662013B464484F82C3084F8FF
S3150200B05028206285A666FFF709FF244A244B126858
S3150200B0601B68A4689A4203D0224B1B683B4321D03B
S3150200B0703846FEF701FA002C07DB2046BDE8F081D0
S3150200B080D8B1FEF7F9F96FF021046B689B06F4D488
S3150200B0904046FFF787FC2046BDE8F081873626F05A
S3150200B0A007063046FFF738FC80460028B7D16FF016
S3150200B0B02004E2E7FEF704FADAE70D4A0B4B1268C0
S3150200B0C01B689A42DDD00B4B1C68002CD9D1FEF7C7
S3150200B0D0F7F92046FEF7D0F9D5E76FF01004CCE772
S3150200B0E06FF00A04C9E700BF981A0422B4290422A1
S3150200B0F0B0290422B829042270B5244B0D461B68D8
S3150200B100002B23DD441E1F2C3CD8214EFEF7BEF930
S3150200B110204BC4EBC40403EB041393F82F2004461C
S3150200B120082A23D0002A14BF6FF028056FF02905DC
S3150200B130194B32681B689A4203D0184B1B6823438B
S3150200B14011D02046FEF798F9284670BD104E336896
S3150200B150ABB128B1441E1F2C14D89B688342D5D1AB
S3150200B1606FF02805F0E7FEF7ABF9EAE79A691846A9
S3150200B1705562DB6800259362FFF7B0FED8E7441EEE
S3150200B1801F2CC3D96FF01105DEE700BFB02C0422D5
S3150200B190B4290422A01A0422B0290422B8290422BE
S3150200B1A0024B186800B18068704700BFB4290422B8
S3150200B1B000232DE9F04182B00193431C43DB234F68
S3150200B1C03B68002B3CD1224B1B68002B38DCDFF896
S3150200B1D08C80D8F80030002B32D00446FEF752F9A4
S3150200B1E0054668BBFEF752F9D8F800300646DA6B18
S3150200B1F0002A0FDD013ADA63164A12689A4202D031
S3150200B2003B68334319D03046FEF736F9019802B04F
S3150200B210BDE8F0816FF031020192002CECD00E4AAB
S3150200B2209D635A6301AA5A642046294600F028FA09
S3150200B230D8F80030C3E90033DEE7FEF741F9E2E76A
S3150200B2406FF01800E3E76FF01000E0E7B829042278
S3150200B250B02C0422B0290422CC940102B42904227F
S3150200B260F8B52C4B1B68002B37DD441E1F2C47D824
S3150200B270294EFEF70BF9294AC4EBC40302EB03136A
S3150200B28093F82F1005464F074FEAC4001ED08907D0
S3150200B29003D523495F6B8F4238D06FF00041001B04
S3150200B2A002EB0012D36B8B4224D00133D36300240A
S3150200B2B01C4B32681B689A4203D01B4B1B682B43FC
S3150200B2C021D02846FEF7D8F82046F8BD002914BF3B
S3150200B2D06FF028046FF02904EAE70F4E336863B172
S3150200B2E028B1441E1F2C0BD89B688342C1D16FF034
S3150200B2F02804E9E76FF02A04DAE7441E1F2CB8D9BE
S3150200B3006FF01104E0E7FEF7DBF8DAE7184600F023
S3150200B31093F9CCE7B02C0422B4290422A01A042201
S3150200B320CC940102B0290422B82904220023F0B5E4
S3150200B330051E83B0019333DB1B4F3B686BBB1B4B74
S3150200B3401B68002B29DC1A4E336833B3FEF79AF8D2
S3150200B350044610BB15B9019803B0F0BDFEF796F886
S3150200B3600246336813499C6359632146144601AA6F
S3150200B3705A64284600F0A6F933680F4A1B60126821
S3150200B3805B60934202D03B68234303D02046FEF71C
S3150200B39073F8E0E7FEF794F8F8E76FF01800DBE7DA
S3150200B3A06FF01000D8E700BFB8290422B02C04229F
S3150200B3B0B4290422C0940102B02904220B4810B415
S3150200B3C00146002404220A4B0060013AC3E9011433
S3150200B3D0186003F1280C0B60194601D06346F4E7A6
S3150200B3E043605DF8044B0020704700BFE42A042244
S3150200B3F0EC2A042230B40A4C002521460822094BC5
S3150200B400246000E00346013AC3E901151C6003F11A
S3150200B41024000B601946F5D16360002030BC7047EA
S3150200B420BC290422C429042210B40E4B0E4C1968FE
S3150200B4302368A3420DD0826801F100410131A2EBDB
S3150200B440010C02E01B68A34203D09A68521A944583
S3150200B450F8D25A68C0E900325A68106058605DF83E
S3150200B460044B7047A02B0422902B042200210020BB
S3150200B47038B50C4A0C4B0D4CC2E90001C4E9000177
S3150200B48006250024C3E90033FEF700F84FF0E02357
S3150200B490072207491D6159619C611A61FDF7ECFF9C
S3150200B4A0204638BDA02B0422902B0422982B04227E
S3150200B4B07F9698004FF0E02300221A61704700BF82
S3150200B4C0C0E903234B1C10B404D1C0E900005DF8A7
S3150200B4D0044B7047044B5DF8044B1B680A330B445C
S3150200B4E08360FFF7A1BF00BFA02B042210B5064C54
S3150200B4F0C0E90323246804F10A0E71448160BDE8A1
S3150200B5001040FFF791BF00BFA02B04224FF0E023AB
S3150200B5104FF0007270B51969C3F8042DFDF7B6FF36
S3150200B520194B0646D3E900520A3542F10002C3E935
S3150200B5300052164C0CE09A68AA1A002A0BDB1A680B
S3150200B540934203D059680A6059685160DA688AB929
S3150200B5502368A342EFD10E4A0E4B12681B689A4229
S3150200B56003D00D4B1B68334307D03046BDE870400D
S3150200B570FDF782BF18699047EAE7FDF7A1FF30465B
S3150200B580BDE87040FDF778BFA02B0422902B042261
S3150200B590B4290422B0290422B829042208B5FFF7E7
S3150200B5A021FC002823DBFFF731FB00281FDBFEF717
S3150200B5B085FF00281BDBFFF729F9002817DBFFF7B9
S3150200B5C0B9FA002813DBFFF7CFFA00280FDBFFF7E3
S3150200B5D095FA00280BDBFFF775FA002807DBFFF761
S3150200B5E0EDFE002803DBFFF705FF00EAE07008BD69
S3150200B5F00368984203D04268136042685A6090F822
S3150200B6002F30022B07D0042380F82F30436B9B6820
S3150200B61003B11847704700B583B00190FFF75EFC8F
S3150200B6200198436B9B681BB103B05DF804EB1847A6
S3150200B63003B05DF804FB00BF034610B553F8542F60
S3150200B64004469A4203D0836D1A60836D5360236861
S3150200B6509C4203D06268136062685A6094F82F3085
S3150200B660022B06D00423002284F82F30636C1A6062
S3150200B67010BD2046FFF732FC0022636C1A6010BD33
S3150200B68070B50E4D04462B6893F82F20012A0DD073
S3150200B690042A07D02146BDE87040094A03F1540046
S3150200B6A0FFF70EBF062283F82F20F3E71846FFF7AF
S3150200B6B03FFC02222B6883F82F20EBE7B4290422F1
S3150200B6C0F1B5000270B50E4D04462B6893F82F2093
S3150200B6D0012A0DD0042A07D02146BDE87040094A46
S3150200B6E003F15400FFF702BF062283F82F20F3E787
S3150200B6F01846FFF71DFC02222B6883F82F20EBE782
S3150200B700B4290422F1B50002F8B50468A04227D094
S3150200B710054604276FF0320606E0636C84F82F7044
S3150200B7201E602C68A5421BD0234653F8542F9A421A
S3150200B73003D0A36D1A60A36D536023689C4203D0A5
S3150200B7406268136062685A6094F82F30022BE4D163
S3150200B7502046FFF7C3FB636C1E602C68A542E3D14B
S3150200B760F8BD00BF6FF0310238B5174D2B685B6C20
S3150200B7701A6001B938BD044682682B6808469A6386
S3150200B7802169FFF77DFF2369DB0707D462682B680F
S3150200B790C3E9004262681360636038BD23682868A3
S3150200B7A09C4290F82E1003D106E01B689C4203D0FF
S3150200B7B093F82E208A42F8D95A68C0E900325A68AC
S3150200B7C01060586038BD00BFB42904220B68994244
S3150200B7D003D04A6813604A685A60036891F82EC01B
S3150200B7E0984203D106E01B68984203D093F82E20B4
S3150200B7F06245F8D95A68C1E900325A68116059603F
S3150200B800704700BF0346006883420AD01B69DB0704
S3150200B81008D590F82E3091F82E209A4238BF084665
S3150200B82070470846704700BF08B5FDF72FFEFDF7C3
S3150200B830D7FFFFF7FBF8002820DBFDF7A5FF00285E
S3150200B84028DBFDF70FFF00281CDBFFF7A7FE002809
S3150200B85024DBFFF70BFE002824DB1648FFF7C8FBA4
S3150200B860002813DB0021FFF747FC00281EDBFDF74B
S3150200B87013FEFFF71FFEFDF78FFFFEE70E48FDF7EB
S3150200B880CFFFFAE70D48FDF7CBFFF6E70C48FDF7C9
S3150200B890C7FFEEE70B48FDF7C3FFEEE70A48FDF7E1
S3150200B8A0BFFFE8E70948FDF7BBFFE4E70848FDF7F5
S3150200B8B0B7FFDEE7D894010278820102A88201026C
S3150200B8C02C83010290820102C4820102E8820102F3
S3150200B8D00883010208B5FFF7EDFDFDF75DFFFEE700
S3150200B8E010B5FEF7E7FB002816DBFDF74FFF002831
S3150200B8F012DB002203210E48FEF7C8FA02F006FA0E
S3150200B9000446FDF745FF002C0BDA2046FDF748FFFB
S3150200B910BDE81040FFF7DEBF0648FDF781FFFDF7E1
S3150200B92037FF0548FDF77CFFBDE81040FFF7D2BFA1
S3150200B930508301027483010290830102024B034881
S3150200B9401B681844704700BF58AA0102E02D042262
S3150200B950024B03481B681844704700BF54AA0102F1
S3150200B960E02D042200F000B8E02170B5002327255F
S3150200B970194C98B0194ACDE90A112468184E049256
S3150200B98006920994059307930F930E9614920C95BB
S3150200B990159304A991ED007F10AC84ED007FC0B928
S3150200B9A00026052504240F49179309AB1692009326
S3150200B9B00A68CDE901560C490EAB0C480D94FBF70B
S3150200B9C05BFBA0F1FF30B0FA80F04009404218B0AC
S3150200B9D070BD1360E4E700BF50AA0102E02D042205
S3150200B9E0909D01028C9D0102F0940102C034042252
S3150200B9F02DE9F04F2DED0A8B16468BB0DDE91E5967
S3150200BA00D5E9008707FB08FC00EBCC0206FB03FC2A
S3150200BA10012F04468B464FEACC0C29D005F10801CA
S3150200BA20CDE905870491FD0006FB08F1824617461B
S3150200BA30E0461C4603910790049B594650460093E4
S3150200BA40039A2346CDF80490AA44FFF7D1FF57453F
S3150200BA50C344F1D1DDE90587A8F10203079C032B54
S3150200BA6000F27B82DFE813F02100760273025C00AB
S3150200BA7000F10803D11A4FEAD10E0EF1010E4EF073
S3150200BA8001E01D469BE80300E34405E9030008358F
S3150200BA900FF009C0A8F10202032A00F2DF82DFE8F2
S3150200BAA012F006002C01B9013E0004F1080347F02A
S3150200BAB001E07A1CF60004EBC20299ED436A52EDEC
S3150200BAC0017A99ED425A52ED025A26EE677A53ED01
S3150200BAD0026AA5EE857A76EEC76A65EE277A42EDA8
S3150200BAE0026AE5EE867A53ED016A76EEE76A42ED80
S3150200BAF0016A13ED026A53ED016A36EE077A76EEB3
S3150200BB00A77A08330832B14403ED047A43ED037A87
S3150200BB100FF02DC80BB0BDEC0A8BBDE8F08F0825DF
S3150200BB2007FB06F309F5847202EBC30202EBC303B9
S3150200BB30D2ED003A92ED012A002F04EB450293ED75
S3150200BB40003AD3ED012A04EB050002EB0503E1DD21
S3150200BB5005F1080147F001E0F1EE421ACC464F46E4
S3150200BB604D4606EB460819444FEAC60B4FEA061A3B
S3150200BB7008340830083208334FEAC808760110ED57
S3150200BB80016A99ED42CAD9ED435AD7ED429A97ED29
S3150200BB90435A50ED020A53ED016A2CEE061AD5ED10
S3150200BBA043AA9CED429ADCED434A11ED017A13ED6C
S3150200BBB002AAD5ED42BA52ED017AA0EEA51A25EEF9
S3150200BBC0C64A65EE665A69EEA66A12ED02BAEAEE50
S3150200BBD0056AA0EE8C4A24EEC75A6AEEE70A29EEF7
S3150200BBE0076A6BEEA77AB0EE657A51ED028AAAEE83
S3150200BBF0297AEBEE2A7AEBEE2B0AA8EEA46A70EE0D
S3150200BC00C75A77EEE69A14ED028A14ED010AA8EEF7
S3150200BC10895A70EE870A65EEC2AA31EE067A22EEDC
S3150200BC20A9AA31EE461A77EEA67AA2EE01AA74EE18
S3150200BC30056A25EEE29A34EE454AF0EE484AB0EE3F
S3150200BC40405AF0EE485AB0EE406A61EE628AB0EEB1
S3150200BC506A1AA4EE219AA2EE841AE3EEA64AA3EE8B
S3150200BC60875AE3EE265AA3EE076AB0EE684AE3EE77
S3150200BC70204AA3EE275AA3EEA76A76EEA06A37EE0B
S3150200BC80277AE3EEA05AA2EE294A77EE007A76EEFA
S3150200BC90886A35EE490A34EECA8A75EE840A36EEA9
S3150200BCA0017A74EE8A4A35EE095A75EEC45A36EEB0
S3150200BCB0416A083008320833083144ED026A44ED1D
S3150200BCC0017A083400ED048A00ED030AD94441EDF5
S3150200BCD0044A01ED035A554442ED040A02ED037A81
S3150200BCE0474443ED045A03ED036AB4440FF0B9C85E
S3150200BCF00BB0BDEC0A8BBDE8F08F082506FB07F0FA
S3150200BD0009EBC00090ED434A2A1D611904EB0710A6
S3150200BD10224404EB4505B6EE005BCC4647F001E053
S3150200BD204C46F1EE442A4FEAC60A4FEA0618043098
S3150200BD30D1ED017A9CED431A94ED432A95ED017AF1
S3150200BD4052ED010A9CED428A50ED011A94ED420A27
S3150200BD5061EE674A62EE476AE0EE884AE1EE806A81
S3150200BD6068EE277A13ED026AE0EE817A74EEA60A8D
S3150200BD70B7EEC63AB7EEE08AA8EE453B20EE077A62
S3150200BD80B7EEC36BA1EE827A02ED016A37EE872A1D
S3150200BD9013ED016A74EEE64AB7EEC21AB7EEC66A48
S3150200BDA0A1EE456BB7EEC66B81ED016A77EEC77AF7
S3150200BDB053ED026A13ED017A76EEA06A37EE027A45
S3150200BDC043ED026A03ED017A12ED017AA4EE277AB7
S3150200BDD000ED017A91ED017AA2EEA47A85ED017A5F
S3150200BDE012ED017AA2EEA77A02ED017AD1ED017A7D
S3150200BDF0E4EE247A08330831083208350830D44490
S3150200BE00444441ED017A0FF06DC80BB0BDEC0A8BCC
S3150200BE10BDE8F08F082506EB460E4FEAC608360146
S3150200BE20CC4648464946B34604EB45024FEACE0E97
S3150200BE302C44154490ED433A9CED431A91ED432A66
S3150200BE40D4ED017A95ED016AD2ED015A9CED428A52
S3150200BE50D1ED420AD5ED003A90ED420AD4ED001A30
S3150200BE60D2ED002A66EE434A27EEC17A25EEC24A91
S3150200BE7053ED026AE0EE234AA8EE217AA0EEA24A28
S3150200BE8067EE887A65EEA05A26EE006A13ED015A2D
S3150200BE90A3EE236AE1EE217A74EE873A36EE843A0D
S3150200BEA0E2EE225A37EE647A75EE254A75EE655A47
S3150200BEB036EE275A77EEC67A33EE636A43ED014AC7
S3150200BEC003ED023A76EEC46A82ED006A75EEC74A5F
S3150200BED037EE257A77EEA65A76EEE76A53ED017AC1
S3150200BEE077EEC57AC2ED017A13ED026A53ED017A55
S3150200BEF036EE236A77EE857A03ED026A43ED017A1E
S3150200BF00D9F80460C44459447044083208335EB90F
S3150200BF1015EE90AAF0EE665A06EE90AA14EE90AAD4
S3150200BF20F0EE474A07EE10AAC4ED006A0835013F53
S3150200BF3084ED017A04F1080445ED025A45ED014A01
S3150200BF407FF478AF0BB0BDEC0A8BBDE8F08F04F13D
S3150200BF50080360E704F10803D0E6D9F800304FEA97
S3150200BF60C80A0493504609F58473039301F024FF2B
S3150200BF70002F03466ADDAAF1080A0AEB03020592BC
S3150200BF800022A346924607FB06F1CDE90746069133
S3150200BF90B8F1000F52DDD6464FF0000C079903EBBD
S3150200BFA0CC040CF1010C01EBCE01E04503C9BE4401
S3150200BFB084E80300F2D11646D94600240BF1040C9C
S3150200BFC0ACF1040EB8F1010F93E803008EE803000A
S3150200BFD034D05CED016A99ED017A18460021099385
S3150200BFE0049B31448B42A1EB030ED8BF7146039BDF
S3150200BFF0D0ED037A03EBC10E9EED005ADEED014A47
S3150200C000D0ED025A27EE856A67EEE47AA4EEA56AB7
S3150200C010E5EE257A37EE067A76EEA76A059B0830B4
S3150200C02098424CED016A89ED017AD9D1069901341B
S3150200C030A045099BA9440E44AC44C1D108990AF112
S3150200C040010A57450BF1080B0A44A1D118460BB059
S3150200C050BDEC0A8BBDE8F04F00F072BA09F58473A5
S3150200C06003934FEAC80AD9F800305046049301F008
S3150200C070A3FE082503467EE72DE9F84300F12107D2
S3150200C0802DED068B04460D46DDF83880FF00002BA9
S3150200C09000F0A980002A6ED01968B9426BD3164601
S3150200C0A01F6007EE904AC6E90045B8EEE78B002D01
S3150200C0B073D1002CB14620DD9FED539B07EE905ABB
S3150200C0C0B8EEE77B27EE097B87EE08ABB0EE4A0BAC
S3150200C0D007F082F8B0EE407BB7EEC77BB0EE4A0BB4
S3150200C0E089ED427A07F0C4F8B7EEC00B0135AC42CF
S3150200C0F009F1080989ED410AE0D1B5EE408BF1EE6E
S3150200C10010FA06F1080576D4B1EEC86BBBFE466B93
S3150200C110042394FBF3F103FB114028B3022B36D020
S3150200C120042B10D1B0EE007B0223B4EEC76BF1EE06
S3150200C13010FA12D494FBF3F103FB1142A2B1022BC3
S3150200C140B0EE087B27D0023307EE903AB8EEE77BD3
S3150200C150B4EEC76BF1EE10FAECD5234694FBF3F17D
S3150200C16003FB11400028D9D101290C46C5E900314B
S3150200C17003DD0835CDE71F600026B8F1000F01D0B8
S3150200C180C8F800703046BDEC068BBDE8F883B0EE09
S3150200C190087B0323C9E70323C7E7002CADDDB146BD
S3150200C1A000259FED1B9B07EE905AB8EEE77B27EE24
S3150200C1B0097B87EE08ABB0EE4A0B07F00DF8B0EE3E
S3150200C1C0407BB7EEC77BB0EE4A0B89ED427A07F0A9
S3150200C1D04FF8B7EEC00B0135AC4209F1080989EDFB
S3150200C1E0410AE0D189E7384601F0E6FD0646002815
S3150200C1F07FF457AFC0E7B0EE480B06F0C9FFB0EECA
S3150200C200406B83E7AFF30080182D4454FB2119C01D
S3150200C210182D4454FB21194070B59142044682B050
S3150200C2200AD00123104604F10802CDE900241A4679
S3150200C230FFF7DEFB02B070BD00680D46C00001F0DC
S3150200C240BBFD0123064604F108022946CDE9002476
S3150200C2501A46FFF7CDFB226831462846D20009F07E
S3150200C26022FB304602B0BDE8704000F069B900BF5B
S3150200C2702DE9F04F2DED088B002485B010F0010852
S3150200C280039440F0A1809946461003AB144630460B
S3150200C2904246CDF800800D46FFF7EEFE039B03F102
S3150200C2A00C0A06EB460303EBD3735B100AEBC307D8
S3150200C2B0B9F1000F00F09180D9F80030C9F800708A
S3150200C2C0BB42C0F08480002C00F081804FF0000B4E
S3150200C2D004F10C022260039930461144616001EBBD
S3150200C2E0C601A16003AB2946CDF800B006EBD679AC
S3150200C2F0FFF7C2FE4FEA6909BDB3012E2BDD07EE39
S3150200C300906AB6EE00BBB8EEE79B9FED37AB08F13D
S3150200C310010807EE908AB8EEE77B87EE098B38EEC6
S3150200C3200B8B28EE0A8BB0EE480B06F055FFF7EEA4
S3150200C330C07BA368B0EE480B5B44C3ED007A06F0FF
S3150200C34097FFB7EEC00BA368C8455B4483ED010AAD
S3150200C3500BF1080BDBDB169B0BB1169B1F6020460D
S3150200C36005B0BDEC088BBDE8F08F012EF3DD07EEBC
S3150200C370906AB6EE00BBB8EEE78B2E469FED1CAB7D
S3150200C380013507EE905AB8EEE77B87EE089B39EE49
S3150200C3900B9B29EE0A9BB0EE490B06F01DFFF7EE4A
S3150200C3A0C07BA368B0EE490B3344C3ED007A06F0B6
S3150200C3B05FFFB7EEC00BA3684D45334483ED010A18
S3150200C3C006F10806DCDBC6E70B4801F0E7FC0020B5
S3150200C3D005B0BDEC088BBDE8F08F384601F0ECFCE9
S3150200C3E0044670E7AFF30080182D4454FB21094040
S3150200C3F0182D4454FB2109C0A88301022DE9F843F4
S3150200C400064600680C4643681546002B73D1214642
S3150200C41072680468FFF700FF72680023D2ED007AA3
S3150200C42092ED017A77EE876A77EEC77A05EBC40951
S3150200C43004EBD47E012CC5ED006A4FEA6E0EC9EDFF
S3150200C440007A6B60C9F8043053DD01240EEB040157
S3150200C450A142D8BFA6466FF007082A464B46F6EE1B
S3150200C460005A4EF001E0A8EB0508716808EB0300DC
S3150200C47001EBC4050144D1ED014AD5ED016AB76865
S3150200C480A9EB030007EB000C95ED006A9CED015A3F
S3150200C49091ED007A9CED004A74EEA67A76EEE46A95
S3150200C4A076EE474A37EE067A25EE676A67EE847AB3
S3150200C4B0A4EE846AE4EE857A77EE064A37EEA65A49
S3150200C4C037EE467A77EEE67A24EEA56A65EE256AB7
S3150200C4D027EE257A67EEA57A083B083282ED006AD6
S3150200C4E0C2ED016A013483ED007AC3ED017A0FF0E1
S3150200C4F045C0BDE8F883024801F050FC306886E783
S3150200C500C483010203680868184700BF10B40468B0
S3150200C510086811681A6823465DF8044B184700BF7D
S3150200C5208C4608B5134605494FEA8C0201EB800199
S3150200C530184609F0B8F9002008BD00BFE02E042213
S3150200C54008F01CB908B50868FFF7FAFF08BD00BF76
S3150200C5502DE9F04F203B83B05E2BBDF830801DD80D
S3150200C560364C03EB830303EB040B8C46002441F2A7
S3150200C57082060F4600EBC22A01F10A09CDF804B081
S3150200C580052C07D0BCF5806F0BD30134052C0CF1BA
S3150200C590020CF7D1B9F5806FCE4649D303B0BDE898
S3150200C5A0F08FE646019B0CF1010513F804B05346E1
S3150200C5B00022CDF800C04BFA02F111F0010F14BFB0
S3150200C5C041463146B5F5806F23F81E1016D0C2F1EA
S3150200C5D0080003F5006C013823F8151002F1010278
S3150200C5E02CF81E1003F580532CF815101DD0072ABF
S3150200C5F0E1D141F2820123F81E60EAE70132072AFD
S3150200C600A3F8FE1F03F58053D5D141F28202DDF86D
S3150200C61000C023F81E20A3F8FE2F0134062C0CF1CD
S3150200C620020CADD103B0BDE8F08FDDF800C0F4E72F
S3150200C6304FF0000B07F10B05B9E700BF60BC010222
S3150200C6402DE9F041531E03EBD37382B0B1EB630FB6
S3150200C6500D4610EE106A04468DED000ACDED010A74
S3150200C66002F001084BDA8E465F1000E0E6460EF154
S3150200C67001034FEA430C0CF1FF3104EB031304EB05
S3150200C680C100D3ED017A90ED017AB4EEE77AF1EECC
S3150200C69010FA44BF8C46034604EBCE0E674593E878
S3150200C6A003008EE80300E1DCB8F1000F2DD00CF197
S3150200C6B0FF3E0EEBDE7E4FEA6E0EAC4508DC18E05E
S3150200C6C0754597E80300F44683E8030030DA964698
S3150200C6D004EBCE07D7ED017AF4EEE07AF1EE10FA2A
S3150200C6E00EF1FF3202EBD27204EBCC034FEA620286
S3150200C6F0E6DCC3ED010A1E6002B0BDE8F08100EB84
S3150200C700C103B8F1000FF4D1AC46023A02EBD27281
S3150200C710BCEB620FCBD14FEA4C02013204EBC207EB
S3150200C720E64697E80300944683E803003B46C4E7DF
S3150200C7303B46C3ED010A1E6002B0BDE8F08100BFB0
S3150200C740531E03EBD373B1EB630FF0B502F001078F
S3150200C75043DA8E465E1000E09E460EF1010C4FEA69
S3150200C7604C035D1E00EBCC0C00EB8504DCED007A7D
S3150200C77094ED007AB4EEE77AF1EE10FA00EB8E0E43
S3150200C78003DD2B46F0EE477AA4469E42CEED007AB2
S3150200C790E2DC3FB303F1FF3E0EEBDE7E8B424FEA55
S3150200C7A06E0E06DC16E07145CCED007A734628DA89
S3150200C7B0964600EB8E04D4ED007AB4EEE70AF1EE6B
S3150200C7C010FA00EB830C0EF1FF3303EBD3734FEA3F
S3150200C7D06302E8DC8CED000AF0BD00EB810C002F51
S3150200C7E0F8D10B46023A02EBD272B3EB620FD1D109
S3150200C7F05B00013300EB83021468CCF800409446D8
S3150200C800C8E7A4468CED000AF0BD00BF012A02D19A
S3150200C810016000207047022A05D0032AF9D0002AB7
S3150200C820F7D10260F5E70B680360F2E788423ED073
S3150200C83070B505462DED028B0E46041DA64219D093
S3150200C84094ED008AD5ED007AB4EEE78AF1EE10FA9D
S3150200C850A44604F1040410D5ACEB0502042A22DD39
S3150200C860C2F104002946604408F034FFA64285ED71
S3150200C870008AE5D1BDEC028B70BD54ED027AB4EEAE
S3150200C880E78AF1EE10FAA4F1080309D5C3ED017A9D
S3150200C8909C4673ED017AB4EEE78AF1EE10FAF5D40E
S3150200C8A08CED008ACAE708BF44ED017ADEE77047DD
S3150200C8B0012A02D1016000207047022A05D0032A0C
S3150200C8C0F9D0002AF7D10260F5E70B680360F2E7B8
S3150200C8D0012A02D1016000207047022A05D0032AEC
S3150200C8E0F9D0002AF7D10260F5E70B680360F2E798
S3150200C8F0F8B50B1A402B40F3A480054617460C46A2
S3150200C900002A00F082802E1DDB1005EB8303D5ED95
S3150200C910017AD3ED006AF4EEE67AF1EE10FA11ED41
S3150200C920016A95ED007A07F1FF3744D5B4EEE66A5F
S3150200C930F1EE10FA5EDCB4EEE76AF1EE10FA44DCD0
S3150200C940C5ED007A85ED017A51ED016AF4EEC77AFA
S3150200C950B646F1EE10FA8C460EF1040329DD1C46AA
S3150200C960B3EC017AF4EEC77AF1EE10FAF7DCF4EEE4
S3150200C970E67AF1EE10FAACF1040C06D57CED016A0A
S3150200C980F4EEE67AF1EE10FAF8D4644528D2A64619
S3150200C990EEEC016A8CED007AD5ED007A94ED017A1F
S3150200C9A0F4EEC77AF1EE10FA5CED016A0EF10403B9
S3150200C9B0D5DC7446DBE7B4EEE76AF1EE10FABFDCCB
S3150200C9C0B4EEE66AF1EE10FA14DD85ED006A01EDC9
S3150200C9D0017AF0EE476AD5ED007A95ED017AB5E770
S3150200C9E03A462046FFF784FF631B402B29DD67B1D9
S3150200C9F0214689E7C5ED006A83ED007A95ED017A55
S3150200CA00D5ED007A51ED016AA0E79E10B11E4910DC
S3150200CA104F1C05EB870700E0013937ED010A324664
S3150200CA202846FFF78DFE0029F6D134ED010A2B6860
S3150200CA30661B002128462360B210FFF781FE042EF2
S3150200CA40F3DCF8BD2DE9F0411F460B1A802B82B0AC
S3150200CA5040F3CE8005469046002A00F098808E4626
S3150200CA6005F108061B1105EBC303D5ED036A93ED29
S3150200CA70017AF4EEC76AF1EE10FA1EED016AD5EDFF
S3150200CA80017A2A6808F1FF384ADDB4EEC67AF1EE79
S3150200CA9010FA70DCF4EEC66AF1EE10FA4ADC96E899
S3150200CAA00300C5ED037A85E80300AA605EED016A1C
S3150200CAB0F446334695ED017AF4EEC77AF1EE10FAB2
S3150200CAC003F1080155DD0C46D1ED017AF4EEC77A81
S3150200CAD0F1EE10FA01F10801F5DCF4EEC76AF1EEA7
S3150200CAE010FAACF1100132D58C46D1ED016AF4EEA2
S3150200CAF0C76AF1EE10FAA1F10801F5D464452AD20B
S3150200CB009CE80300226884E80300CCED017ACCF8A5
S3150200CB1000205CED016AD4ED037A04F10803C9E74B
S3150200CB20F4EEC66AF1EE10FAB9DCB4EEC67AF1EEAC
S3150200CB3010FA20DD1EE9030085E803004EED017AB6
S3150200CB404EF8082CF0EE676AD5ED037AB0E7ACF141
S3150200CB50080C6445D4D33B46424671462046FFF74D
S3150200CB6071FF631B802B43DDB8F1000F10D0A64680
S3150200CB7078E71C46B1E793E8030085E80300C3EDB6
S3150200CB80017A1A60D5ED037A5EED016A90E70C46EA
S3150200CB90DE10A6F102086F464FEA680801E008F1C6
S3150200CBA0FF3805EBC80393E8030087E80300324623
S3150200CBB041469DED000ADDED010A2846FFF740FDDC
S3150200CBC0B8F1000FEBD1083C94E8030087E80300B4
S3150200CBD095E80300661B84E803009DED000ADDED7F
S3150200CBE0010A00212846F210FFF72AFD082EEADC88
S3150200CBF002B0BDE8F08100BF88424AD0F8B50546CA
S3150200CC002DED028B0F4600F10804A7421AD094EDCF
S3150200CC10018AD5ED017AB4EEE78AF1EE10FAA4465E
S3150200CC2054F8086B11DDACEB0502082A2BDDC2F1C4
S3150200CC3008002946604408F04DFDA74285ED018AA9
S3150200CC402E60E4D1BDEC028BF8BD54ED037AB4EE4E
S3150200CC50E78AF1EE10FAA4F110030FDD93E8030060
S3150200CC6003F1080282E803009C4653ED017AB4EE12
S3150200CC70E78AF1EE10FAA3F10803EFDC8CED018AE4
S3150200CC80CCF80060C1E704BFD5E9000144E902011E
S3150200CC90D3E770472DE9F04108270446DFF8D08034
S3150200CCA0314E324D82B024E000222846FAF71EFBAE
S3150200CCB004222846B8F80010FAF708FC01210520DC
S3150200CCC0FCF7F4F8102231882846FAF7FFFB012117
S3150200CCD00520FCF7EBF8002231882846FAF706FB16
S3150200CCE0042228463188FAF7F1FB6400013FE4B2D8
S3150200CCF008D02306B8F80010D6D510222846FAF72F
S3150200CD00E5FBDBE71022B8F800101848FAF7DEFB5D
S3150200CD1001210520FCF7CAF8102231881348FAF7D8
S3150200CD20D5FB01210520FCF7C1F8B8F800100DF17A
S3150200CD3007020E488DF80770FAF7C6FA3A463188A6
S3150200CD400A489DF80740FAF7D1FA042231880748C3
S3150200CD50FAF7BCFB01210520FCF7A8F8601E18BFF4
S3150200CD60012002B0BDE8F081BA010022CC2B0422D8
S3150200CD70B801002238B5104C104D002229882046F1
S3150200CD80FAF7B4FA298804222046FAF79FFB0C4BDD
S3150200CD90102219882046FAF799FB01210520FCF793
S3150200CDA085F8298820461022FAF790FBBDE838401C
S3150200CDB001210520FCF77AB8CC2B0422B801002207
S3150200CDC0BA01002270B5174C174E184D3188102241
S3150200CDD02046FAF77BFB102229882046FAF776FBD3
S3150200CDE001210520FCF762F8318800222046FAF775
S3150200CDF07DFA042231882046FAF768FB01210520D4
S3150200CE00FCF754F8298800222046FAF76FFA298897
S3150200CE1020460422FAF75AFBBDE87040012105209C
S3150200CE20FCF744B8CC2B0422B8010022BA01002236
S3150200CE302DE9F04F87B004460D469246FFF7C2FF32
S3150200CE40D020FFF727FF002800F089802046FFF751
S3150200CE5021FF002800F08380FFF7B4FFD120FFF7FF
S3150200CE6019FF00287BD04FF000080AF1FF3305EBCB
S3150200CE700A0B019305F1FF39C5F101033E4F3F4EFF
S3150200CE803F4D0BF1FF3B029303901022284639884F
S3150200CE90FAF71CFB4FF0080A0024102231882846B4
S3150200CEA0FAF714FB01210520FCF700F839880DF189
S3150200CEB01702284664008DF81780FAF705FA9DF8DE
S3150200CEC01730E4B2012B4FF0000244F0010331881F
S3150200CED0284608BF1C46FAF709FA04223188284672
S3150200CEE0FAF7F4FA01210520FBF7E0FFBAF1010A8D
S3150200CEF0D3D1029B398803EB0902019B934235D9B0
S3150200CF0052462846FAF7F2F9042228463988FAF7F1
S3150200CF10DDFA01210520FBF7C9FF102231882846D8
S3150200CF20FAF7D4FA01210520FBF7C0FF0022318867
S3150200CF302846FAF7DBF9042231882846FAF7C6FAB8
S3150200CF4001210520FBF7B2FF09F8014FCB459CD121
S3150200CF50039CFFF70FFF204607B0BDE8F08F0024C1
S3150200CF60FFF708FF204607B0BDE8F08F10222846DB
S3150200CF70FAF7ACFACDE700BFB8010022BA010022E7
S3150200CF80CC2B042210B50446FFF71CFFD020FFF776
S3150200CF9081FE60B12046FFF77DFE40B10020FFF71B
S3150200CFA079FE044618B1FFF7E5FE204610BD0024BF
S3150200CFB0FFF7E0FE204610BD2DE9F04F2DED028B66
S3150200CFC04FF47A70ADF6D40DFEF7B0F9D449D548D0
S3150200CFD0FAF776FA0120FCF757F80023D248C0F890
S3150200CFE08430BFF34F8F43F6E076D0F88010C1F35A
S3150200CFF04E335B01C1F3C90101F1010E0A464EF03F
S3150200D00001E003EA060545EA8274C0F87442013A71
S3150200D0100FF007C8203B13F1200FEDD1BFF34F8F5E
S3150200D020BFF36F8FC148FCF731FFC148FCF72EFFF3
S3150200D0304FF0120E002313214EF001E0BD4A03F514
S3150200D040886022F8201001330FF007C8BA48FCF7AF
S3150200D0501DFF4FF416120021B84808F055FB4FF495
S3150200D06096120021B64808F04FFB0023AE48C0F8DE
S3150200D0708430BFF34F8F43F6E076D0F88010C1F3C9
S3150200D0804E335B01C1F3C90101F1010E0A464EF0AE
S3150200D09001E003EA060545EA8274C0F87442013AE1
S3150200D0A00FF007C8203B13F1200FEDD1BFF34F8FCE
S3150200D0B0BFF36F8FA348FCF7E9FE00224FF4847199
S3150200D0C09848FAF713F9012240F206619548FAF7F1
S3150200D0D00DF94FF4FA70FEF729F9002240F20661C3
S3150200D0E09048FAF703F9C820FEF720F9012240F228
S3150200D0F006618C48FAF7FAF84FF4FA70FEF716F959
S3150200D10091499248FAF798FF014638B19048FCF7E0
S3150200D110BDFE4FF47A70FEF709F9FAE78B48FAF783
S3150200D120D7FD824640B101468A48FCF7AFFE4FF46E
S3150200D1307A70FEF7FBF8FAE7874BDFF840B293E81E
S3150200D140070013AB83E8070052467C497F48FAF78B
S3150200D150D7FD012240F20E517248FAF7C7F87F480E
S3150200D160FCF794FE7E48FCF791FE5046F5F7D2F99D
S3150200D170CBF80000002800F0CA805146F5F730FAD5
S3150200D18052460121DBF80000F4F718F90121DBF819
S3150200D1900000F4F7F1F8FF21DBF80000F4F7CCF811
S3150200D1A05146DBF80000F4F74BF90DF14C086D48D7
S3150200D1B0FCF76CFED1464546DBF80000F8F7B8FBF3
S3150200D1C04FF416730122CDE900324FF480634FF417
S3150200D1D0F074202742F2A0361A4655F8041BDBF8F3
S3150200D1E00000F9F7B1FB6049DBF80000F9F704F833
S3150200D1F000215E4ADBF80000F4F786F822464FF477
S3150200D2007B534FF4A0718DE89002DBF80000F9F72A
S3150200D2103DF832464FF47B534FF4A0710096CDE9A8
S3150200D2200179DBF80000F9F731F84FF4A0732246D2
S3150200D23019460096CDE90179DBF80000F9F726F8E0
S3150200D2404FF47B53224645241946CDE90067DBF8A5
S3150200D2500000CDF80890F9F719F8454B32260993E4
S3150200D2602346DBF80080CDF828A0203B5E2B00F297
S3150200D2708980404903EB8303CF183B4A002140468D
S3150200D280F4F742F84FF4C07134010FFA84FA4FF4FE
S3150200D29090734FF44872009140465146F8F7B4FF36
S3150200D2A000214046314AF4F72FF87B1ECDE90B5692
S3150200D2B01E46A4B2391D534616F8015F0027B24630
S3150200D2C026460C46194602E00137072F14D045FAC6
S3150200D2D007F3DB07F8D5302307EB4702120102F505
S3150200D2E0487C404600930FFA8CF201370D91F8F70D
S3150200D2F08BFF072F0D99EAD121463446514504F199
S3150200D30030045646A4B23BD00FFA84FAD3E71A4841
S3150200D310FCF7BCFD4FF47A70FEF708F8FAE700BF97
S3150200D320F07A0102CC2B042200ED00E01084010207
S3150200D3303C84010200300040808401020000006843
S3150200D34000802568AC840102547A0102D42B04229F
S3150200D350CC840102F08401023CBE0102188501025E
S3150200D3603085010284850102151010FFFFE500FFDA
S3150200D370EC83010260BC01025C850102E42B0422FB
S3150200D380DDE90B56099A123612F9013F0992002B72
S3150200D3907FF46BAF1946D44ADBF800001C46DDF871
S3150200D3A028A0F3F7B1FF4FF496534FF4346200937B
S3150200D3B04FF448714FF46753DBF80000F8F724FF87
S3150200D3C02146CA4ADBF80000F3F79EFF4FF4955355
S3150200D3D04FF4356200934FF44C7143F6A013DBF819
S3150200D3E00000F8F711FF2146BF4ADBF80000F3F709
S3150200D3F08BFF4FF4F0734FF4FF5200934FF44871D2
S3150200D4004FF46753DBF80000F8F7FEFE2146B74AF1
S3150200D410DBF80000F3F778FF4FF4E07341F6F072A1
S3150200D4204FF44C710093DBF8000043F6A013B04EA4
S3150200D430F8F7EAFEDBF80000F8F7B8FAC6F8844017
S3150200D440BFF34F8F43F6E070D6F88020C2F34E3317
S3150200D4505B01C2F3C90202F1010E4EF001E0114670
S3150200D46003EA000444EA8177C6F8747201390FF0C0
S3150200D47007C8203B13F1200FEDD1BFF34F8FBFF347
S3150200D4806F8FDBF80000F5F763F9C6F88490BFF3F7
S3150200D4904F8F43F6E074D6F880209548C2F34E3398
S3150200D4A05B01C2F3C90202F1010E4EF001E0114620
S3150200D4B003EA040646EA8177C0F8747201390FF06E
S3150200D4C007C8203B13F1200FEDD1BFF34F8FBFF3F7
S3150200D4D06F8F0AF1010ABAF1030F7FF46DAE67216D
S3150200D4E0844A854BC2F85013844A85498548C3F855
S3150200D4F09020F9F7D9FD0146002800F02E818248D6
S3150200D500FCF7C4FC8148FCF7C1FCDFF844A2804E5C
S3150200D510804D814C0AF12009BAF80030DAF804800D
S3150200D5203380BAF8023041467C482B80FCF7AEFCC9
S3150200D530102231882046F9F7C9FF10222988204691
S3150200D540F9F7C4FF0A20FDF7F1FE00230122752038
S3150200D5500DF5CD618DF86836FFF76AFC0346704813
S3150200D560002B00F0F7809DF868766E483946FCF786
S3150200D5708DFCA7F16803DBB20B2B0FD840F6013204
S3150200D58022FA03F3D80709D541466748FCF77EFC21
S3150200D5906B20FFF7F7FC002840F091830AF1080A96
S3150200D5A0D145B9D10023614A13701378002B00F0DC
S3150200D5B082835F48FCF76AFC5E48FCF767FC01233E
S3150200D5C00221CDE90D3100239FED5B8A0C9302E027
S3150200D5D06420FDF7EDFD594B1B78002BF8D0002691
S3150200D5E0564BDBF800001E70F8F7A2F94FF41673DB
S3150200D5F00122CDE900324FF480630C9A13A951F847
S3150200D6002240DBF800001A462146F9F79DF9314619
S3150200D610364ADBF80000F3F777FE4FF4955340F2F3
S3150200D620DF194FF000084FF435624FF44C71009346
S3150200D630DBF8000043F6A013F8F7E6FDFCF702FD5F
S3150200D64040F266223E4966A808F02DF940F26622AB
S3150200D6503C490DF5806008F026F940F266223A4907
S3150200D6600DF5CD6008F01FF9FCF704FD3146374A87
S3150200D670DBF80000F3F748FEBDF99831332703EBD8
S3150200D68083031B0144BF03F57F533F339E13C6F545
S3150200D690A5764E45A8BF4E464346B52EA04643F64E
S3150200D6A0FF7AB8BFB5261C4666AB33F914003201C1
S3150200D6B000EB8000000148BF50448013C0F5A576F8
S3150200D6C04E45A8BF4E46390104EB44073B0103F51C
S3150200D6D04C73B52EB8BFB52612B209B21BB2333798
S3150200D6E0002C3ED10124DFE74A3A3AFF1A1414FF0E
S3150200D6F000ED00E000C00040003E042285710002F9
S3150200D7005CAA010258000022CC850102248601028D
S3150200D710BA010022B8010022CC2B0422548601024F
S3150200D720B486010270860102908601021535042232
S3150200D730D8860102248701020000C8421435042259
S3150200D740F839042290370422283504220000FFFF0C
S3150200D7503CBC0102FCF79AFB20E75748FCF796FB14
S3150200D760D0E64FF0200C00254FEA061ECDE900EC6C
S3150200D770DBF800000295F8F789FD40F23313013415
S3150200D7809C4291D140F2DF1944464FF000084FF017
S3150200D790FF220021DBF80000F3F7B6FDBDF90034E5
S3150200D7A0332703EB83031B0144BF03F57F533F3348
S3150200D7B09E13C6F5A5764E45A8BF4E464346B52EE0
S3150200D7C0A04643F6FF7AB8BFB5261C460DF5806320
S3150200D7D033F91400320100EB8000000148BF5044C7
S3150200D7E08013C0F5A5764E45A8BF4E46390104EB17
S3150200D7F044073B0103F54C73B52EB8BFB52612B2EA
S3150200D80009B21BB233370CB90124DFE74FF0200C03
S3150200D81000254FEA061ECDE900ECDBF80000029572
S3150200D820F8F734FD40F2331301349C42CED140F274
S3150200D830DF1944464FF000086FF47F020021DBF83F
S3150200D8400000F3F761FDBDF96836332703EB830366
S3150200D8501B0144BF03F57F533F339E13C6F5A576DE
S3150200D8604E45A8BF4E464346B52EA04643F6FF7A1E
S3150200D870B8BFB5261C460DF5CD6333F91400320147
S3150200D88000EB8000000148BF50448013C0F5A57626
S3150200D8904E45A8BF4E46390104EB44073B0103F54A
S3150200D8A04C73B52EB8BFB52612B209B21BB23337C6
S3150200D8B024B90124DFE700BFF88501024FF0200CEE
S3150200D8C000254FEA061ECDE900ECDBF800000295C2
S3150200D8D0F8F7DCFC40F2331301349C42CBD1002131
S3150200D8E0BA4ADBF80000F3F70FFD4FF4E07341F696
S3150200D8F0F0724FF44C710093DBF8000043F6A0136C
S3150200D900F8F782FC40F29A31B14BB24A1B684446A0
S3150200D91001FB03F3934280F2CB81B3F5204F19DB6F
S3150200D920AD4ADE1782FB0312C6EBA236360136B2C9
S3150200D9300021AA4ADBF80000F3F7E6FC4FF4E07395
S3150200D94041F6F07200934FF44C713346DBF8000057
S3150200D950F8F75AFCA24B4FF47A771A88A14B12B207
S3150200D9601988A14B09B21B88C2EB42101BB202EB0B
S3150200D9708002C1EB411001EB8001C3EB431003EBC4
S3150200D98080039348D20006681046002ABCBF02F5FF
S3150200D9907F503F308013C90080EAE07EAEEBE07E26
S3150200D9A008460029BCBF01F57F503F308013DB00DB
S3150200D9B080EAE07CACEBE07C1846002B07FB06F61F
S3150200D9C0BCBF03F57F503F3080130028B8BF4042EA
S3150200D9D0002EBCBF06F57F563F36B613DFF83082FF
S3150200D9E0002EB8BF76424245ACBF20222D224145C9
S3150200D9F0ACBF20212D214345ACBF20232D234FF45C
S3150200DA007A777A4D01910493A5FB0E139B0907FBC6
S3150200DA1013E10091A5FB0C1E4FEA9E1E07FB1EC1D9
S3150200DA20CDE902E1A5FB00C1890907FB1100CDE999
S3150200DA3005106F4916A807F0DFFDA5FB06326D48F3
S3150200DA409209006807FB12636B49009026A807F04B
S3150200DA50D3FD6A4A6A4936A807F0CEFD694B6A4980
S3150200DA6093ED037AD3ED027A93ED016AD3ED006A60
S3150200DA7027EE087A67EE887A26EE086A66EE886AE4
S3150200DA80BDEEC77AFDEEE77ABDEEC66AFDEEE66A40
S3150200DA9016EE103A16EE902A8DED017ACDED007A49
S3150200DAA046A807F0A9FD9DF9583083B14FF0320818
S3150200DAB04FF6FF7716AE41465A2220460097FEF7EA
S3150200DAC047FD16F9013F08F10C08002BF3D19DF929
S3150200DAD0983083B14FF032084FF6FF7726AE4146B3
S3150200DAE0732220460097FEF733FD16F9013F08F12F
S3150200DAF00C08002BF3D19DF9183183B14FF032088F
S3150200DB0040F2FF7746AE41468C2220460097FEF74A
S3150200DB101FFD16F9013F08F10C08002BF3D19DF900
S3150200DB20D830002B00F090800DF1D80E4FF416700D
S3150200DB3041F282094FF6E07AF04604F55331B031EC
S3150200DB400A4684460023CDE90F40051D0A95CDF805
S3150200DB502C801191052B00F0A9800B9991F90000F8
S3150200DB602A49203800EB80000844C65C0A99174609
S3150200DB70644601EB8308099304E00134A04507F1EA
S3150200DB8002074DD0B4F5806FF7DA394600204546D4
S3150200DB9016E046FA00F313F0010F14BFD046C8464A
S3150200DBA04FF0040E00234EF001E021F8138003F536
S3150200DBB080630FF007C00130082801F5005129D013
S3150200DBC00728E6D141F28208EAE700BF1A1414FFD9
S3150200DBD01C35042200E0400267666666FFE500FF28
S3150200DBE0243504222235042220350422D34D621024
S3150200DBF064870102183504228C870102380000224C
S3150200DC00A4870102C82E0422B487010260BC010265
S3150200DC1001C0FFFFA8460134A04507F10207B1D1B2
S3150200DC20099B0CF1040C0133062B02F1080291D177
S3150200DC30DDE90F40DDF82C80119918F9013F183003
S3150200DC403031002B7FF47CAFDBF80000F7F7AEFE35
S3150200DC5004F52A3204F01F01BFF34F8F6FEA020E5A
S3150200DC6004F5AA230B449E444FEA5E1E0EF1010EF2
S3150200DC704EF001E0174BC3F8702220320FF005C8B0
S3150200DC80BFF34F8FBFF36F8FDBF80000F4F760FD31
S3150200DC900C9C13A90022104851F82410FAF730F808
S3150200DCA00E9A0C920D9ACDE90D4294E400265DE798
S3150200DCB043F6A0163CE60948FCF7E8F87CE40A209D
S3150200DCC0FDF734FB1C20FFF75DF9034600283FF4FD
S3150200DCD065AC68E400ED00E0D42B0422FC86010268
S3150200DCE00378032B00D070470121054B054A1970B2
S3150200DCF0136805480B4400681360FDF7B1BA00BF0C
S3150200DD0014350422103504220C35042210B51A48A3
S3150200DD10FBF786FD1948FDF76BF9194C00280146F9
S3150200DD2020601BDB1748FCF7B1F800212068FDF7DD
S3150200DD30E3F91548FDF75CF9144C0028014620600A
S3150200DD4010DB1348FCF7A2F800212068FDF7D4F98E
S3150200DD504FF0FF30FDF72CFA002010BD0D48FCF7FE
S3150200DD6095F8E6E70C48FCF791F84FF0FF30FDF71F
S3150200DD701FFA002010BD00BFE48701021C0000222A
S3150200DD800C350422408801020400002208350422D0
S3150200DD908C88010218880102648801020FB400B55A
S3150200DDA083B004A951F8040B019107F089FC03B072
S3150200DDB05DF804EB04B0704706F0D8BCF0B5044633
S3150200DDC085B010460D46FFF7F7FF0022084B019279
S3150200DDD000936A46034692E803002B6084E8030038
S3150200DDE02046044F044E2361C4E9026705B0F0BD24
S3150200DDF041C5000205C50002D1C800022DE9F8435B
S3150200DE00D0E901E2BEF1010F044601D0012A03D195
S3150200DE10C4E9012EBDE8F88302FB0EF73D467E1EDD
S3150200DE20002F6FD101273846D4F800903B4609EB04
S3150200DE308701096804E04146D4E901E2D4F800907A
S3150200DE40B3FBF2FC02FB1C320EFB02C3002B03F1F6
S3150200DE501F0CA8BF9C465A4203F01F0E02F01F0277
S3150200DE605EEA42B24FEA6C1C002A05EB8C0C09EB07
S3150200DE708309B8BFACF1040CD9F80080C9F80010C8
S3150200DE80DCF80010B8BF203200FA02F211439F42BA
S3150200DE90CCF80010CFD1A6EB030CB3420CF1010C67
S3150200DEA023D836B921E0BCF1010C21D03B4607F05C
S3150200DEB01F0E002B03F11F01A8BF19465A4202F09A
S3150200DEC01F025EEA42B24911002A05EB8101BCBF7C
S3150200DED004392032096800FA02F20A4203F1010704
S3150200DEE0E1D11F46D4E901E29EE74FF0010CE0E7DB
S3150200DEF015B12846FEF724FBD4E901E2C4E9012E56
S3150200DF00BDE8F8831F377F09BF003846FFF754FF85
S3150200DF10054618B13A46002107F0F6FBD4E901E2BC
S3150200DF2080E700BF2DE9F047D0E901639E4204462F
S3150200DF300D4606D00B683360436804334360BDE880
S3150200DF40F0876FF06042D0F80090A6EB0907B2EBBB
S3150200DF50A70F4FEAA70343D04E4525D0B3EB430F95
S3150200DF604FEA430133D8A9BB88468A462B683B60F1
S3150200DF70043F4FEA970E0EF1010E4A464EF001E0BB
S3150200DF80534652F8041B43F8041B0FF007C01D1D2D
S3150200DF90B9F1000F02D04846FEF7D2FAC4E900A54D
S3150200DFA0C4F80880BDE8F087013310D2934228BF37
S3150200DFB013464FEA83084046FFF7FEFE2A68C31956
S3150200DFC04E45824680441A60D2D1051DE0E7DFF84D
S3150200DFD01C80F0E78A4228BF0A464FEA8208EAE72F
S3150200DFE0014805F0CFF800BFE4880102FCFFFF7F7D
S3150200DFF0F0B56429044685B05BD00D4615DC4B1E90
S3150200E0001D2B59D81D2B57D8DFE803F02C562C565A
S3150200E01056565656562C56565656565656565656C2
S3150200E0205656565656565656563BB1F57A7F43D1F4
S3150200E03000236D46244AC4E9003307CAA36085E873
S3150200E04007000C20FFF7B8FE2B46054600F10C062A
S3150200E0502060A66007CB286020466960AA606660D9
S3150200E06005B0F0BD00230420C4E90033A360FFF726
S3150200E070A3FE031D2060A36005602046636005B011
S3150200E080F0BD002303260A27C4E90033A360082053
S3150200E090CDE90067FFF790FE6A46034603CA03F11D
S3150200E0A008022360A260186020465960626005B0CB
S3150200E0B0F0BD00230A26E6E74FF40371034B044A38
S3150200E0C00448FAF7EBFE00BF48BE01026C82010269
S3150200E0D000890102448901022DE9F04F032A89B021
S3150200E0E081460692009100F00E810A2A40F01881BC
S3150200E0F08F4B904C05930698D9E90132511E014483
S3150200E100B1FBF0F6002B00F0FA804FF0000A13463E
S3150200E1104FEA800807960AFB03F30099D9F8002014
S3150200E1200D688968202002EB830B02950391FFF7A5
S3150200E13043FE4FF0080E05464EF001E00346059AEF
S3150200E14052F8041B43F8041B0FF007C0DBF800204B
S3150200E15095ED007FA4EE102B06FF546D009AD9F8B8
S3150200E160087092682B4685ED007FB3ED047F06FFAB
S3150200E170546DB7F1005F83ED007F019280F0CD8090
S3150200E180002F00F0B880BA0010460492FFF714FE82
S3150200E190049A0021064607F0B7FAF7EE006A94EDF4
S3150200E1A0037A049AD5ED007AA2F1040E4FEA9E0E86
S3150200E1B00EF1010E4EF001E0334686EE875AFBEC75
S3150200E1C0016A94ED007AE6EE877A65EE277AC3ED68
S3150200E1D0007A94ED047AD4ED015A67EE677A95EDEA
S3150200E1E0016AE6EEA57A77EE867AC5ED007AD4ED77
S3150200E1F0055AB3EC017A94ED026A27EE657AA6EE29
S3150200E200867A85ED017A0FF027C0F7EE004A23469B
S3150200E2102946304606EB020C04F1480BD3ED097A87
S3150200E22084EEA75A97B3ACEB060EAEF1040E4FEA94
S3150200E2309E0E0EF1010ED1ED027A4EF001E032464B
S3150200E240D2ED006A93ED067AE6EE877A65EE277AD4
S3150200E250E2EC017A93ED0A7AD3ED075A67EE677A12
S3150200E26091ED036AE6EEA57A77EE867AC1ED027A39
S3150200E270D3ED0B5A12ED017A93ED086A27EE657A11
S3150200E280A6EE867A81ED037A0FF027C018339B45F6
S3150200E29001F10801C2D1069B013FDF19B7FBF3FE6C
S3150200E2A0019A2CBF01230023724530D383B9039B05
S3150200E2B0029A0AFB03F302EB8303BEF1000F17D0A7
S3150200E2C04EF001E00268404443F8042B0FF007C009
S3150200E2D016B13046FEF734F92846FEF731F9D9F879
S3150200E2E004300AF1010A534508D9D9F8083012E771
S3150200E2F04FF0010EE4E73E463A4686E7079E304671
S3150200E30009B0BDE8F08F0C4B0C4C0593F3E6B42133
S3150200E3100B4B0C4A0C48FAF7C1FD0C4804F032FFCD
S3150200E3204FF40E710A4B0B4A0B48FAF7B7FD00BFC2
S3150200E330B8000022D800002238010022580100222B
S3150200E340248A0102448A0102A48A0102B0880102D7
S3150200E350B0890102CC8901024489010206F0EAB9B8
S3150200E3602DE9F04F1F46436883B0012B40F0BD8074
S3150200E3704B680D46012B40F0B88093681446012B7A
S3150200E38040F0B380536880467868013B984240F07B
S3150200E390AC80D7F80890B9F1010F40F0A680D8F802
S3150200E3A008208B689A4240F0A08049468000FFF719
S3150200E3B0D5FF0646002800F0918063684946013B76
S3150200E3C09800FFF7CBFF8146002800F08C80D5F835
S3150200E3D008A06068BAF1000F33D00021F7EE006A98
S3150200E3E00A462B68012800934FEA82030193009B99
S3150200E3F000F1FF3B03EB820393ED007A1CD04FF052
S3150200E400000CE646226802EB8E03D3ED007AF4EEA8
S3150200E410C77AF1EE10FA0CF1010C4FEA8E0E1FFAD2
S3150200E4208CFC06D8D3ED017AF4EEC77AF1EE10FA37
S3150200E43036DCDC45E646E6D3013189B251450A4669
S3150200E440CFD3012821D0002300251A4609EB8201E9
S3150200E45091ED007AB5EE407AF1EE10FA4FEA8200BB
S3150200E460304418BFD0ED006A07EE905A18BFC6EEC8
S3150200E470877A3968013301EB8201C1ED007A61685E
S3150200E4809BB201398B421A46E0D34846FEF758F84A
S3150200E49000243046FEF754F8204603B0BDE8F08F5C
S3150200E4A0D8F80030019A0131134493ED007A06EB55
S3150200E4B00E03D3ED007A77EE877AC3ED007ACE4467
S3150200E4C0DEED007A77EEA67ACEED007AD5F808A0D0
S3150200E4D089B251450A46606883D3B2E7054C2046A5
S3150200E4E003B0BDE8F08F034CD3E7034C204603B0DC
S3150200E4F0BDE8F08F16FCFFFF14FCFFFF00000000D2
S3150200E5002DE9F04FB7EEE07A2DED108B9FED80AB43
S3150200E510B7EEC00A27EE0A7B89B087EE000BCDE97B
S3150200E520063244108046059104F0EEFE0421204690
S3150200E530B7EEC0DBFFF712FF042106462046FFF7BF
S3150200E5400DFF042105462046FFF708FF0421074672
S3150200E5502046FFF703FF042100902046FFF7FEFE48
S3150200E560042101902046FFF7F9FEB7EECD9A0490FA
S3150200E5702DEE0DDA002C58D0B7EE007A07EE908A0F
S3150200E58037EE4D7AB8EEE78BB7EEC77A39EE099BCE
S3150200E59037EE077BB7EECDCAB0EE00BBB7EE00EBA7
S3150200E5A0B146AB46BA464FF0000838EE088BB1EEDC
S3150200E5B049FB8DED027B07EE908AB0EE4E0BB8EE6C
S3150200E5C0E77BA7EE0B0B20EE0A0B80EE080B04F09E
S3150200E5D04FFEB7EEC00BB0EE4C6BB7EEC00AB0EE14
S3150200E5E04C7BA9EE006BA0EE0F7B36EE0E6B37EE80
S3150200E5F00E7BB7EEC66BB1EE477BB7EEC64ACDEEE3
S3150200E600063A9DED026B86EE045B87EE046BB7EE6F
S3150200E610C55BB7EEC66B08F101084445E9EC013A61
S3150200E620ABEC015AAAEC016AC5D1069B002B55D068
S3150200E630B0EE005B05EB8403DDF814B00593069B90
S3150200E64007990BEB83030293FBEC017AE1EC017A67
S3150200E650002C40D00598B946401B04388008B046C5
S3150200E660AE46019B049ADDF800C0013001E051ED8F
S3150200E670017AD2ED004AB9EC017ABEEC016AD3ED19
S3150200E680006A27EE247AA6EE267A37EE277A8CEDF2
S3150200E690007AB3EC013AB2EC016AB7EEC77AB7EE8A
S3150200E6A0C33AB8EC014AB7EEC66AA3EE057BB7EEEB
S3150200E6B0C44A36EE077B27EE047BB7EEC77B01ED35
S3150200E6C0017A53F804AC013842F804AC5CF804ABA6
S3150200E6D043F804ACCBD1029B5B45B5D13046FDF77E
S3150200E6E02FFF2846FDF72CFF3846FDF729FF009835
S3150200E6F0FDF726FF0198FDF723FF0498FDF720FF9B
S3150200E70009B0BDEC108BBDE8F08F00BFAFF30080FF
S3150200E7104AD8124DFB2109402DE9F04FB7EEE07AB7
S3150200E7202DED108B9FED80ABB7EEC00A27EE0A7B6C
S3150200E73089B087EE000BCDE906324410804605917A
S3150200E74004F0E2FDB7EEC00B04212046B7EEC09AF4
S3150200E75020EE00FAFFF702FE042106462046FFF7E6
S3150200E760FDFD042105462046FFF7F8FD0421074674
S3150200E7702046FFF7F3FD042100902046FFF7EEFD49
S3150200E780042101902046FFF7E9FD0490002C58D0A1
S3150200E790B7EE00DA07EE908A3DEE4F7AB8EEE78BD7
S3150200E7A0B7EEC77A39EE099B37EE077BB7EECFCACB
S3150200E7B0B0EE00BBB7EE00EBB146AB46BA464FF041
S3150200E7C0000838EE088BB1EE49FB8DED027B07EEB1
S3150200E7D0908AB0EE4E0BB8EEE77BA7EE0B0B20EE5F
S3150200E7E00A0B80EE080B04F043FDB7EEC00BB0EE49
S3150200E7F04C6BB7EEC00AB0EE4C7BA9EE006BA0EEF6
S3150200E8000F7B36EE0E6B37EE0E7BB7EEC66BB1EEB6
S3150200E810477BB7EEC64ACDEE063A9DED026B86EE13
S3150200E820045B87EE046BB7EEC55BB7EEC66B08F109
S3150200E83001084445E9EC013AABEC015AAAEC016A3B
S3150200E840C5D1069B002B55D0B0EE005B05EB8403C9
S3150200E850DDF814B00593069B07990BEB830302932D
S3150200E860FBEC017AE1EC017A002C40D00598B9461E
S3150200E870401B04388008B046AE46019B049ADDF878
S3150200E88000C0013001E051ED017AD2ED004AB9EC47
S3150200E890017ABEEC016AD3ED006A27EE247AA6EE6F
S3150200E8A0267A37EE277A8CED007AB3EC013AB2EC8F
S3150200E8B0016AB7EEC77AB7EEC33AB8EC014AB7EEC9
S3150200E8C0C66AA3EE457BB7EEC44A36EE077B27EE51
S3150200E8D0047BB7EEC77B01ED017A53F804AC01382D
S3150200E8E042F804AC5CF804AB43F804ACCBD1029B0F
S3150200E8F05B45B5D13046FDF723FE2846FDF720FEDF
S3150200E9003846FDF71DFE0098FDF71AFE0198FDF741
S3150200E91017FE0498FDF714FE09B0BDEC108BBDE896
S3150200E920F08F00BFAFF300804AD8124DFB21094099
S3150200E9302DE9F041476805460121B800FFF70EFDB3
S3150200E940002874D06B6804469F426ED1002F53D0C4
S3150200E950064684460020A968002961D001FB00F31F
S3150200E9602A6803EB010E02EB8E0E02EB8303AEEB7B
S3150200E970030EAEF1040E4FEA9E0E0EF1010EDFED0E
S3150200E9802D7A4EF001E0B3EC017A77EE877A0FF03A
S3150200E99007C007EE101AB8EE477AC7EE876AECECA4
S3150200E9A0016A6A6801309042D5D397423DD14FF051
S3150200E9B00008AF682B684FEA870C08FB0C3010B3CF
S3150200E9C096ED007A00218FB1002F14BFBE464FF09C
S3150200E9D0010E03464EF001E0D3ED007A77EEC77AD8
S3150200E9E0E3EC017A0FF009C0B9B96A6808F10108C7
S3150200E9F0904506F10406DCD300252046FDF7A0FD6E
S3150200EA002846BDE8F08101216046FFF7A7FC60B108
S3150200EA1096ED007A0121002FD6D1FDF791FDE4E7AC
S3150200EA209FED047AF0EE477AB7E7034DE5E7034D2B
S3150200EA30E6E700BF0000000014FCFFFF16FCFFFF24
S3150200EA402DE9F04F2DED028B00248946A3B0DDF8A7
S3150200EA50BC80CDE908234FEA58056E1C1195A64DD8
S3150200EA609DF8C0301E941B951C94A44DB4001D94B1
S3150200EA700DF1740A0593C84518AB1A950C900396C6
S3150200EA809AE8030083E8030000F242810C9A131904
S3150200EA9053ED017A0123CDED137A02920793099A77
S3150200EAA02E9B00219D1AAD002A46089806F02CFEE0
S3150200EAB0B9F1000F40F3E08000261FFA88F308EE52
S3150200EAC0103A089B0C9A2B440F93C8F34E0301335A
S3150200EAD00493039B4FEAC30C231FD3181293029B82
S3150200EAE0CDF818C01A190E924FEA88020B92ACF1B1
S3150200EAF008021092099A03EB82030D9306EB080BA8
S3150200EB00CB45A9EB0605DDE9033298BF454693429C
S3150200EB1040F0EF805046069A15A9FFF74FF9159C6B
S3150200EB20002C00F0DD8001210B98FFF717FC074649
S3150200EB30002800F0BC80454528BF45460C9B03EBE8
S3150200EB408601AB001A460A9306F0ADFE0A9BA8EBB5
S3150200EB500505AA000021F81806F0D6FD002317AA1B
S3150200EB60009219461A464046FDF782FB05460028E2
S3150200EB7000F0A98022463946FDF740FC2846FDF7FB
S3150200EB80DFFC3846FDF7DCFC109B4FEAD30E0EF194
S3150200EB90010E4EF001E0029BD4ED017A94ED007A6B
S3150200EBA067EEA77AE7EE077AB1EEE77A0834A3ECC6
S3150200EBB0017A0FF00FC8219A1F9B002A7CD00024ED
S3150200EBC01692002B00F0BA80209B504616A9984751
S3150200EBD0002321931F9B1BB103225146504698479F
S3150200EBE0002C7BD1B8EE487BB7EE005B0E9A029BF7
S3150200EBF085EE076BA2EB030EAEF1040E4FEA9E0EF4
S3150200EC000EF1010E4EF001E093ED007A27EE077A3F
S3150200EC10B7EEC77A27EE067BB7EEC77BA3EC017A7F
S3150200EC200FF00FC02E9B0998089C834222460D992D
S3150200EC3012D90F9B1B1B043B9B08013392ED007AF2
S3150200EC40F1EC017AF4EEC77AF1EE10FA77FE877AE2
S3150200EC50013BE2EC017AF1D1059B33B3079B23B169
S3150200EC60DDED137A129BC3ED007A119B1E4400233D
S3150200EC7007934E45FFF642AF00241C9A1A9B3AB1FF
S3150200EC801792002B5AD01B9B18A817A998471A9BB4
S3150200EC9000221C921BB118A9032208469847204657
S3150200ECA023B0BDEC028BBDE8F08F5E46E1E7219A08
S3150200ECB01F9B72B1124C83E7002B93D0032251465D
S3150200ECC0504698478EE73846FDF73AFC219A6AB9CC
S3150200ECD01F9B1BB10322514650469847084CCCE76E
S3150200ECE00848FFF75BF8219A002AF1D0044C1F9BD3
S3150200ECF066E7054CC1E700BF45C50002B1C8000280
S3150200ED0016FCFFFF0C8B010214FCFFFF0000000043
S3150200ED1004213046FFF722FB1C9B02901C9033B164
S3150200ED2014931A9B53B11B9B18A814A99847002346
S3150200ED305FED0A7A0793CDED137AB0E604F025FA71
S3150200ED402DE9F04F2DED028B1D46436889B0012B4C
S3150200ED5040F041814B680E46012B40F03C816B0826
S3150200ED605C1C9B4604938B68A34240F03481536833
S3150200ED709046012B40F02F8193689C4240F02B81F4
S3150200ED800768002F00F01E810B68002B00F01A8125
S3150200ED901368002B00F0168190ED028A18EE103AE5
S3150200EDA0AB42F0EE408AC0F00181AB42284628BF52
S3150200EDB02B460121800008EE103A0295FFF7CEFAA3
S3150200EDC08146002800F0FE80029B8BB1029B4FF029
S3150200EDD07E524FEA830EAEF1040E4FEA9E0E0EF1FC
S3150200EDE0010E4EF001E0034643F8042B0FF005C076
S3150200EDF0F7EE006A07EE905A86EEA87AF8EEE77A00
S3150200EE0067EE877A44F001E086EEA77A0024A3B281
S3150200EE1007EE903AF8EE677A67EE877AD8F800300E
S3150200EE20A24603EB8403C3ED007A01340FF011C846
S3150200EE3001210420FFF792FA8046002800F0C980DB
S3150200EE4018EE103ADFED6C7A002B00F0D0804FEA14
S3150200EE50830EAEF1040E4FEA9E0E18EE102A0EF144
S3150200EE60010E4EF001E039463B4607EB8200B3EC59
S3150200EE70017A77EE877A0FF007C0F8EEC86A87EE56
S3150200EE80A67AA0EB070EAEF1040E4FEA9E0E0EF125
S3150200EE90010E4EF001E088ED007AD1ED007A77EEB0
S3150200EEA0C77AE1EC017A0FF009C00121E000FFF711
S3150200EEB055FAD345039040F090800121A800FFF750
S3150200EEC04DFA8346002800F0908018EE103AAB42C5
S3150200EED028BF2B4639461F469B001A46059306F065
S3150200EEE0E2FC059BEA1B002192000BEB030006F0F5
S3150200EEF00BFC002307AA2846009219461A46FDF77C
S3150200EF00B7F9054600286DD0DDED027AF8EEE77A0C
S3150200EF10B7EE007A27EEA80A039F59463A4687EECD
S3150200EF20008AFDF76BFA2846FDF70AFB5846FDF7FD
S3150200EF3007FB3B46049A394600200025A400043309
S3150200EF40970002F1010A0BE077EEA77A43ED017A08
S3150200EF5032680833024404308442C2ED007A15D086
S3150200EF60D1ED017A13ED017A67EEA77AE7EE077A19
S3150200EF7067EE887ABAF1010A4D6043ED017A01F132
S3150200EF800801E1D133683B44C3ED007A0398FDF7EB
S3150200EF90D7FA00244046FDF7D3FA4846FDF7D0FAE1
S3150200EFA0204609B0BDEC028BBDE8F08F18EE100AC0
S3150200EFB09BB2012180000293FFF7D0F98146002817
S3150200EFC07FF402AF0D4C204609B0BDEC028BBDE8C2
S3150200EFD0F08F0A4CE1E70A4CE2E70A4C0398FDF788
S3150200EFE0AFFAD7E75846FDF7ABFA044CF6E787EED9
S3150200EFF0A77A80ED007A58E70000000016FCFFFFB2
S3150200F00014FCFFFF11FCFFFF2DE9F04F2DED068BDF
S3150200F01095B09DF8905080460C469146B0EE408AD7
S3150200F0201E46002D40F02083D9F81470D049384688
S3150200F03006F027FC054670BBD9F81C70002F40F07D
S3150200F0404183002E40F0BD83B6EE007AD9ED066A02
S3150200F05028EE077AB4EEE67AD9ED097AF1EE10FADD
S3150200F060F8EE677AD8F8043000F1A68367EEA67A3E
S3150200F07087EE887AB7EEC77AB6EE006B37EE067B76
S3150200F080FCEEC77B4FF0010C17EE902A6244CDEDE1
S3150200F0900C7A099235E03846B64906F0F2FB054687
S3150200F0A000BBD9F81C70002F40F05B83002E40F0A5
S3150200F0B09F83B6EE007AD9ED066A28EE077AB4EE99
S3150200F0C0E67AD9F82420F1EE10FA07EE902AD8F85B
S3150200F0D00430F8EE677A00F1868367EEA67A87EE49
S3150200F0E0887A26E3002E40F059834FF0010CD9F8B6
S3150200F0F0243003EBD3735B100C9363440993D8F863
S3150200F10004309B46D4F800A0002B00F0C6800023F2
S3150200F1109FEDA18ADFED988A544605930C9BCDF8A4
S3150200F12040A09B000A934FEA8C030F93099BCDF8EC
S3150200F1302CC09B000E93D8F80870D8F80030059AB8
S3150200F1404FEA870B02FB0B3ABAF1000F00F0268159
S3150200F150002355460893002C00F002810023264620
S3150200F1600693002F00F0A380ABF1040E4FEA9E0E29
S3150200F1700EF1010E9FED887A4EF001E02B46F3EC7C
S3150200F180017AA7EEA77A0FF007C007EE907AF8EE9B
S3150200F190677A87EE270AB5EE400AF1EE10FA00F119
S3150200F1A03083F1EEC07AC6ED007AD4ED007AF5EE40
S3150200F1B0407AF1EE10FA04D19FED707ADFED705AC3
S3150200F1C008E067EEA75A65EEA75A27EEA57A002F42
S3150200F1D000F00C82DFED706AABF1040E4FEA9E0E70
S3150200F1E00EF1010E4EF001E05346B0EE666AB3EC44
S3150200F1F0015A65EE057A67EE857A36EE276AE5EEFE
S3150200F200276A0FF00DC007EE907AF8EEE77AC6EE9F
S3150200F210A74AB0EE085AC6EE276AC4EE877A86EE89
S3150200F220A57A77EEC57A84ED017AC4ED027AB9F849
S3150200F23004B004F10C02BBF1040F00F0B780099B85
S3150200F2405046009399F8353039460293D9F824305E
S3150200F250079201930B9BFFF7F3FB079A002840F0F6
S3150200F260298299F83430002B38D10A9BD718069B8D
S3150200F2703C46C3B915B1089B002B6DD1059B0133E2
S3150200F2801A460593D8F8043093423FF654AFDDF898
S3150200F29040A0A7EB0A034FEAA30B584615B0BDECF4
S3150200F2A0068BBDE8F08F3046FDF74AF9E2E788EEB5
S3150200F2B0087AF1EEC77AC6ED007AD4ED007AF5EE59
S3150200F2C0407AF1EE10FA7FF47CAFDFED336A9FED00
S3150200F2D02B7ADFED2B5AB0EE666A94E70C9B002B75
S3150200F2E0C3D014460A990B1F9B0801335718F2EC38
S3150200F2F0017AF5EE407AF1EE10FA04BFDFED217ADB
S3150200F30042ED017A013BF2D1DFED1FAA9FED1FAA62
S3150200F310DFED1F9A9FED1F9A94ED000A13A8B0EE37
S3150200F320C00A04F043F8B0EE6A7AF0EE4A6AA0EE3A
S3150200F330287ADDED137AE0EE076AB0EE697AF8EE26
S3150200F340E77AA0EE267A77EE877A67EE897AE4EC98
S3150200F350017AA742E0D18AE72846FDF7F1F88DE760
S3150200F36001210420FEF7FAFF012306460693F8E67A
S3150200F370208B0102248B0102A8A19D3FC216010027
S3150200F3806142A20DFFE6DB2EF5CA83C0FBB3C04085
S3150200F390E09248C09B209A3E000000000121584698
S3150200F3A0FEF7DCFF012305460893D4E6D9F82420AC
S3150200F3B002EBD2735B100133B3F1005F80F034824B
S3150200F3C0002B00F018819A00104611930D92FEF759
S3150200F3D0F3FC00210D9A079006F096F9119B504610
S3150200F3E0009399F83530DDF81CA00293D9F8243041
S3150200F3F05246019339460023FFF722FB03460028B3
S3150200F40040F015820D9A58469710012111920D97D8
S3150200F410FEF7A4FF002F14BFBE464FF0010E83462F
S3150200F4205FED237A514650464EF001E0119A0D9B4C
S3150200F430B0EC017A77EE877A0FF007C007EE107A02
S3150200F440002FB8EEC75A5FED2C6A14BFBE464FF0C6
S3150200F450010EC7EE855AB0EE666A4EF001E0F1EC97
S3150200F460017A77EEE57A27EEA77AA7EE876A76EE35
S3150200F470876A0FF00DC0C6EE857A27EEA70A20EE40
S3150200F480270AB5EE400AF1EE10FA86EE059A00F169
S3150200F49085804FF0000A079FF1EEC07AF5EE407ABA
S3150200F4A0F1EE10FAB0EE487A40F089808BED007AE0
S3150200F4B084ED037A002A00F08B80002B14BF9E464F
S3150200F4C04FF0010E07995FED4C7A0A464EF001E0C5
S3150200F4D0B1EC017A77EE877A0FF007C007EE103AA1
S3150200F4E0002BF8EEC75A18BF9E461FED557A08BF85
S3150200F4F04FF0010E87EEA56AF0EE476A4EF001E084
S3150200F500F2EC017A77EEC67A67EEA77A76EEA76A0A
S3150200F510A7EEA77A0FF00DC0C6EEA57A67EEA77A18
S3150200F520F5EE407AF1EE10FA57D1F8EE087A0B9B17
S3150200F5300999CBED007A8B42C4ED047A04F11402E8
S3150200F54013D2DDE90E13A1EB030EAEF1040E4FEA60
S3150200F5509E0E0EF1010E4EF001E01146FB1853F815
S3150200F560040B41F8040B0FF007C058460D92FCF746
S3150200F570E7FF079B0D9A13B1BAF1000F08D1002FCE
S3150200F5803FF46FAE38460792FCF7DAFF079A68E651
S3150200F59007980D92FCF7D4FF0D9AF0E70D9311929E
S3150200F5A003F0E2FEB5EE400AF1EE10FAF0EE407A12
S3150200F5B00D9B00F041814FF0000A079F119A89EED8
S3150200F5C0277A8BED007A84ED037A002A7FF475AFF1
S3150200F5D0C8EE086A66EEA67A01E0C7EE256A86EEEE
S3150200F5E0A77AF0EE087A77EE677AA0E75FED966A79
S3150200F5F0B0EE666A07E60093019299F83520504606
S3150200F600029239461A460793FFF71AFA079B98B1F0
S3150200F6108346069B002B51D1002D3FF43EAE089B3C
S3150200F620002B3FF43AAE2846FCF78AFF584615B03F
S3150200F630BDEC068BBDE8F08F01210D931190FEF70C
S3150200F6408DFE0746012158460797FEF787FE88EE8C
S3150200F650089A29EE090A119A4FF0010A83461746BB
S3150200F66020EE090A0D9B17E7FEF7C8FBF7EE007AB4
S3150200F67099ED037AB4EE677AF1EE10FA3FF4D4AC60
S3150200F680D8E9013203FB02F2002A3FF4CDAC002294
S3150200F690D8F8003003EB8203D3ED007A67EE877A5F
S3150200F6A0C3ED007AD8E9013101FB03F301329A4234
S3150200F6B0EED3B9E4069B8346002BADD03046FCF769
S3150200F6C03FFFA9E7D8F80430D9ED068AFFB2A3B105
S3150200F6D0D8F80830D8F8002005FB03F102EB8102C6
S3150200F6E0F0EE680AB0EE480A11463846FEF708FF01
S3150200F6F0D8F8043001359D42EAD30025002E69D19F
S3150200F700B6EE007AD9ED067A28EE077AD9F82420E1
S3150200F710F4EE477A06EE902AF1EE10FAF8EE666AF1
S3150200F72077FE277A66EEA77A87EE887A002D3FF46F
S3150200F730A1ACB7EEC77AB6EE006B37EE467BBCEEEF
S3150200F740C77B17EE101A01F1010CBCF1010F38BF8D
S3150200F7504FF0010C520801320992A2EB0C020C92F4
S3150200F760CFE4D8F80430D9ED068AFFB2A3B1D8F8AF
S3150200F7700830D8F8002005FB03F102EB8102F0EE17
S3150200F780680AB0EE480A11463846FEF7C5FFD8F8B1
S3150200F790043001359D42EAD30125AFE74046FFF723
S3150200F7A0C7F8034600283FF4A0AC9B46584615B05E
S3150200F7B0BDEC068BBDE8F08F67EE877A87EE887A16
S3150200F7C058E44046FFF7B4F8034600283FF43CAC41
S3150200F7D09B46EBE74046FFF7ABF803460028E4D129
S3150200F7E0D8F804308CE767EE877A87EE887AA0E746
S3150200F7F04046FFF79DF8034600283FF45AAC9B4665
S3150200F800D4E703F0B1FD86ED000AD4ED007AF5EEF9
S3150200F810407AF1EE10FA3FF4CFAC67EEA75A65EEE6
S3150200F820A75A27EEA57AD5E4074803F0ABFC07985A
S3150200F8309B46FCF785FEECE68BED008A4FF0000A4C
S3150200F84084ED038A079F38E6B08801022DE9F04766
S3150200F8508AB0DDF848804FEA580401349C426DD1E3
S3150200F860E60081460F46154605A8324603A9FEF76D
S3150200F870A5FA039C002C5CD001214FEA8800FEF712
S3150200F8806DFD8246002857D0474528BF4746494660
S3150200F8904FEA87094A4606F006F8A8EB0702002156
S3150200F8A092000AEB090005F02FFF002304AA00923A
S3150200F8B040461A461946FCF7DBFC074600283FD0AD
S3150200F8C022465146FCF79AFD3846FCF739FE504669
S3150200F8D0FCF736FEA6F1080E4FEADE0E0EF1010E19
S3150200F8E023462A464EF001E0D3ED017A93ED007AE3
S3150200F8F067EEA77AE7EE077AB1EEE77A0833A2EC6B
S3150200F900017A0FF00FC80024099A079B32B10492BC
S3150200F910D3B1089B05A804A99847079B0022099220
S3150200F9201BB105A903220846984720460AB0BDE83E
S3150200F930F0870648FEF732FA054CE5E7054CF4E790
S3150200F9405046FCF7FDFDF7E703F01FFC0C8B0102A6
S3150200F95016FCFFFF11FCFFFF6FF0704C2DE9F04F14
S3150200F9600F46D0E9008B0C46ABEB0801BCEBE10F6E
S3150200F97083B074D0D84581464FEAE103A7EB080568
S3150200F98060D0B3EB430F4FEA430E47D8BEF1000FE8
S3150200F9905FD192E80300474585E803007646F246C2
S3150200F9A008BF082518D0A7EB080EAEF1080E4FEADD
S3150200F9B0DE0E0EF1010E4EF001E042460AF1080398
S3150200F9C092E80300083203E9030008330FF009C086
S3150200F9D0083555445F4514D0ABEB070BABF1080E67
S3150200F9E04FEADE0E0EF1010E4EF001E005F10803BC
S3150200F9F094E80300083403E9030008330FF009C052
S3150200FA005D44B8F1000F02D04046FCF799FDC9E902
S3150200FA1000A5C9F8086003B0BDE8F08F114E304664
S3150200FA200192FEF7C9F98246019A0AEB0503474598
S3150200FA3092E80300564483E8030008BF0AF108056A
S3150200FA40B1D1C7E75E1CE9D2664528BF6646F60015
S3150200FA50E5E7F44528BFF4464FEACC06DFE702485D
S3150200FA6003F090FBF8FFFF7FE48801022DE9F04FD7
S3150200FA702DED048B9046A5B04268D1F80490BDF8EE
S3150200FA80C8409DF8CC504A450394029540F0B8828E
S3150200FA9001261F46349B06EB45065A6804468B46EA
S3150200FAA0B0EE408AF0EE608AB0EE419A3146806846
S3150200FAB0002A40F07381884240F0A282349B9A6801
S3150200FAC0012A40F09D825846FEF732FF054600287D
S3150200FAD040F05E81B8F1010F00F02C82B8F1020FFE
S3150200FAE000F071824FEA890701213846FEF736FC9B
S3150200FAF08246002800F04B81DBF80420914540F055
S3150200FB008083B9F1000F38D081464FF00008DBF848
S3150200FB100810002900F0098208FB01F3DBF8002037
S3150200FB20581802EB800E02EB8303AEEB030EAEF126
S3150200FB30040E4FEA9E0E0EF1010E9FED9B7A4EF0D9
S3150200FB4001E0F3EC017AA7EEA77A0FF007C007EE01
S3150200FB50901AF8EE676A87EE260AB5EE400AF1EECB
S3150200FB6010FA00F16283B1EEC07AA9EC017ADBF8F1
S3150200FB70043008F101089845C9D3029B01215800B7
S3150200FB8007FB00F01BB21093FEF7E8FB119000286A
S3150200FB9000F03882DBF80420002A00F0C2814FF020
S3150200FBA00108029B4FF00009002B08BF0126039BA8
S3150200FBB0CDF824A023FA08F202EB080C4FEA8C03D4
S3150200FBC00493109B1295DB000893B300CDE90E3A1D
S3150200FBD0CA46E1460D94DBF80840DBF80030A00087
S3150200FBE000FB0A330793002B00F0C88114934FF0F1
S3150200FBF000038DF85C300023CDE915840B930121B7
S3150200FC000498FEF7ABFB02460590002800F0DB8263
S3150200FC102146039C4B4607980094FFF717FE0028DF
S3150200FC2040F0D58207EE904AB0EE006AF8EE676AB7
S3150200FC30F7EE007A86EE267AB4EE677AF1EE10FADD
S3150200FC4011D0B9F1000FCE4614BFCE464FF0010EC9
S3150200FC504EF001E0059BD3ED007A67EE277AE3ECDE
S3150200FC60017A0FF009C001210898FEF777FB06908A
S3150200FC70002800F0B082029B002B00F0B880012120
S3150200FC800498FEF76BFB0746002800F09981B7EE51
S3150200FC90007AC7EE087A77EEA77A039BC7EE275A51
S3150200FCA0591000F07A81012900F061814E1E07EE9B
S3150200FCB0906AF8EEE77A9FED3C6A0246002346F028
S3150200FCC001E0C5EEA76A07EE903AB8EEE77AF0EEE3
S3150200FCD0467AE6EE877A0133E2EC017A0FF00DC836
S3150200FCE007EB810141ED015A109B012103EB8304CD
S3150200FCF0E000FEF733FB0646002800F04282059B31
S3150200FD00B9F1020F93ED007A09F1FF3200F0828217
S3150200FD100120012AA9F1020503F104024FF00001B4
S3150200FD2003464FEA440C88BF2B4626E0D2ED006A12
S3150200FD30F4EEE67AF1EE10FA26DD37EEC77A77EEC2
S3150200FD40E66A37EE267AB5EEC07AF1EE10FA01F1DE
S3150200FD50010506EB810417DD07EE900AF8EEE77A55
S3150200FD60A9B28C45C4ED007A00F04D8212ED017AFB
S3150200FD70013B00F1010000F04F81F2EC017AB4EE92
S3150200FD80E77AF1EE10FAD1D4B0EE677AF0E7054DD4
S3150200FD90284625B0BDEC048BBDE8F08F013A9119D7
S3150200FDA089E600BF16FCFFFF000000000C9F139EB1
S3150200FDB0089B2098A3F1080E4FEADE0E0EF1010E03
S3150200FDC04EF001E00346069A19680833116053F8AB
S3150200FDD0041C083242F8041C0FF00BC008B1FCF7F1
S3150200FDE0AFFB3046FCF7ACFB3846FCF7A9FB049C9C
S3150200FDF001212046FEF7B2FACDE9198907468DF8A8
S3150200FE006C801890002800F0D68101212046FEF76A
S3150200FE10A5FACDE91D8905468DF87C801C9000283F
S3150200FE2000F0CD811CAB1A46B0EE480A039B18A916
S3150200FE3014A80A92FEF784FF002840F0AE81349B94
S3150200FE4001215B685C1EA0000C93FEF787FACDE9E0
S3150200FE50214806468DF88C802090002800F0BF814C
S3150200FE60B0EE480A0A99349A18A820ABFEF778FA37
S3150200FE70002840F0B981099B0D9953F8040B0993A8
S3150200FE808B6803FB0AF20B6803EB8201029B086094
S3150200FE909BB1089B0A46A3F1080E4FEADE0E0EF14D
S3150200FEA0010E4EF001E0069B18680833506053F8C5
S3150200FEB0040C42F8080F0FF009C8BCB10C9BF2EE15
S3150200FEC0046A4FEA830EAEF1080E4FEA9E0E0EF159
S3150200FED0010E4EF001E032460E9BCB18B2EC017ACF
S3150200FEE0C7EE267AE3EC017A0FF009C03046FCF73A
S3150200FEF027FB2846FCF724FB3846FCF721FB06982D
S3150200FF00FCF71EFB0598FCF71BFB0B9B93BBDBF870
S3150200FF1004300AF1010A53453FF65DAEDDF83CA016
S3150200FF20129D1198FCF70CFB6DE01FED617A87EECE
S3150200FF30070A18E6DBF804208046002A3FF4D2AD11
S3150200FF40DBF80830DBF8002003FB08F102EB810244
S3150200FF50F0EE680AB0EE480A11463846FEF7D0FAC5
S3150200FF60DBF8043008F101089845E9D3BAE5002325
S3150200FF700360B9E60798FCF7E3FAC8E70121FEF742
S3150200FF80EDF901231694CDE9140307908DF85C3040
S3150200FF90002800F032810B9331E6DDF83CA0FCF735
S3150200FFA0CFFAA44D0698FCF7CBFA0598FCF7C8FAE7
S3150200FFB09DF85C30002BB4D00798FCF7C1FAB0E785
S3150200FFC0DDF83CA0EDE7DBF80420002A3FF48AAD19
S3150200FFD08046DBF80830DBF8002008FB03F102EB71
S3150200FFE08102F0EE680AB0EE480A11463846FEF77C
S3150200FFF093FBDBF8043008F101089845E9D371E573
S315020100008C4DC5E68C4D5046FCF79AFA284625B02A
S31502010010BDEC048BBDE8F08F00230022229300235E
S31502010020CDE92023002900F0FB8000231CAACDF88C
S315020100303090CDF84CA01D46B24618460E46914662
S31502010040059C0A920AE099E8030083E80300083353
S3150201005021930135EDB2B54226D222980AEB8502E9
S31502010060D2ED007AFCEEE77A17EE902A07EB8201CF
S3150201007004EB8202D2ED007AB4EEE79AF1EE10FABF
S315020100800968CDED1D7A1C9105DDDFED6C7ACDEDAA
S315020100901C7ACDED1D7A9842D5D119464A4620A839
S315020100A0FFF75AFC219BD4E71C46209856461D1A97
S315020100B0EB10A042DDF83090DDF84CA00C933DD058
S315020100C0EB10B3FA83F2C2F11F024FF0000321468D
S315020100D052001390FCF7B6FC802D139859DD00F1FE
S315020100E080052946FCF788FDA54227D01398083CCE
S315020100F000F1780C634693ED037AD3ED017AB4EEFF
S31502010100E77AF1EE10FAD3F808E00CF1080C3EDDBD
S3150201011093E8030003F1080282E803001D4653ED4A
S31502010120017AB4EEE77AF1EE10FAA3F10803EFDCF5
S31502010130644585ED017AC5F800E0DBD1029B0C9A94
S3150201014093427FF635AE0C9D13960C970024029EC0
S315020101500A9F08E097E8030083E80300219201352C
S31502010160AE427FF623AEDDE921318B421C941D940A
S3150201017003F10802EED13A46194620A8FFF7ECFB35
S31502010180EDE73846DDF83CA0FCF7DAF909E7654602
S31502010190CEE72146FCF730FDD0E702462C46DDF8D4
S315020101A03CA020460292FCF7CBF9029A1546384644
S315020101B0FCF7C6F9F6E6DDF83CA01F4DF2E6DDF8DE
S315020101C03CA01D4DF3E7DDF83CA01B4DF0E6DDF842
S315020101D03CA0184DE9E6DDF83CA0174DE5E62C46B4
S315020101E0DDF83CA0144ADCE702903046DDF83CA07B
S315020101F02C46FCF7A5F9029AD3E7DDF83CA00E4D91
S315020102008FE60C4DFFE60023002222930023CDE95F
S3150201021020230AE70023002222930023CDE920238B
S3150201022000230C931CAB0A938DE703F09DF8B0EE05
S31502010230407A9AE414FCFFFF16FCFFFF000000005F
S315020102402DE9F04F2DED028BF7EE007AD0E901652B
S3150201025092ED037AB4EE677AF1EE10FAABB0174675
S315020102600446B0EE408A06FB05F3059111D083B12F
S315020102700022236803EB8203D3ED007A67EE877AC5
S31502010280C3ED007AD4E9016505FB06F301329A4210
S31502010290EFD39A0001211046D4F800800492FEF7AA
S315020102A05DF88146002851D0002D049A1FDD0021F8
S315020102B000EB860A4FEA860BA800002E12DDABF18F
S315020102C0040E4FEA9E0E0EF1010E4EF001E008EB0E
S315020102D08103AAEB0B02D3F800C0034442F804CB14
S315020102E00FF007C801318D42DA44E6D1049A494634
S315020102F0404605F0D8FA4846FCF722F96368228996
S315020103009BB2C4E9012301214FF48070FEF726F85E
S31502010310402501230646802200210AA8CDE907537A
S315020103208DF82430069605F0EFF93D6B284605F067
S31502010330C7FA7F2815D9444C16B13046FCF700F9A5
S3150201034020462BB0BDEC028BBDE8F08F3F4C3F49F6
S315020103503F48FDF723FD20462BB0BDEC028BBDE8DD
S31502010360F08F024629460AA805F09DFA4FF00008C9
S31502010370B1460AAD95F90030202B03D115F9013F9B
S31502010380202BFBD0284604F0D2F9B7EEC00B08F1B8
S315020103900108A9EC010A02E015F9013F2BB195F911
S315020103A000302C2BF8D10135E4E7BB6A059A08EB3C
S315020103B04305D2E9012303FB02F2BB68CDF81C8097
S315020103C005FB03F39A4230D1059A22499560BB682F
S315020103D05360D7F81480404605F053FA48B34046B5
S315020103E01D4905F04EFAB0FA80F25209520097F809
S315020103F0283097ED0B1AD7ED060A0193BB8C2146DD
S31502010400009306AB0293B0EE480A05983B7FFFF7CD
S315020104102DFB044678B90122BB68059905FB03F356
S31502010420C1E90123002E88D18AE70C4C002E84D122
S3150201043086E70122DBE701460948FDF7AFFC002EFC
S315020104407FF47BAF7CE700BF10FCFFFF16FCFFFFCA
S315020104502C8B0102208B0102248B010214FCFFFF6B
S31502010460548B0102B1B12DE9F047D0E901A3A3EB07
S315020104700A03B1EBA30F05460C46D0F800900AD841
S315020104808C00224600215046544405F03DF96C6029
S31502010490BDE8F08770476FF06043AAEB0907A3EB4B
S315020104A0A7028A424FEAA70638D3B14201EB0608F0
S315020104B02FD876009E4228BF1E46B6003046FDF76B
S315020104C07BFC0744A20000210446384605F01CF9CC
S315020104D0D14510D03F1BA7F1040E4FEA9E0E0EF135
S315020104E0010E4EF001E04A46234652F8041B43F838
S315020104F0041B0FF007C0B9F1000F02D04846FCF702
S315020105001FF804EB8803C5E900432644AE60BDE843
S31502010510F087434528BF43461E46CEE7014802F00F
S3150201052031FE00BF888B010284B070B5149C04AD04
S3150201053085E80F00D4E90032D11A1C29159D35D957
S31502010540202923D8D5E90032D11A1C2927D92029F5
S3150201055017D84FF0080E4EF001E00CAB0BAE53F874
S3150201056004CC2268043BF11A0A44C2F800C02A6884
S31502010570186A0A4410600FF00FC0BDE8704004B05B
S31502010580704720339A4218BF6B60E2E720339A42E2
S3150201059018BF6360D5E90032D11A1C29D7D8891050
S315020105A02846C1F10801FFF75DFFD2E7891020460F
S315020105B0C1F10801FFF756FFC4E700BF84B070B569
S315020105C0209C04AD85E80F00D4E90032D11A342902
S315020105D0219D35D9382923D8D5E90032D11A3429B2
S315020105E027D9382917D84FF00E0E4EF001E012AB7B
S315020105F011AE53F804CC2268043BF11A0A44C2F83C
S3150201060000C02A68986B0A4410600FF00FC0BDE85B
S31502010610704004B0704738339A4218BF6B60E2E704
S3150201062038339A4218BF6360D5E90032D11A3429A8
S31502010630D7D889102846C1F10E01FFF713FFD2E779
S3150201064089102046C1F10E01FFF70CFFC4E700BF76
S3150201065084B070B51C9C04AD85E80F00D4E9003264
S31502010660D11A2C291D9D35D9302923D8D5E9003235
S31502010670D11A2C2927D9302917D84FF00C0E4EF052
S3150201068001E010AB0FAE53F804CC2268043BF11A19
S315020106900A44C2F800C02A68186B0A4410600FF0B7
S315020106A00FC0BDE8704004B0704730339A4218BF9C
S315020106B06B60E2E730339A4218BF6360D5E90032D4
S315020106C0D11A2C29D7D889102846C1F10C01FFF776
S315020106D0C9FED2E789102046C1F10C01FFF7C2FE1D
S315020106E0C4E700BF84B038B5109C04AD85E80F009D
S315020106F0D4E90032D11A1429119D33D9182921D8E6
S31502010700D5E90032D11A142925D9182915D84FF05D
S31502010710060E00234EF001E00AA9226851F8040DE3
S315020107201A4410602A6888691A44106004330FF06B
S315020107300DC0BDE8384004B0704718339A4218BF5D
S315020107406B60E4E718339A4218BF6360D5E9003259
S31502010750D11A1429D9D889102846C1F10601FFF701
S3150201076081FED4E789102046C1F10601FFF77AFE20
S31502010770C6E700BF84B070B5289C04AD85E80F00BA
S31502010780D4E90032D11A4429299D35D9482923D8D9
S31502010790D5E90032D11A442927D9482917D84FF069
S315020107A0120E4EF001E016AB15AE53F804CC2268D8
S315020107B0043BF11A0A44C2F800C02A68986C0A443A
S315020107C010600FF00FC0BDE8704004B070474833A7
S315020107D09A4218BF6B60E2E748339A4218BF6360D8
S315020107E0D5E90032D11A4429D7D889102846C1F150
S315020107F01201FFF737FED2E789102046C1F1120135
S31502010800FFF730FEC4E700BF84B070B5189C04AD93
S3150201081085E80F00D4E90032D11A2429199D35D968
S31502010820282923D8D5E90032D11A242927D92829FA
S3150201083017D84FF00A0E4EF001E00EAB0DAE53F88B
S3150201084004CC2268043BF11A0A44C2F800C02A68A1
S31502010850986A0A4410600FF00FC0BDE8704004B0F8
S31502010860704728339A4218BF6B60E2E728339A42EF
S3150201087018BF6360D5E90032D11A2429D7D8891065
S315020108802846C1F10A01FFF7EDFDD2E7891020469C
S31502010890C1F10A01FFF7E6FDC4E700BF84B070B5F6
S315020108A02C9C04AD85E80F00D4E900218B1A4C2B50
S315020108B02D9D35D9502B23D8D5E900218B1A4C2BE6
S315020108C027D9502B17D84FF0140E4EF001E018AB72
S315020108D017AE53F804CC2268043BF11A0A44C2F853
S315020108E000C02A68186D0A4410600FF00FC0BDE8F7
S315020108F0704004B070475032914218BF6A60E2E715
S315020109005032914218BF6260D5E900218B1A4C2BF5
S31502010910D7D89B102846C3F11401FFF7A3FDD2E7EE
S315020109209B102046C3F11401FFF79CFDC4E700BFEB
S3150201093084B038B50C9C04AD85E80F00D4E90032C9
S31502010940D11A0C290D9D33D9102921D8D5E90032A6
S31502010950D11A0C2925D9102915D84FF0040E0023D6
S315020109604EF001E008A9226851F8040D1A441060FC
S315020109702A6808691A44106004330FF00DC0BDE8F5
S31502010980384004B0704710339A4218BF6B60E4E7EF
S3150201099010339A4218BF6360D5E90032D11A0C2985
S315020109A0D9D889102846C1F10401FFF75BFDD4E7C6
S315020109B089102046C1F10401FFF754FDC6E700BFC5
S315020109C084B070B5249C04AD85E80F00D4E90032E9
S315020109D0D11A3C29259D35D9402923D8D5E900329A
S315020109E0D11A3C2927D9402917D84FF0100E4EF0BB
S315020109F001E014AB13AE53F804CC2268043BF11A9E
S31502010A000A44C2F800C02A68186C0A4410600FF042
S31502010A100FC0BDE8704004B0704740339A4218BF18
S31502010A206B60E2E740339A4218BF6360D5E9003250
S31502010A30D11A3C29D7D889102846C1F11001FFF7EE
S31502010A4011FDD2E789102046C1F11001FFF70AFD17
S31502010A50C4E700BF2DE9F04F83B0DDE90CB50BF118
S31502010A60FF3CBCF1130F0E9C00F21A811F460B4686
S31502010A70002900F01581A1F1020909EB4B09B9F12F
S31502010A80005F80F00A8182461646C846B9F1000F18
S31502010A900BD04FEA890840460191FDF78DF942468E
S31502010AA00021804604F030FE019BBBF1020FABF13F
S31502010AB0020115D00BF18042023A4FEA820EAEF1E3
S31502010AC0040E4FEA9E0E0EF1010E4EF001E0404673
S31502010AD00AEB820252F804CD40F804CB0FF007C0AC
S31502010AE04FEA830EAEF1040E4FEA9E0E0EF1010E8F
S31502010AF04EF001E008EB81000AEB83015AF8042B60
S31502010B0040F8042B0FF007C04FEA8B0EAEF1040E2C
S31502010B104FEA9E0E0EF1010E4EF001E0A9EB0B0912
S31502010B20581E4FEA8B0A08EB890351F8042D43F844
S31502010B30042B0FF007C0D5E900328344D11A4FEADC
S31502010B405B0B89108B4500F2A080C0F08A804FEAC8
S31502010B508B09D4E90032D11A89108B4500F28F80B4
S31502010B6003D24B449A4218BF636040460022C244F4
S31502010B70AAEB000EAEF1040E4FEA9E0E0EF1010E25
S31502010B80B4460146DFED497A4EF001E0F1EC016A25
S31502010B90BCEC017AE6EE877A0FF009C0AAEB000EE9
S31502010BA02B68AEF1040E4FEA9E0E13440EF1010EAE
S31502010BB0C3ED007A39460346DFED3C7A4EF001E099
S31502010BC0F3EC016AB1EC017AE6EE877A0FF009C01D
S31502010BD021680830114404329145C1ED007A0AF1C7
S31502010BE0080AC5D1D4E900218B1A91424FEAA3031F
S31502010BF013D0002B9FED2E7A4FF0000108BF01237F
S31502010C00F2EC017AF0EEE77AF4EEC77AF1EE10FA37
S31502010C1048BF42F8041C013BF2D1D5E900218B1AE7
S31502010C2091424FEAA30313D0002B9FED217A4FF095
S31502010C30000108BF0123F2EC017AF0EEE77AF4EE45
S31502010C40C77AF1EE10FA48BF42F8041C013BF2D111
S31502010C50B8F1000F02D04046FBF772FC03B0BDE8C3
S31502010C60F08F03EB8B039A4218BF6B60D4E9003213
S31502010C70D11A89108B454FEA8B097FF671AF20464F
S31502010C80ABEB0101FFF7EEFB6FE72846ABEB010188
S31502010C90FFF7E8FB4FEA8B095BE7064802F072FAB7
S31502010CA0D321054B054A0648F8F7F8F8000000007B
S31502010CB095BFD633B0880102A48B0102C48B01020F
S31502010CC0508C01022DE9F0410C46CEB0B7490646D9
S31502010CD0154604F0D6FD002800F009823046B449D3
S31502010CE004F0CFFD002800F0C7813046B14904F077
S31502010CF0C8FD002800F082823046AF4904F0C1FDEA
S31502010D00002800F0B4823046AC4904F0BAFD00284E
S31502010D1000F03C823046AA4904F0B3FD002800F0F7
S31502010D2055833046A74904F0ACFD002800F09283B2
S31502010D303046A54904F0A5FD002800F0F5823046AB
S31502010D40A24904F09EFD002800F0CE833046A04958
S31502010D5004F097FD002800F00E8430469D4904F008
S31502010D6090FD002800F04D8430469B4904F089FD30
S31502010D70002800F099843046984904F082FD002843
S31502010D8000F0D8843046964904F07BFD002800F035
S31502010D9018853046934904F074FD002800F0588501
S31502010DA03046914904F06DFD002800F097853046E2
S31502010DB08E4904F066FD002800F0BC8530468C4958
S31502010DC004F05FFD002800F0C4853046894904F02D
S31502010DD058FD002800F0DF853046874904F051FDB1
S31502010DE0002800F0C4853046844904F04AFD0028F3
S31502010DF000F024863046824904F043FD002800F0C3
S31502010E001B8630467F4904F03CFD002800F005862A
S31502010E1030467D4904F035FD002800F0EF85304665
S31502010E207A4904F02EFD002800F08586304678497D
S31502010E3004F027FD002800F07B863046754904F050
S31502010E4020FD002800F044863046734904F019FD5E
S31502010E50002800F03A863046704904F012FD002857
S31502010E6000F0308630466E4904F00BFD002800F092
S31502010E70268630466B4904F004FD002800F01C86E4
S31502010E803046694904F0FDFC002800F0138630461D
S31502010E90664904F0F6FC002800F00A8630466449E9
S31502010EA004F0EFFC002800F001863046614904F0A7
S31502010EB0E8FC002800F0F78530465F4904F0E1FCC2
S31502010EC0002800F0EE8530465C4904F0DAFC002881
S31502010ED000F0E58530465A4904F0D3FC002800F0BB
S31502010EE0DB853046574904F0CCFC002800F0D18559
S31502010EF03046554904F0C5FC002800F0C885304645
S31502010F00524904F0BEFC002800F0BF853046504924
S31502010F1004F0B7FC002800F0B68530464D4904F0CE
S31502010F20B0FC002800F0AC8530464B4904F0A9FC20
S31502010F30002800F0A2853046484904F0A2FC0028A8
S31502010F4000F098853046464904F09BFC002800F0E3
S31502010F508F853046434904F094FC002800F08685CB
S31502010F603046414904F08DFC002800F07D8530466B
S31502010F703E4904F086FC002800F03E8530463C4995
S31502010F8004F07FFC002840F018853A4E902206F1C3
S31502010F9010016846CDE9244504F085FC96E80F0068
S31502010FA0FFF77CFC4EB0BDE8F08100BFBC8C0102AC
S31502010FB0C48C0102CC8C0102D48C0102DC8C0102AC
S31502010FC0E48C0102EC8C0102F48C0102FC8C01021C
S31502010FD0048D01020C8D0102148D01021C8D010288
S31502010FE0248D01022C8D0102348D01023C8D0102F8
S31502010FF0448D0102488D01024C8D0102508D010280
S31502011000548D0102588D01025C8D0102608D01022F
S31502011010648D01026C8D0102748D01027C8D0102C7
S31502011020848D01028C8D0102948D01029C8D010237
S31502011030A48D0102AC8D0102B48D0102BC8D0102A7
S31502011040C48D0102CC8D0102D48D0102DC8D010217
S31502011050E48D0102EC8D0102F48D0102FC8D010287
S31502011060048E01020C8E0102148E01021C8E0102F3
S31502011070248E01026CAA010226AE5022A5493046EF
S3150201108004F011FCD4E90032D11A242977D928298E
S3150201109003D928339A4218BF6360D5E90032D11ABF
S315020110A0242940F21481282903D928339A4218BFE8
S315020110B06B6030ABA3EB060EAEF1040E4FEA9E0E49
S315020110C00EF1010E4EF001E006F1240053F804CCB4
S315020110D02268043BC11A0A44C2F800C02A689E6A01
S315020110E00A4416600FF00FC04EB0BDE8F0818A4E79
S315020110F00DF1980C0FCEACE80F000FCED4E900E843
S31502011100ACE80F0096E80F00A8EB0E07142F8CE847
S315020111100F0040F2A580182F20D8D5E90032D11A46
S31502011120142925D9182914D84FF0060E00234EF09A
S3150201113001E02CA9226851F8040D1A4410602A68AC
S3150201114088691A44106004330FF00DC04EB0BDE831
S31502011150F08118339A4218BF6B60E5E70EF1180366
S31502011160984518BF6360D5E90032D11A1429D9D836
S3150201117089102846C1F10601FFF774F9D4E78910EF
S315020111802046C1F10A01FFF76DF986E726AE702204
S315020111906249304604F087FBD4E900218B1A342BCD
S315020111A040F2B180382B03D93832914218BF6260BE
S315020111B0D5E900218B1A342B40F28181382B03D9D0
S315020111C03832914218BF6A6034ABA3EB060EAEF118
S315020111D0040E4FEA9E0E0EF1010E4EF001E006F1EB
S315020111E034002268043BC11A1F680A4417602A6840
S315020111F09F6B0A4417600FF00DC0D3E6484F26AE27
S315020112000FCF0FC60FCFD4E900E80FC697E80F003C
S31502011210A8EB0E0CBCF1140F86E80F0040F2CE804B
S31502011220BCF1180F5FD8D5E90032D11A142940F260
S31502011230BE80182952D84FF0060E00234EF001E067
S315020112402CA9226851F8040D1A4410602A6888698B
S315020112501A44106004330FF00DC04EB0BDE8F081A0
S31502011260B9102046C1F10601FFF7FCF855E726AE93
S3150201127050222C49304604F016FBD4E900218B1A80
S31502011280242B40F2E080282B38D8D5E900218B1A8D
S31502011290242B40F2D180282B2BD830ABA3EB060EA0
S315020112A0AEF1040E4FEA9E0E0EF1010E4EF001E072
S315020112B006F124002268043BC11A1F680A4417601A
S315020112C02A689F6A0A4417600FF00DC06AE6891000
S315020112D02846C1F10A01FFF7C5F8EAE618339A4230
S315020112E018BF6B60A7E70EF11803984518BF636034
S315020112F099E72832914218BF6A60CEE728329142B5
S3150201130018BF6260C1E79B102046C3F10E01FFF7C9
S31502011310A9F84DE7BCBB01020CBC0102CCBA010221
S315020113208CBB01023CBB010226AE3746DFF874C311
S31502011330BCE80F000FC7BCE80F000FC7BCE80F00DF
S315020113400FC79CE80F0087E80F00D4E900218B1A2A
S315020113501C2B40F24F81202B03D92032914218BF18
S315020113606260D5E900218B1A1C2B40F23C81202BAD
S3150201137003D92032914218BF6A602EABA3EB060E47
S31502011380AEF1040E4FEA9E0E0EF1010E4EF001E091
S3150201139006F11C002268043BC11A1F680A44176041
S315020113A02A681F6A0A4417600FF00DC0FAE5891010
S315020113B02846C1F10601FFF755F83CE74FEAAC01B1
S315020113C02046C1F10601FFF74DF82CE726AE902221
S315020113D0AF49304604F067FAD4E900218B1A442B4F
S315020113E07BD9482B03D94832914218BF6260D5E9AD
S315020113F000218B1A442B69D9482B03D948329142D1
S3150201140018BF6A6038ABA3EB060EAEF1040E4FEAC3
S315020114109E0E0EF1010E4EF001E006F14400226825
S31502011420043BC11A1F680A4417602A689F6C0A4462
S3150201143017600FF00DC0B5E59B102846C3F10A01EE
S31502011440FFF710F829E79B102046C3F10A01FFF7BF
S3150201145009F81AE78F4F26AE0FCF0FC6D4E900E877
S3150201146097E80F00A8EB0E0CBCF10C0F86E80F00F3
S3150201147072D9BCF1100F04D90EF11003984518BFA9
S315020114806360D5E900218B1A0C2B6DD9102B03D978
S315020114901032914218BF6A604FF0040E00234EF0DB
S315020114A001E02AA9226851F8040D1A4410602A683B
S315020114B008691A44106004330FF00DC072E59B10DF
S315020114C02846C3F10E01FEF7CDFF7DE69B102846A5
S315020114D0C3F11201FEF7C6FF94E79B102046C3F142
S315020114E01201FEF7BFFF82E726AE60226A49304645
S315020114F004F0D9F9D4E900218B1A2C2B40F2C080D1
S31502011500302B03D93032914218BF6260D5E90021EE
S315020115108B1A2C2B40F2AD80302B03D930329142FB
S3150201152018BF6A6032ABA3EB060EAEF1040E4FEAA8
S315020115309E0E0EF1010E4EF001E006F12C0022681C
S31502011540043BC11A1F680A4417602A681F6B0A44C2
S3150201155017600FF00DC025E54FEAAC012046C1F137
S315020115600401FEF77FFF8CE79B102846C3F10401B5
S31502011570FEF778FF90E726AE80224849304604F00E
S3150201158092F9D4E900218B1A3C2B40F2CC80402BF4
S3150201159003D94032914218BF6260D5E900218B1A04
S315020115A03C2B40F2B980402B03D94032914218BFFD
S315020115B06A6036ABA3EB060EAEF1040E4FEA9E0E3F
S315020115C00EF1010E4EF001E006F13C002268043BE9
S315020115D0C11A1F680A4417602A681F6C0A441760F9
S315020115E00FF00DC0DEE49B102846C3F10801FEF799
S315020115F039FFC2E69B102046C3F10801FEF732FF0E
S31502011600AFE626AEA0222649304604F04CF9D4E9CB
S315020116100031CA1A4C2A40F2CD80502A03D95033DE
S31502011620994218BF6360D5E90031CA1A4C2A40F2C1
S31502011630BA80502A03D95033994218BF6B603AAB2C
S31502011640A3EB060EAEF1040E4FEA9E0E0EF1010E4B
S315020116504EF001E006F14C002268043BC11A1F68F4
S315020116600A4417602A681F6D0A4417600FF00DC0FD
S3150201167098E49B102846C3F10C01FEF7F3FE51E7ED
S315020116809B102046C3F10C01FEF7ECFE3EE700BFBC
S315020116903CBA01021CBA01027CB90102FCB8010280
S315020116A05CB80102DCB9010226AE5022C6493046B7
S315020116B004F0F9F8D4E90031CA1A242A40F2C180A9
S315020116C0282A03D92833994218BF6360D5E9003124
S315020116D0CA1A242A40F2AE80282A03D9283399420B
S315020116E018BF6B6030ABA3EB060EAEF1040E4FEAE8
S315020116F09E0E0EF1010E4EF001E006F12400226863
S31502011700043BC11A1F680A4417602A689F6A0A4481
S3150201171017600FF00DC045E49B102846C3F1100176
S31502011720FEF7A0FE45E79B102046C3F11001FEF726
S3150201173099FE32E726AE6022A449304604F0B3F898
S31502011740D4E90031CA1A2C2A40F2C180302A03D9BF
S315020117503033994218BF6360D5E90031CA1A2C2A7F
S3150201176040F2AE80302A03D93033994218BF6B60FA
S3150201177032ABA3EB060EAEF1040E4FEA9E0E0EF14C
S31502011780010E4EF001E006F12C002268043BC11A5B
S315020117901F680A4417602A681F6B0A4417600FF014
S315020117A00DC0FFF7FFBB92102846C2F11401FEF7E6
S315020117B059FE44E792102046C2F11401FEF752FE89
S315020117C031E726AE90228249304604F06CF8D4E91C
S315020117D00031CA1A442A40F29780482A03D948336B
S315020117E0994218BF6360D5E90031CA1A442A40F208
S315020117F08480482A03D94833994218BF6B6038ABB3
S31502011800A3EB060EAEF1040E4FEA9E0E0EF1010E89
S315020118104EF001E006F144002268043BC11A1E683B
S315020118200A4416602A689E6C0A4416600FF00DC0BF
S31502011830FFF7B8BB92102846C2F10A01FEF712FE63
S3150201184050E792102046C2F10A01FEF70BFE3DE770
S31502011850604F26AE0FCF0FC60FCFD4E900C80FC611
S3150201186097E80F00A8EB0C0EBEF1140F86E80F00E5
S3150201187058D9BEF1180F04D90CF11803984518BFAF
S315020118806360D5E90031CA1A142A44D9182A03D940
S315020118901833994218BF6B604FF0060E00234EF0C3
S315020118A001E02CA9226851F8040D1A4410602A6835
S315020118B088691A44106004330FF00DC0FFF772BB3A
S315020118C092102846C2F10C01FEF7CCFD50E79210A8
S315020118D02046C2F10C01FEF7C5FD3DE73E4E06F17B
S315020118E0100150226846CDE9144503F0DCFF96E863
S315020118F00F00FEF7ADFEFFF755BB92102846C2F167
S315020119001201FEF7AFFD7AE792102046C2F11201EB
S31502011910FEF7A8FD67E792102846C2F10601FEF717
S31502011920A1FDB9E74FEAAE012046C1F10601FEF774
S3150201193099FDA6E7294E06F1100180226846CDE9F6
S31502011940204503F0B0FF96E80F00FEF713FFFFF7FD
S3150201195029BB234E06F110030FCB05958DE80F0027
S3150201196096E80F000494FEF7E3FFFFF71BBB6E46F2
S315020119701C4F0D9507F110050C940FCD0FC60FCD17
S315020119800FC695E80F0086E80F0097E80F00FEF7ED
S31502011990CBFDFFF707BB6E46134F099507F11005FD
S315020119A008940FCD0FC695E80F0086E80F0097E859
S315020119B00F00FEF797FEFFF7F5BA8C210B4B0C4A87
S315020119C00C48F7F76BFA00BF0CB80102ACB701027B
S315020119D01CB70102ECB601028CB60102FCB501028A
S315020119E0DCB501026CB50102ACB501026C820102E1
S315020119F02C8E0102508C0102504E9CE7504E06F18C
S31502011A00100170226846CDE91C4503F04CFF96E8A9
S31502011A100F00FEF7D5FFFFF7C5BA4A4E06F11001D0
S31502011A2060226846CDE9184503F03DFF96E80F00AE
S31502011A30FEF7C4FDFFF7B6BA434E50E76E46434F73
S31502011A40119507F1100510940FCD0FC60FCD0FC6D4
S31502011A500FCD0FC695E80F0086E80F0097E80F0035
S31502011A60FEF7D2FEFFF79EBA394EC8E7394ED5E7E1
S31502011A70394E34E76E46394FE2E76E46384F78E71C
S31502011A806E46384F89E7384E64E7384E53E7384E8B
S31502011A9025E76E46374FD3E7374EFFF777BA374E0C
S31502011AA0ADE7374E1BE76E46364F62E7364E51E7D4
S31502011AB0364E40E7364EB1E76E46364FC0E76E46C2
S31502011AC0354F6AE76E46354FBAE76E46344F64E7DD
S31502011AD0D4E90031CA1A042A23D9082A03D90833B8
S31502011AE0994218BF6360D5E90031CA1A042A11D98D
S31502011AF0082A03D90833994218BF6B602168294B1A
S31502011B00294A0B6029680B6021684B602B685A6071
S31502011B10FFF748BA92102846C2F10201FEF7A2FC6B
S31502011B20ECE792102046C2F10201FEF79BFCDAE7CE
S31502011B301E4EFFF72BBA1E4EFDE600BF0CAB01028D
S31502011B40CCB301024CB40102BCB401021CB50102C0
S31502011B509CAB01021CAC01028CAC0102ECAC010291
S31502011B603CAD0102ACB50102DCB501027CAD01025C
S31502011B700CAE01026CAE0102BCAE01025CAF010207
S31502011B80DCAF01023CB001027CB001029CB0010251
S31502011B902CB101029CB10102ECB101021CB201029B
S31502011BA06CB20102F304353FF30435BF9CB2010264
S31502011BB03CB301026FF0604C2DE9F84F9346D0E930
S31502011BC00079A9EB0702BCEBA20F66D04F45064688
S31502011BD00C464FEAA203A1EB070A4FD0B3EB430F20
S31502011BE04FEA43023AD8002A51D1DBF80030B94212
S31502011BF0CAF800301546904608BF042312D0AAF14E
S31502011C00040E4FEA9E0E0EF1010E4EF001E03A4627
S31502011C10434652F8041B43F8041B0FF007C0043372
S31502011C204C4532D0A9EB0409A9F1040E4FEA9E0EE6
S31502011C300EF1010E4EF001E0214603EB090451F8C3
S31502011C40042B43F8042B0FF007C017B13846FAF7F5
S31502011C5077FCC6E90084B560BDE8F88F104D2846C9
S31502011C60FCF7AAF8DBF8002000EB0A03BC421A6073
S31502011C708046054408BF031DC1D1D1E75D1CEDD2E3
S31502011C80654528BF6546AD00E9E71C46DDE7944593
S31502011C9028BF94464FEA8C05E1E7024801F072FA41
S31502011CA0FCFFFF7FE48801022DE9F0432DED028B53
S31502011CB04FF00008D0E900524FF00009002387B027
S31502011CC0954206460C46D5ED007ACDE90289049382
S31502011CD000F0AA800435AA4200F0A68028462946C9
S31502011CE0B0EE678A521B043A9208013291ED007AEC
S31502011CF0B4EE487AF1EE10FA48BFB0EE478A013ADD
S31502011D000B4601F10401F1D15B1B9B080133B0ECD7
S31502011D10017AB4EE677AF1EE10FA77FE277A013B81
S31502011D20F5D177EEC87A9FED497A642102A8C7EE0A
S31502011D30878AFEF797FBD6E900329A427CD00022C7
S31502011D40F7EE006A029D03EB820393ED007A37EE0A
S31502011D50487AC7EE287AFCEEE77A17EE903A632BB9
S31502011D6028BF632305EB8303D3ED007A77EEA67AC8
S31502011D70C3ED007A0132D6E90031A1EB030CB2EBD5
S31502011D80AC0FE0D3039A531B4FEAA308002B5AD098
S31502011D90B8F1000FC64614BFC6464FF0010E2B46D8
S31502011DA0DFED2B7A4EF001E0B3EC017A77EE877A1A
S31502011DB00FF007C04FF0640E2F462B464EF001E09E
S31502011DC0D3ED006A86EEA77AA3EC017A0FF009C079
S31502011DD00023AA424FF00006019313D0B7EC018A01
S31502011DE0B5EEC08AF1EE10FA09DDB0EE480A01F04D
S31502011DF009FBDDED017AE8EE407ACDED017A013695
S31502011E004645EBD3D4E90113994210D0019B0B60ED
S31502011E1063680433636015B12846FAF791FB07B08C
S31502011E20BDEC028BBDE8F083B0EE678A79E7204606
S31502011E3001AAFFF7BFFEEEE7029D039A531B4FEA83
S31502011E40A308002BA4D1DFED027AB3E70000C84252
S31502011E50000000002DE9F04F2DED048B85B0D0E98D
S31502011E600032D71A8DED010A83460D4600F08182B2
S31502011E703846FBF7A1FFDBE9003293428146A2EB2A
S31502011E80030700F03B82A7F1040E4FEA9E0E0EF104
S31502011E90010E4C464EF001E053F8042B44F8042B94
S31502011EA00FF007C0A14500F02982BE10B6FA86F2EC
S31502011EB0C2F11F02214648465200FAF719FD402F88
S31502011EC000F3F28121464846FAF7B0FC013E07EEDD
S31502011ED0906A9FEDD87AB8EE678A28EE077AB6EE4F
S31502011EE0006BB7EEC77A37EE067BFCEEC77B17EEC1
S31502011EF0903A09EB83031B68284603A90393FCF76F
S31502011F0011F8B5EE007A28EE077AB6EE009BB7EE27
S31502011F10C77A37EE097BFCEEC77B17EE903A09EBDF
S31502011F2083031B68284603A90393FBF7FBFFB6EE5F
S31502011F30087A28EE077AB7EEC77A37EE097BFCEE06
S31502011F40C77B17EE903A09EB83031B68284603A960
S31502011F500393FBF7E7FF9FEDB87A28EE077AB7EE10
S31502011F60C77A37EE097BFCEEC77B17EE903A09EB8F
S31502011F7083031B68284603A90393FBF7D3FFF6EEF7
S31502011F80007A28EE277AB7EEC77A37EE097BFCEE9E
S31502011F90C77B17EE903A09EB83031B68284603A910
S31502011FA00393FBF7BFFFDBE90073A3EB07084FEAD5
S31502011FB0A804002F00F0EA814FF0000A0121042053
S31502011FC0FCF7CCF9D5E901139942064600F0D9810D
S31502011FD0019B0B606B6804336B60B8F1000F00F074
S31502011FE0BC81002C14BFA6464FF0010E3B463A4671
S31502011FF0DFED927A4EF001E0B2EC017A77EE877A62
S315020120000FF007C007EE104A002CB8EEC76A14BFDC
S31502012010A6464FF0010E9FED897AC7EE866A4EF00B
S3150201202001E0F3EC017A77EEE67AA7EEA77A0FF0F2
S3150201203009C087EE060AB5EE400AF1EE10FA00F182
S31502012040CC81F1EEC07AC6ED007AD5E90113994247
S3150201205000F0B481C1ED007A6B6804336B60DBE991
S315020120600030C21A9110002A00F0A081002914BF83
S315020120708E464FF0010EDFED717A1A464EF001E0FF
S31502012080B2EC017A77EE877A0FF007C007EE101AE3
S31502012090B8EEC77A9842C7EE876A00F084810029B2
S315020120A014BF8E464FF0010E9FED647A4EF001E0A9
S315020120B0F3EC017A77EEE67AA7EEA77A0FF009C07A
S315020120C0013907EE901AF8EE677AC7EE276A2846B3
S315020120D003A9CDED036AFBF725FFB8F1000F00F066
S315020120E05D81002C14BFA6464FF0010E9FED537A77
S315020120F03B464EF001E0F3EC017AA7EEA77A0FF028
S3150201210007C007EE904AF8EEE77A87EE270AB5EEA0
S31502012110400AF1EE10FA00F15B81F1EEC07AC6EDEA
S31502012120007AD5E90113994200F04381C1ED007AA3
S315020121306B6804336B60B8F1000F00F00581002C67
S3150201214014BFA6464FF0010EDFED3C7A3B463A46F6
S315020121504EF001E0B2EC017A77EE877A0FF007C012
S3150201216007EE104A002CB8EEC75ADFED346A14BFE7
S31502012170A6464FF0010EC7EE855AB0EE666A4EF0DC
S3150201218001E0F3EC017A77EEE57A27EEA77AA7EE7C
S31502012190876A76EE876A0FF00DC0C6EE857A27EE5C
S315020121A0A70A20EE270AB5EE400AF1EE10FA86EEEC
S315020121B0058A00F10881F1EEC07AF5EE407AF1EE78
S315020121C010FA00F0A08088EE277A86ED007AD5E92A
S315020121D00113994200F0A08081ED007A6B68043305
S315020121E06B60B8F1000F00F0BD80002C14BFA6464B
S315020121F04FF0010EDFED117A3B463A464EF001E011
S31502012200B2EC017A77EE877A0FF007C007EE104A31
S31502012210002CF8EEC75A18BFA6469FED087A08BFEA
S315020122204FF0010E87EEA56AF0EE476A4EF001E025
S3150201223006E000BFCDCC4C3D3333733F00000000B6
S31502012240F3EC017A77EEC67A67EEA77A76EEA76A9B
S31502012250A7EEA77A0FF00DC0C6EEA57A67EEA77AAA
S31502012260F5EE407AF1EE10FA5BD1F8EE087AC6ED98
S31502012270007AD5E90113994261D0C1ED007A6B6802
S3150201228004336B603046FAF75BF917B1BAF1000F06
S3150201229030D1B9F1000F02D04846FAF751F905B02B
S315020122A0BDEC048BBDE8F08F09F14007394648467B
S315020122B0FAF7BCFAA7423FF409AE394609F13C00E6
S315020122C00A460346B1EC017AF0EC017AF4EEC77ADA
S315020122D0F1EE10FA09DDC3ED017A1A4673ED017AC0
S315020122E0B4EEE77AF1EE10FAF5D48C4282ED007A79
S315020122F0E6D1EBE53846FAF723F9CAE7394B9FED02
S315020123003A8A4B44F7E59FED397A86ED007AD5E9AB
S31502012310011399427FF460AF32462846FFF74AFC21
S315020123205FE7C7EE256A86EEA77AF0EE087A77EEC0
S31502012330677AC6ED007AD5E9011399429DD12846FD
S315020123403246FFF737FC9DE7DFED287A87EEA78A4B
S3150201235028EE080A20EE080A2DE7DFED247A87EE39
S31502012360A70A6EE6DFED217AC7EEA76A66EEA67ABE
S31502012370D9E79A42B9467FF486AD9FED1B8A194B7E
S31502012380B9E5284601AAFFF715FC26E601214046D2
S31502012390FBF7E4FF4FF0010A07460FE6DFED137A7A
S315020123A087EEA70AB9E69FED117A89E6DFED0F7A84
S315020123B06CE632462846FFF7FDFBBCE63246284666
S315020123C0FFF7F8FB4BE600F0CFFFF0EE407AF4E6BA
S315020123D000F0CAFFF0EE407AA1E600F0C5FFF0EE8A
S315020123E0407A30E6403333330000804F000000006C
S315020123F02DE9F0432DED028BD0E90063A3EB06092B
S315020124004FEAA90380460C4608EE103A83B0002E25
S3150201241000F0A78001210420FBF7A0FF0027054653
S31502012420B9F1000F00F0AC8018EE103A18EE102A3E
S31502012430002B14BF96464FF0010E3346DFED537A59
S315020124404EF001E0B3EC017A77EE877A0FF007C01E
S31502012450B8EEC87A87EE878A4046214685ED008A1C
S31502012460FFF722FCD8E90032D21A042A4FEAA20067
S315020124706CD90121884200F1FF324FF0000CB3EC16
S31502012480017A98BF0A46F0EE477AB3EC017A67EE13
S31502012490277AF5EEC07AF1EE10FA48BF0CF1010C7B
S315020124A0013AF0D107EE90CAB8EE677A07EE900AC2
S315020124B0F8EEE77AC7EE276A204601A9CDED016A51
S315020124C0FBF730FDD8E900239B1A042B4FEAA30040
S315020124D059D94FF0010C012800F1FF334FF00001E9
S315020124E0B2EC017A98BF6346F0EE477AB2EC017A12
S315020124F077EEC87A77EE486A67EEA67AF5EEC07A83
S31502012500F1EE10FA48BF0131013BEDD107EE901A07
S31502012510F8EE677A07EE100AB8EEC77AC7EE876A4F
S31502012520204601A9CDED016AFBF7FCFC4046B0EE5F
S31502012530480A2146FFF78EFC2846FAF701F806B14A
S315020125403FB903B0BDEC028BBDE8F0839FED0F7A74
S31502012550ACE73046F9F7F4FF03B0BDEC028BBDE8F8
S31502012560F08301214846FBF7F9FE012106460420C4
S31502012570FBF7F4FE01270546B9F1000F7FF454AFCC
S31502012580DFED027A64E7DFED017AC3E700000000BE
S315020125902DE9F04F9846013B95B0062B1E9C00F2A1
S315020125A0918000234FF0000A4FF0000B05460E46BC
S315020125B0104604A908AACDE904ABCDE908AB0693F6
S315020125C00A93FEF77FFBD4E900329A4218BF636091
S315020125D0002200234FF0000C31462846DDE904565D
S315020125E0761B4FEAA60A089E10AF0DF1300BCDE914
S315020125F00C23CDE91023CDF800A033462A460297D3
S31502012600CDF804B0CDF838C0CDF848C0FEF722FAAD
S3150201261021463846FFF7ECFEB8F1010F15D04FF00F
S315020126200109DDE90C01091A33462A468910CDE969
S3150201263001B7CDF800A0FEF70DFA09F1010921460D
S315020126403846FFF7D5FEC845EBD14FF0380921468A
S315020126505846FFF7CDFE4FEA6803C3EBC303C8EB47
S31502012660C808DB004FEAC80703F170084FF00E0EE7
S315020126704EF001E0A9F138022368B818991803440B
S31502012680D3F800C008680432C1F800C018600FF020
S315020126900DC809F13809C845A7F17007E6D11098A6
S315020126A008B1F9F74DFF0C9808B1F9F749FF16B1D0
S315020126B03046F9F745FF15B12846F9F741FF15B03E
S315020126C0BDE8F08FFE21024B024A0348F6F7E6FB0C
S315020126D0948E0102AC8E0102508C01022DE9F04F5B
S315020126E02DED028B90468DB005460C46B0EE408A22
S315020126F0FBF784FBF7EE007A98ED037AB4EE677A7C
S31502012700F1EE10FA15D0D5E9013202FB03F383B1DA
S3150201271000222B6803EB8203D3ED007A67EE877AF8
S31502012720C3ED007AD5E9013101FB03F301329A4285
S31502012730EFD3D8F814607849304603F0A2F800289E
S3150201274040F08E80D8F81C70002F40F0B8802846E1
S31502012750FCF7EEF8824600286BD16B68002B68D035
S31502012760064607464FF020090790A9682B6807FB22
S3150201277001F203EB82030393D8F8383009FA03F224
S315020127809142C0F2948000224FF0000A4FF0000BF2
S31502012790072B0A92CDE908ABD8F83C2000F3AD80AD
S315020127A003F1010ACAEBCA0A4FEA4A00B0F1005F15
S315020127B080F0A080002842D10DF1200C0398CDF8BB
S315020127C000C0FFF7E5FEDDE9080BA3686A68ABEB1B
S315020127D00001B3FBF2F3B3EBA10F4FEAA10A40F0FA
S315020127E0938083451CD0BAF1000FD64614BFD64654
S315020127F04FF0010E02464EF001E0C0EB860C236853
S3150201280052F8041B6344134443F8041C0FF009C82D
S3150201281083450AF1FF3A08BF4FF0000A01365644D2
S3150201282008B1F9F78DFE6B680137BB429DD8DDF819
S315020128301CA050460DB0BDEC028BBDE8F08F4FEAED
S31502012840CA0A5046CDE905210493FBF7B5FADDE93B
S3150201285005218244CDE90800049BCDF828A0ABE707
S3150201286030462E4903F00DF800287FF470AFD8F8F0
S315020128701C70002F3FF46BAF6B68D8ED068A002BF4
S315020128803FF465AF0646FFB2AB682A6803FB06F161
S3150201289002EB8102F0EE680AB0EE480A11463846AA
S315020128A0FBF73AFF6B6801369E42EDD34FE7DFF83D
S315020128B088A050460DB0BDEC028BBDE8F08F6B6867
S315020128C0D8ED068A002B3FF442AF0646FFB2AB684B
S315020128D02A6806FB03F102EB8102F0EE680AB0EE0A
S315020128E0480A11463846FBF70BFE6B6801369E42D3
S315020128F0EDD32CE70A4800F045FC4FF48E71094BE3
S31502012900094A0A48F6F7CAFA4FF4B071084B094A5E
S315020129100648F6F7C3FA00BF208B0102248B010297
S31502012920948F01021C8F0102288F0102508C010231
S31502012930A48F0102E08F010211FCFFFF2DE9F04F86
S315020129402DED028B13469FB004460D4644221946CD
S315020129500DA8B0EE408A02F0A6FFBE49159802F014
S3150201296090FF002800F0CC809DF87470119E17B973
S31502012970012E00F039812046FBF740FAF7EE007A84
S315020129809DED107AB4EE677AF1EE10FA15D0D4E91C
S31502012990019303FB09F383B10022236803EB82034C
S315020129A0D3ED007A67EE877AC3ED007AD4E9019313
S315020129B003FB09F301329A42EFD3012E56DCD4E925
S315020129C0019307EE906AF8EEE77A129EA249304623
S315020129D00393C8EE278A02F054FFC846039B0028D8
S315020129E040F09C80149A002A40F0C2804FF0000900
S315020129F003F10906994B0121A3FB0636F60808FBEA
S31502012A0006F08000CDF85090FBF7A8FC4FF0010AC2
S31502012A10CDE9068680460A2205A92046CDF814800C
S31502012A208DF820A0FBF758FBB0EE680A2046534604
S31502012A302946CDF800900DAAFCF7E6FA064610B132
S31502012A40002F40F0B280AB68854CB34208BF002428
S31502012A50B8F1000F04D09DF82030002B40F0D3804E
S31502012A6020461FB0BDEC028BBDE8F08F314609A8A6
S31502012A70FBF7BEFADDE9098AD045A36809D0C1464A
S31502012A8059F8042B21462046FBF726FBCA45034685
S31502012A90F6D1D4E90029B9F1010F4FEA830A02EB13
S31502012AA0830C24D90120A168EBB1AAF1040E4FEAE5
S31502012AB09E0E0EF1010E4EF001E000FB01F10CEB50
S31502012AC00A0B02EB810252F8041B4CF8041B0FF0AD
S31502012AD007C0D4F804900130814508D9DC46226842
S31502012AE0A168002BE1D101308145E346F6D8A36006
S31502012AF0B8F1000F3FF465AF4046F9F721FD5EE7F5
S31502012B00B0EE480A294620460DAAFFF7E7FD04461C
S31502012B1020461FB0BDEC028BBDE8F08F304651490D
S31502012B20039302F0AEFE039B00287FF45FAF149A73
S31502012B30002A3FF45BAF9DED138AB9F1000F3FF412
S31502012B4055AF06465FFA82F903FB06F12268F0EEFB
S31502012B50480A02EB81021146B0EE680A4846FBF7C3
S31502012B60DBFDD4F8048001364645A368ECD33DE784
S31502012B709DED138AB9F1000F3FF438AF06465FFAAD
S31502012B8082F903FB06F12268F0EE480A02EB8102A2
S31502012B901146B0EE680A4846FBF7B2FCD4F8048047
S31502012BA001364645A368ECD320E7D5E9013202FB9B
S31502012BB003F31C1A2B6813EB80072DD0B2EE040A1D
S31502012BC0534688EE800A0DAA05A8CDF8009009A9F8
S31502012BD009970B948DF83090CDF828A0FCF714FADA
S31502012BE00644DDF814802EE733462046B0EE480A45
S31502012BF029460DAA0096FCF707FAAB68184C8342E0
S31502012C0008BF00242CE74046F9F79AFC20461FB07C
S31502012C10BDEC028BBDE8F08F5146A000FBF79EFB8F
S31502012C20B2EE040A0B94044688EE800A53460097D4
S31502012C300DAA05A809A98DF830A0CDF828A00994F6
S31502012C40FCF7E2F90644002CCBD02046F9F778FCD2
S31502012C50C7E700BF64900102208B0102CDCCCCCC28
S31502012C6014FCFFFF248B01022DE9F04F2DED0A8B97
S31502012C704FF00009BFB040F6B830F8F757FBCA4823
S31502012C80F7F704F9DFEDC9AA9FEDC9AA9FEDC9BA03
S31502012C90DFEDC99ADFEDC9BA9FEDC9CACA46C94E67
S31502012CA0DFF8848317AF3378002B00F0F481062214
S31502012CB039463B20FAF7BCF8002800F0EC814FF0C8
S31502012CC0004000214FF0100CBDF85C90BE4B99FA02
S31502012CD099F9A3F80090BDF85E500FFA89F309EE4F
S31502012CE0103ABA4B6DBABDF860401D80B84B64BA52
S31502012CF00FFA85FE1C808EFB0E2303930292DDE9F9
S31502012D000223C9FB892314FB04220FFA84FB43180D
S31502012D1093429CBF1918D21ABCF1010C4FEA510118
S31502012D204FEA9000F3D107EE90EAB8EEE78A07EE92
S31502012D3090BAB8EEC99AF8EEE78A28EE2A8A29EEFF
S31502012D402A9A68EEAA8A68EE0A6A29EE0A7A68EE71
S31502012D508A7AFDEEE66ABDEEC77AFDEEE77A9D4B0B
S31502012D609D4A1960136817EE101A013313609B48C6
S31502012D7016EE902A17EE903AF7F788F8F7F762F906
S31502012D8097494FF4BA62A1F10C0002F0A3FC954BEC
S31502012D90954983ED009A83ED018AC3ED028AD8F83B
S31502012DA000304FF419727C2BD8BF0133A1F1020016
S31502012DB0D8BFC8F8003002F08DFC8C494FF4197265
S31502012DC0881E02F087FC8A494FF41972881E02F0A6
S31502012DD081FC884BA3F86492874BA3F86452874B14
S31502012DE0A3F86442F7F746F9D8F800307C2B40F392
S31502012DF052810AF1010ABAF1040F40F34C8140F201
S31502012E0077147F4B4FF0000A17937E4B1694149357
S31502012E107D4B4FF0010915937C4BCDF860A09D685F
S31502012E202723B4FBF5F40C93CDF864A00EAB97E817
S31502012E30030083E8030012AB83E8030004FB05F0F9
S31502012E40494680000A978DF834A0CDF82C90FBF7FD
S31502012E5085FACDE90F458DF8449005460E90002876
S31502012E6000F03981169BCDF81CA00893149B09909A
S31502012E70002B00F07B81159C09AB08AA07A912A8B1
S31502012E80A047624B6249186A02F0FBFC044600281D
S31502012E9040F068815D4B9FED5F0A9B88012B00F034
S31502012EA03981042B00F0FE804B46584ACDF800903A
S31502012EB00EA80AA9FCF7A8F827280E9840F04B811C
S31502012EC020B19DF84430002B40F0E980BB46F8F76B
S31502012ED035FD4FF0270E6FF07F054EF001E03946C2
S31502012EE0421EB1EC017AC7EE297AF8FE677AFDEE47
S31502012EF0E77A17EE903A6E3B7F2BA8BF7F23AB4250
S31502012F00B8BF2B4602F8013F0FF015C80020F8F7AB
S31502012F1029FDF8F71DFD0423DFF8109105933E4BB9
S31502012F200EAD00F1FF3EBFEE008A0FCB4FF0020C51
S31502012F3085E80F00CA4604251EF9013F803307EED4
S31502012F40903AF8EEE77A67EEAB7AB4EEE78AF1EEFB
S31502012F5010FA48BFA44648BFB0EE678A013DEAECC3
S31502012F60017A04F10104E7D12C4C2368002B40F3CA
S31502012F70BB80013BBCF1020F236059D03EAB03EB90
S31502012F808C0C5CF8C05C2648294602F07AFC0028C3
S31502012F9000F0D080DFED237AB4EEE78AF1EE10FA83
S31502012FA080F2C48044E000BF6C90010200008038C8
S31502012FB000007A440000C8426669263F0000803B51
S31502012FC03333333F153504222435042222350422B4
S31502012FD0203504221C35042218350422B49001023C
S31502012FE0EC2E0422B0340422FA3904229237042246
S31502012FF02A350422F839042290370422283504227C
S3150201300021C500020DC800020DC50002740000228E
S31502013010C890010200007A4254BE0102C02E042267
S3150201302038000022CDCC4C3FD82E0422C82E0422D1
S31502013030BBF1000F03D09DF83430002B7DD1149BD8
S315020130401BB112A903220846984799ED037AD9EDD5
S31502013050027A99ED016AD9ED006A27EE0B7A67EEDB
S315020130608B7A26EE0B6A66EE8B6ABDEEC77AFDEEA9
S31502013070E77ABDEEC66AFDEEE66A16EE103A16EE7E
S31502013080902A8DED017ACDED007A39493948F6F764
S31502013090FDFE4FF0000A1020F8F748F903E6F9F7AA
S315020130A04FFA13E7344A0EA80AA9FFF747FC054669
S315020130B00E98BB46002844D09DF844303BBB002DF8
S315020130C03FF405AFBBF1000F05D09DF8343013B1C3
S315020130D05846F9F735FA149B1BB112A90322084681
S315020130E09847DFF89C90B0E7BCF1020F2CD0B4EE02
S315020130F0CC8AF1EE10FA9BDB3EAB03EB8C0C5CF84F
S31502013100C01C1B4802F0C7FB1423236090E7F9F7A2
S3150201311017FAD4E7184A0EA80AA9FDF791F8054647
S315020131200E98DDF828B00028C6D1C8E7294610480E
S3150201313002F0B1FB142323607AE75846F9F700FA45
S315020131407DE7002DC7D1C1E6094B0C4A92E803007F
S31502013150186019716CE70028BDD09DF84430002B28
S31502013160B9D0B6E72846F9F7EBF9B4E700F00DF85E
S3150201317038000022CC900102740000221091010253
S31502013180C82E042208B501F0CBFA08B501F0C8FA37
S3150201319008B52DED048BB0EE408B00F0CDF9B4EEFF
S315020131A0488BF1EE10FA06D69FED099BB4EEC98B58
S315020131B0F1EE10FA02D4BDEC048B08BD02F058FB05
S315020131C089EE090B21230360BDEC048B08BD00BF08
S315020131D00000000000000000B0EE407B224A17EE1C
S315020131E0903A23F0004393421AD9204A934202D9D4
S315020131F030EE400B704700B585B0684600F0B0FB73
S3150201320000F00300012818D002280DD0F0B99DED77
S31502013210021B9DED000B00F097F905B05DF804FB6A
S315020132209FED0F1B00F090B99DED021B9DED000B6A
S3150201323000F08AF9B1EE400BEFE79DED021B9DED21
S31502013240000B00F011FAB1EE400BE6E79DED021B11
S315020132509DED000B012000F007FADEE7AFF30080D7
S315020132600000000000000000FB21E93FFFFFEF7FA5
S31502013270B0EE407B224A17EE903A23F00043934286
S315020132801BD9204A934202D930EE400B704700B552
S3150201329085B0684600F064FB00F0030001281BD0EC
S315020132A002280FD0F8B901209DED021B9DED000BFE
S315020132B000F0DAF905B05DF804FB9FED0F1B002063
S315020132C000F0D2B99DED021B9DED000B012000F02D
S315020132D0CBF9B1EE400BEDE79DED021B9DED000B27
S315020132E000F032F9E6E79DED021B9DED000B00F0C1
S315020132F02BF9B1EE400BDDE70000000000000000F3
S31502013300FB21E93FFFFFEF7FB0EE407B144A17EE48
S31502013310903A23F00043934218D9124A934202D9B2
S3150201332030EE400B704700B585B0684600F018FBD9
S31502013330400000F002009DED021BC0F101009DED6F
S31502013340000B00F0E9F905B05DF804FB9FED021BE5
S31502013350012000F0E1B900BF0000000000000000FA
S31502013360FB21E93FFFFFEF7F08B52DED028BB0EEA2
S31502013370408A00F0E5F8B4EE488AF1EE10FA06D674
S31502013380DFED098AB4EEE88AF1EE10FA02D4BDEC59
S31502013390028B08BD02F06CFA88EEA80A21230360AB
S315020133A0BDEC028B08BD00BF0000000010EE102A22
S315020133B022F000431146B3F1FF4F1CDAB3FA83FC44
S315020133C04FEA5C1CBBB112F0FF4F09D1DFED0C7A5B
S315020133D06FF0180C60EE277A17EE901A21F000436F
S315020133E0DB1521F0FF417E3B41F07C52634400EE46
S315020133F0102A03607047002300EE102A036070470B
S315020134000000004C10EE103AB3F17E5F3BD0A3F5FB
S3150201341000011A46B1F1FE4F38D22A49BFEE000B1E
S3150201342029481144294B0840C1F3C34CC915121A44
S3150201343003EE901A02EE902AB8EEE33BB7EEE22AC9
S3150201344093ED445B93ED467B93ED404B93ED426BDB
S3150201345003EB0C132DED028B93ED008B93ED021B07
S31502013460A8EE020BA3EE041BBDEC028BA5EE007BBC
S3150201347020EE005B30EE010BA6EE057BA5EE070BF7
S31502013480B7EEC00B70479FED120A7047590014D070
S31502013490B3F1FF4F14D0B1F17F4F0AD2002B08DBF3
S315020134A0DFED0C7A60EE277A17EE903AA3F13862D5
S315020134B0B3E700EE103A00F02FB8012000F01AB877
S315020134C0704700BF0000CDC0000080FF68BE010248
S315020134D0000000000000004B10B52DED028BB0EE8E
S315020134E0408A044602F0C4F90460B0EE480ABDEC13
S315020134F0028B10BDF7EE007A0028BFEE007A9FED2F
S31502013500050A4FF0220047FE877A87EE800AFFF707
S31502013510E3BF00BF00000000F0EE407A30EE407AD1
S31502013520F4EE677A87EE070AF1EE10FA02D6212047
S31502013530FFF7D2BF704700BFB1EEC00B704700BFA5
S31502013540B1EEC00A704700BF10EE903A23F0004375
S31502013550B3F1795F2CD2FDEEC07B17EE903A002BC8
S3150201356061D020EE004B9FED322B9FED337B9FED19
S31502013570343B9FED355BA4EE027B9FED356BA4EEEA
S31502013580073B9FED357BA4EE035BA4EE056BA4EE30
S31502013590067B24EE077B21EE401BB6EE006BB7EEEF
S315020135A0000BA4EE071B94EE061B30EE410B70478F
S315020135B020EE004B2A4A93429FED1D7B9FED1E2B67
S315020135C09FED1F3B9FED205BA4EE072B9FED206B2A
S315020135D09FED217BA2EE043BA3EE045BA5EE046BF9
S315020135E0A6EE047B27EE047BD5D91E4A934215D853
S315020135F0B7EE006B0020A3F5001141EC150B36EE78
S31502013600456B21EE401BB6EE003BA4EE071B94EE82
S31502013610035B35EE415B36EE450B7047B6EE076B43
S31502013620B5EE025BEDE7B7EE000B7047AFF3008034
S31502013630D43888BEE9FAA8BDC4B1B4BD9EEE213E16
S31502013640AD529C804F7E92BE9015CB19A001FA3ED7
S315020136507751C1166CC156BF4C5555555555A53FA7
S315020136603233D33F0000E93F10EE903A23F0004394
S31502013670B3F1795F04D2FDEEC07B17EE903A5BB3EC
S3150201368020EE007B9FED165B9FED172B9FED183BFE
S315020136909FED194BA7EE052B20EE075B9FED186BED
S315020136A0A2EE073BA3EE074BA4EE076B30B99FEDE3
S315020136B0164BA7EE064BA4EE050B704726EE456B9D
S315020136C0B6EE003B9FED124BA1EE036B96EE071B86
S315020136D0A5EE041B30EE410B704700BFAFF300802D
S315020136E07CD5CF5A3AD9E53DEB9C2B8AE6E55ABE03
S315020136F07DFEB157E31DC73ED561C119A0012ABF9F
S31502013700A6F810111111813F495555555555C5BF99
S31502013710495555555555C53FB0EE407B8E4908B5BD
S3150201372017EE903A23F000428A422DED028B2ED8F3
S31502013730FDEEC06B16EE901AD9BB431C10EE10CAF1
S3150201374043EA0C03134300F0BD80012800F0928086
S3150201375030EE016BBFEE003BB7EE005B83EE064B2C
S3150201376053EC162B0A4643EC162B36EE407BBDEC88
S31502013770028B31EE477B53EC142B0A4643EC102B9A
S31502013780A6EE005BA7EE005BA5EE040B08BD73492E
S315020137908A420ED9002BC0F290809FED4F6B9FEDAE
S315020137A0505B36EE477B35EE415B9FED4F1B35EEA7
S315020137B0077B27EE075B69498A429FED4D8B9FED99
S315020137C04E3B25EE056B9FED4E2B9FED4F4BA6EE25
S315020137D0083BA6EE024B9FED4E0B9FED4F8B9FEDE5
S315020137E0502BA3EE060BA4EE068B9FED4F3B9FEDEE
S315020137F0504BA0EE063BA8EE062B9FED4F0BA3EE18
S31502013800064B9FED4F3BA2EE063BA4EE060B9FED48
S315020138104E4B9FED4F2BA3EE064B27EE053BA4EE37
S31502013820050BB0EE414BA0EE034BA4EE051BA3EE36
S31502013830021B37EE010B20D801281BD0BFEE005B1D
S31502013840B7EE006B85EE004B51EC100B002041ECFC
S31502013850150B35EE477B31EE471BB0EE467B53EC3B
S31502013860142B024643EC102BA5EE007BA1EE007B46
S31502013870A7EE040BBDEC028B08BD06EE900A20EE04
S31502013880005B9B17B8EEE66B03F00203B0EE003B5A
S31502013890C3F1010330EE060BBDEC028B85EE004B44
S315020138A005EE903AB8EEE50B34EE414B37EE447B2A
S315020138B0A7EE436B20EE060B08BDB1EE407BB1EEDF
S315020138C0411B6AE700F096F9B7EE006BB0EE407B5A
S315020138D086EE070BCEE700BF182D4454FB21E93FC4
S315020138E0075C143326A6813C00000000000000009C
S315020138F0735360DBCB75F3BEA69237A0887E143F65
S31502013900D47ABF74702AFB3EE9A7F0320FB8123F90
S315020139100165F2F2D844433F68108D1AF726303F0B
S315020139201583E0FEC8DB573F280356C9226D6D3F5A
S3150201393037D60684F464963F7AFE10111111C13FFF
S3150201394093846EE9E326823FFE41B31BBAA1AB3FE4
S31502013950635555555555D53FFFFF2F3E2794E53FF4
S3150201396053EC102B70B59C4923F0004588B00446F0
S315020139708D4268D999491E468D421BD8002B9FED6F
S31502013980867B40F3E780A1F51B2130EE477BA1F54B
S31502013990F0618D4266D09FED825B37EE456B37EE65
S315020139A0467B37EE457B012084ED006B84ED027B7D
S315020139B008B070BD8A498D4261D98A498D424AD879
S315020139C02B151046A3F21642A5EB025141EC170B39
S315020139D0BDEEC76B08A80321B8EEC66B9FED725BFD
S315020139E037EE467B8DED026B27EE057BBDEEC76B8F
S315020139F0B8EEC66B37EE467B8DED046B27EE057B83
S31502013A008DED067B30ED027B0B460139B5EE407B2F
S31502013A10F1EE10FAF6D0744902A801910221009141
S31502013A20214600F0F1F8002EC2DA404294ED006B15
S31502013A3094ED027BB1EE466BB1EE477B84ED006BF2
S31502013A4084ED027BB4E70020002184ED000BC4E97A
S31502013A5002010020ACE730EE407B80ED027B80ED77
S31502013A60007BF6E79FED526B9FED535B37EE467B8C
S31502013A7037EE456B37EE467B37EE457B93E700F033
S31502013A80B9F8B6EE007B9FED4E5B9FED434B9FED82
S31502013A90446BA0EE057BFDEEC77B17EE900AB8EEEE
S31502013AA0E75B1F28A5EE440B25EE067BB1EE454BDF
S31502013AB01CDC4E4B421E53F82230AB4216D030EE7E
S31502013AC0476B30EE460B002E84ED006B30EE470B52
S31502013AD084ED020BBFF66CAFB1EE466B4042B1EE1E
S31502013AE0400B84ED006B84ED020B61E730EE476B10
S31502013AF02A1516EE903AC3F30A53C3EB1553102B4C
S31502013B00DFDDB0EE403B9FED2A6B9FED2B2BA4EE42
S31502013B10063B30EE437BA4EE067B95EE027B33EE4B
S31502013B20476B16EE903AC3F30A53D21A312A0EDDC7
S31502013B30B0EE430B9FED246B9FED252BA4EE060BF6
S31502013B4033EE407BA4EE067B95EE027BB7E7B0EE41
S31502013B50430BB6E7264930EE077B8D420ED09FED29
S31502013B60105B37EE056B37EE467B37EE057B4FF082
S31502013B70FF3084ED006B84ED027B19E79FED0C6B40
S31502013B809FED0D5B37EE067B37EE056B37EE467B17
S31502013B9037EE057BEBE700BF00004054FB21F93FFE
S31502013BA03163621A61B4D03D000000000000704129
S31502013BB00000601A61B4D03D7370032E8A19A33BCB
S31502013BC083C8C96D305FE43F0000002E8A19A33B0A
S31502013BD0C14920259A837B39FB21E93F7BD90240E2
S31502013BE0FB213941FFFFEF7F08C0010288BF0102B5
S31502013BF0FB21F93F51EC100B024621F0004343EC45
S31502013C00102B7047000000002DE9F04F2DED088BB7
S31502013C10ADF5137D1C46814612F1140FA49804F1E9
S31502013C20FF3703939C4B53F82050C0F24C82D31EAC
S31502013C309A4880FB0340DB17C3EBA00302930133CF
S31502013C40A3EB8303DB001A44EC19029BA3EB0703E4
S31502013C5016D401341AA89446A59E1C449FED886B7E
S31502013C60002BB0EE467B05DB56F8232007EE902AA1
S31502013C70B8EEE77B0133A342A0EC027BF0D16246A8
S31502013C80002DC0F2C282039B1AA80DF5D47C3C46D4
S31502013C9000EBC30605EB030E4FEAC30809EBC300AB
S31502013CA0002F9FED777B09DBB2464B46B3EC025BF5
S31502013CB03AED026B8342A5EE067BF7D10134083653
S31502013CC07445ACEC027BEBD10DF1180A09EB080441
S31502013CD0AB466AAE0AEB850310460AEB85080095E8
S31502013CE0043B05919FED689B9FED698B049392AB13
S31502013CF0BBF1000F03EBCB0313ED280B4FEACB030A
S31502013D0015DD3344524620EE097BB0EE406B33EDAE
S31502013D10025BBDEEC77BB342B8EEC77BA7EE486B2B
S31502013D2037EE050BBDEEC66BA2EC016AEBD1019033
S31502013D3000F09EFAB4EE007BB0EE40AB20EE070B2C
S31502013D4000F018FB0198B2EE007B0028A0EE47AB0B
S31502013D50BDEECABBB8EECB7B3AEE47AB6CDD0BF1DF
S31502013D60FF3CC0F118031BEE10EAC0F117015AF825
S31502013D702C2042FA03F505FA03F3AE44D21A0BEEEE
S31502013D8010EA42FA01F54AF82C20002D00F35B8174
S31502013D90B5EE40ABF1EE10FA40F0B080009B9B45C8
S31502013DA00BDD0AEB8B03002253F8041D434542EA5D
S31502013DB00102F9D1002A40F06281009B013B5AF8C7
S31502013DC02330002B40F05681049B012153F8042D28
S31502013DD00131002AFAD00BF1010E5944F446039B34
S31502013DE0029A5B446FF0404B724406EBCE0E93444B
S31502013DF0A59A02EB8B0B1AAA02EBC3059BED017A7C
S31502013E00002F0BF1040BB8EEC77BA5EC027B9FEDED
S31502013E101C7B09DB2A464B46B3EC025B32ED026B95
S31502013E20A342A5EE067BF7D10CF1010C8C45AEEC53
S31502013E30027BE3DD8B465AE740F0FC800BF1FF3350
S31502013E405AF82350ED15002DA2DD1BEE103ABBF1F7
S31502013E50000F03F101030BEE103A40F3DA815246E9
S31502013E604FF0000C52F8041B002900F0DD80C1F16D
S31502013E70807142F8041C6FF07F4115E0AFF30080B8
S31502013E800000000000000000000000000000703E7B
S31502013E90000000000000704150C10102ABAAAA2A2B
S31502013EA01368CB1A42F8043B0CF1010CE345F7DC2B
S31502013EB0012100280CDD012800F0D380022807D158
S31502013EC00BF1FF325AF82230C3F315034AF82230B6
S31502013ED0022D7FF45DAFB7EE000B30EE4AAB00293F
S31502013EE03FF456AF019000F0C3F93AEE40AB0198A8
S31502013EF0B5EE40ABF1EE10FA3FF450AF024605992A
S31502013F00B0EE4A0B404202950191009D009200F0EB
S31502013F10AFF9029BB0EE407B9FEDC75BDDE9002165
S31502013F20B4EEC50BF1EE10FAC0F232810BF10104C7
S31502013F3018329FEDC36B20EE066BBDEEC66BB8EE73
S31502013F40C64BA4EE457BBDEEC77B17EE100A4AF8B7
S31502013F502B0016EE100A4AF82400B7EE000B1046A3
S31502013F60CDE9003100F084F9002CDDE90031C0F21F
S31502013F703F81661C6AAF9FEDB25B0AEB8602F000D7
S31502013F8007EBC60632ED017AB8EEC77B524527EE3C
S31502013F90007B20EE050B26ED027BF3D16AAE0DF511
S31502013FA08478A0F10802A446C6469A46B7180026A6
S31502013FB0002D9FEDA57B0EDBA54BB946002201E044
S31502013FC0B24208DC0132B3EC025BB9EC026B9542F8
S31502013FD0A5EE067BF4DA0CF1FF3C0136083FBCF193
S31502013FE0FF3FAEEC027BE3D1A49A5346022A00F3C9
S31502013FF08380002A6CDC0DD140449FED937B30ED2A
S31502014000026B404537EE067BF9D1002B40F0E78083
S3150201401081ED007B1BEE103A03F007000DF5137DCF
S31502014020BDEC088BBDE8F08F0CF1010CE3453FF7BF
S3150201403019AF3EE7B6EE007BB4EEC7ABF1EE10FA6E
S3150201404035DA0025A4E67346BBF1000F03F101033D
S315020140500BEE103A3FF703AF01284FF000017FF450
S315020140602DAF0BF1FF325AF82230C3F316034AF889
S3150201407022302DE70BF1010EF4467146AFE60BF144
S31502014080FF34A0F118022B4605995AF82400009D27
S3150201409000287FF462AF6FF0404058440AEB80007B
S315020140A050F8046D013C183A002EF9D055E71BEE83
S315020140B0103ABBF1000F03F101030BEE103A40F384
S315020140C091800225CBE600206FF017030290BAE534
S315020140D09FED5D6B404430ED027B404536EE076B4A
S315020140E0F9D137EE467B002B67D0B1EE466B81EDF7
S315020140F0006B002C64D16DE0A49A032A8AD1002CAC
S3150201410000F0958008EBC406E5003246304696ED8E
S31502014110006B30ED027BB0EE465B36EE076B404537
S3150201412037EE467B80ED006B37EE057B80ED027B39
S31502014130EFD1012C7BD008F1080096ED006B32ED30
S31502014140027BB0EE465B36EE076B904237EE467B5C
S3150201415082ED006B37EE057B82ED027BEFD105F135
S31502014160080208F110009FED387B424432ED026BE2
S31502014170904237EE067BF9D198ED005B98ED026B22
S3150201418073B981ED005B81ED026B81ED047B41E741
S31502014190BDEEC07B5C4617EE100A4AF82B00DCE640
S315020141A0B1EE455BB1EE466BB1EE477B81ED005B4D
S315020141B081ED026B81ED047B2CE781ED006B5CB135
S315020141C044A801220132B0EC026B944237EE067B1F
S315020141D0F8DA0BB1B1EE477B81ED027B1AE7B1EE5C
S315020141E0477B15E7B7EE007B022537EE4AABCFE5F3
S315020141F0A49A022A15DC002A2CDC7FF40BAF9FED70
S31502014200127B002B3FF404AFE9E7039B4FEAC30895
S315020142105AE5022D7FF4BCADB7EE007B37EE4AAB11
S31502014220B6E5A49A032A7FF4F5AE0DF584789FEDDF
S31502014230067BA1E7AFF30080000000000000704199
S31502014240000000000000703E0000000000000000B7
S3150201425010C101029DED427B2BB100224FF00043BA
S31502014260C1E90023B6E700220023C1E90023B3E72F
S3150201427053EC102B10B4C3F30A54194664BB23F052
S315020142800041114325D03A499FED2D7B884220EE0C
S31502014290077B53EC172B3FDBC3F30A541946363C13
S315020142A04CF2503C604520DC204440F2FE74A042B0
S315020142B01BDC002827DC10F1350F34DB36306FF3B7
S315020142C01E519FED217B41EA005343EC102B20EE58
S315020142D0070B5DF8044B704740F2FF7C6445DFD162
S315020142E030EE000B5DF8044B70479FED197B9FED95
S315020142F01A5B002B5DF8044BB0EE470B27FE057BDC
S3150201430027EE000B70476FF31E515DF8044B41EA2D
S31502014310005343EC102B70479FED110B5DF8044BD4
S3150201432027EE000B70479FED0E7B9FED0F5B002B77
S31502014330B0EE470B27FE057B27EE000BC9E700BF50
S315020143400000000000005043000000000000903C05
S315020143509C7500883CE4377E9C7500883CE437FEF8
S3150201436059F3F8C21F6EA50159F3F8C21F6EA58152
S31502014370B03CFFFFBBFE400B704700BF7BB972B971
S315020143800029BEBF00204FF0004106E008BF002809
S315020143901CBF6FF000414FF0FF3000F0BFB9ADF125
S315020143A0080C6DE904CE002909DB002B1ADB00F0AB
S315020143B035F8DDF804E0DDE9022304B07047404236
S315020143C061EB4101002B1BDB00F028F8DDF804E06C
S315020143D0DDE9022304B0404261EB4101524263EB43
S315020143E043037047524263EB430300F017F8DDF8CB
S315020143F004E0DDE9022304B0404261EB410170476A
S31502014400524263EB430300F009F8DDF804E0DDE90B
S31502014410022304B0524263EB430370472DE9F04F86
S31502014420099D0E4604460F46002B47D18A42944601
S31502014430B2FA82F35AD943B102FA03FCC3F120025A
S315020144409F409C4020FA02F217434FEA1C461FFA8C
S315020144508CFE220CB7FBF6F106FB117701FB0EF07F
S3150201446042EA0742904208D91CEB020201F1FF37E8
S3150201447002D2904200F23C813946121AA4B2B2FB30
S31502014480F6F006FB102200FB0EFE44EA0244A645A4
S3150201449008D91CEB040400F1FF3202D2A64500F250
S315020144A02A81104640EA0140A4EB0E0400211DB107
S315020144B0DC400023C5E90043BDE8F08F8B4205D9F4
S315020144C00DB1C5E9000100210846F5E7B3FA83F10A
S315020144D000294FD1B342C0F00281824240F2FF80ED
S315020144E00846002DE8D0C5E90047E5E7002B40F074
S315020144F0AF808A1A4FEA1C4E1FFA8CF70121B2FBD2
S31502014500FEF60EFB1620220C42EA004207FB06F0DB
S3150201451090420FD91CEB020206F1FF382CBF4FF075
S3150201452001094FF00009904203D9B9F1000F00F0D9
S31502014530DC804646121AA4B2B2FBFEF00EFB102232
S3150201454000FB07F744EA0244A7420FD91CEB040415
S3150201455000F1FF322CBF4FF0010E4FF0000EA742C1
S3150201456003D9BEF1000F00F0C9801046E41B40EAF0
S3150201457006409CE7C1F120048B4006FA01FC00FAD1
S3150201458001FE22FA04F7E6408A401F4320FA04F3A9
S315020145904FEA174843EA0C031FFA87FC4FEA13490D
S315020145A0B6FBF8F008FB106649EA064600FB0CF971
S315020145B0B1450ED9BE1900F1FF3A2CBF4FF0010BDE
S315020145C04FF0000BB14503D9BBF1000F00F0A280F9
S315020145D05046A6EB09061FFA83F9B6FBF8F308FB68
S315020145E0136603FB0CFC49EA0646B4450ED9BE190D
S315020145F003F1FF382CBF4FF001094FF00009B44512
S3150201460003D9B9F1000F00F08280434643EA004024
S31502014610A6EB0C06A0FB028C66454346E14602D395
S3150201462007D1C64505D2B8EB02036CEB070C01387C
S31502014630E1465DB1BEEB030266EB090606FA04F436
S3150201464022FA01F3CE401C43C5E90046002133E7B5
S3150201465002FA03FCC3F1200299409C40D6404FEA7C
S315020146601C4E20FA02F21FFA8CF7B6FBFEF00A4341
S315020146700EFB1066110C41EA064100FB07F68E425B
S315020146800ED91CEB010100F1FF382CBF4FF00109D5
S315020146904FF000098E4202D9B9F1000F34D04046DB
S315020146A0891B92B2B1FBFEF60EFB161142EA0142DA
S315020146B006FB07F191420ED91CEB020206F1FF3805
S315020146C02CBF4FF001094FF00009914202D9B9F10D
S315020146D0000F16D04646521A46EA00410FE7841ADF
S315020146E066EB030201201746FBE6023E624421E71E
S315020146F002396244C1E664440238D3E664440238AC
S3150201470034E7023E6244E6E702386144C8E7023B07
S315020147103E447BE702383E445BE700BF704700BF79
S31502014720062008B501F032F8012003F091F90021C3
S3150201473000F094BE024B0A460146186800F002B820
S315020147403403002270B5A1FB025434B9294600F0A4
S315020147503FF8064628B9304670BD0C220026026093
S31502014760F9E72A46214600F0CFFFF4E7024B01465C
S31502014770186800F02DB800BF34030022024B01462F
S31502014780186801F0ADB800BF3403002270B50F4EB0
S315020147900C460546316811B901F048F830602146E8
S315020147A0284601F043F8431C03D14FF0FF3420465B
S315020147B070BDC41C24F00304A042F8D0211A284675
S315020147C001F034F80130F2D1EFE700BF603C042278
S315020147D02DE9F843CD1C064625F0030508350C2DB7
S315020147E038BF0C25002D01DBA94204D90C23336005
S315020147F00020BDE8F883DFF8D48000F069F8D8F824
S3150201480000301C4644BB29463046FFF7BFFF431C16
S31502014810044658D1D8F800402746002F43D1002C30
S315020148204BD023683946304604EB030900F0FEFFFC
S31502014830814542D1216830466D1A2946FFF7A6FF06
S3150201484001303AD023682B442360D8F800305A68E5
S3150201485062BBC8F800700FE02268521B20D40B2AF3
S3150201486017D96119A342256018BF5960636808BF49
S31502014870C8F8001062514B60304600F02FF804F17F
S315020148800B00231D20F00700C21A1CBF1B1AA350DE
S31502014890AFE76268A3420CBFC8F800205A60EBE793
S315020148A023466468AEE73C467F68B6E71A465B680C
S315020148B0A342FBD100235360DEE70C23304633606B
S315020148C000F00CF894E70560D6E700BF643C0422C9
S315020148D0014800F0D4BF00BFA83D0422014800F000
S315020148E0CFBF00BFA83D042270B504460D46164649
S315020148F045EC104B01F0FAFE7EB1C5F30A53C3F142
S315020149006B03002B09DD1B05002003F17F5101F525
S31502014910401141EC170B20EE070B70BD00000000A1
S315020149202DE9F04F2DED0A8B97B088464FF0000A1C
S315020149304FF0000B0E920022059012920A46119236
S3150201494011782B294CD039D80D2933D8082933D8D7
S3150201495000293CD000220892119D2A78302A40F083
S31502014960B7806A7802F0DF02582A70D1029311A940
S31502014970089B914A019312AB0598009313AB01F080
S315020149805FF810F00F06044605D0062E2AD101352E
S315020149900023119508930E9B002B40F03B85089B43
S315020149A04BEC10ABCBB1B1EE400B17B0BDEC0A8BA1
S315020149B0BDE8F08F2029CDD10132C0E72D29C9D119
S315020149C001210891511C11915278002AC4D10E9BE2
S315020149D0CDF84480002B40F01B854BEC10ABE4E78D
S315020149E00021EEE7129A3AB1352114A801F079FFB6
S315020149F01299059801F046FB731E139A042B06D8E9
S31502014A00DFE803F014031D201400DDE914ABE3050E
S31502014A1048BF4BF0004B2BF000431B0D1B05002B2F
S31502014A20B9D100F025FF22230360B4E7DDE914A31F
S31502014A3002F2334223F4801343EA025BE7E7DFF82B
S31502014A4080B1E4E76FF0004B4FF0FF3ADFE7119BCD
S31502014A505A1C11925B78302BF9D0002B9BD0012383
S31502014A6007930A22119B0A93002399461D46069330
S31502014A7011980478A4F13003D9B209292AD901225D
S31502014A804E4900F049FEA0B3002022462B460746B6
S31502014A900146652A01D0452A18D11BB9079B034352
S31502014AA095D00023DDF8448008F10102119298F8AD
S31502014AB001202B2A74D02D2A7AD04FF0000EA2F1B2
S31502014AC03004092C40F28280CDF8448000249DE016
S31502014AD00023C5E7082D00F1010005F10105CCBF50
S31502014AE0069902FB09391190C4BF02FB01330693F1
S31502014AF0BEE7119B5A1C11925A78B5B307462B464B
S31502014B00A2F13001092912D90121C2E7119B013013
S31502014B105A1C11925A78302AF8D0A2F13103082B85
S31502014B2000F27D84119B074600200A930346303A20
S31502014B3000F1010113D00F449C464FF00A0E0CF10D
S31502014B400104E61AB14212DC20EAE07019180133B7
S31502014B500829034419DC0A2101FB09290021119ABA
S31502014B60501C119008465278CAE72846D3E7BCF191
S31502014B70080F03DC0EFB09F9A446E0E7102CDEBFA1
S31502014B80069E0EFB06F60696F6E70F29DFBF069886
S31502014B900A2101FB00220692E0E7002701217DE7B7
S31502014BA04FF0000E08F10202119298F8022086E7F0
S31502014BB04FF0010EF6E700BFA0C2010260C1010279
S31502014BC00000F07F119A541C11945278302AF9D0C0
S31502014BD0A2F13104082C3FF679AFA2F1300C119AF9
S31502014BE00992119A541C11945278A2F13006092E97
S31502014BF037D9099EA41B082C44F61F6402DC6445BE
S31502014C00A8BF6446BEF1000F00D06442002B4DD10D
S31502014C10079B03437FF4BFAE00297FF4D8AE692A0E
S31502014C2027D024DC492A24D04E2A7FF4D0AE9749D4
S31502014C3011A801F025F900283FF4C9AE119B1B7892
S31502014C40282B2DD114AA924911A801F02DF9052874
S31502014C5026D1159BDDF850A043F0FF4B4BF4E00B38
S31502014C6099E60A2404FB0C2CACF1300CB9E76E2A46
S31502014C70DBE7884911A801F003F900283FF4A7AE42
S31502014C80119B11A88449013B119301F0F9F810B95E
S31502014C90119B01331193DFF814B24FF0000A7AE641
S31502014CA07E4800F015FE5BEC10AB74E607EE909AB7
S31502014CB0E21B002D08BF1D46102BB8EE677B099239
S31502014CC01A46A8BF1022092B5BEC17AB15DCE11BB8
S31502014CD000293FF460AEA4EB070172DD162959DC07
S31502014CE06F4B099A03EBC20393ED007B4BEC16ABB8
S31502014CF027EE067B5BEC17AB4DE669490F2BDDED23
S31502014D00066A01EBC201B8EE666B11ED125BA7EE04
S31502014D10056B5BEC16ABDADD9A1AE11B0A44002A33
S31502014D2040F3948012F00F000AD05D4901EBC001F5
S31502014D3091ED007B4BEC16AB27EE067B5BEC17ABDA
S31502014D4032F00F0273D0B2F59A7F47DD0024254671
S31502014D50264607942223059ADFF850B14FF0000A3E
S31502014D601360079B002B3FF416AE1299059801F0CA
S31502014D7089F93146059801F085F92946059801F028
S31502014D8081F90799059801F07DF92146059801F007
S31502014D9079F900E6C3F12501E01B8142BCDBC3F1CF
S31502014DA00F033F4A02EBC30191ED007B0999CB1A2E
S31502014DB002EBC3024BEC16AB27EE067B92ED006BC0
S31502014DC096E71631A8DB3C1B354B03EBC40494ED85
S31502014DD0007B4BEC16AB86EE077B8BE700201211AC
S31502014DE0304E01464BEC17AB012A23DC08B15BECD2
S31502014DF017AB2C4AABF1547B2B4802EBC10292ED65
S31502014E00007B4BEC16AB294A27EE067B17EE901A6E
S31502014E100A4082425BEC17AB98D8A0F58010824219
S31502014E2086BFDFF88CB04FF0FF3A01F1547B0022C6
S31502014E30069277E012F0010F04D0012096ED006B85
S31502014E4027EE067B013152100836CDE7EFD05242EA
S31502014E5012F00F000AD0124901EBC00191ED007B5D
S31502014E604BEC16AB86EE077B5BEC17AB1211DED071
S31502014E701F2A1FDD00242546264607942223059A6A
S31502014E804FF0000A4FF0000B13606AE76BC1010293
S31502014E908CC2010262C1010265C101025EC2010246
S31502014EA018C30102F0C201020000A07C0000F07FDB
S31502014EB0FFFFEF7F12F010014FF0000018BF6A21C9
S31502014EC00691B1494BEC17ABD60704D5012091EDFA
S31502014ED0006B27EE067B521001F10801F4D108B1ED
S31502014EE05BEC17AB069AB2B1CBF30A515846C1F144
S31502014EF06B02002A0FDD1F2A55DD342A4FF0000A04
S31502014F00DBBF4FF0FF32C1F14B014FF05C7B8A40B0
S31502014F10D8BF02EA000B4BEC17ABB5EE407BF1EEC4
S31502014F2010FAA7D02A460A990598CDF8009001F001
S31502014F3013F9079000283FF409AF099B3F1B002490
S31502014F40002B2546B4BF3B4600230A93099B9FEDDE
S31502014F508ABB23EAE3730D93079B0598596801F00F
S31502014F6051F8064600283FF4F5AE079B0C301A6944
S31502014F7003F10C0102324BEC19AB920000F093FCE7
S31502014F80B0EE490B14AA13A9059801F023FC12905D
S31502014F9000283FF4DFAE0121059801F073F90546B9
S31502014FA040B90025D6E64FF0FF3101FA02F202EAD4
S31502014FB00A0AB0E7139F149A002FA9BF0A9B0D9BF9
S31502014FC007EB0309DDF83480B8BFA3EB0708069B9C
S31502014FD0B8BFDDF82890FF1AC2F1360317446B4AAF
S31502014FE0013F974250DAD11B01221F29A3EB01038C
S31502014FF03EDC8A400C9200220B9209EB030798448D
S31502015000069BB94598444B46A8BF3B464345A8BFB4
S315020150104346002BC2BFFF1AA8EB0308A9EB0309FB
S315020150200A9B002B16DD29461A46059801F0E4F97A
S3150201503005460028B5D00146129A059801F038F9BD
S315020150400F9000283FF486AE1299059801F01AF8DE
S315020150500F9B1293002F1BDC099B002B21DD31468E
S315020150600D9A059801F0C8F90646D0B9002671E6EF
S31502015070C7F17F4707F57F0707F57B47E23702FA54
S3150201508007F10B910C92B8E700220B920122F9E784
S315020150903A461299059801F009FA12900028DBD1D5
S315020150A058E6B8F1000F07DD31464246059801F090
S315020150B0FDF906460028D9D0B9F1000F08DD2946C7
S315020150C04A46059801F0F2F9054600283FF442AE38
S315020150D032461299059801F071FA044600283FF406
S315020150E039AE0023D0F80C802946C36001F04AFA92
S315020150F000284FDA58EA0A0875D1CBF31303002BBD
S3150201510071D12BF000431B0D1B05B3F1D66F6AD982
S31502015110636913B92369012B65DD214601220598CD
S3150201512001F0C4F92946044601F02CFA00285ADD99
S315020151302BF00043069A1B0D1B05002A71D0B3F111
S31502015140D66F6ED8B3F15C7F7FF698AE104B9FEDAA
S315020151500C7B4BEC16AB26EE077B17EE902A13401F
S315020151605BEC17AB002B7FF400AE2223059A13608A
S31502015170FBE500BFAFF300800000C0FFFFFFDF4188
S315020151800000000000005039B8C2010202FCFFFF14
S315020151900000F07FD9465DD1CBF31303B8F1000FBE
S315020151A02AD0A94A93422AD1069B5246FBB1A74B62
S315020151B04FF0FF310BEA0303B3F1D46F1AD81B0D7B
S315020151C0C3F16B0301FA03F39A4218D1A04B994535
S315020151D002D101323FF4BEAD9C4B4FF0000A09EAFF
S315020151E0030303F5801B069B002BAFD1BDE54FF0F0
S315020151F0FF33E9E70B46E7E753EA0A0398D00B9B2D
S31502015200C3B113EA090FEED0069A50465946B8F1D0
S31502015210000F13D0FFF768FB39EE007B5BEC17AB8F
S31502015220E1E7A3F580134FF0FF3A6FEA135B6FEAEA
S315020152300B5BD8E70C9B13EA0A0FE4E7FFF754FB73
S3150201524039EE400BB5EE400B5BEC10ABF1EE10FA0A
S31502015250C9D113E62946204601F014FBB0EE007BC4
S31502015260B4EEC70BF1EE10FA5DD8B8F1000F64D1B6
S31502015270BAF1000F4BD1CBF31303B7EE008B002B20
S3150201528060D1B4EEC80BB6EE008BF1EE10FA01D482
S3150201529020EE088BB1EE48AB6C486E4909EA00076D
S315020152A08F4253EC1A2B7DD1A9F1547B4BEC1CABEB
S315020152B0B0EE4C0B01F01AFAA0EE0ACB6348664A2D
S315020152C01CEE903A03EA000191425BEC1CAB3CD91D
S315020152D019EE902A5E4B9A4204D119EE103A013325
S315020152E03FF438ADDFF868B14FF0FF3A12990598ED
S315020152F000F0C8FE3146059800F0C4FE294605981D
S3150201530000F0C0FE2146059800F0BCFE24E6BAF183
S31502015310010F03D1BBF1000F3FF4B0ADBFEE00ABFD
S31502015320B7EE008BB8E7B6EE008B20EE088BB8F12C
S31502015330000FAFD0B0EE48ABAEE7B7EE00ABB0EEC2
S315020153404A8BA9E7BFEE00ABA6E703F1547B069BA6
S31502015350D946002BCAD12BF000431B0D1B059F42D8
S31502015360C4D1CBF3130951EC180B49EA0A0902F02D
S31502015370F7FA02F0C7FA59EA080941EC170B38EEB7
S31502015380478B3CD09FED2A7BB4EEC78BF1EE10FA28
S315020153903FF5EBAC9FED287BB4EEC78BF1EE10FA2D
S315020153A0A4DDE2E40699E1B1B7F1D46F19D8B4EEFE
S315020153B0CB8BF1EE10FA11D8BCEEC88B18EE103A6F
S315020153C0012B38BF012308EE103AB8EE488BB8F12B
S315020153D0000F11D1B1EE487B53EC172B03F1D661C5
S315020153E0CB1BB0EE490B43EC1A2B01F07FF9AAEE67
S315020153F0009B5BEC19ABAAE7B0EE487BECE79FEDAD
S31502015400107BB4EEC78BF1EE10FA7FF56FAFACE409
S3150201541000230893119B0E9A1360FFF7C0BA652AFF
S315020154203FF4BBAB452A3FF4B8AB0121FFF7F0BB12
S315020154309535A094FFFFDF3F35E5AF350000E03F2C
S315020154409535A094FFFFCF3FFFFF0F000000F07FCD
S31502015450FFFFEF7F0000E07FFFFF9F7C0A460146C8
S315020154600248034B0068FFF75BBA00BF3403002210
S31502015470C8010022002310B50446836081811946C2
S315020154804366C28108228361C0E90033C0E904335D
S315020154905C3000F039F90D4B246263620C4BA36256
S315020154A00C4BE3620C4B23630C4B9C4206D003F17B
S315020154B06802944202D0D0339C4205D104F15800CD
S315020154C0BDE8104000F0DAB910BD00BF395601023D
S315020154D05B56010293560102B7560102683C042249
S315020154E0024A0349034800F069B800BFBC01002221
S315020154F0E17201023803002241680C4B994210B550
S31502015500044601D001F0ECFEA168094B994202D092
S31502015510204601F0E5FEE168064B994204D0204699
S31502015520BDE8104001F0DCBE10BD00BF683C04229C
S31502015530D03C0422383D042210B50B4B04210B4CFE
S315020155400B4A20461A600022FFF794FF04F1680015
S3150201555001220921FFF78EFF04F1D0000222122156
S31502015560BDE81040FFF786BFA03D0422683C042235
S31502015570E1540102014800F082B900BFA93D0422AB
S31502015580014800F07DB900BFA93D042210B50446C9
S31502015590FFF7F0FF236A1BB1BDE81040FFF7F0BF2A
S315020155A0044B2362044B1B68002BF5D1FFF7C4FFA2
S315020155B0F2E700BFF9540102A03D04222DE9F843A6
S315020155C00746884614460026D4E90195B9F1010930
S315020155D005D52468002CF7D13046BDE8F883AB899E
S315020155E0012B07D9B5F90E30013303D029463846C6
S315020155F0C04706436835E9E70EB400B59CB06FF0C3
S3150201560000411DAB02900690079104910848094991
S3150201561053F8042B059102A90068019301F00EFAD1
S31502015620029B00221A701CB05DF804EB03B07047AE
S31502015630340300220802FFFF10B50C46B1F90E1021
S3150201564000F0CEF80028ABBF636DA3891B1823F4C3
S315020156508053ACBF6365A38110BD2DE9F0411F469E
S315020156608B8905460C46DB05164605D50223002223
S31502015670B1F90E1000F0A2F8A3893246B4F90E1060
S31502015680284623F48053A3813B46BDE8F04100F04E
S31502015690DDB810B50C46B1F90E1000F08FF8431CB7
S315020156A0A38915BF606523F4805343F48053A38114
S315020156B018BFA38110BDB1F90E1000F06FB800003A
S315020156C00B46034902460868816801F0DDBA00BF4C
S315020156D034030022884210B501EB020402D9844246
S315020156E0234607D8431EA14208D011F8012B03F81D
S315020156F0012FF8E7024401468A4200D110BD13F890
S31502015700014D02F8014DF7E702440346934200D1E7
S31502015710704703F8011BF9E710B56AB1013984181C
S3150201572010F8012B11F8013F9A4203D1A04201D090
S31502015730002AF5D1D01A10BD1046FCE71F2938B54B
S3150201574005460C4604D9162303604FF0FF3038BDD7
S31502015750C26B12B152F821304BB9284600F064F8F7
S31502015760224601462846BDE8384000F04BB8012BD7
S315020157700AD0591C03D1162303600120E7E7002151
S31502015780204642F8241098470020E0E7024B0146E2
S315020157901868FFF7D3BF00BF3403002238B50023D0
S315020157A0054D044608462B6002F012F9431C02D14C
S315020157B02B6803B1236038BDA43D042238B50446E3
S315020157C0064D0846114600222A601A4602F028F9B9
S315020157D0431C02D12B6803B1236038BDA43D0422C8
S315020157E038B50446064D0846114600222A601A4675
S315020157F002F01EF9431C02D12B6803B1236038BDA6
S31502015800A43D042238B50023064D04460846114636
S315020158102B6002F0FDF8431C02D12B6803B1236011
S3150201582038BD00BFA43D042202F0E2B838B5002318
S31502015830054D044608462B60F3F70EFC431C02D1C4
S315020158402B6803B1236038BDA43D042238B5044652
S31502015850064D0846114600222A601A4602F0F0F861
S31502015860431C02D12B6803B1236038BDA43D042237
S31502015870014B1868704700BF340300227047704716
S31502015880704710F8012B11F8013B012A28BF9A42F1
S31502015890F7D0D01A7047034611F8012B03F8012BF2
S315020158A0002AF9D170470A44431E914200D170473A
S315020158B010B511F8014B914203F8014FF9D110BD10
S315020158C0034613F8012B002AFBD1181A0138704737
S315020158D09FED010B704700BF000000000000F87F3A
S315020158E038B50546002941D051F8043C0C1F002B5E
S315020158F0B8BFE418FEF7ECFF1D4A136833B96360BB
S3150201590014602846BDE83840FEF7E8BFA34208D92D
S31502015910206821188B4201BF19685B68091821604A
S31502015920EDE71A465B680BB1A342FAD91168501822
S31502015930A0420BD120680144501811608342E0D184
S3150201594018685B68084453601060DAE702D90C23D1
S315020159502B60D6E7206821188B4202BF19685B6863
S315020159600918636008BF21605460CAE738BD00BFE9
S31502015970643C042203694A11B3EB611F2DE9F0432A
S3150201598000F1140445DD11F01F0104EB830604EB5B
S3150201599082050CD100F110072946B14234D39B1A74
S315020159A0EA1E9B00964238BF0023234415E054F8B1
S315020159B02270C1F1200805F1040EA146CF407645B9
S315020159C0F44615D89A1A01359200043AAE4238BF06
S315020159D00022A318A75007B104331A1BA3424FEAA8
S315020159E0A20208BF0023026108BF4361BDE8F0833A
S315020159F0DCF800C00CFA08FC4CEA070749F8047BFC
S31502015A005EF8047BCF40DAE751F804CB47F804CFBE
S31502015A10C3E72346E1E7A0F13003092B02D8203878
S31502015A20C0B27047A0F16103052B01D84738F7E7E9
S31502015A30A0F14103052B01D82738F1E70020704771
S31502015A402DE9F04F85B08A46904602930B68019084
S31502015A509C1CA14614F8010B3028FAD0A9EB0303CA
S31502015A60A3F1020BFFF7D7FF0546002866D10122F3
S31502015A709E494846FFF750FE0746002865D199F828
S31502015A8001002646FFF7C7FF002860D02346187893
S31502015A90994601333028FAD0FFF7BDFFB0FA80F5F7
S31502015AA04FF0010B6D094A46164601323078FFF76F
S31502015AB0B2FF0028F8D101228C493046FFF72CFEAD
S31502015AC000283ED144B9741C22461646013230786A
S31502015AD0FFF7A1FF0028F8D1A41BA700337803F032
S31502015AE0DF03502B3DD173782B2B32D02D2B33D0A4
S31502015AF0711C00240878FFF78EFF431EDBB2182BB8
S31502015B002FD8A0F1100211F8010FFFF784FF00F15F
S31502015B10FF3C0A235FFA8CFCBCF1180F1ED904B1B3
S31502015B2052421744CAF80010EDB1BBF1000F0CBF87
S31502015B3006250025284605B0BDE8F08F00252C462E
S31502015B40B1E7002CC8D12746C8E74E462F460125A4
S31502015B50C4E70024B11CCDE70124FBE703FB0200E5
S31502015B60CFE73146DEE7A6EB09032946013B072BC0
S31502015B700ADC019800F046FA044640B95C4B02463B
S31502015B80E4215C48F3F78AF901315B10EFE700F192
S31502015B90140A002355469B46B14537D345F804BB43
S31502015BA0A5EB0A055846AD1025616D0100F01EFBF5
S31502015BB0D8F800602D1AB54254DDAD1B20462946A0
S31502015BC000F0B2FE814678B16B1E4FF00109591100
S31502015BD003F01F025AF8211009FA02F20A4203D00F
S31502015BE04B4536DC4FF002092F4429462046FFF782
S31502015BF0C1FED8F80830BB4242DA2146019800F0CC
S31502015C0041FA00230E9AA325136093E716F8012D94
S31502015C102E2A12D0202B04D145F804BB4FF0000BDB
S31502015C205B4630780393FFF7F6FE039B00F00F0005
S31502015C30984004334BEA000BAEE7B145EAD801229C
S31502015C402A4930460393FFF767FD039B0028E1D1FA
S31502015C50A2E7A91E204600F067FE0028C2D04FF037
S31502015C600309C1E709DA751B214601982A467F1BFA
S31502015C7000F01CFC044600F1140A4FF00009B8E7D3
S31502015C80D8F80450BD426FDDED1BAE4234DCD8F8C4
S31502015C900C30022B22D0032B24D0012B15D1AE427C
S31502015CA013D1012E0BD1D8F804306225029A136062
S31502015CB001232361CAF800300E9B1C603AE7711E6C
S31502015CC0204600F031FE0028EDD12146019800F070
S31502015CD0D9F900230E9A502513602BE70F9B002B4F
S31502015CE0F3D1E0E70F9B002BDDD1EEE760C10102A4
S31502015CF076C1010287C101026F1EB9F1000F30D1CF
S31502015D0027B13946204600F00FFE81467A1101235A
S31502015D1007F01F0729465AF822202046BB40761B68
S31502015D200225134218BF49F00209FFF723FED8F8EC
S31502015D300470B9F1000F47D0D8F80C30022B15D0F8
S31502015D40032B17D0012B09D119F0020F06D0DAF86D
S31502015D50003049EA030919F0010F0ED145F0100589
S31502015D6032E04FF00109D1E70125E2E70F9BC3F1CA
S31502015D7001030F930F9B002BF0D0D4F810B004F15E
S31502015D8014034FF0000C4FEA8B0A03EB8B01184602
S31502015D9053F8042BB2F1FF3F1BD001320260022DF0
S31502015DA004F114033CD1D8F80020013AB24209D1D8
S31502015DB07111012206F01F0653F8213002FA06F686
S31502015DC01E423AD145F020050E9B1C60029B1F60C4
S31502015DD0B0E6994243F804CCD9D8A3689B4517DBB0
S31502015DE061680198013100F00DF9814618B91A4B23
S31502015DF002468421C5E6226904F10C010C30023205
S31502015E009200FFF750FD21464C46019800F03AF9FF
S31502015E1023695A1C04EB8303226101225A61BEE7FC
S31502015E2022695A450BDD01212046FFF7A3FD013701
S31502015E30D8F80830BB42FFF6E0AE0125C2E716F0FC
S31502015E401F06FAD05344C6F1200653F8040C00F09B
S31502015E50CDF9B042E7DBF0E776C10102C2F10802F1
S31502015E60920070B5C2F120064368046803FA06F58A
S31502015E70D3402C43046040F8043F8842F4D370BDFA
S31502015E800368013330B511F8014B14B903600120DF
S31502015E9030BD13F8012BA2F14105192D98BF20320D
S31502015EA0A242F0D00020F3E70B6801682DE9F04F1A
S31502015EB05E1113F01F034FF0000587B002EB860651
S31502015EC082469046AB4618BF043601930295371FA8
S31502015ED046F8045CB9463C464B1C4A78039342B3E6
S31502015EE0104605910492FFF796FD002851D1049AB6
S31502015EF00599202A18D8029B9B4513DD4C4506D2EB
S31502015F00072D04DC2A4649462046FFF7A7FF4445EA
S31502015F1051D90023A4F10409CDF808B044F8043C90
S31502015F201D464C460399D7E7292A56D10231CAF8AA
S31502015F300010BBF1000F50D04C4506D2072D04DCF0
S31502015F402A4649462046FFF789FF444535D9A8F135
S31502015F500402234653F8041B9F4242F8041FF9D256
S31502015F603B1B033E0134002223F003030433B442F4
S31502015F7088BF0423434443F8042B9F42FBD23B6868
S31502015F801BB9474527D101233B60052007B0BDE870
S31502015F90F08F01350BF1010B082D05DD4445C1D901
S31502015FA00023043C01252360226800F00F0040EA29
S31502015FB002102060B6E70825B4E7019B002BDED06C
S31502015FC0C3F120034FF0FF32DA4056F8043C134086
S31502015FD046F8043CD3E7043FD1E70420D6E782B072
S31502015FE001B901A942B14BB113780B601278101EA7
S31502015FF018BF012002B070471046FBE76FF001009F
S31502016000F8E7000070B5C66904460D4676B9102058
S31502016010FEF7ACFB0246E06120B9184B6B2118482A
S31502016020F2F73CFFC0E901660660C660E669F368FD
S3150201603083B1E369DB6853F82500B8B9012120462B
S3150201604001FA05F6721D9200FEF77CFB60B1C0E90A
S3150201605001560EE0212204212046FEF773FBE36975
S31502016060F060DB68002BE4D1002070BD026843F8C2
S3150201607025200023C0E90333F7E700BFE8C1010287
S31502016080FFC1010270B5C66905460C4676B91020F4
S31502016090FEF76CFB0246E86120B9094B8F210948DC
S315020160A0F2F7FCFEC0E901660660C6603CB1EB6927
S315020160B06268DB6853F82210216043F8224070BD02
S315020160C0E8C10102FFC101022DE9F04101F1140CFF
S315020160D007460C461E460D690020DCF800300130E9
S315020160E099B2854202FB01614FEA13464FEA114317
S315020160F089B202FB063301EB03414FEA13464CF820
S31502016100041BEADC0EB3A368AB4219DC61683846AC
S315020161100131FFF777FF804628B902460C4BBA21B7
S315020161200C48F2F7BBFE226904F10C010C30023273
S315020161309200FFF7B8FB214644463846FFF7A2FF15
S3150201614004EB850301355E6125612046BDE8F081D8
S3150201615076C10102FFC101022DE9F84315461F4628
S31502016160092208330C460646002193FBF2F301226B
S315020161709A4209DB3046FFF745FF40B90246194B01
S31502016180D3211948F2F78AFE52000131F0E7089B42
S31502016190092D43614FF00103036116DD04F109097B
S315020161A02C44C84618F8013B01460A223046303BC8
S315020161B0FFF78AFFA045F5D1A5F108044C442D1B32
S315020161C06319BB4204DBBDE8F8830A340925F6E705
S315020161D014F8013B01460A223046303BFFF774FFB1
S315020161E0EEE700BF76C10102FFC10102B0F5803FB1
S315020161F0034636BF030400201020B3F1807F3CBF63
S315020162001B020830B3F1805F3CBF1B010430B3F1BE
S31502016210804F3CBF9B000230002B05DB13F0804F01
S3150201622000F1010008BF202070470368024613F0FF
S3150201623007000BD0D90721D4980747BF5B08012075
S315020162409B0802204CBF13601360704799B209B9CB
S315020162501B0C1020D9B209B908301B0A190704BF51
S315020162601B090430990704BF9B080230D90703D4DE
S315020162705B0800F1010003D01360704700207047EC
S315020162802020704710B50C460121FFF7BBFE0246DE
S3150201629028B9054B40F245110448F2F7FFFD0123E7
S315020162A04461036110BD00BF76C10102FFC1010253
S315020162B02DE9F04F17460A69894685B03B699A422C
S315020162C0A2BF3B460F4699463D69BB68D9F810A065
S315020162D0796805EB0A06B342B8BF0131FFF792FEB0
S315020162E030B90246424B4FF4B1714248F2F7D6FD3C
S315020162F000F11404002204EB860E2346734520D3D3
S3150201630007F1140809F1140108EB850501EB8A036B
S315020163100293EB1B1537153B23F003030433BD42EE
S3150201632038BF04230193029B03918B420CD8002EA2
S3150201633003DD5EF8043D002B57D0066105B0BDE8CA
S31502016340F08F43F8042BD9E7B1F800A0BAF1000F98
S3150201635021D0C446A14600275CF8042BD9F80030A7
S315020163601FFA82FB65459BB24FEA12420AFB0B33C7
S315020163703B44D9F800704FEA17470AFB027202EB57
S3150201638013429BB24FEA124743EA024349F8043BDE
S31502016390E2D8019BE750039B0431B3F80290B9F1AD
S315020163A0000F20D023684746A4464FF0000AB7F8EB
S315020163B000B09BB2BCF8022009FB0B22524443EA0D
S315020163C002434CF8043B57F8043B4FEA134ABCF824
S315020163D00030BD4209FB0A3303EB12434FEA134A6B
S315020163E0E5D8019AA35004349DE7013E9FE700BF19
S315020163F076C10102FFC101022DE9F843154612F0E9
S31502016400030207460E4607D0013A254C002354F8EB
S315020164102220FFF759FE0646AD103DD0FC697CB934
S315020164201020FEF7A3F90246F86128B91D4B40F286
S31502016430B3111D48F2F732FDC0E901440460C4609C
S31502016440D7F81C80D8F808404CB940F27121384679
S31502016450FFF718FF00230446C8F8080003604FF04F
S315020164600009EB070AD5314622463846FFF720FFD7
S315020164708046314638464646FFF704FE6D100BD07C
S31502016480206838B9224621463846FFF711FF2060B7
S31502016490C0F800900446E4E73046BDE8F88300BF41
S315020164A0E0C20102E8C10102FFC101022DE9F04782
S315020164B00C46074691464FEA621A2369496803EB7D
S315020164C06218A36808F10106B3420BDB3846FFF7EF
S315020164D099FD054648B90246284B4FF4EF71284803
S315020164E0F2F7DCFC01315B00EEE7002300F1140157
S315020164F000F110021846534533DB2AEAEA7A04F11F
S315020165001403206919F01F0901EB8A0103EB800CC0
S315020165102BD0C9F1200E8A460022186800FA09F02A
S3150201652010434AF8040B53F8042B9C4522FA0EF247
S31502016530F3D8ACEB040304F11500153B23F0030376
S315020165400433604588BF0423CA500AB108F1020622
S31502016550013E384621462E61FFF794FD2846BDE8E5
S31502016560F087013342F8040FC5E7043953F8042BC7
S315020165709C4541F8042FF9D8EAE700BF76C101022A
S31502016580FFC1010203460A690069801A30B50ED1BC
S315020165901433143103EB820401EB820154F8045DD6
S315020165A051F8042D954203D005D24FF0FF3030BD8C
S315020165B0A342F3D3FBE70120F9E700002DE9F74FE8
S315020165C089460646114614464846FFF7DBFF051E75
S315020165D012D129463046FFF715FD024628B9414B2D
S315020165E040F237214048F2F759FC0123C0E904354C
S315020165F0104603B0BDE8F08FBCBF4B46A1463046FC
S31502016600B8BF0125D9F80410B4BF1C460025FFF70F
S31502016610F9FC024618B9334B40F24521E2E7D9F8B3
S31502016620107004F1140E266900F1140BC56009F10C
S31502016630140509F110030EEB860605EB8708D94608
S315020166404FF0000C0193019B5EF8040B53F804AF63
S31502016650764501931FFA8AF3194683B24FEA10402F
S31502016660A1EB0303C0EB1A40634400EB23409BB248
S315020166704FEA204C43EA004349F8043BE3D8331B73
S315020166801534153B23F003030433A64238BF042312
S315020166901D445B442C461E4644450ED308F10301B4
S315020166A0491B033D21F00301A84538BF00210B44D4
S315020166B053F8041D99B117619AE754F8041BE6468B
S315020166C01FFA81FC080C7144F44489B200EB2C4098
S315020166D041EA00414FEA204C46F8041BDCE7013F40
S315020166E0E6E700BF76C10102FFC1010282B0114B8A
S315020166F08DED000B019A1340A3F15073002B08DCB8
S315020167005B42B3F1A07F4FEA235204DA4FF400232E
S315020167101341002208E0A2F114031E2BD6BF4FF04B
S3150201672000420122DA4000231946104641EC100BC1
S3150201673002B070470000F07F2DE9F041066900F1D1
S31502016740140808EB860656F8042C371F1046FFF785
S315020167504DFDC0F120030A280B601D4916DCC0F16C
S315020167600B0CB84500F1150022FA0CF302FA00F0FF
S3150201677043EA010534BF56F8083C002323FA0CF319
S3150201678003431C4645EC104BBDE8F081B8453ABFC0
S31502016790A6F1080756F8083C00230B3814D0C0F1BD
S315020167A020018240474523FA01F403FA00F342EA43
S315020167B0040242F07F558CBF57F8042C002245F49F
S315020167C04015CA401343DCE742EA0105D9E700BF97
S315020167D00000F03F2DE9F7430F460121164659EC19
S315020167E0108BFFF70FFC044630B90246234B40F2E9
S315020167F00F312348F2F752FBC9F30A55C9F31303C2
S315020168000DB143F480130193B8F1000323D0684616
S315020168100093FFF70AFDDDE90012D0B1C0F12003B2
S3150201682002FA03F3C2400B4301926361019B002BFF
S31502016830A3610CBF012202222261A5B1A5F2334551
S315020168400544C0F135003D603060204603B0BDE825
S31502016850F0836161EAE701A8FFF7E7FC019B2030BB
S3150201686001226361E8E7A0F2324004EB8203386059
S315020168701869FFF7BBFCC0EB4210E5E776C10102DE
S31502016880FFC101022DE9F74F884681466946FFF7A6
S3150201689053FF01A9404655EC104BFFF74DFFD8F8BF
S315020168A01030D9F81020AB46A246D21ADDE90031E2
S315020168B057EC106B5B1A03EB4213002BDBBFC3EBE6
S315020168C003333A462A4602EB0353CCBF02EB035B80
S315020168D000EE903A4BEC17AB87EE000B03B0BDE826
S315020168E0F08F013902F11403491170B501311469AE
S315020168F0051F00EB810103EB8404A3420CD3A31A07
S315020169001132113B23F00303A24288BF002318442C
S315020169100023884205D370BD53F8046B45F8046F12
S31502016920EBE740F8043BF4E700F114024B1100696E
S31502016930984210B511DB0ADD11F01F0107D052F89A
S31502016940234024FA01F000FA01F18C420BD102EB49
S315020169508303934203D8002010BD0346F7E753F899
S31502016960041D0029F5D00120F6E70346084641B188
S31502016970FF2A04D98A224FF0FF301A60704701209C
S315020169800A7070472DE9F0471F468E6882460C460B
S31502016990BE4290460B682DD8B1F90C2012F4906FC5
S315020169A026D06569096905EB4505A3EB01097B1C3F
S315020169B005EBD5754B446D109D4238BF1D465305F7
S315020169C027D52946FDF704FF064660B34A462169E3
S315020169D0FEF769FFA38923F4906343F08003A38141
S315020169E026614E446561A5EB090526603E46A56012
S315020169F0BE4200D93E46324641462068FEF76AFE4D
S31502016A00A36800209B1BA360236833442360BDE86F
S31502016A10F0872A4600F02EFD06460028E0D12169BC
S31502016A205046FEF75DFF0C234FF0FF30CAF80030E7
S31502016A30A38943F04003A381E9E700002DE9F04F62
S31502016A4098468B899DB007461B060D46144610D5FE
S31502016A500B6973B94021FDF7BBFE2860286130B985
S31502016A600C233B604FF0FF301DB0BDE8F08F402391
S31502016A706B610023CDF80C804FF00109DFF8A0818C
S31502016A80099320238DF8293030238DF82A302346A5
S31502016A909A4613F8012B0AB1252AF9D1BAEB040B4E
S31502016AA00BD05B46224629463846FFF76BFF01307B
S31502016AB000F0A780099A5A4409929AF80030002BED
S31502016AC000F09F8000234FF0FF320AF1010A04937E
S31502016AD007938DF853301A93CDE9052354460522BF
S31502016AE04F4814F8011B00F0B7FC049AD8B9D00636
S31502016AF044BF20238DF85330110744BF2B238DF851
S31502016B0053309AF800302A2B15D0079A54460020A2
S31502016B104FF00A0C214611F8013B303B092B4BD9A8
S31502016B20B0B1079214E0A0EB0803A24609FA03F3F7
S31502016B3013430493D2E7039B191D1B68002B039190
S31502016B40BBBF5B4242F0020207930793B8BF0492AE
S31502016B5023782E2B0AD163782A2B32D1039B023456
S31502016B601A1D1B6843EAE37303920593DFF8C0A07B
S31502016B7003222178504600F06FFC38B1A0EB0A00DF
S31502016B804022049B013482401343049314F8011BEF
S31502016B90062224488DF8281000F05EFC002836D023
S31502016BA0214B1BBB039B073323F0070308330393D4
S31502016BB0099B334409936AE70CFB02320C46012016
S31502016BC0A8E7002301344FF00A0C19460593204623
S31502016BD010F8012B303A092A03D9002BC6D00591A8
S31502016BE0C4E70CFB012104460123F0E703AB2A4665
S31502016BF004A9384600930D4BAFF30080421C0646AA
S31502016C00D6D1AB895B063FF52DAF09982CE703ABCD
S31502016C102A4604A938460093044B00F0BFF9EDE772
S31502016C2059C2010263C20102000000008569010224
S31502016C305FC201029368013B002B936010B408DA2C
S31502016C409469A34201DB0A2903D15DF8044B00F0E2
S31502016C506FBB1368581C1060084619705DF8044B27
S31502016C607047F8B506460F461446D518AC4201D10F
S31502016C70002007E03A4614F8011B3046FFF7DAFF17
S31502016C80431CF3D1F8BD00002DE9F04F0D469DB02E
S31502016C9014469846064618B1036A0BB9FEF776FC06
S31502016CA06B6ED90705D4AB899A0502D4A86DFEF796
S31502016CB0E6FDAB891B0701D52B699BB929463046EF
S31502016CC000F074FB70B16B6EDC0704D54FF0FF3038
S31502016CD01DB0BDE8F08FAB899805F7D4A86DFEF714
S31502016CE0CFFDF3E70023CDF80C804FF00109DFF861
S31502016CF0B481099320238DF8293030238DF82A3067
S31502016D0023469A4613F8012B0AB1252AF9D1BAEB81
S31502016D10040B0BD05B46224629463046FFF7A1FFFC
S31502016D20013000F0A780099A5A4409929AF8003074
S31502016D30002B00F09F8000234FF0FF320AF1010A77
S31502016D40049307938DF853301A93CDE905235446DC
S31502016D500522544814F8011B00F07EFB049AD8B9A7
S31502016D60D10644BF20238DF85330130744BF2B238A
S31502016D708DF853309AF800302A2B15D0079A5446CB
S31502016D8000204FF00A0C214611F8013B303B092B3A
S31502016D904BD9B0B1079214E0A0EB0803A24609FA57
S31502016DA003F313430493D2E7039B191D1B68002BBC
S31502016DB00391BBBF5B4242F0020207930793B8BF3E
S31502016DC0049223782E2B0AD163782A2B32D1039B84
S31502016DD002341A1D1B6843EAE37303920593DFF833
S31502016DE0D4A003222178504600F036FB38B1A0EB3D
S31502016DF00A004022049B013482401343049314F88F
S31502016E00011B062228488DF8281000F025FB0028D0
S31502016E103FD0264B1BBB039B073323F007030833E3
S31502016E200393099B3B4409936AE70CFB02320C4626
S31502016E300120A8E7002301344FF00A0C19460593F5
S31502016E40204610F8012B303A092A03D9002BC6D065
S31502016E500591C4E70CFB012104460123F0E703ABCC
S31502016E602A4604A930460093114BAFF30080074628
S31502016E70781CD6D16B6ED90705D4AB899A0502D493
S31502016E80A86DFEF7FDFCAB895B063FF51FAF0998BE
S31502016E901EE703AB2A4604A930460093044B00F0D1
S31502016EA07DF8E4E759C2010263C201020000000053
S31502016EB0636C01025FC201022DE9F047164698464C
S31502016EC08A6807460B690C46DDF820909342B8BFE3
S31502016ED01346336091F843200AB1013333602368C4
S31502016EE0990642BF336802333360256815F00605F9
S31502016EF006D104F1190AE36832689B1AAB422BDC0C
S31502016F0094F843302268003B18BF0123920630D41D
S31502016F1004F1430241463846C847013023D023686B
S31502016F201A3454F80A2C03F00603042B0ABF54F848
S31502016F300E5C002533684FF0000608BFED1A54F8BF
S31502016F40123C08BF25EAE5759342C4BF9B1AED18A8
S31502016F50B5421AD1002008E001235246414638467D
S31502016F60C847013003D14FF0FF30BDE8F087013544
S31502016F70C1E7E1185A1C30200233224481F843004A
S31502016F8094F8451082F84310C2E70123224641468E
S31502016F903846C8470130E6D00136D9E72DE9FF4721
S31502016FA00F7E914680460C46782F9A460C9E01F139
S31502016FB0430207D8622F0AD8002F00F0D180582F3A
S31502016FC000F0B88004F1420684F842703AE0A7F173
S31502016FD06303152BF6D801A151F823F0357001028E
S31502016FE049700102C56F0102C56F0102C56F010237
S31502016FF0C56F010249700102C56F0102C56F010227
S31502017000C56F0102C56F0102477101027370010268
S3150201701001710102C56F0102C56F010269710102A7
S31502017020C56F010273700102C56F0102C56F0102CC
S315020170300971010233681A1D1B68326004F14206A6
S3150201704084F8423001239CE033682068191D3160BF
S31502017050060601D51D6803E04506FBD5B3F90050C6
S31502017060002D03DA2D236D4284F8433058480A2352
S3150201707011E021683368080653F8045B02D4490615
S3150201708048BFADB26F2F3360514814BF0A2308239C
S31502017090002184F843106668002EA66005DB21688C
S315020170A02E4321F0040121604BD01646B5FBF3F1C4
S315020170B003FB1157C75D06F8017D2F460D46BB42FC
S315020170C0F4D9082B0BD12368DF0708D52369616838
S315020170D09942DEBF302306F8013C06F1FF36921BC8
S315020170E022614B4603AA21464046CDF800A0FFF78E
S315020170F0E3FE01304AD14FF0FF3004B0BDE8F0871C
S31502017100236843F02003236078273248236884F8F2
S3150201711045701F06316851F8045B02D45F0648BF09
S31502017120ADB23160D90744BF43F0200323601DB1DC
S315020171301023ADE72648E9E7236823F020032360FD
S31502017140F6E71646BDE733682568181D61693060A2
S315020171502E061B6801D5196002E06806FBD5198067
S31502017160002316462361BCE7336800211A1D3260EB
S315020171701E686268304600F06FF908B1801B6060D4
S3150201718063682361002384F84330AAE72369324600
S3150201719049464046D0470130ADD023689B0713D4F8
S315020171A0E068039B9842B8BF1846A6E70123324618
S315020171B049464046D04701309DD00135E3680399DF
S315020171C05B1AAB42F2DCEBE7002504F11906F5E79F
S315020171D06AC201027BC20102B1F90C202DE9F0411A
S315020171E0160705460C4654D44B68002B02DC0B6C81
S315020171F0002B48DDE66A002E45D0002312F48052A8
S315020172002F68216A2B6030D0626DA389590705D593
S315020172106368D21A636B0BB1236CD21A0023E66A36
S31502017220216A2846B047431CA38906D129681D292C
S315020172302BD82A4ACA40D60727D50022D90462602A
S315020172402269226004D5421C01D12B6803B960650B
S31502017250616B2F60B9B104F14403994202D0284609
S31502017260FEF73EFB002363630DE001232846B04788
S315020172700246501CC9D12B68002BC6D01D2B01D04A
S31502017280162B1DD12F60002021E043F040031BB2D3
S315020172901AE00F69002FF6D093070E680F600CBF34
S315020172A04B690023A6EB07088B60B8F1000FEADDF4
S315020172B043463A46216A2846A66AB047002808DCB0
S315020172C0B4F90C3043F040034FF0FF30A381BDE81F
S315020172D0F0810744A8EB0008E7E700BF0100402060
S315020172E038B50B6905460C4613B90025284638BD43
S315020172F018B1036A0BB9FEF749F9B4F90C30002B40
S31502017300F3D0626ED00704D4990502D4A06DFEF7BC
S31502017310B6FA28462146FFF75FFF636E0546DA078E
S31502017320E4D4A3899B05E1D4A06DFEF7A9FADDE7B2
S31502017330F8B50E461446054618B1036A0BB9FEF7AF
S3150201734025F9A369A360A3891A0701D5236943B95C
S315020173502146284600F02AF818B14FF0FF37384681
S31502017360F8BD2368F6B222693746981A63698342E1
S3150201737005DC21462846FFF7B3FF0028EDD1A368B5
S31502017380013BA36023685A1C22601E70431C62697A
S315020173909A4204D0A389DB07E1D50A2EDFD1214621
S315020173A02846FFF79DFF0028D9D0D6E738B5294BE5
S315020173B005460C46186818B1036A0BB9FEF7E6F8DA
S315020173C0B4F90C30190722D4DA0607D409222A6045
S315020173D043F040034FF0FF30A38133E0580712D543
S315020173E0616B41B104F14403994202D02846FEF78A
S315020173F077FA00236363A38923F02403A38100237D
S31502017400636023692360A38943F00803A381236987
S315020174104BB9A38903F42073B3F5007F03D0214648
S31502017420284600F07AF8B4F90C3013F001020AD0BA
S315020174300022A26062695242A261226942B913F034
S315020174408000C5D138BD990758BF6269A260F4E7C9
S315020174500020F7E734030022C9B20346024410B5FD
S315020174609342184601D1002003E0047801338C428D
S31502017470F6D110BD2DE9F041074614460D4621B954
S315020174801146BDE8F041FDF7A3B92AB92546FEF733
S3150201749027FA2846BDE8F08100F09EF884420646A6
S315020174A002D8B4EB500FF4D821463846FDF790F9CD
S315020174B0804608B94546ECE7B4422246294628BF2A
S315020174C03246FEF7F0F929463846FEF709FAF1E7A0
S315020174D070B50C46B1F90E1096B0154600291E4636
S315020174E00CDAA389002113F0800F14BF40234FF455
S315020174F08063002031602B6016B070BD6A4600F0D1
S3150201750049F80028EDDB019901F47041A1F5005318
S31502017510594259414FF48063EBE78B89F7B59D07D1
S3150201752006460C4607D504F147032360236101236E
S31502017530636103B0F0BD01AB6A46FFF7C9FF009F65
S31502017540054630463946FDF743F948B9B4F90C30D8
S315020175509A05EED423F0030343F00203A381E2E783
S31502017560A389206043F08003A381019BC4E9040738
S315020175705BB1B4F90E10304600F01EF828B1A389AA
S3150201758023F0030343F00103A381A3891D43A581CC
S31502017590CFE7000038B50023064D044608461146DA
S315020175A02B6000F01DFA431C02D12B6803B1236044
S315020175B038BD00BFA43D042238B50023054D04465B
S315020175C008462B6000F01CFA431C02D12B6803B15A
S315020175D0236038BDA43D042251F8043C181F002B38
S315020175E0BCBF0B58C018704781F0004102E000BFD2
S315020175F083F0004330B54FEA41044FEA430594EA6A
S31502017600050F08BF90EA020F1FBF54EA000C55EAA4
S31502017610020C7FEA645C7FEA655C00F0E2804FEA75
S315020176205454D4EB5555B8BF6D420CDD2C4480EA57
S31502017630020281EA030382EA000083EA010180EA87
S31502017640020281EA0303362D88BF30BD11F0004FD5
S315020176504FEA01314FF4801C4CEA113102D040420B
S3150201766061EB410113F0004F4FEA03334CEA133346
S3150201767002D0524263EB430394EA050F00F0A7805E
S31502017680A4F10104D5F1200E0DDB02FA0EFC22FA59
S3150201769005F2801841F1000103FA0EF2801843FA4D
S315020176A005F359410EE0A5F120050EF1200E012A3E
S315020176B003FA0EFC28BF4CF0020C43FA05F3C0187C
S315020176C051EBE37101F0004507D54FF0000EDCF1F5
S315020176D0000C7EEB00006EEB0101B1F5801F1BD39E
S315020176E0B1F5001F0CD349085FEA30004FEA3C0CA2
S315020176F004F101044FEA445212F5800F80F09A8098
S31502017700BCF1004F08BF5FEA500C50F1000041EB9B
S31502017710045141EA050130BD5FEA4C0C404141EB9F
S315020177200101013C28BFB1F5801FE9D291F0000F9A
S3150201773004BF01460020B1FA81F308BF2033A3F149
S315020177400B03B3F120020CDA0C3208DD02F1140C40
S31502017750C2F10C0201FA0CF021FA02F10CE002F17B
S315020177601402D8BFC2F1200C01FA02F120FA0CFC74
S31502017770DCBF41EA0C019040E41AA2BF01EB0451BD
S31502017780294330BD6FEA04041F3C1CDA0C340EDCBB
S3150201779004F11404C4F1200220FA04F001FA02F3FE
S315020177A040EA030021FA04F345EA030130BDC4F1BC
S315020177B00C04C4F1200220FA02F001FA04F340EAB1
S315020177C00300294630BD21FA04F0294630BD94F062
S315020177D0000F83F4801306BF81F480110134013D49
S315020177E04EE77FEA645C18BF7FEA655C29D094EABA
S315020177F0050F08BF90EA020F05D054EA000C04BF38
S315020178001946104630BD91EA030F1EBF0021002022
S3150201781030BD5FEA545C05D14000494128BF41F0C1
S31502017820004130BD14F580043CBF01F5801130BD25
S3150201783001F0004545F0FE4141F470014FF00000B0
S3150201784030BD7FEA645C1ABF194610467FEA655C61
S315020178501CBF0B46024650EA013406BF52EA033503
S3150201786091EA030F41F4002130BD00BF90F0000FF1
S3150201787004BF0021704730B54FF4806404F132042D
S315020178804FF000054FF0000150E700BF90F0000FE6
S3150201789004BF0021704730B54FF4806404F132040D
S315020178A010F0004548BF40424FF000013EE700BFDD
S315020178B042004FEAE2014FEA31014FEA02701FBF6D
S315020178C012F07F4393F07F4F81F06051704732F09F
S315020178D07F4208BF704793F07F4F04BF41F40021F6
S315020178E0704730B54FF4607401F0004521F0004154
S315020178F01CE700BF50EA010208BF704730B54FF0DE
S3150201790000050AE050EA010208BF704730B511F0DE
S31502017910004502D5404261EB41014FF4806404F116
S3150201792032045FEA915C3FF4D8AE4FF003025FEA9C
S31502017930DC0C18BF03325FEADC0C18BF033202EB20
S31502017940DC02C2F1200300FA03FC20FA02F001FA7A
S3150201795003FE40EA0E0021FA02F11444BDE600BF1D
S31502017960024608B50B4643EC172BB5EEC07BF1EE8A
S3150201797010FA03D4BDE8084000F00AB8B1EE477B1D
S3150201798051EC170B00F004F8404261EB410108BDCE
S315020179909FED0B6B41EC170B9FED0B5B27EE066B15
S315020179A0BCEEC66BB8EE464B16EE101AA4EE457B3C
S315020179B0FCEEC77B17EE900A704700BFAFF300805B
S315020179C0000000000000F03D000000000000F04150
S315020179D0024B58224FF0FF301A607047A43D042231
S315020179E0024B58224FF0FF301A607047A43D042221
S315020179F0024B58224FF0FF301A607047A43D042211
S31502017A00024B582200201A60704700BFA43D04228F
S31502017A10024B58224FF0FF301A607047A43D0422F0
S31502017A20024B58224FF0FF301A607047A43D0422E0
S31502017A30024B58224FF0FF301A607047A43D0422D0
S31502017A40024B58224FF0FF301A607047A43D0422C0
S31502017A50FEE700BF000000680004580200040000AF
S31502017A60020000000000000000000000E0015603D1
S31502017A70E0010000020000000000000036050004DB
S31502017A802C010A0000007B0258021E0005000000BC
S31502017A900000000100000000000000FF00000000DD
S31502017AA000000000000000000000000000000000CD
S31502017AB000000000000000000000000000000000BD
S31502017AC000000000000000000CFFFF04DFDF0000E1
S31502017AD0E1DC000200000000DC7A01020100020082
S31502017AE00006000303030300000000000C0000006F
S31502017AF09D000000FC7A0102000000000040000027
S31502017B0000000000004000000600000000400000E6
S31502017B1008000000004000000900000000400000CB
S31502017B200C000000450000000D000000000C011CC5
S31502017B3000010000000C011C01010000000C011CE7
S31502017B4002010000000C011C03010000000C011CD3
S31502017B5004010000000C011C05010000000C011CBF
S31502017B6006010000004000000701000005000000B8
S31502017B700801000045040000090100001040000050
S31502017B800B010000000C010B0C010000000C010BA3
S31502017B900D010000000C010B0E010000000C010B8F
S31502017BA00F0100000040000000020000000C011855
S31502017BB006020000000C011907020000000C010078
S31502017BC008020000000C010009020000000C01007D
S31502017BD00A020000000C01000B020000000C010B5E
S31502017BE000030000000C010B01030000000C010B55
S31502017BF002030000040C000003030000000C01183C
S31502017C0004030000000C011805030000000C011812
S31502017C1006030000000C011807030000000C0118FE
S31502017C2009030000000C01180A030000400C0107B9
S31502017C3000040000400C01070104000000000112CB
S31502017C4002040000000001120304000000000112F8
S31502017C5004040000000401120504000000040112DC
S31502017C6006040000000401130704000000040114C5
S31502017C70080400000004011F0B040000000401189F
S31502017C800E040000000401180F0400000000011395
S31502017C9000050000000C0103010500000004011BA0
S31502017CA002050000000C010B03050000000C010B8C
S31502017CB004050000000C010B05050000000C010B78
S31502017CC006050000000C010B07050000000C010B64
S31502017CD008050000000C010B09050000000C010B50
S31502017CE00A050000400401070B05000040040107D4
S31502017CF00C050000000C01190D050000040400002A
S31502017D000E050000000C01190F050000040C00000D
S31502017D10000600000504000006060000000C010B27
S31502017D2007060000000C010B08060000000C010BFF
S31502017D3009060000000C010B0A060000000C010BEB
S31502017D400B060000000C010B0C060000000C010BD7
S31502017D500D060000000C010B0E060000000C010BC3
S31502017D600F060000000C01190707000005040000B8
S31502017D70080700000404000009070000000C0119AD
S31502017D800A070000000C01190B070000000C01197B
S31502017D900C070000000C01190D070000000C011967
S31502017DA00E070000000C01190F070000000C011C50
S31502017DB000080000000C011C01080000000C011C57
S31502017DC002080000000C011C03080000000C011C43
S31502017DD004080000000C011905080000000C011935
S31502017DE006080000000C011907080000000C011C1E
S31502017DF0080800000004011B0C080000000C010B1E
S31502017E000D080000000C01130E080000000C0113FE
S31502017E100F080000000C011902090000000C0119EB
S31502017E2003090000000C011904090000000C0118E5
S31502017E3005090000000C011806090000000C0118D2
S31502017E4007090000000C011808090000000C0118BE
S31502017E5009090000000C01190A090000000C0119A8
S31502017E600B090000000C01190C090000000C011994
S31502017E700D090000000C01190E090000000C011980
S31502017E800F090000000C010B000A0000000C010B97
S31502017E90010A0000000C010B020A0000000C010B92
S31502017EA0030A0000000C010B040A0000000C010B7E
S31502017EB0050A0000000C010B060A0000040C000072
S31502017EC0070A0000000C010B080A0000000C010B56
S31502017ED0090A0000000C010B0A0A0000000C010B42
S31502017EE00B0A0000000C010B0C0A0000000C010B2E
S31502017EF00D0A0000000C010B0E0A00000008010B1E
S31502017F000F0A0000000C0119000B0000000C0119F8
S31502017F10010B0000000C0119020B0000000C0119F3
S31502017F20030B0000000C0119040B0000000C0119DF
S31502017F30050B0000000C0119060B0000000C0119CB
S31502017F40070B0000000C010B000C0000000C010BDA
S31502017F50010C0000000C010B020C0000000C010BCD
S31502017F60030C0000000C010B040C0000000C010BB9
S31502017F70050C0000000C010B060C0000000C010BA5
S31502017F80070C0000000C010B080C0000000C010B91
S31502017F90090C0000000C010B0A0C0000000C010B7D
S31502017FA00B0C0000000C010B0C0C0000000C010B69
S31502017FB00D0C0000000C010B0E0C0000000C010B55
S31502017FC00F0C0000000C010B000D0000000C010457
S31502017FD0020D0000000C0104030D0000000401144F
S31502017FE0070D000000000000A100A200A300A400EA
S31502017FF082038503C200C50041000000000800009B
S315020180000000000000020000000A0000000000005B
S315020180100001000000000000000001010101010150
S31502018020000100010001010100010100000101013D
S31502018030000000000001010000010101000101012F
S315020180400000000000000000000101006E756D5F76
S31502018050626173655F61646472203C3D204E5055D6
S315020180605F5245475F42415345505F4152524C452B
S315020180704E0000002E2E2F72612F6E70752F6574C1
S31502018080686F732D752D636F72652D6472697665DE
S31502018090722F7372632F6574686F73755F64657689
S315020180A06963655F7535355F7536352E6300000088
S315020180B07162617365203C3D2041444452455353EC
S315020180C05F4D41534B00000061646472203C3D20C8
S315020180D0414444524553535F4D41534B0000000006
S315020180E076657220213D204E554C4C002E2E2F7264
S315020180F0612F6E70752F6574686F732D752D636FA1
S3150201810072652D6472697665722F7372632F657457
S31502018110686F73755F6472697665722E630000001B
S31502018120637573746F6D5F646174615F70747220DD
S31502018130213D204E554C4C00626173655F6164645A
S315020181407220213D204E554C4C0000006261736540
S315020181505F616464725F73697A6520213D204E55C1
S315020181604C4C00004E4D490A000000002A2A2A20E2
S3150201817048617264206661756C74202A2A2A20205D
S3150201818063747874736B3A25642020484653523AD5
S3150201819025782020434653523A25780A00000000EA
S315020181A02A2A2A2048617264206661756C74202A23
S315020181B02A2A202063747874736B3A256420204836
S315020181C04653523A257825780A0000004D5055202B
S315020181D04661756C740A0000427573204661756CBE
S315020181E0740A00005573616765204661756C740AED
S315020181F000000000535643616C6C0A0044656275C7
S3150201820067204D6F6E69746F720A00000A3C3C204A
S3150201821053595354454D2052455345542026205215
S31502018220455354415254203E3E0A00000A3C3C202A
S3150201823053595354454D20464153542052455354A4
S31502018240415254203E3E0A000A3C3C2053595354A3
S31502018250454D2052455354415254203E3E0A000098
S3150201826058000000780000002000000030000000E5
S31502018270444D4C6B00000000214552524F522120C1
S31502018280696E69745F496D616C6C6F630A00000007
S31502018290214552524F522120696E69745F64657697
S315020182A06963650A00000000214552524F5221209E
S315020182B0696E69745F696E697469616C697A650A66
S315020182C000000000214552524F5221206B65726E09
S315020182D0656C206F626A65637420696E697469618F
S315020182E06C697A650A000000214552524F522120DB
S315020182F053797374656D2074696D65722073746147
S31502018300727475700A000000214552524F522120A3
S31502018310496E697469616C205461736B2063616E85
S31502018320206E6F742073746172740A002145525271
S315020183304F522120496E697469616C205461736BD5
S315020183402063616E206E6F742063726561740A0028
S315020183500A0A6D6963726F542D4B65726E656C20E4
S3150201836056657273696F6E2025782E253032780A2A
S315020183700A000000214552524F522120496E69746A
S31502018380205461736B2073746172740A00000000D9
S315020183900A3C3C2053595354454D205348555444A5
S315020183A04F574E203E3E0A00464654206C656E6784
S315020183B07468206D757374206265206576656E0A30
S315020183C0000000006B697373206666742075736121
S315020183D06765206572726F723A20696D70726F708D
S315020183E0657220616C6C6F630A000000454B2D5269
S315020183F041385031204E505520414343454C455258
S315020184004F4D455445522047455354555245530005
S315020184100A3D3D3D204D50552D36303530204163C4
S3150201842063656C65726F6D657465722054657374EC
S31502018430205374617274203D3D3D0A003D3D3D204D
S3150201844053657474696E672042757320536C617645
S3150201845065204172626974726174696F6E20746F0C
S31502018460204669786564205072696F726974792051
S315020184702847726F7570203329203D3D3D0A000061
S31502018480436C656172696E6720534452414D2066A1
S3150201849072616D656275666665727320746F2062BC
S315020184A06C61636B2E2E2E0A00000000496E697400
S315020184B069616C697A696E67204C43442028474C8E
S315020184C0434443292E2E2E200A0000004552524FC4
S315020184D0523A204661696C656420746F206F70653B
S315020184E06E20474C434443202830782578290A00D8
S315020184F04552524F523A204661696C656420746F47
S3150201850020737461727420474C43444320283078A7
S315020185102578290A000000004C4344204261636B1E
S315020185206C6967687420656E61626C65642E0A0007
S31502018530496E697469616C697A696E6720442F4173
S31502018540564520324420477261706869637320453B
S315020185506E67696E652E2E2E0A0000004552524F35
S31502018560523A204661696C656420746F206F7065AA
S315020185706E20442F41564520324420656E67696E4E
S31502018580650A00005072652D72656E646572696EC8
S3150201859067206261636B67726F756E6420616E64D8
S315020185A02073746174696320626F726465727320E9
S315020185B0746F20616C6C2033206672616D65627521
S315020185C066666572732E2E2E0A0000004552524FC0
S315020185D0523A204661696C656420746F206F70653A
S315020185E06E204574686F732D553535204E505520D2
S315020185F02830782578290A004574686F732D553518
S3150201860035204E505520696E697469616C697A65C7
S3150201861064207375636365737366756C6C792E0A70
S3150201862000000000496E697469616C697A696E6756
S31502018630204D50552D3630353020776974682061CA
S3150201864075746F2D646574656374696F6E2E2E2E53
S315020186500A000000547279696E67204D50552D3615
S31502018660303530206F6E2025732E2E2E0A00000023
S315020186704D5055363035302057484F5F414D5F4991
S3150201868020726561643A203078253032580A00003A
S31502018690535543434553533A204D50552D363035A4
S315020186A030206465746563746564206F6E2025737A
S315020186B0210A00004D50553630353020726561640D
S315020186C0206661696C6564206F6E20746869732027
S315020186D0706F72742E0A00004D50552D36303530AA
S315020186E020696E697469616C697A65642073756360
S315020186F06365737366756C6C792E0A004552524F27
S31502018700523A204661696C656420746F20696E690C
S315020187107469616C697A65204D50552D3630353054
S315020187200A0000005374617274696E6720442F4116
S3150201873056452032442052656E646572696E672021
S315020187404C6F6F702028416363656C65726F6D654E
S315020187507465722056697375616C697A6572292E20
S315020187602E2E0A00583A256325642E253033646776
S3150201877020593A256325642E2530336467205A3AF7
S31502018780256325642E253033646700004D41473A3F
S3150201879025642E25303364672020534D503A2564D3
S315020187A000000000474553545552453A20252D38BD
S315020187B073000000636972636C653A25642525209E
S315020187C0666C69636B3A256425252069646C653A92
S315020187D025642525207570646F776E3A25642525F3
S315020187E000000000537461727420557365722D6D19
S315020187F061696E2070726F6772616D202843616DC7
S315020188006572612026204C4344204432442054653B
S315020188107374292E0A0000004552524F523A2046DD
S3150201882061696C656420746F206372656174652089
S315020188307461736B5F3120282564290A00000000E8
S31502018840535543434553533A2043726561746564F4
S31502018850207461736B5F31202849443A20256429CB
S315020188600A0000004552524F523A204661696C6530
S315020188706420746F20637265617465207461736B21
S315020188805F3220282564290A00000000535543431C
S315020188904553533A2043726561746564207461736A
S315020188A06B5F32202849443A202564290A000000D8
S315020188B063616E6E6F742063726561746520737491
S315020188C0643A3A766563746F72206C617267657297
S315020188D0207468616E206D61785F73697A652829F3
S315020188E000000000766563746F723A3A5F4D5F72FB
S315020188F065616C6C6F635F696E736572740000000B
S315020189007374617469632065695F766563746F72F6
S315020189103C696E743E2065693A3A73706563747296
S31502018920616C3A3A666561747572653A3A6765745D
S315020189305F726174696F5F636F6D626F28696E74CE
S3150201894029000000433A2F55736572732F696F74BC
S31502018950656E2F65325F73747564696F2F776F72F7
S315020189606B73706163652F74726F6E5F6932635FD9
S315020189706465746563742F6170706C69636174698F
S315020189806F6E2F656467652D696D70756C73652DE4
S3150201899073646B2F6473702F737065637472616C89
S315020189A02F666561747572652E687070000000002D
S315020189B0726174696F203D3D2033207C7C20726197
S315020189C074696F203D3D203130000000737461747B
S315020189D069632073697A655F742065693A3A7370CF
S315020189E065637472616C3A3A666561747572653A69
S315020189F03A5F646563696D6174652865693A3A6DC2
S31502018A0061747269785F742A2C2065693A3A6D61DC
S31502018A10747269785F742A2C2073697A655F742986
S31502018A20000000006F75747075745F73697A652052
S31502018A303E3D2065787065637465645F73697A6526
S31502018A400000000073746174696320766F696420A3
S31502018A5065693A3A7369676E616C3A3A6465636944
S31502018A606D6174655F73696D706C6528636F6E7392
S31502018A707420666C6F61742A2C2073697A655F743F
S31502018A802C20666C6F61742A2C2073697A655F7477
S31502018A902C2073697A655F742C20736F7366696C17
S31502018AA074262900433A2F55736572732F696F74C1
S31502018AB0656E2F65325F73747564696F2F776F7296
S31502018AC06B73706163652F74726F6E5F6932635F78
S31502018AD06465746563742F6170706C69636174692E
S31502018AE06F6E2F656467652D696D70756C73652D83
S31502018AF073646B2F6473702F737065637472616C28
S31502018B002F7369676E616C2E687070004E756C6C9E
S31502018B1020636865636B206661696C65640A00009F
S31502018B206C6F770068696768000000004552523A27
S31502018B30204661696C656420746F207472616E737C
S31502018B40706F7365206D61747269782028256429B6
S31502018B500A0000004552523A204661696C6564205A
S31502018B60746F2063616C63756C61746520737065E3
S31502018B70637472616C20666561747572657320280F
S31502018B802564290A00000000766563746F723A3A19
S31502018B905F4D5F64656661756C745F617070656E69
S31502018BA0640000006E68203C3D20323020262620DB
S31502018BB06E68203E2030202626206E78203E203008
S31502018BC00000000073746174696320766F69642022
S31502018BD065693A3A737065637472616C3A3A7761A0
S31502018BE076656C65743A3A64777428636F6E73744A
S31502018BF020666C6F61742A2C2073697A655F742C06
S31502018C0020636F6E737420666C6F61742A2C206305
S31502018C106F6E737420666C6F61742A2C2073697A85
S31502018C20655F742C2065693A3A7370656374726183
S31502018C306C3A3A66766563262C2065693A3A737010
S31502018C4065637472616C3A3A667665632629000039
S31502018C50433A2F55736572732F696F74656E2F656B
S31502018C60325F73747564696F2F776F726B7370619C
S31502018C7063652F74726F6E5F6932635F64657465D3
S31502018C8063742F6170706C69636174696F6E2F65AD
S31502018C906467652D696D70756C73652D73646B2FD1
S31502018CA06473702F737065637472616C2F7761766A
S31502018CB0656C65742E6870700000000062696F72DF
S31502018CC0312E330062696F72312E350062696F721D
S31502018CD0322E320062696F72322E340062696F720D
S31502018CE0322E360062696F72322E380062696F72F5
S31502018CF0332E310062696F72332E330062696F72ED
S31502018D00332E350062696F72332E370062696F72D4
S31502018D10332E390062696F72342E340062696F72C2
S31502018D20352E350062696F72362E3800636F6966B9
S31502018D3031000000636F696632000000636F696685
S31502018D4033000000646232006462330064623400FC
S31502018D506462350064623600646237006462380018
S31502018D606462390064623130000000006861617238
S31502018D70000000007262696F312E33007262696F00
S31502018D80312E35007262696F322E32007262696F5C
S31502018D90322E34007262696F322E36007262696F48
S31502018DA0322E38007262696F332E31007262696F38
S31502018DB0332E33007262696F332E35007262696F28
S31502018DC0332E37007262696F332E39007262696F10
S31502018DD0342E34007262696F352E35007262696F04
S31502018DE0362E380073796D320000000073796D33C7
S31502018DF00000000073796D340000000073796D354F
S31502018E000000000073796D360000000073796D373A
S31502018E100000000073796D380000000073796D3926
S31502018E200000000073796D313000000073746174C3
S31502018E30696320766F69642065693A3A737065637E
S31502018E407472616C3A3A776176656C65743A3A6620
S31502018E50696E645F66696C74657228636F6E73749A
S31502018E6020636861722A2C2065693A3A73706563D8
S31502018E707472616C3A3A66766563262C2065693AA4
S31502018E803A737065637472616C3A3A667665632603
S31502018E90290000006C6576656C203E20302026266E
S31502018EA0206C6576656C203C203800007374617411
S31502018EB0696320766F69642065693A3A73706563FE
S31502018EC07472616C3A3A776176656C65743A3A778F
S31502018ED06176656465635F6665617475726573283B
S31502018EE0636F6E737420666C6F61742A2C20696ECF
S31502018EF0742C20636F6E737420636861722A2C204E
S31502018F00696E742C2065693A3A737065637472618D
S31502018F106C3A3A6676656326290000006C657665C9
S31502018F206C203C3D203700007374617469632069CB
S31502018F306E742065693A3A737065637472616C3A4C
S31502018F403A776176656C65743A3A6477745F6665F9
S31502018F5061747572657328636F6E737420666C6FC4
S31502018F6061742A2C20696E742C20636F6E737420CF
S31502018F70636861722A2C20696E742C2065693A3AFB
S31502018F80737065637472616C3A3A66766563262913
S31502018F9000000000766563746F723A3A7265736512
S31502018FA0727665006E756D5F66656174757265735D
S31502018FB0203D3D206F75747075745F6D61747269C1
S31502018FC0782D3E636F6C73202F20696E7075745F06
S31502018FD06D61747269782D3E726F777300000000BD
S31502018FE073746174696320696E742065693A3A73B0
S31502018FF07065637472616C3A3A776176656C657411
S315020190003A3A657874726163745F776176656C6505
S31502019010745F66656174757265732865693A3A6D3E
S3150201902061747269785F742A2C2065693A3A6D61B6
S31502019030747269785F742A2C2065695F6473705F44
S31502019040636F6E6669675F737065637472616C5F85
S31502019050616E616C797369735F742A2C20666C6F19
S3150201906061742900576176656C6574007461736B6E
S315020190705F32202836322E35487A20416363656C89
S3150201908065726F6D65746572204163717569736985
S3150201909074696F6E2026204765737475726520495F
S315020190A06E666572656E6365292073746172746595
S315020190B0642E0A0036322E35487A3A25642C256406
S315020190C02C25640A00000000464654004765737465
S315020190D07572653A2025732028636972636C653A55
S315020190E020256425252C20666C69636B3A2025644C
S315020190F025252C2069646C653A20256425252C20BA
S315020191007570646F776E3A2025642525290A000059
S3150201911069646C6500000000636972636C65000036
S31502019120666C69636B0000007570646F776E000090
S315020191306E6F6E6500000000302E312C20302E3508
S315020191402C20312E302C20322E302C20352E300080
S3150201915041726475696E6F20486561646572204A61
S3150201916032342028503531322F5035313129000021
S3150201917041726475696E6F20486561646572204A41
S3150201918032342028503430302F5034303129000007
S31502019190504D4F4432204A32352028503630372F2F
S315020191A05036303829000000504D4F4431204A32A2
S315020191B036202850313330332F50313330322900A3
S315020191C06574686F73755F6465765F72756E5F63EA
S315020191D06F6D6D616E645F73747265616D0000001F
S315020191E06574686F73755F696E766F6B655F6173C0
S315020191F0796E630002040304040400000001020004
S3150201920000010203000000002000200010001000EF
S31502019210100008000400010004010002030506070C
S315020192200C343440143434401C3434402434344035
S315020192300A000000E8930102180000006892010288
S315020192400400000048920102000000680000006864
S315020192500000008000000080000000700000007025
S31502019260A0030022A003002200000068000000689B
S31502019270000000900001090D00000068000000686E
S315020192800000007800010B0D000000680000006874
S31502019290000000270001020D0000006800000068BE
S315020192A0640000020001010D000000800000008040
S315020192B00000009000010908000000800000008003
S315020192C00000007800010B08000000800000008009
S315020192D00000002700010208000000800000008053
S315020192E06400000200010108000000700000007025
S315020192F0000000900001090A0000007000000070E1
S315020193000000007800010B0A0000007000000070E6
S31502019310000000270001020A000000700000007030
S31502019320640000020001010A0000000000000000C2
S315020193300000009001010905000000000000000084
S315020193400000007801010B0500000000000000008A
S3150201935000000027010002050000000000000000D5
S315020193606400000201000105000000200000002047
S315020193700000009001010904000000200000002005
S315020193800000007801010B0400000020000000200B
S315020193900000002701000204000000200000002056
S315020193A06400000201000104000000220000002204
S315020193B000000090000109030000002200000022C3
S315020193C00000007800010B030000002200000022C9
S315020193D0000000270000020300000022840300228D
S315020193E0640000020000010300000068000000683A
S315020193F00001000D00403868004038680001000D88
S3150201940000000080000000800001000800000080CA
S3150201941000000080000100080000007000000070DA
S315020194200001000A00000070000000700001000A3D
S3150201943000000000000000000100000500000020FD
S31502019440000000200100000484030022A003002280
S3150201945000000003B02B0422AA3D042200000003EF
S31502019460010002000800100020000D0000000000AB
S315020194703031323334353637383961626364656681
S315020194803031323334353637383941424344454631
S3150201949008000000A5A40002000000000800000068
S315020194A0000000000000000004000000A1AB000261
S315020194B005AC0002040000000000000005AC000239
S315020194C00200000000000000000000000100000090
S315020194D00000000000000000000000000100000082
S315020194E0E1B80002010000000004000000000000D3
S315020194F0434F5031010010000830000000000610F1
S3150201950005000000050000000500000002001F0220
S315020195100F010100004000000000000001400000B0
S3150201952000000000024000000000000003400000AD
S31502019530000000000B0100000C0100000A010000FE
S31502019540040126000640000001000000054000005B
S31502019550270000000440000027000000090192FFD5
S3150201956005010100070100000001000001010000E0
S3150201957003010000020100001F010100104000006A
S3150201958030000000114000000000000012400000FF
S315020195900000000013400000000000001B01000053
S315020195A01C0100001A010000120100001101000055
S315020195B013011300164000001000000015400000C0
S315020195C0200000001440000010000000180180FF76
S315020195D014014100210100002001000022010000C6
S315020195E02801000020400000E006000021400000A2
S315020195F0D0030000290100002240000010060000ED
S3150201960023400000D000000025010000260180FF52
S3150201961027017F001601010015010100170117003C
S315020196200D010A002D011E00240100002F01000078
S315020196300200000000400000300000000401130097
S315020196400640000010000000054000002000000056
S315020196500440000010000000090180FF05014100DD
S31502019660104000000000000013010900154000002F
S315020196701000000020400000200B000021400000E5
S315020196801001000022400000B00A00002340000041
S315020196907000000017010F000200000000400000E8
S315020196A0000000000401090005400000100000004E
S315020196B010400000400000001301030016400000A4
S315020196C001000000154000000400000014400000E3
S315020196D0040000001801FAFF1401010020400000F5
S315020196E0600C0000214000006000000022400000E2
S315020196F0300C000023400000300000001701070073
S315020197000200000000400000400000000A010300C0
S3150201971004010000064000000100000005400000AF
S315020197200400000004400000010000000901FAFFE4
S315020197300501010010400000500000001301000065
S315020197401640000010000000154000001000000045
S315020197501440000010000000140141002001030022
S3150201976005000000300100003040000070010000D9
S31502019770310103013140000000B80000324000000F
S315020197800004000010000000254000000100000056
S3150201979026400000010000002440000001000000F4
S315020197A00A01000004010300044000000400000055
S315020197B010400000000000001301030016400000E3
S315020197C04000000015400000400000001440000067
S315020197D04000000018017F001401450125011030E7
S315020197E00D012E002D012E008D010A008F010100AF
S315020197F0804000005000000081400000000000008F
S3150201980082400000000000008340000000000000CA
S315020198108B0100008C0100008A01000086400000D5
S315020198201000000085400000100000008440000086
S31502019830100000008901FAFF850141008001040040
S3150201984011000000060002000040000000000000B6
S3150201985006400000400000000540000040000000F4
S315020198600440000040000000090100000501490012
S3150201987010400000400000001640000004000000F5
S315020198801540000010000000144000001000000006
S315020198901801FAFF140105802501000026017AFF4D
S315020198A0270179008D0112008F010000804000001E
S315020198B0700500008640000004000000854000009B
S315020198C00400000084400000040000008901000039
S315020198D08501090006000800004000004000000062
S315020198E006400000040000000540000010000000D0
S315020198F004400000100000000501090010400000AC
S315020199006000000013010000164000004000000044
S315020199101540000040000000144000004000000015
S3150201992014014501200100000D0112002D011E0046
S315020199300500020000400000600000000401000072
S315020199400640000040000000054000004000000003
S3150201995004400000400000000501490010400000DB
S31502019960A0000000140145000D012E002D012E005C
S315020199700600070000400000A000000010400000A1
S3150201998040000000164000000400000015400000DF
S315020199900400000014400000040000001401050147
S315020199A080400000800500008001400006000200A0
S315020199B010400000500000008040000090050000A9
S315020199C0800100002F010300060002000040000092
S315020199D060000000140105008F01010080400000B3
S315020199E0500000002F01000006000900004000009F
S315020199F0500000000640000004000000054000007F
S31502019A0004000000044000000400000005010900F2
S31502019A10140105018F01000080400000A00500002D
S31502019A2006000200140105008040000090050000B6
S31502019A30060009002440010001000000180100008F
S31502019A4014010501260180FF27017F0080400000E5
S31502019A50B00500000600010024401F00000000407E
S31502019A60104000007000000080400000C0050000A8
S31502019A700600000024400000010000000040000032
S31502019A807000000080400000D005000006000100C1
S31502019A9024401F000000004010400000600000004A
S31502019AA08F01010080400000500000000600000006
S31502019AB02440000001000000004000006000000098
S31502019AC08F01000080400000E00500008001400097
S31502019AD00600020024401F00000000400040000072
S31502019AE0700000008F01010080400000600000004C
S31502019AF08001000006000000244000000100000071
S31502019B0000400000600000001801FAFF26017AFFFA
S31502019B10270179008F01000080400000F005000056
S31502019B20060000000040000070000000180100005D
S31502019B30260180FF27017F008F010100804000007E
S31502019B40600000000600010024401F0000000040E2
S31502019B50004000006000000010400000700000009C
S31502019B608040000050000000060000002440000072
S31502019B700100000000400000700000008F0100009B
S31502019B8080400000E005000080014000060002005E
S31502019B9024401F0000000040004000006000000059
S31502019BA08F0101008040000070000000800100006A
S31502019BB006000000244000000100000000400000F1
S31502019BC0700000001801FAFF26017AFF27017900C9
S31502019BD08F01000080400000F00500000600000031
S31502019BE0004000006000000018010000260180FF0D
S31502019BF027017F008F0101008040000070000000F4
S31502019C000600010024401F00000000400040000041
S31502019C10700000001040000060000000804000005B
S31502019C205000000006000000244000000100000070
S31502019C3000400000600000008F010000804000002B
S31502019C40E0050000800140000600020024401F00DA
S31502019C500000004000400000700000008F0101007A
S31502019C608040000060000000800100000600000044
S31502019C7024400000010000000040000060000000D6
S31502019C801801FAFF26017AFF270179008F010000E8
S31502019C9080400000F00500000600000000400000C0
S31502019CA07000000018010000260180FF27017F00D5
S31502019CB08F010100804000006000000006000100E3
S31502019CC000400000600000008F010000804000009B
S31502019CD0000600000600000024401F0000000040AC
S31502019CE000400000000000000401030006400000DD
S31502019CF04000000005400000400000000440000052
S31502019D0040000000050149001040000070000000FB
S31502019D101301030016400000400000001540000038
S31502019D2040000000144000004000000014014501FB
S31502019D308F010100804000006000000080010400E4
S31502019D40060000002440000001000000004000005F
S31502019D5070000000104000000000000016400000E4
S31502019D60010000001540000004000000144000003C
S31502019D7004000000180180FF1401018080400000E8
S31502019D8040000000060008000000FFFF9C080000DA
S31502019D9000000000000000000000000000000000BA
S31502019DA000000000000000000000000000000000AA
S31502019DB0000000000000000000000000000000009A
S31502019DC0000000000000000000000000000000008A
S31502019DD0000000000000000000000000000000007A
S31502019DE0000000000000000000000000000000006A
S31502019DF0000000000000000000000000000000005A
S31502019E000000000000000000000000000000000049
S31502019E100000000000000000000000000000000039
S31502019E200000000000000000000000000000000029
S31502019E300000000000000000000000000000000019
S31502019E400000000000000000000000000000000009
S31502019E5000000000000000000000000000000000F9
S31502019E6000000000000000000000000000000000E9
S31502019E7000000000000000000000000000000000D9
S31502019E8000000000000000000000000000000000C9
S31502019E9000000000000000000000000000000000B9
S31502019EA000000000000000000000000000000000A9
S31502019EB00000000000000000000000000000000099
S31502019EC00000000000000000000000000000000089
S31502019ED00000000000000000000000000000000079
S31502019EE00000000000000000000000000000000069
S31502019EF00000000000000000000000000000000059
S31502019F000000000000000000000000000000000048
S31502019F100000000000000000000000000000000038
S31502019F200000000000000000000000000000000028
S31502019F300000000000000000000000000000000018
S31502019F400000000000000000000000000000000008
S31502019F5000000000000000000000000000000000F8
S31502019F6000000000000000000000000000000000E8
S31502019F7000000000000000000000000000000000D8
S31502019F8000000000000000000000000000000000C8
S31502019F9000000000000000000000000000000000B8
S31502019FA000000000000000000000000000000000A8
S31502019FB00000000000000000000000000000000098
S31502019FC00000000000000000000000000000000088
S31502019FD00000000000000000000000000000000078
S31502019FE00000000000000000000000000000000068
S31502019FF00000000000000000000000000000000058
S3150201A0000000000000000000000000000000000047
S3150201A0100000000000000000000000000000000037
S3150201A0200000000000000000000000000000000027
S3150201A0300000000000000000000000000000000017
S3150201A0400000000000000000000000000000000007
S3150201A05000000000000000000000000000000000F7
S3150201A06000000000000000000000000000000000E7
S3150201A07000000000000000000000000000000000D7
S3150201A08000000000000000000000000000000000C7
S3150201A09000000000000000000000000000000000B7
S3150201A0A000000000000000000000000000000000A7
S3150201A0B00000000000000000000000000000000097
S3150201A0C00000000000000000000000000000000087
S3150201A0D00000000000000000000000000000000077
S3150201A0E00000000000000000000000000000000067
S3150201A0F00000000000000000000000000000000057
S3150201A100000000000000000000000000080000003E
S3150201A110090000000B0000000D0000000F00000006
S3150201A1201100000014000000180000001C000000CD
S3150201A13021000000260000002D000000340000006E
S3150201A1403D000000470000005400000062000000CC
S3150201A15072000000860000009C000000B7000000AB
S3150201A160D6000000FA00000024010000550100009B
S3150201A1708F010000D3010000220200007E020000CE
S3150201A180EB02000069030000FD030000AA040000BF
S3150201A190750500006106000076070000BA08000096
S3150201A1A0340A0000EF0B0000F50D0000521000000A
S3150201A1B016130000521600001A1A0000871E00002C
S3150201A1C0B3230000C0290000D33000001939000072
S3150201A1D0C7420000174E0000535B0000CD6A000023
S3150201A1E0E77C000011920000D2AA0000C5C7000058
S3150201A1F0A0E9000037110100843F0100AA750100A0
S3150201A200FDB401000BFF0100A5550200EDBA0200E3
S3150201A2105F310300E3BB0300E15D0400521B05004D
S3150201A220DEF80500F5FB0600F52A08004E8D090049
S3150201A230B32B0B0052100D0011470F00DCDD11008C
S3150201A240FAE41400726F180088931C00446B210013
S3150201A250181527009EB42D007A7335005C823E00E4
S3150201A260391A4900A67D550086FA6300EDEB7400A2
S3150201A27061BC88006EE89F00C501BB00BEB2DA0070
S3150201A2809CC2FF00561A2B0169CA5D017F11990111
S3150201A2904164DE0176762F02D1458E024F26FD02FA
S3150201A2A016D17E033875160406CCC7046C309705A1
S3150201A2B035BA8906065EA5072213F108AEFE740AAF
S3150201A2C0C6A73A0C07324D0ECEA4B910D03C8F1355
S3150201A2D08ECBDF164827C01AF9AE481FCFE1952467
S3150201A2E08415C92AC7420932E4FE833A2D996E447E
S3150201A2F09D6807501954975D889F736DFFFFFF7F15
S3150201A3000C00000000000000000000000000000038
S3150201A3102300000000000000000000000000000011
S3150201A3200100000000000000000000000000000023
S3150201A33000000040000000000000000000000000D4
S3150201A340FFFFFF7F00000000000000000000000088
S3150201A350C4C3C3C3000000000000000000000000E7
S3150201A3605A5A5A5A0000000000000000000000007C
S3150201A37000000020000000000000000000000000B4
S3150201A38004000000000000000000000000000000C0
S3150201A39002000000000000000000000000000000B2
S3150201A3A019000000002534E46A2515000000002585
S3150201A3B034E46A25FFFFFFFFFF2534E46A25000026
S3150201A3C00000002534E46A2515000000002534E466
S3150201A3D06A2531000000002534E46A2533000000B5
S3150201A3E0002534E46A25F5FFFFFFFF2534E46A25DB
S3150201A3F000000000002534E46A25FDFFFFFFFF256A
S3150201A40034E46A25FBFFFFFFFF2534E46A25FCFFDE
S3150201A410FFFFFF2534E46A2502000000002534E42B
S3150201A4206A2527000000002534E46A25270000007A
S3150201A430002534E46A25F3FFFFFFFF2534E46A258C
S3150201A440F6FFFFFFFF2534E46A251B000000002505
S3150201A45034E46A251D000000002534E46A2519004A
S3150201A4600000002534E46A25000000000000000017
S3150201A470A0155C010C001C2053A646924E5B00906F
S3150201A480376385D2C223A60500421E5F537C6B3C0D
S3150201A49062875455600D5E0F9C00A0BBF150B578E2
S3150201A4A0439B000014662B22319113729E757F1F06
S3150201A4B0595706A20000142AC7A82A00A002003C86
S3150201A4C07D013C8D592B8048946F380C34804700AE
S3150201A4D000F8B1C8702838480500508984804E6258
S3150201A4E0442337701F2A57025350803017113D9764
S3150201A4F02D24B3000019220A10C47A0A4180279634
S3150201A5003F5E857D5200605A93A418E30701090054
S3150201A5104AC0432D276A376294326CC6777A5F7DC9
S3150201A52000F14463B60694D6A3060052140BA21791
S3150201A5301363245721B3BF498D196900002A5706AF
S3150201A540D026D412030047C2AE3F2D229F5825A31F
S3150201A550A7713C783634000020551456822BB3007D
S3150201A56000807C4357095860527560866847422FBE
S3150201A5700C00202BBADCC654A2530600587D67B6DE
S3150201A5804D2F6935FC593260824D00C40050A559E0
S3150201A59068E06787C50900601B8B641361BF8A5136
S3150201A5A0177D36B31F96240060347A97430652A06C
S3150201A5B00200762B6D73C02339B30745329765A323
S3150201A5C05AC500B04782EB5CA6CA7A0600635442BA
S3150201A5D03337321BAA51ADAB074F230D1900802029
S3150201A5E0E6B5835114B70B00A183B7638B66033CAF
S3150201A5F075363085485D9A0300C06A8BE859A3F423
S3150201A600C8030035A9161C258211241820886E1C40
S3150201A6103F422A00E0F8BAE9FD1C07E201001D2AC1
S3150201A6206F363268424BA020946E9042076C0060EE
S3150201A630355823E580985000003E2885528F86556D
S3150201A640239C0C1B19A40C095B002095E521F3E858
S3150201A65073A7000061277987134557549651ACB405
S3150201A6603F82142C00E063D628B9074566060074BA
S3150201A6700F868F5A9B945C140135542F358C150025
S3150201A68030F5428716B9A7830400764C9C3C0D032C
S3150201A6902A57121584375D1A59B300F062BE6564F2
S3150201A6A077F678050018294010F0232E0A65270748
S3150201A6B06D166F3E9300109762D5D11055A0020018
S3150201A6C0B494981833846B14147384058B311E5E0B
S3150201A6D0F0DF1173B0A0C56095F7FF791F3A2C0917
S3150201A6E0562C1FFF0F0000500459C4FCD451B20569
S3150201A6F0F0B95FAD73D799866EFF7F88A7E6C1046D
S3150201A70050FAF7FF1663B38118654D500F0000F634
S3150201A7101582215DBA382900108672E6166726D29D
S3150201A720F7FF671A4FA76E932253FF6F2013C824B0
S3150201A7303034F6F00F040000A8351F441B5FAB113D
S3150201A740898D4F60691D0D47F01F27E1B9E5631831
S3150201A750D7F8FF4E5B7C07B2C67639FF0F08089819
S3150201A760780102B3D832D30808075A864760129E87
S3150201A7709D08C8C17BF5F15392C8020844A51DDDA7
S3150201A78028A5013C14636A89467D1489F83F93180A
S3150201A7908143F7FFFFFFFFFFFFFFFFFFFFFFFFFF02
S3150201A7A0FFFFFFFFFFFFFFFFFF0F3000C001B800F1
S3150201A7B06C000704020A5B1E11D7F20004C4CEC75D
S3150201A7C0CEB021AF0315042C4FF2F2444A980A0483
S3150201A7D024CA082954910B4AAE6FB3A9F001852800
S3150201A7E00204F452EC26C6024DF8FCFFCE250422E1
S3150201A7F0E214E3FFFFFFFFFFFFFFFFFFFFFFFFFF84
S3150201A800FFFFFFFFFFFFFFFFFF0760008003000A54
S3150201A81064000E08246D2CF104E668D8088804AA9F
S3150201A820E6145B65301D005001649ED22639B07C68
S3150201A8304A0C0070FEFF03FE1FF2FFFFFFFFFFFF40
S3150201A84090000000005004425526E2FFFFFFFF5030
S3150201A85004425526E1FFFFFFFF50044255264C00F4
S3150201A86000000050044255260D000000005004422B
S3150201A870552600000000005004425526CBFFFFFF7B
S3150201A880FF50044255260F0000000050044255268F
S3150201A890D1FFFFFFFF50044255264A000000005037
S3150201A8A004425526000000000000000000000000DE
S3150201A8B0F804DC010C006B3C4A13B703DF8000206D
S3150201A8C0673C36D76443E60A0032AC10B55C72487F
S3150201A8D017951CC1038885A24000E09302A8C458BB
S3150201A8E029B402009879785734CA0A85878D7C88FB
S3150201A8F07DA9096C00E052DE9326507C0E0E0008FB
S3150201A9004C1D2B6BED9F74A0115A725F1F758B0044
S3150201A910602451534522CA0108003093A347D87ACD
S3150201A9203562A097A361215B4B4200A00C55588664
S3150201A930B5864207002C04732F8658202CC5405C2D
S3150201A940AF8324F6490F7F50A3384596C304040FFB
S3150201A95085A8B08C3C56C95B0F0F0F42AFA33D3E93
S3150201A9606974050FDF45E8A0346B3452FAFFFFFF25
S3150201A970FFFFFFFF0F2013C00180AB97A5A2C320E3
S3150201A9806A1E000000FC2FF3021008ED3C493A0052
S3150201A9909983D1060A6CA94900F00100F8C3425B0A
S3150201A9A0B3233DA6410A0000004CC3C88C1CF61D08
S3150201A9B00000060038FF3FADFCFFFFFFFFFFFFFF70
S3150201A9C00700000000012A6763266F0000000001EC
S3150201A9D02A676326A0FFFFFFFF012A67632610008D
S3150201A9E0000000012A676326000000000000000043
S3150201A9F0300150F3FDFC9F2D1DCD7C6C3C3C0BFBC5
S3150201AA00DA9A6A3AEA493909E8B7A76727C716D629
S3150201AA10F5E45404B4F300800896C66E58332A123C
S3150201AA20005E80A94D05B0D57B2F8007E67B083BEA
S3150201AA300300FFFF0A5BE496FDFFF8FCFCFC000342
S3150201AA40001000F8FFA707FFFFFFFFFFFFFFFFFF51
S3150201AA50C00C000000000000000000000000000021
S3150201AA60000000000C000000140101008DE4493AC7
S3150201AA70668EC8383C940DBC1512C0BA331E3C3DD5
S3150201AA806D373E3C785223BED02991BD7081F13E8D
S3150201AA909CFE443FF184C43EF98E11BD020803BDFA
S3150201AAA087C74C3D96E7BC3B67BFA6BC9DDB52BA46
S3150201AAB05582963B073A6F3827D2F0B927D2F03939
S3150201AAC0073A6F38558296BB9DDB52BA67BFA63CE1
S3150201AAD096E7BC3B87C74CBD020803BDF98E113D03
S3150201AAE0F184C43E9CFE44BF7081F13ED029913D62
S3150201AAF0785223BE6D373EBC331E3C3D1512C03A19
S3150201AB003C940DBC668EC8B88DE4493AED9EB73ABF
S3150201AB10CB78223AAB7259BCD1E03CBC2A9AF73CBB
S3150201AB2086F3183AB3835FBDBE7D743E1AC8373FBA
S3150201AB30E5091E3FE279103DE72544BEFD5E95BC5F
S3150201AB4048457E3D7626113C9B2A28BCB911F8B9A7
S3150201AB50212E8C3A212E8CBAB911F8B99B2A283C9E
S3150201AB607626113C48457EBDFD5E95BCE725443EF1
S3150201AB70E279103DE5091EBF1AC8373FBE7D74BE94
S3150201AB80B3835FBD86F318BA2A9AF73CD1E03C3CFF
S3150201AB90AB7259BCCB7822BAED9EB73A86AB5DBB96
S3150201ABA0E31D0EBAB5D2013D3B48F93BBABB12BE13
S3150201ABB0C6F97ABDC674F63EA5F5463F2198BA3E58
S3150201ABC029C554BD71FADEBC1144493D419C793B0C
S3150201ABD051FA74BC4ED19EB936B8F73A36B8F7BABD
S3150201ABE04ED19EB951FA743C419C793B114449BDFF
S3150201ABF071FADEBC29C5543D2198BA3EA5F546BF78
S3150201AC00C674F63EC6F97A3DBABB12BE3B48F9BBDB
S3150201AC10B5D2013DE31D0E3A86AB5DBB62C12F3B48
S3150201AC20684889BA7F084FBCABFBF93C530B8B3D95
S3150201AC30EAF74ABDF7E08E3CFA3D093F348C443FC0
S3150201AC4043C7933E8B680FBE91CADCBD5F68833BE7
S3150201AC50DB3B283CDB3B28BC5F68833B91CADC3D7E
S3150201AC608B680FBE43C793BE348C443FFA3D09BF7E
S3150201AC70F7E08E3CEAF74A3D530B8B3DABFBF9BC41
S3150201AC807F084FBC6848893A62C12F3B84617C3C8C
S3150201AC906EC4643BCDA4F1BD89E245BDAF6BFB3EFB
S3150201ACA0DAA2493F1605AD3EFBC294BDA286ACBCF3
S3150201ACB07531373D91B2E73A169DFFBB169DFF3BB3
S3150201ACC091B2E73A753137BDA286ACBCFBC2943D5F
S3150201ACD01605AD3EDAA249BFAF6BFB3E89E2453DA1
S3150201ACE0CDA4F1BD6EC464BB84617C3C99E9DF3CB1
S3150201ACF0DCD2F13C3C4B20BDDE2E4C3E3F31393F8E
S3150201AD00724C223F2401883C358933BEC1DDACBC7D
S3150201AD100210A03C0210A0BCC1DDACBC3589333E99
S3150201AD202401883C724C22BF3F31393FDE2E4CBE94
S3150201AD303C4B20BDDCD2F1BC99E9DF3C0E2B9BBD1D
S3150201AD4035C6F2BCE0C7FE3ED3C14D3FD180983E27
S3150201AD509E33CBBDDF804EBC5FFC033D5FFC03BD72
S3150201AD60DF804EBC9E33CB3DD180983ED3C14DBFD1
S3150201AD70E0C7FE3E35C6F23C0E2B9BBD000000002D
S3150201AD80000000000000000000000000375C6C3C7F
S3150201AD901D096D3C0039A1BDE55825BD52F0D53ED0
S3150201ADA0C747423F52F0D53EE55825BD0039A1BD00
S3150201ADB01D096D3C375C6C3C000000000000000080
S3150201ADC000000000C431FABAC9E8FABAF42F8B3C82
S3150201ADD03289433CBBB44BBD283C9EBD1DA2C03D3E
S3150201ADE09C72D73EB16F53BF9C72D73E1DA2C03D26
S3150201ADF0283C9EBDBBB44BBD3289433CF42F8B3CF0
S3150201AE00C9E8FABAC431FABA00000000000000002B
S3150201AE1088795C3C0B9E30BBD0FC0BBE647FBFBD08
S3150201AE208F1FF43E0846663F8F1FF43E647FBFBD07
S3150201AE30D0FC0BBE0B9E30BB88795C3C00000080C7
S3150201AE40EE8E223DC93802BC6C155FBD2DF3B0BE34
S3150201AE50C3953C3F2DF3B0BE6C155FBDC93802BC2C
S3150201AE60EE8E223D0000008000000000000000007E
S3150201AE7000000000F62C84BDF2A926BD3110D63E93
S3150201AE8031DA493F3110D63EF2A926BDF62C84BDF0
S3150201AE900000000003F21ABDF45FC3BC0C8FE23D51
S3150201AEA0F23AC13E764A5ABFF23AC13E0C8FE23DB0
S3150201AEB0F45FC3BC03F21ABD0000000000000000EB
S3150201AEC00000000000000000000000000000000079
S3150201AED0000000000000000000000000F304353EFF
S3150201AEE0B6C3073FB6C3073FF304353E0000000071
S3150201AEF00000000000000000000000000000000049
S3150201AF00000000000000000000000000DF30323ABD
S3150201AF10A8A4053B09D1A5BBFEE8A8BC5339673CE9
S3150201AF202D07CB3D838649BC34F0A3BEAD5906BB82
S3150201AF30262F713F262F71BFAD59063B34F0A33E32
S3150201AF408386493C2D07CBBD533967BCFEE8A83C35
S3150201AF5009D1A53BA8A405BBDF3032BA0000000027
S3150201AF6000000000000000000000000000000000D8
S3150201AF7000000000F304353EB6C3073FB6C3073FE0
S3150201AF80F304353E0000000000000000000000004E
S3150201AF900000000000000000000000006AFD45BB41
S3150201AFA0107E14BCC5E2893C6EE9983D025700BD8C
S3150201AFB087319ABEF014D93CD19E733FD19E73BF9D
S3150201AFC0F014D9BC87319A3E0257003D6EE998BD0D
S3150201AFD0C5E289BC107E143C6AFD453B00000000B7
S3150201AFE0000000000000000000000000F304353EEE
S3150201AFF0B6C3073FB6C3073FF304353E0000000060
S3150201B0000000000000000000000000003046623C23
S3150201B010A4B4293DE1F556BDC02D89BE0614933D62
S3150201B020C57C773FC57C77BF061493BDC02D893E8B
S3150201B030E1F5563DA4B429BD304662BC00000000CC
S3150201B04000000000F304353EB6C3073FB6C3073F0F
S3150201B050F304353E0000000000000000B6C387BDC0
S3150201B06092A54BBE55641E3EF68E7E3FF68E7EBF80
S3150201B07055641EBE92A54B3EB6C3873DF304353ECB
S3150201B080B6C3073FB6C3073FF304353EF304B53EE5
S3150201B090B6C3873FB6C387BFF304B5BE000000003F
S3150201B0A00000000000000000000000000000000097
S3150201B0B0000000000000000000000000F304B53E9D
S3150201B0C0F304353FF304B53E000000000000000022
S3150201B0D00000000000000000000000000000000067
S3150201B0E0000000006AFDC5BA6AFD45BBCD21543C8C
S3150201B0F07AE1EC3CF01459BDA7260ABED6C2273E18
S3150201B1002AD6EC3ED19E73BF2AD6EC3ED6C2273E44
S3150201B110A7260ABEF01459BD7AE1EC3CCD21543C76
S3150201B1206AFD45BB6AFDC5BA0000000000000000C9
S3150201B1300000000000000000000000000000000006
S3150201B14000000000F304B53EF304353FF304B53EB7
S3150201B15000000000000000000000000000000000E6
S3150201B160000000003046E23B3046623C425540BD9B
S3150201B170089EDCBDC2F22D3E441AE53EC57C77BF70
S3150201B180441AE53EC2F22D3E089EDCBD425540BD43
S3150201B1903046623C3046E23B0000000000000000FF
S3150201B1A0000000000000000000000000F304B53EAC
S3150201B1B0F304353FF304B53E000000000000000031
S3150201B1C000000000B6C307BDB6C387BDF304353E12
S3150201B1D0E1F5D63EF68E7EBFE1F5D63EF304353E67
S3150201B1E0B6C387BDB6C307BD00000000000000005C
S3150201B1F000000000F304B53EF304353FF304B53E07
S3150201B20000000000F304353EF304B53EB6C387BF22
S3150201B210F304B53EF304353E0000000000000000D1
S3150201B220000000000000000000000000F304353FAA
S3150201B230F304353F0000000000000000000000009A
S3150201B24000000000B6C387BCB6C387BCCEE6F83D94
S3150201B250CEE6F83DF30435BFF304353FCEE6F8BD3D
S3150201B260CEE6F8BDB6C3873CB6C3873C00000000F4
S3150201B27000000000F304353FF304353F00000000EF
S3150201B28000000000F304B53DF304B53DF30435BFF8
S3150201B290F304353FF304B5BDF304B5BD51895EB779
S3150201B2A00945C438AB3FF4B810CB33BA0493023B19
S3150201B2B03CE4B63A33DA2FBCEE5B6C3B030A083D3B
S3150201B2C0EF50F1BC183792BDDC94BE3D1C6D023EB7
S3150201B2D024A648BEBED77FBED2F58F3EDA3E303FA8
S3150201B2E0A8F6063F6BB1403E2A7BDA3C2A7BDABCE2
S3150201B2F06BB1403EA8F606BFDA3E303FD2F58FBEAD
S3150201B300BED77FBE24A6483E1C6D023EDC94BEBD5E
S3150201B310183792BDEF50F13C030A083DEE5B6CBB58
S3150201B32033DA2FBC3CE4B6BA0493023B10CB333A70
S3150201B330AB3FF4B80945C4B851895EB7DD08253873
S3150201B340ED1984B9B5937139BE2CF23ADB4B8CBB3C
S3150201B3501DC59ABBCE2FB73C8D91833915838ABD04
S3150201B3606DB4FB3C111B183E7654C6BDFB2796BE37
S3150201B370E564083E0844283FB0D51A3FCCAF793E72
S3150201B3809FF71B3D9FF71BBDCCAF793EB0D51ABFC8
S3150201B3900844283FE56408BEFB2796BE7654C63D9F
S3150201B3A0111B183E6DB4FBBC15838ABD8D9183B901
S3150201B3B0CE2FB73C1DC59A3BDB4B8CBBBE2CF2BADA
S3150201B3C0B5937139ED198439DD082538DE5DF6B894
S3150201B3D0A410313A8162CDB97B979FBBC74B0F3C13
S3150201B3E0AE10653CE39534BD104A8EBC5ED6033E73
S3150201B3F0CEB7F7397C6A91BE0AAC81BCCED9153F6C
S3150201B40023F62C3FB530A03E25E35E3D25E35EBD26
S3150201B410B530A03E23F62CBFCED9153F0AAC813CEE
S3150201B4207C6A91BECEB7F7B95ED6033E104A8E3C10
S3150201B430E39534BDAE1065BCC74B0F3C7B979F3B72
S3150201B4408162CDB9A41031BADE5DF6B8AA72B939F4
S3150201B4500825ECBAFB38E139B4A24D3C55C787BC85
S3150201B46047C51BBD3918A53D910A923DBE6965BE08
S3150201B470185C13BE4E87F03E67A83A3F3407CB3EAF
S3150201B480E6709F3DE6709FBD3407CB3E67A83ABF83
S3150201B4904E87F03E185C133EBE6965BE910A92BDA7
S3150201B4A03918A53D47C51B3D55C787BCB4A24DBC3E
S3150201B4B0FB38E1390825EC3AAA72B9393A348DBA20
S3150201B4C08A8A9C3BB92F113A2B5C01BDA277E13CDA
S3150201B4D0ECAEC73D9BE104BEEFB167BE7E68A13EFD
S3150201B4E0504A403F583FFD3E796FE43D796FE4BDD6
S3150201B4F0583FFD3E504A40BF7E68A13EEFB1673ECE
S3150201B5009BE104BEECAEC7BDA277E13C2B5C013DDB
S3150201B510B92F113A8A8A9CBB3A348DBA2F9C5A3B6F
S3150201B520801F4EBC6A85CCBBCEDD9E3D321304BD67
S3150201B530271C78BE1CC00D3E496C393F8E941A3FBA
S3150201B540E2F1233EE2F123BE8E941A3F496C39BFE2
S3150201B5501CC00D3E271C783E321304BDCEDD9EBDB6
S3150201B5606A85CCBB801F4E3C2F9C5A3BBAA02DBC90
S3150201B57056B0063D11A7FC3C0E863FBE383EE5BCE1
S3150201B5806781213F2F00373F29E86B3E29E86BBED1
S3150201B5902F00373F678121BF383EE5BC0E863F3E0D
S3150201B5A011A7FC3C56B006BDBAA02DBC7249103D8E
S3150201B5B0D6FBAEBD54400ABE1075EB3E71904E3FAE
S3150201B5C0CB53AA3ECB53AABE71904E3F1075EBBE2A
S3150201B5D054400ABED6FBAE3D7249103DEE8304BE0F
S3150201B5E0F885653EEF25563FEA46F73EEA46F7BE3F
S3150201B5F0EF25563FF88565BEEE8304BE391F11B8A5
S3150201B600DFDC94B8956EF439B579923A3DB928BB27
S3150201B610319613BCEB17823C93890D3DEA8DA8BD89
S3150201B620C90B93BD3062DB3EFC344B3F5973CF3EAF
S3150201B630855C7ABD6CB386BDDE1FC03C2705FF3B28
S3150201B640969C78BB969C783B2705FF3BDE1FC0BCC8
S3150201B6506CB386BD855C7A3D5973CF3EFC344BBFD4
S3150201B6603062DB3EC90B933DEA8DA8BD93890DBDC0
S3150201B670EB17823C3196133C3DB928BBB57992BA98
S3150201B680956EF439DFDC9438391F11B841E33CBABF
S3150201B690BDF8EEBA21E0B73BECFCC13C817173BD4A
S3150201B6A00EA69CBDB481D53EA80E503F38B0C53E0C
S3150201B6B09FFA89BD23D729BDBC3E863CBC3E86BCCA
S3150201B6C023D729BD9FFA893D38B0C53EA80E50BF82
S3150201B6D0B481D53E0EA69C3D817173BDECFCC1BC05
S3150201B6E021E0B73BBDF8EE3A41E33CBA714080BC7A
S3150201B6F0D7F494BD010DC53E29425A3FEC00AD3E39
S3150201B700D7F494BDD7F4943DEC00AD3E29425ABF1D
S3150201B710010DC53ED7F4943D714080BC0000000086
S3150201B720C431FA3AC9E8FABAF42F8BBC3289433CDE
S3150201B730BBB44B3D283C9EBD1DA2C0BD9C72D73EEB
S3150201B740B16F533F9C72D73E1DA2C0BD283C9EBD20
S3150201B750BBB44B3D3289433CF42F8BBCC9E8FABAE0
S3150201B760C431FA3A000000800000000000000080A7
S3150201B770375C6C3C1D096DBC0039A1BDE558253D00
S3150201B78052F0D53EC74742BF52F0D53EE558253D58
S3150201B7900039A1BD1D096DBC375C6C3C00000080FF
S3150201B7A00000000000000080000000000000000010
S3150201B7B000000000EE8E223DC938023C6C155FBDC9
S3150201B7C02DF3B03EC3953C3F2DF3B03E6C155FBDE4
S3150201B7D0C938023CEE8E223D0000000088795CBC2D
S3150201B7E00B9E30BBD0FC0B3E647FBFBD8F1FF4BEE8
S3150201B7F00846663F8F1FF4BE647FBFBDD0FC0B3E79
S3150201B8000B9E30BB88795CBC000000000000000082
S3150201B81003F21A3DF45FC3BC0C8FE2BDF23AC13E9C
S3150201B820764A5A3FF23AC13E0C8FE2BDF45FC3BC7F
S3150201B83003F21A3D00000080F62C84BDF2A9263DD2
S3150201B8403110D63E31DA49BF3110D63EF2A9263D34
S3150201B850F62C84BD0000008000000000DF3032BA01
S3150201B860A8A4053B09D1A53BFEE8A8BC533967BC90
S3150201B8702D07CB3D8386493C34F0A3BEAD59063B29
S3150201B880262F713F262F713FAD59063B34F0A3BED9
S3150201B8908386493C2D07CB3D533967BCFEE8A8BCDC
S3150201B8A009D1A53BA8A4053BDF3032BA00000080CE
S3150201B8B0000000000000008000000000000000807F
S3150201B8C0000000000000008000000000F30435BE05
S3150201B8D0B6C3073FB6C307BFF304353E0000008077
S3150201B8E0000000000000008000000000000000804F
S3150201B8F00000000000000080000000006AFD453BD8
S3150201B900107E14BCC5E289BC6EE9983D0257003D22
S3150201B91087319ABEF014D9BCD19E733FD19E733F33
S3150201B920F014D9BC87319ABE0257003D6EE9983DA3
S3150201B930C5E289BC107E14BC6AFD453B000000804D
S3150201B94000000000000000800000000000000080EE
S3150201B95000000000F30435BEB6C3073FB6C307BFF6
S3150201B960F304353E00000080000000000000008064
S3150201B970000000000000008000000000304662BCAA
S3150201B980A4B4293DE1F5563DC02D89BE061493BDE9
S3150201B990C57C773FC57C773F061493BDC02D89BE12
S3150201B9A0E1F5563DA4B4293D304662BC0000008053
S3150201B9B0000000000000008000000000F30435BE14
S3150201B9C0B6C3073FB6C307BFF304353E0000008086
S3150201B9D0000000000000008000000000B6C3873DA1
S3150201B9E092A54BBE55641EBEF68E7E3FF68E7E3FF7
S3150201B9F055641EBE92A54BBEB6C3873D00000080AC
S3150201BA0000000000F30435BEB6C3073FB6C307BF45
S3150201BA10F304353E0000008000000000F304B5BEC9
S3150201BA20B6C3873FB6C3873FF304B5BEF30435BE3B
S3150201BA30B6C3073FB6C307BFF304353E0000000095
S3150201BA406AFDC53A6AFD45BBCD2154BC7AE1EC3C9F
S3150201BA50F014593DA7260ABED6C227BE2AD6EC3E07
S3150201BA60D19E733F2AD6EC3ED6C227BEA7260ABE70
S3150201BA70F014593D7AE1EC3CCD2154BC6AFD45BB3B
S3150201BA806AFDC53A00000080000000000000008047
S3150201BA90000000000000008000000000000000809D
S3150201BAA0F304B53EF30435BFF304B53E000000804E
S3150201BAB0000000000000008000000000000000807D
S3150201BAC000000000000000800000000000000000ED
S3150201BAD03046E2BB3046623C4255403D089EDCBDE3
S3150201BAE0C2F22DBE441AE53EC57C773F441AE53EB5
S3150201BAF0C2F22DBE089EDCBD4255403D3046623C37
S3150201BB003046E2BB00000080000000000000008019
S3150201BB100000000000000080F304B53EF30435BFC7
S3150201BB20F304B53E00000080000000000000008022
S3150201BB30000000000000008000000000000000007C
S3150201BB40B6C3073DB6C387BDF30435BEE1F5D63E9E
S3150201BB50F68E7E3FE1F5D63EF30435BEB6C387BD0A
S3150201BB60B6C3073D0000008000000000000000800F
S3150201BB70F304B53EF30435BFF304B53E000000807D
S3150201BB80000000000000008000000000000000002C
S3150201BB90F30435BEF304B53EB6C3873FF304B53E9F
S3150201BBA0F30435BE00000080F304B53EF30435BF4D
S3150201BBB0F304B53E0000008000000000B6C3873CD6
S3150201BBC0B6C387BCCEE6F8BDCEE6F83DF304353FF3
S3150201BBD0F304353FCEE6F83DCEE6F8BDB6C387BCE3
S3150201BBE0B6C3873C00000080000000000000008010
S3150201BBF000000000F30435BFF304353F0000008066
S3150201BC00000000000000008000000000F304B5BD42
S3150201BC10F304B53DF304353FF304353FF304B53D73
S3150201BC20F304B5BD0000008000000000F30435BF37
S3150201BC30F304353F00000080000000000C050B05EF
S3150201BC4050910102000401047091010207060806DF
S3150201BC5090910102030D020DA8910102000000005C
S3150201BC60000000000000005F00000007000700144A
S3150201BC707F147F14242A7F2A122313086462364909
S3150201BC805522500005030000001C224100004122FA
S3150201BC901C0014083E081408083E0808005030002B
S3150201BCA00008080808080060600000201008040265
S3150201BCB03E5149453E00427F40004261514946217B
S3150201BCC041454B311814127F1027454545393C4AE7
S3150201BCD04949300171090503364949493606494937
S3150201BCE0291E00363600000056360000081422418D
S3150201BCF000141414141400412214080201510906F5
S3150201BD00324979413E7E1111117E7F494949363EBA
S3150201BD10414141227F4141221C7F494949417F09D3
S3150201BD200909013E4149497A7F0808087F00417F96
S3150201BD3041002040413F017F081422417F4040409B
S3150201BD40407F020C027F7F0408107F3E4141413E43
S3150201BD507F090909063E4151215E7F091929464695
S3150201BD604949493101017F01013F4040403F1F20BE
S3150201BD7040201F3F4038403F631408146307087090
S3150201BD8008076151494543007F41410002040816F3
S3150201BD90200041417F00040201020440404040402C
S3150201BDA0000102040020545454787F484444383830
S3150201BDB044444420384444487F3854545418087E35
S3150201BDC00901020C5252523E7F0804047800447D56
S3150201BDD040002040447D007F1028440000417F40FE
S3150201BDE0007C041804787C080404783844444438F6
S3150201BDF07C14141408081414187C7C0804040848DA
S3150201BE0054545420043F4440203C4040207C1C2092
S3150201BE1040201C3C4030403C44281028440C5050E1
S3150201BE20503C4464544C44000836410000007F00F3
S3150201BE3000004136080010080810080000000068DA
S3150201BE4000C01268008025680A0000000A0000008E
S3150201BE500A000000189101022091010210910102CB
S3150201BE602891010200000000BEF3F879EC61F63F69
S3150201BE70DEAA8C80F77BD5BF3D88AF4AED71F53FCF
S3150201BE80DB6DC0A7F0BED2BFB010F0F03995F43F1A
S3150201BE90673A517FAE1ED0BF8503B8B095C9F33F4D
S3150201BEA0E92482A6D831CBBFA564880C190DF33FCC
S3150201BEB05877C00A4F57C6BFA08E0B7B225EF23F50
S3150201BEC000819CC72BAAC1BF3F341A4A4ABBF13F24
S3150201BED05E0E8CCE764EBABFBAE58AF05823F13F92
S3150201BEE0CC1C615A3C97B1BFA70099413F95F03FDF
S3150201BEF01E0CE138F452A2BF000000000000F03F20
S3150201BF000000000000000000AC479AFD8C60EE3F85
S3150201BF108459F25DAAA5AA3FA06A021FB3A4EC3F07
S3150201BF20B42E36AA535EBC3FE6FC6A573620EB3F77
S3150201BF3008DB2077E526C53F2DAAA163D1C2E93FD9
S3150201BF407047220D86C2CB3FED417803E686E83F74
S3150201BF50E17EA0C88B05D13F624853F5DC67E73F16
S3150201BF6009EEB6573004D43FEF39FAFE422EE63FC8
S3150201BF703483B848A30ED0BF6A0BE00B5B57D53F9B
S3150201BF8023410AF2FEFFDFBFFB21F93FFB210940F4
S3150201BF907CD91240FB2119407A6A1F407CD9224082
S3150201BFA0BBFD2540FB2129403A462C407A6A2F40A7
S3150201BFB05C4731407CD932409C6B3440BBFD3540F5
S3150201BFC0DB8F3740FB2139401BB43A403A463C40AD
S3150201BFD05AD83D407A6A3F404C7E40405C474140D8
S3150201BFE06C1042407CD942408CA243409C6B444037
S3150201BFF0AC344540BBFD4540CBC64640DB8F47408E
S3150201C000EB584840FB21494083F9A200444E6E0099
S3150201C010FC291500D1572700DD34F50062DBC0008B
S3150201C0203C999500419043006351FE00BBDEAB0093
S3150201C030B761C5003A6E2400D24D42004906E000BE
S3150201C04009EA2E001C92D100EB1DFE0029B11C004B
S3150201C050E83EA700F535820044BB2E009CE9840028
S3150201C060B4267000417E5F00D691390053833900B0
S3150201C0709CF439008B5F840028F9BD00F81F3B0050
S3150201C080DEFF97000F980500112FEF000A5A8B0069
S3150201C0906D1F6D00CF7E360009CB2700464FB700D4
S3150201C0A09E663F002DEA5F00BA277500E5EBC700E1
S3150201C0B03D7BF100F739070092528A00FB6BEA00D9
S3150201C0C01FB15F00085D8D00300356007BFC460000
S3150201C0D0F0AB6B0020BCCF0036F49A00E3A91D0039
S3150201C0E05E619100081BE60085996500A0145F0058
S3150201C0F08D40680080D8FF0027734D000606310087
S3150201C100CA561500C9A873007BE260006B8CC00099
S3150201C11000000040FB21F93F000000002D44743E5F
S3150201C120000000809846F83C0000006051CC783B44
S3150201C13000000080831BF0390000004020257A3878
S3150201C140000000802282E336000000001DF36935FB
S3150201C15002000000030000000400000006000000C7
S3150201C1602E006E6600696E69747900616E00430085
S3150201C170504F5349580042616C6C6F63207375636B
S3150201C180636565646564002F646174612F6A656E17
S3150201C1906B696E732F776F726B73706163652F476D
S3150201C1A04E552D746F6F6C636861696E2F61726D86
S3150201C1B02D31332F7372632F6E65776C69622D632E
S3150201C1C0796777696E2F6E65776C69622F6C696222
S3150201C1D0632F7374646C69622F6764746F612D6770
S3150201C1E065746865782E63005245454E54206D612B
S3150201C1F06C6C6F6320737563636565646564002F98
S3150201C200646174612F6A656E6B696E732F776F72E3
S3150201C2106B73706163652F474E552D746F6F6C6337
S3150201C2206861696E2F61726D2D31332F7372632FBF
S3150201C2306E65776C69622D63796777696E2F6E65B4
S3150201C240776C69622F6C6962632F7374646C6962BD
S3150201C2502F6D707265632E6300232D302B200068CB
S3150201C2606C4C0065666745464700303132333435DA
S3150201C2703637383941424344454600303132333448
S3150201C2803536373839616263646566003400000009
S3150201C290CEFBFFFFCB0300000100000000000000FF
S3150201C2A035000000CEFBFFFFCB03000001000000BA
S3150201C2B00000000000000000BC89D897B2D29C3C65
S3150201C2C033A7A8D523F649393DA7F444FD0FA53274
S3150201C2D09D978CCF08BA5B25436FAC64280668111B
S3150201C2E005000000190000007D00000000000000AA
S3150201C2F00080E03779C34143176E05B5B5B8934659
S3150201C300F5F93FE9034F384D321D30F94877825A24
S3150201C3103CBF737FDD4F1575000000000000F03F42
S3150201C3200000000000002440000000000000594007
S3150201C3300000000000408F40000000000088C3405A
S3150201C34000000000006AF8400000000080842E41CF
S3150201C35000000000D01263410000000084D797411B
S3150201C3600000000065CDCD41000000205FA0024221
S3150201C370000000E876483742000000A2941A6D4296
S3150201C380000040E59C30A2420000901EC4BCD64289
S3150201C39000003426F56B0C430080E03779C3414334
S3150201C3A000A0D8855734764300C84E676DC1AB43AA
S3150201C3B0003D9160E458E143408CB5781DAF1544C8
S3150201C3C050EFE2D6E41A4B4492D54D06CFF08044A3
S3150201C3D0F64AE1C7022DB544B49DD9794378EA44B8
S3150201C3E0002020202020202020202828282828203C
S3150201C3F02020202020202020202020202020202034
S3150201C400208810101010101010101010101010109B
S3150201C410100404040404040404040410101010108B
S3150201C4201010414141414141010101010101010155
S3150201C43001010101010101010101010110101010A7
S3150201C4401010424242424242020202020202020227
S3150201C450020202020202020202020202101010107B
S3150201C46020000000000000000000000000000000A3
S3150201C47000000000000000000000000000000000B3
S3150201C48000000000000000000000000000000000A3
S3150201C4900000000000000000000000000000000093
S3150201C4A00000000000000000000000000000000083
S3150201C4B00000000000000000000000000000000073
S3150201C4C00000000000000000000000000000000063
S3150201C4D00000000000000000000000000000000053
S3150201C4E0000000004275696C7420776974682052F5
S3150201C4F0656E6573617320416476616E636564205E
S3150201C500466C657869626C6520536F6674776172F1
S3150201C51065205061636B6167652076657273696F29
S3150201C5206E20362E342E3000362E342E3000000088
S3090201C53000000406F4
S3090201C534F8B500BF8E
S3090201C538F8B500BF8A
S3090201C53C5D0400028F
S3090201C54035040002B3
S30D0201C544D87EFF7F0100000011
S30902C9F040FFFFFFFFFF
S30902C9F044EFFFFFFF0B
S30902C9F0C0FFFFFFFD81
S30902C9F0C4FFFFFFFF7B
S30902C9F120000000001A
S30902C9F1240000000016
S7050200915D0A
