S017000074726F6E5F70646D5F6465746563742E73726563D2
S31502000000A008042211A10002AD9E00020DA1000269
S315020000100DA100020DA100020DA100020DA1000218
S315020000200000000000000000000000000DA1000218
S315020000300DA10002000000000DA100020DA10002A8
S31502000040BD7D0002517F00027580000259810002C7
S315020000509D8F00026D9100025D760002B576000268
S30902000060F19500020C
S3150200006400000000000018A00000000000000000CC
S315020000740000000001010000020900000000000067
S315020000849CBF02028A0200000100000080BF020235
S315020000940102000070BF020260BF020210000000EB
S315020000A400000000000000000102000050BF02022E
S315020000B460BF020210000000000000000000000001
S315020000C40102000040BF020260BF020210000000EB
S315020000D400000000000000000102000030BF02021E
S315020000E460BF0202100000000000000000000000D1
S315020000F40102000020BF020214BF0202080000002F
S3150200010400000000000000000102000000BF02021D
S31502000114ECBE02021400000001000000D0BE02027E
S3150200012401090000C0BA0202B4BA020210040000B5
S3150200013401000000A0BA02020102000060BA020233
S3150200014454BA02024000000001000000C0B90202D3
S315020001540109000040B8020220B802028001000030
S3150200016401000000D0B7020201020000B0B7020289
S315020001749CB70202200000000100000048B70202F8
S315020001840109000010B60202F8B5020238010000A5
S3150200019401000000C8B502020209000000000000C6
S315020001A4B4B502028A0200000100000080BF020206
S315020001B40209000000000000A0B50202900100003E
S315020001C40100000084B502020209000000000000DA
S315020001D470B50202900100000100000084B502021B
S315020001E402090000000000005CB50202C80000001B
S315020001F40100000084B502020209000000000000AA
S3150200020448B50202C80000000100000084B50202DB
S31502000214020900000000000034B502029001000049
S315020002240100000020B502020209000000000000DD
S315020002340CB50202900100000100000020B5020282
S315020002440209000000000000F8B40202D000000017
S315020002540100000020B502020209000000000000AD
S31502000264ECB40202D00000000100000020B5020234
S315020002740209000000000000E0B4020205000000CA
S3150200028401000000C4B402020209000000000000DA
S31502000294E0B402020500000001000000B0B402024C
S315020002A40000000001030000990B01020B0000008C
S315020002B400800000000000000000000001030000AE
S315020002C4FDDE00020A000000000400000000000037
S315020002D4000000000103000085E100020A0000009C
S315020002E400800000000000004E4E3A202D206D735F
S315020002F400000000000000000000000000000000F2
S3150200030400000000000000000000000000000000E1
S3150200031400000000000000000000000000000000D1
S31502000324000000000000000044455445435445447F
S315020003343A202D000000000000000000000000002A
S3150200034400000000000000000000000000000000A1
S315020003540000000000000000000000000000000091
S315020003640000000000000000000000000000000081
S31502000374200300220000000000000000000000002C
S31502000384A8C00422A9650E00A8680102B068010289
S3150200039401000000C0680102030000008A02000096
S315020003A4803E000001000000803E000000000000C4
S315020003B400000000000000000000803D00007A46B4
S315020003C401000000B4030022010000001CD802024E
S315020003D401000000FCD7020201020100CC680102FE
S315020003E4A00F000004000500200400220100000002
S315020003F400000000000000C30000803B0100000072
S315020004040300000038D80202010101003CD80202AE
S3150200041400000000020000008A020000F521010229
S31502000424D803002210C104220100000001000000CA
S3150200043400000000000000000200000004000000AA
S315020004440100000018040022000000000D00000054
S315020004540AD7A33C0AD7A33C2000000000010000EF
S3150200046465000000000000000000000048E17A3F39
S315020004740100000001000000D4680102000000002F
S31502000484DC680102E4680102EC680102F468010214
S31502000494FC680102010000000000000003000000E5
S315020004A424C10422480400220000000024C10422BC
S315020004B48CC10422F4C104220000000000000000E2
S315020004C40000000000000000000000000000000020
S315020004D40000000000000000000000000000000010
S315020004E40000000000000000000000000000000000
S309020004F400000000FC
S315020005000348044B834202D0034B03B1184770479A
S31502000510940400229404002200000000064B0749BE
S31502000520C91A891048BF0131491003D0044B0BB1D7
S3150200053001481847704700BF940400229404002221
S315020005400000000010B5064C237843B9FFF7D8FF28
S31502000550044B13B10448AFF300800123237010BD8E
S31502000560002D04220000000028F1C90208B5054B3F
S315020005701BB105490548AFF30080BDE80840FFF707
S31502000580CDBF00BF00000000042D042228F1C902DD
S315020005900BF042B9022800D0704708B54FF47A71C1
S315020005A0C82009F03FFC0449044807F0B3F9BDE846
S315020005B00840012009F042BDA44801021C2D042274
S315020005C008B5FFF7E5FF002008BD00BF2DE9F04F93
S315020005D085B0BDF93860BDF93CC056B3BCF1000F19
S315020005E027DD98460023A2F1100722F00F0B914651
S315020005F01A463744A8F110066644BFB2B6B207F1EE
S315020006000F0E2EF00F0E06F10F0C2CF00F0C28F029
S315020006100F0A6BF30F036EF30F020D466AF31F43C5
S315020006206CF31F4202A904460293039206F07CFA77
S3150200063018B9002005B0BDE8F08F2046294605F01E
S3150200064083FA95F8D5303FB2980736B233D4D90734
S3150200065000F14A8100232946204602AA009302F0AD
S3150200066013FD064600232946204602AA04F03CFE54
S315020006700023294602AA204605F0FCFF0022D4F8F0
S31502000680B83103F10801C4F8B811C3E90026D4F859
S31502000690BC31013B9342C4F8BC3103DC2046D4F89A
S315020006A0C03198472046002202A905F00BFD012021
S315020006B005B0BDE8F08FDA0700F1168149EA0703B3
S315020006C048EA06021B0702F00F0200F0C982BDF9D2
S315020006D00830D4F8B811A3EB09031B0303F58033E2
S315020006E001F10800C4F8B8014B6004230B60D4F88A
S315020006F0BC31013BC4F8BC31002A00F00582002B54
S3150200070003DC2046D4F8C03198470A214FF48032E0
S31502000710D4F8B83103F10800C4F8B801C3E90012ED
S31502000720D4F8BC31013B002BC4F8BC3103DC2046B3
S31502000730D4F8C031984700221021D4F8B83103F119
S315020007400800C4F8B801C3E90012D4F8BC31013B71
S315020007509342C4F8BC3103DC2046D4F8C031984732
S315020007600521BDF90830D4F8B821FF1A3B0303F579
S31502000770803302F10800C4F8B801C2E90013D4F8C4
S31502000780BC31013B002BC4F8BC3103DC2046D4F853
S31502000790C03198470B22D4F8B831DA4903F1080080
S315020007A0C4F8B801C3E90021D4F8BC31013B002BDF
S315020007B0C4F8BC3103DC2046D4F8C0319847002285
S315020007C01121D4F8B83103F10800C4F8B801C3E91D
S315020007D00012D4F8BC31013B9342C4F8BC3103DCAD
S315020007E02046D4F8C03198470621BDF90A30D4F81C
S315020007F0B821A3EB08031B0303F5803302F10800BB
S31502000800C4F8B801C2E90013D4F8BC31013B002B8D
S31502000810C4F8BC3103DC2046D4F8C0319847D4F87A
S31502000820B831002103F10802C4F8B8210C22C3E949
S315020008300021D4F8BC31013B8B42C4F8BC3103DC45
S315020008402046D4F8C0319847D4F8B8314FF48031F5
S3150200085003F10802C4F8B8211222C3E90021D4F830
S31502000860BC31013B002BC4F8BC3103DC2046D4F872
S31502000870C03198470721BDF90A30D4F8B821F61AD3
S31502000880330303F5803302F10800C4F8B801C2E964
S315020008900013D4F8BC31013B002BC4F8BC3103DC95
S315020008A02046D4F8C031984700220D21D4F8B83139
S315020008B003F10800C4F8B801C3E90012D4F8BC3148
S315020008C0013B9342C4F8BC3103DC2046D4F8C03164
S315020008D098471322D4F8B83103F10801C4F8B811C5
S315020008E08849C3E90021F7E00421BDF90830D5F8AB
S315020008F01021A3EB090302FB03F302EB1312D4F854
S31502000900B83103F10800C4F8B801C3E90012D4F8FB
S31502000910BC31013B002BC4F8BC3140F37E810A2274
S31502000920D4F8B831D5F8101103F10800C4F8B801AB
S31502000930C3E90021D4F8BC31013B002BC4F8BC3119
S3150200094040F3898100221021D4F8B83103F108005E
S31502000950C4F8B801C3E90012D4F8BC31013B934292
S31502000960C4F8BC3140F372810521BDF90830D5F8CF
S315020009701021FB1A02FB03F302EB1312D4F8B8316F
S3150200098003F10800C4F8B801C3E90012D4F8BC3177
S31502000990013B002BC4F8BC3140F353810B21D5F83F
S315020009A010315A42D4F8B83103F10800C4F8B8013C
S315020009B0C3E90012D4F8BC31013B002BC4F8BC31A8
S315020009C040F33A8100221121D4F8B83103F108002C
S315020009D0C4F8B801C3E90012D4F8BC31013B934212
S315020009E0C4F8BC3140F30F810621BDF90A30D5F8AF
S315020009F01021A3EB080302FB03F302EB1312D4F854
S31502000A00B83103F10800C4F8B801C3E90012D4F8FA
S31502000A10BC31013B002BC4F8BC3140F3EF80D4F863
S31502000A20B831002103F10802C4F8B8210C22C3E947
S31502000A300021D4F8BC31013B8B42C4F8BC3140F3EF
S31502000A40E7801222D4F8B831D5F8101103F1080064
S31502000A50C4F8B801C3E90021D4F8BC31013B002B2C
S31502000A60C4F8BC3140F3C580BDF90A30D5F810216F
S31502000A70F31A02FB03F302EB13120723D4F8B8119D
S31502000A8001F10800C4F8B801C1E90032D4F8BC315A
S31502000A90013B002BC4F8BC3140F3C98000220D2172
S31502000AA0D4F8B83103F10800C4F8B801C3E900125A
S31502000AB0D4F8BC31013B9342C4F8BC3140F3B28056
S31502000AC0D4F8B831D5F8102103F10801C4F8B811E9
S31502000AD013215242C3E90012D4F8BC31013B002B68
S31502000AE0C4F8BC3103DC2046D4F8C03198470F263F
S31502000AF0042300962946204602AA02F0C5FA0646B3
S31502000B00B0E500BF0000FFFF002B03DC2046D4F84F
S31502000B10C0319847D4F8B8314FF4803103F1080256
S31502000B20C4F8B8210A22C3E90021D4F8BC31013B3A
S31502000B30002BC4F8BC3103DC2046D4F8C0319847F8
S31502000B40D4F8B831002103F10802C4F8B821102202
S31502000B50C3E90021D4F8BC31013B8B42C4F8BC3155
S31502000B6003DC2046D4F8C03198470521BDF9083088
S31502000B70D4F8B821FB1A1B0303F5803302F10800EF
S31502000B80C4F8B801C2E90013D4F8BC31013B002B0A
S31502000B90C4F8BC3103DC2046D4F8C03198470B2296
S31502000BA0D4F8B83103F10801C4F8B8117449C3E99D
S31502000BB00021D4F8BC31013B002BC4F8BC3103DC64
S31502000BC02046D4F8C031984700221121D4F8B83112
S31502000BD003F10800C4F8B801C3E90012D4F8BC3125
S31502000BE0013B9342C4F8BC3140F3C480032602237E
S31502000BF07FE72046D4F8C031984735E72046D4F837
S31502000C00C03198470BE72046D4F8C0319847EBE647
S31502000C102046D4F8C031984713E72046D4F8C031AD
S31502000C2098477CE62046D4F8C031984748E72046E4
S31502000C30D4F8C031984731E72046D4F8C0319847F6
S31502000C40C0E62046D4F8C0319847A7E62046D4F835
S31502000C50C031984788E62046D4F8C031984771E6F5
S31502000C60002A3FF4F7AC0421BDF90A30D4F8B821C2
S31502000C70A3EB08031B0303F5803302F10800C4F853
S31502000C80B801C2E90013D4F8BC31013B002BC4F809
S31502000C90BC3103DC2046D4F8C0319847D4F8B831C9
S31502000CA0002103F10802C4F8B8210A22C3E900218F
S31502000CB0D4F8BC31013B8B42C4F8BC3103DC20467C
S31502000CC0D4F8C0319847D4F8B8314FF4803103F1E3
S31502000CD00802C4F8B8211022C3E90021D4F8BC31B5
S31502000CE0013B002BC4F8BC3103DC2046D4F8C031EA
S31502000CF098470521BDF90A30D4F8B821F31A1B0327
S31502000D0003F5803302F10800C4F8B801C2E9001302
S31502000D10D4F8BC31013B002BC4F8BC3103DC2046BD
S31502000D20D4F8C031984700220B21D4F8B83103F128
S31502000D300800C4F8B801C3E90012D4F8BC31013B7B
S31502000D409342C4F8BC3103DC2046D4F8C03198473C
S31502000D501122D4F8B83103F10801C4F8B8110849D0
S31502000D60C3E90021D4F8BC31013B002BC4F8BC31E5
S31502000D703FF73CAF2046D4F8C031984736E700BF6C
S31502000D800000FFFF30B594468E461C4683B0BDF97F
S31502000D901850816A72466346CDE90045FFF716FC94
S31502000DA0002003B030BD00BF10B582B0BDF91040BF
S31502000DB000930194B0F86EE0B0F87030134401EB82
S31502000DC00E021BB2C16A12B2FFF700FC002002B08B
S31502000DD010BD00BF2DE9F04FB0F96C4091B0002C68
S31502000DE0BDF968C044DD102C0F4606469846C16A16
S31502000DF00BD091F8D730012B3ED1B1F9D830A342AE
S31502000E003ADD91F8D530DB0736D41FFA8CFA95B263
S31502000E10A2B2AB1AB8B20AEB420B0FFA83F90FFA77
S31502000E208BFB821A4B46079012B230460094CDF8DD
S31502000E3004B0FFF7CBFBCDE900844B463A46F16A94
S31502000E403046FFF7C3FB0798CDF804B000EB080263
S31502000E5000944B46F16A12B230465544FFF7B6FB90
S31502000E60F16A3A463046CDE900842BB2FFF7AEFB73
S31502000E70002011B0BDE8F08FBFB292B2A8F1080807
S31502000E80ACF1080C94440194B844C4F34F04083FEF
S31502000E90083A3F1B121BA044644492B2BFB21FFA27
S31502000EA088F8A4B2ADF82220ADF82620ADF820705D
S31502000EB0ADF82C70ADF82480ADF82880ADF82A4044
S31502000EC0ADF82E40002304259DED907E0CAA82EDFE
S31502000ED0807E3046CDE903330295009504F0C8FAC8
S31502000EE0002011B0BDE8F08F2DE9F04105461C4601
S31502000EF00F46904682B0BDF9206020340096FFF777
S31502000F0069FF2036284604F0E1FD36B2A8F1100347
S31502000F10A7F1100224B2A96A1BB212B22846CDE981
S31502000F200046FFF753FB284604F0F4FD002002B00A
S31502000F30BDE8F0812DE9F04104460E4617461D46EE
S31502000F4082B0BDF920800093CDF80480B0F87030ED
S31502000F501344B0F86E201BB20A4412B2C16AFFF7FC
S31502000F6035FB204604F0B2FDA16A3B4632462046D6
S31502000F70CDE90058FFF72AFB204604F0CBFD0020FE
S31502000F8002B0BDE8F08100BF2DE9F0410446D0F879
S31502000F907230D0F87620806E82B0C7060D46CDE953
S31502000FA00032616C01D403294FDD204601F098F826
S31502000FB01922D4F8B83103F10801C4F8B811C3E90B
S31502000FC00025D4F8BC31013B002BC4F8BC3103DC4C
S31502000FD02046D4F8C03198470022D4F8B83103F13C
S31502000FE00801C4F8B811C3E90022D4F8BC31013BA8
S31502000FF09342C4F8BC3103DC2046D4F8C03198478A
S315020010000121636DD4F8B82143F0A07343F48053F1
S3150200101002F10800C4F8B801C2E90013D4F8BC31E1
S31502001020013B002BC4F8BC3103DC2046D4F8C031A6
S31502001030984700222046694605F044F8204601F00A
S315020010404FF8002002B0BDE8F081042797FBF1F7C4
S31502001050206C90FBF7F107FB11000028A5D1E16B8C
S315020010608E07A2D1E16C88079FD143F30B100FFACA
S3150200107083FC002899D1013942F30B10884216B23B
S3150200108093D1A16C072900F3CB80002910DB072935
S315020010900ED8DFE801F004D90DC80D0DC2B205F075
S315020010A07F4141EA15612D0E41EA054141EA0525D6
S315020010B0A6EB0C0820461E14C6EB224601F010F8D9
S315020010C01922D4F8B8314FEA281803F10801C4F8F6
S315020010D0B811C3E90025D4F8BC313611013B002B07
S315020010E008F1010806F10106C4F8BC3103DC20460A
S315020010F0D4F8C0319847D4F8B83103F10802C4F8DD
S31502001100B8210022C3E90022D4F8BC31013B934244
S31502001110C4F8BC3103DC2046D4F8C0319847D4F871
S31502001120B831624903F10802C4F8B8210122C3E9C1
S315020011300021D4F8BC31013B002BC4F8BC3103DCDE
S315020011402046D4F8C0319847236C1F2193FBF7F34E
S31502001150D4F8B8219BB202F10800C4F8B8011160B4
S315020011605360D4F8BC31013B002BC4F8BC3103DC1C
S315020011702046D4F8C0319847B8FBF7F31E21D4F8BD
S31502001180B82143EA064302F10800C4F8B801C2E9ED
S315020011900013D4F8BC31013B002BC4F8BC3103DC8C
S315020011A02046D4F8C0319847636C022B6BD0042BCF
S315020011B057D0012B7FF442AF2020BDF90220BDF9A2
S315020011C00030216C12111B1101FB0233D4F8B82135
S315020011D0E16B02F108051944C4F8B851C2E90001ED
S315020011E0D4F8BC31013B002BC4F8BC313FF726AF23
S315020011F02046D4F8C031984720E705F0F0014FEABF
S31502001200152E41EA157128090EF47045294300F49A
S315020012107060014301EB01454AE74FEA356547E74E
S3150200122041297FF445AF290C280B00F4706001F4C4
S3150200123070410143280A00F0F000C5F3031501438B
S31502001240294301EB014533E7290A680901F478418C
S3150200125000F4FC60C5F3C4050143294301EB0145D3
S3150200126026E7BDF90220BDF90030216C12111B11CF
S3150200127001FB0233D4F8B821E16B202002F1080504
S3150200128001EB8301A8E7BDF90220BDF90030216C0C
S3150200129012111B1101FB0233D4F8B821E16B202095
S315020012A002F1080501EB430196E700BF0010600159
S315020012B02DE9F04106464FF4BE7003F093FF044653
S315020012C0002800F096806FF07F424FF07F43466021
S315020012D0C4E902224FF4B05200254FF48031C4E92A
S315020012E05333C4F854314FF0FF3702201023C4F8A9
S315020012F01C214FF47032C4F8101184F8D50027610E
S31502001300C4F8285184F80E51A382D6F88030C4F866
S315020013103421042284F8E9204FF4002213F0006FEE
S315020013203B4B08BF4FF480039FED356B9FED367B39
S3150200133040F2011E4FF0400CC4F82C214FF0AA08CF
S315020013400122C4E94F55C4F82031C4F84451706DE6
S3150200135084ED317F034343F4012343F4C063C4E9BC
S315020013604581C4F82431C4F83011C4F8162084F833
S31502001370D420A4F8D6E0C4F8D8C004F11C0084F83E
S315020013800F51C4E93F55A4F80C21C4E94155C4F8EC
S31502001390485101F071FE04F1340001F06DFE04F1D2
S315020013A04C0001F069FE04F1640001F065FE04F1EF
S315020013B07C0001F061FE04F1940001F05DFE04F18F
S315020013C0AC0001F059FE0C22124B3046C4F8E43050
S315020013D02146C4E93757C4F8387184F8E82005F085
S315020013E031F8F36920462360F46186F8C651BDE8F8
S315020013F0F081012586F8C6512046BDE8F08100BF7E
S31502001400AA00000004000000000000001000000016
S31502001410080040200103030303464FF0000C10B4FA
S315020014205C6A023122F07F4244F82120596A604602
S3150200143091F80E2142F0010281F80E2183F8C6C10D
S315020014405DF8044B704700BF00B5436A024693F845
S3150200145012C093F80E018C4540F0010E18BF40F001
S31502001460070083F80EE118BF83F80E01987D997480
S31502001470C0074FF0000044BF0906C3F84C1182F8BA
S31502001480C6015DF804FB00BF00B5436A024693F845
S3150200149016C093F80E018C4540F0010E18BF40F0BD
S315020014A00700997583F80EE118BF83F80E01C90784
S315020014B058BF4FF07F414FF0000044BF997C0906A8
S315020014C0C3F84C1182F8C6015DF804FB10B4446AF5
S315020014D0032994F80E31844643F0010384F80E3151
S315020014E027D81A4B53F82110032A22D8DFE802F034
S315020014F02B04022841F480610022D4F82001D4F89A
S315020015002C31C4F81C110343DCF854000343D4F80D
S315020015103C010343D4F840010343D4F84401034396
S315020015200B43C4F824318CF8C62110465DF8044BEF
S31502001530704710228CF8C62110465DF8044B70479E
S3150200154041F4A051D8E741F48051D5E7AC4D0102F0
S3150200155030B4426A034692F8D50059B1002440F0ED
S3150200156002010020C2F8284182F8D51083F8C6018C
S3150200157030BC70474FF480354FF0100C4FF4FC44EA
S3150200158000F0FC01C2F81051A2F814C0E9E700BF4E
S315020015906FF07F43D0F84C11027C90F811C0090A13
S315020015A001FB023201FB0C3390F80E1102F07F426E
S315020015B003F07F4321F00201C0E9542380F80E11A3
S315020015C0704700BF2DE9F04F87B0BDF944E0BDF981
S315020015D0407091F8D5B01FFA8EFCA7EB0C061BF0F3
S315020015E0010FA3EB0C0C1546DDE9128904461FFA1E
S315020015F086FA1FFA8CF0149A36B20FFA8CFC00F0B7
S31502001600C680C3F108030393C7F10803049306FBDC
S3150200161006F30CFB0C3303F1FF00002BB8BF0346A5
S31502001620B1F914A0D1F8100166440EEBDE7106EB97
S315020016306106F117A6FB00764FEAE37B059700FBEE
S3150200164001661F12002A40F0528172464FF078401E
S31502001650D3174FF0FF3111F081FC524650EA0F21A9
S31502001660D31711F07BFC0BFB00FB07FB01BBA0FBB6
S3150200167007371BEB070702D50F3347F100079A46D8
S31502001680BB46059B019600935AEA2F1BDDE90067CC
S3150200169056EA0F17BAEB06026BEB07061346321E23
S315020016A002DAFF3342F100021E46174600290B46B4
S315020016B056EA2F2705DA40F6FF73C318184641F19A
S315020016C000039B4682465AEA2F3B039B2A1D03FBD5
S315020016D00AF77F00002F07F10F03B8BF1F46049BCE
S315020016E03F1103FB0AFB4FEA4B0B0BF10F03BBF156
S315020016F0000FB8BF9B46D4F8B8314FEA2B1B03F153
S315020017000801B9F1000F7CD07642A6EB0806C4F8B0
S31502001710B8111A605E60D4F8BC31013B002BC4F8E4
S31502001720BC3103DC2046D4F8C0319847D4F8B8312E
S315020017307F4203F10802C4F8B8216A1D5F601A608D
S31502001740D4F8BC31013B002BC4F8BC3103DC204683
S31502001750D4F8C0319847D4F8B831CBF1000703F179
S315020017600802C4F8B82105F11002C3E90027D4F82B
S31502001770BC31013B002BC4F8BC3103DC2046D4F853
S31502001780C0319847D4F8B831CAEBCA7A74E050EA45
S315020017900A0000F09980C3F10801724BC7F10807ED
S315020017A093FBFEFA06FB06F366440CFB0C3C8CFB31
S315020017B00A2C63464FEAEA0A0AFB01F10AFB07FB17
S315020017C04F004FEA4B0B002F52EAEF2307F10F03AC
S315020017D0B8BF1F46BBF1000F0BF10F03B8BF9B4604
S315020017E00EEBDE7E06EB6E06A2EB06363F114FEAE5
S315020017F02B1BD4F8B8312A1D03F10801B9F1000FE9
S3150200180082D14644C4F8B811C3E90026D4F8BC31E3
S31502001810013B002BC4F8BC3103DC2046D4F8C031AE
S315020018209847D4F8B8316A1D03F10801C4F8B81113
S31502001830C3E90027D4F8BC31013B002BC4F8BC3104
S3150200184003DC2046D4F8C0319847D4F8B83103F106
S315020018500802C4F8B82105F11002C3E9002BD4F836
S31502001860BC31013B002BC4F8BC3103DC2046D4F862
S31502001870C0319847D4F8B83103F108014FEA4A0655
S3150200188005F10B02C4F8B811C3E90026D4F8BC313D
S31502001890013B002BC4F8BC3103DC2046D4F8C0312E
S315020018A09847D4F8B831113503F10802C4F8B821C3
S315020018B0C3E90056D4F8BC31013B002BC4F8BC3155
S315020018C049DD07B0BDE8F08F274BCEF1080793FB41
S315020018D0FEFA0AFB07F77F00002F07F10F03B8BFD6
S315020018E01F46CEEB4E563F11BB46F60281E7D4F8B1
S315020018F080305B017FF5A9AE4FF0784393FBFEF390
S315020019009B0193FBFAF3039A4FEA231A049902FB0B
S315020019100AF201FB0AFB002A83FB071002F1070306
S31502001920B8BF1A46BBF1000F0BF10703B8BF9B46BF
S3150200193000284FEAE2074FEAEB0B04DA11F10F0334
S31502001940194640F100000A46034652EA2F1305994A
S31502001950A2EB81064DE72046D4F8C03107B0BDE8B8
S31502001960F04F18470000C0FF0000F8FFF8B5064622
S3150200197014200D46B76903F035FC002835D0002344
S315020019808560C360B36E044605EB8505D8074FEA4A
S31502001990850113D5084603F025FC606010B30023C9
S315020019A02361B36ED90705D4D6F88430DA0613D488
S315020019B09B0707D4002323602046F8BD304603F078
S315020019C04FFCEAE7A268042102EB82023846920043
S315020019D007F008FC2061EDE70146384607F00CFCEB
S315020019E02061E7E7204603F0FFFB0024E4E700BF9F
S315020019F0F8B5876911B306460C460CE0304603F08B
S31502001A0051FC2A691AB1D6F884309B070DD42846B0
S31502001A1003F0EAFB94B12546B36E2468DA076968D7
S31502001A20ECD5084603F0E0FBEBE73846042107F065
S31502001A30DDFB284603F0D8FB002CECD1F8BD00BF35
S31502001A4010B583680446186838B100224368C2603C
S31502001A5023618368A060E36110BD216A2068FFF7F5
S31502001A6085FF10B1A3681860EFE71522236883F893
S31502001A70C72110BD2DE9F0414569044682B0002D0B
S31502001A803CD0C169AB69002933D10268012BD2F877
S31502001A90188040F2978086682F69B268736802EBF5
S31502001AA0820203EB820307EB8207F26800690AB13E
S31502001AB01760F160834207D91A1A013A22F003022B
S31502001AC08021043211F068FED6E90123102603EBC9
S31502001AD0830329699B004046009607F091FBAB6998
S31502001AE02F61013BAB61204602B0BDE8F041FFF732
S31502001AF0A7BF012B23D002B0BDE8F08140F2FF312F
S31502001B000369774A1A6003695D6006698368321D54
S31502001B10DA600369996003F10C02C3690261013B51
S31502001B20C0E90653FFF78CFF236893F9C731002BF0
S31502001B307DD1A3685B68736002B0BDE8F081E96994
S31502001B4002680129D2F8188041D9EE680139A768DE
S31502001B50E9617068002800F0AE80FB68002B55D062
S31502001B6018600023FB60A2692369032A0FD8DFE805
S31502001B7002F05840023340F2FF311A88D96042F02F
S31502001B80004242F400021A6003F1100222610021AF
S31502001B901027E369A268013BE361A161D2E901234F
S31502001BA003EB830329699B004046009707F028FB55
S31502001BB07368002B97D0331DEB6072686B692A61DC
S31502001BC0AB6190E7E9690129BFD88CD1012B04BF2B
S31502001BD0152382F8C73186E71A6822F07F4242F05F
S31502001BE000421A6040F2FF321A61236914332361FC
S31502001BF0CDE740F2FF311A78996042F0802242F432
S31502001C0000021A6003F10C022261C0E72369344A1A
S31502001C101A60236958602369A2680433D360236972
S31502001C20083340F2FF3243F8042B2361AFE72369FE
S31502001C30A269A3F10C012161032A11D8DFE802F09F
S31502001C40162D1E0240F2FF3153F80C2C596022F079
S31502001C507F4242F0004243F80C2C2369143323617D
S31502001C600022E369013BC4E9062344E740F2FF315F
S31502001C70A3F1080243F80C1C2261F1E7194640F26F
S31502001C80FF3033F80C2C42F0004242F4000243F8D3
S31502001C900C2C41F8040B2161E2E740F2FF3113F804
S31502001CA00C2C43F8041C42F0802242F4000243F852
S31502001CB00C2C2361D4E7AA68042102EB8202404677
S31502001CC0920007F08FFA706000287FF446AF012277
S31502001CD0236883F8C721706800283FF444AF3CE7C5
S31502001CE03280808083690269032B0CD8DFE803F017
S31502001CF0100220111146137843F0802343F40003A7
S31502001D0041F8083B01610022C369013BC0E9062391
S31502001D10704711461368002223F07F4343F00043C5
S31502001D2041F8103BC3690161013BC0E90623EFE7B5
S31502001D3011461388002243F0004343F4000341F89E
S31502001D400C3BC3690161013BC0E90623E0E700BF22
S31502001D5010B504460068816E11F0200104D13B22C1
S31502001D6000F5BC7011F018FD63686269C4E90233BC
S31502001D7062B11368D36063691A6812681A6163698B
S31502001D805A68DA6163695A699A6163680022596816
S31502001D9021619B68E262C4E9062310BD2DE9F04782
S31502001DA04FF000080D4686692C6814F0803F14D067
S31502001DB0B4F1803F3DD02204E7B23CD5322F00F089
S31502001DC09680394630466A6801F032FA202F65D08D
S31502001DD0AC68083514F0803FEAD15FFA84FA5146BE
S31502001DE030466A6801F024FABAF1200FC4F30729D3
S31502001DF0C4F307474FEA14644CD049463046AA68F2
S31502001E0001F016FAB9F1200F40D039463046EA6899
S31502001E1001F00EFA202F35D0214630462A6901F00C
S31502001E2007FA202C2AD01435BEE7002C42DBFF2FFE
S31502001E3017D00435B8E72302F7D5FF2FC4F30724DA
S31502001E4030D0394630466A6801F0F2F9202F55D073
S31502001E5021463046AA6801F0EBF9202C4AD00C350F
S31502001E60A2E7C4F30728B8F1020F02D0B8F1040FB3
S31502001E703DD13046043501F0E1F995E7304601F0EF
S31502001E80DDF9D0E7304601F0D9F9C5E7304601F071
S31502001E90D5F9BAE7304601F0D1F9AEE7304601F09E
S31502001EA0CDF995E7022C21D1304601F0C7F9A046BB
S31502001EB0043579E7394630466A6801F0B9F9202FC8
S31502001EC0C4F30729C4F3074424D049463046AA6816
S31502001ED001F0AEF9B9F1200F18D021463046EA6872
S31502001EE001F0A6F9202C0DD010355DE7A04640463C
S31502001EF0BDE8F087304601F0A1F9B0E7304601F0BF
S31502001F009DF9A5E7304601F099F9EDE7304601F073
S31502001F1095F9E2E7304601F091F9D6E72DE9F04F5F
S31502001F20876EC468D0E96D5117F02007A1EB05084A
S31502001F3081462268A66983B04FEAE80851D1A942D0
S31502001F40236945D002F5BC718946DFF890A10835B0
S31502001F5002F18C0B019005E00137B84505F1080541
S31502001F6034D9226892F9C72103EB860E701C6ABB2C
S31502001F7055E9022C1AF8021061B119F9021019B1C9
S31502001F805BF822106145E7D04FF0010109F8021013
S31502001F904BF822C09A55CEF804C0E26A10F0030646
S31502001FA002F10102E262D7D1E2692369013A1433EE
S31502001FB0012A2361E261CFD82046A6610137FFF7E5
S31502001FC059FDB845236905F10805CAD8DDF804901C
S31502001FD0A6614023D9F8B421C9E96E2303B0BDE84E
S31502001FE0F08FE36A4344E36292F9C731002BF0D1E2
S31502001FF026B32069B8F1000FEBD0424605F108037B
S3150200200001E0083386B153E90217013A815500EB24
S31502002010860106F101061D464F6006F0030608F129
S31502002020FF38EED1002ED4D1002223691433236166
S31502002030E369013B012BC4E906234BD95FEA980702
S315020020404FF0000605D125E00136BE4205F1200516
S3150200205020D0236893F9C731E3B92A6823691A7035
S31502002060AA685A702A699A70AA69DA706A685A6006
S31502002070EA689A606A69DA60EA691A61E36922695A
S31502002080013B1432012B2261E361DDD82046FFF7C2
S31502002090F1FCD9E718F003089BD008F1010805F115
S315020020A0080305EBC805AC460EE0A169206953E9B1
S315020020B002574A1C083300EB810602F0030263450D
S315020020C045547760A26184D0226892F9C721002A1A
S315020020D0EBD07EE72046FFF7CDFCAFE7C04D01020D
S315020020E038B50446FFF71AFFE06882690369032AD6
S315020020F00FD8DFE802F03326021940F2FF451A88AC
S3150200210003F1100142F0004242F400021A60DD605F
S3150200211001610022C369013B012BC0E9062323D9D1
S31502002120002084F8C60138BD40F2FF411A681961E1
S3150200213022F07F4242F000421A60036914330361BF
S31502002140E7E740F2FF451A7803F10C0142F08022DC
S3150200215042F400021A609D600161DAE740F2FF4232
S3150200216043F8042B0361D4E7FFF784FC002084F8CC
S31502002170C60138BD38B50446FFF7D0FEE06882696D
S315020021800369032A0FD8DFE802F03326021940F268
S31502002190FF251A8803F1100142F0004242F40002C0
S315020021A01A60DD6001610022C369013B012BC0E9AF
S315020021B0062323D9002084F8C60138BD40F2FF2148
S315020021C01A68196122F07F4242F000421A600369DE
S315020021D014330361E7E740F2FF251A7803F10C0195
S315020021E042F0802242F400021A609D600161DAE741
S315020021F040F2FF2243F8042B0361D4E7FFF73AFCCF
S31502002200002084F8C60138BD2DE9F041036882B08A
S315020022109D6E15F0010526D1D0E90274BC428046B6
S315020022209E6912D0236830461BB1E2680AB11B6967
S315020022301360A368626803EB830321699B00009520
S3150200224006F0DEFF2468A742ECD10025D8F81C0070
S31502002250A36862681B1A03EB8303216930469B005D
S31502002260009506F0CDFF02B0BDE8F08103689A6ED4
S31502002270D20720D42DE9F041D0E90264B4420746E0
S315020022809D690BD0A368626803EB83030421284689
S315020022909B000CF027FF2468A642F3D1FA69A368D3
S315020022A028469B1A03EB830362680421BDE8F041CA
S315020022B09B000CF017BF704703689A6ED20726D4AC
S315020022C02DE9F041D0E90264B44207469D6911D076
S315020022D02368042128461BB1E2680AB11B69136010
S315020022E0A368226903EB83039B000CF0FBFE2468C0
S315020022F0A642EDD1FA69A36828469B1A03EB83032B
S3150200230022690421BDE8F0419B000CF0EBBE704748
S315020023102DE9F0410C46054682B008681746FFF7DC
S31502002320FDFDA2692369032A0FD8DFE802F04235D0
S31502002330022840F2FF311A88D96042F0004242F484
S3150200234000021A6003F1100222610022E369013BD6
S31502002350C4E90623EB6F002B55D06369002B46D0E8
S315020023606FBB00232046E361FFF784FBA268636923
S31502002370E260002B60D0186902B0BDE8F08140F23D
S31502002380FF311A68196122F07F4242F000421A6058
S31502002390236914332361D8E740F2FF311A78996032
S315020023A042F0802242F400021A6003F10C0222611A
S315020023B0CBE740F2FF3243F8042B2361C5E7002541
S315020023C0206800F003FAE169A268D2E901235B1AE8
S315020023D0616903EB830309699B00009506F010FF10
S315020023E02046FFF7B5FC002318466362C4E7D5F81A
S315020023F0843020469A0730D4DB0629D5FFF75CFFE6
S31502002400002FAED0ECE7D4F80880D8F8003053B3EA
S31502002410A36A01333C2BA3629FD1D8F8006000E087
S31502002420884631463668002EFAD12068FFF7E0FA70
S31502002430C8F80060A66290E7D5F8843013F0120F50
S3150200244002D01069002897D1206902B0BDE8F08158
S31502002450FFF70CFF002F84D0C2E7FFF7D5FE002F4F
S315020024603FF47FAFBCE7A36277E700BFB1F9343030
S315020024700A6B002B0FDD002310B41C46043A42F807
S31502002480044FB1F9340001339842F8DC00235DF8B9
S31502002490044BCB8670470023CB867047F8B5B1F95B
S315020024A03400B1F93660431EB3420C461746096B37
S315020024B006DD731CB00041F82670E3860844F8BDB9
S315020024C0103000B2A0860122800002F08FFEB4F91D
S315020024D0343001469E422063EBDA35460022B000D4
S315020024E001EB860343F8042BB4F934C00135AC453D
S315020024F0F8DC731C41F82670E3860844F8BD00BF79
S315020025002DE9F843002708604F61D0F87C80064623
S315020025100C46B8F1000F74D0D8F8003020204B607A
S3150200252002F060FE05466061002867D0D8F8080010
S31502002530800002F057FE8146286000285ED0D8F857
S3150200254008106960D6F88830D8F8042003FB02F236
S31502002550AA60D8F804306B6171B1012307606A681A
S315020025609A4206D92A6842F823706A6801339A4267
S31502002570F8D8D5F80090AA68C5F80C9002EB82024A
S315020025800421B069920006F02DFEC9F800002B68FE
S315020025901B68002B32D069686A692B61C5E906217E
S315020025A06068E06050B300231022A0604168216198
S315020025B081684020C4E90631C4E90A33A28602F0E2
S315020025C011FE2063D0B1636903B31B681A68B4F9BC
S315020025D03430002B09DD00231D46011F41F8045F3C
S315020025E0B4F9340001338342F8DB00232146304636
S315020025F0E386FFF753FF0120BDE8F8830020BDE81C
S31502002600F8831146FFF7B2F96060CAE7D6F884206C
S31502002610636812F0120F02D01A69002AD7D15A68DB
S31502002620D5E700BFF8B505464FF4EA7002F0DAFDC9
S315020026300446002857D000264FF0000202234FF42A
S315020026400011A0F8C621C0E90666C0E91236856601
S3150200265041650665FEF72CFEA6EE100B6A0684EDB2
S31502002660087F03D4702002F0BDFD0646002315F054
S31502002670040F0CBF05210421C4E90D33C4E90F334D
S31502002680C4E91B3384F8C63184F8C43163646367D2
S31502002690A4F87830636180EF50602B074FF0330067
S315020026A04FF000054FF0010748BF21F00401221D3B
S315020026B02663676682ED007F40F22712C4F888001F
S315020026C0E16504F18C0029462566E56711F064F898
S315020026D00822064BC4F88050196884F8C851216054
S315020026E084F8C5211C602046F8BD00BFDC2D0422FB
S315020026F070B5044600F076FDA06100285ED03B224C
S31502002700002104F5BC7011F047F8E56F7DB1D4F8ED
S3150200271088102046FFF72AF906462E602046D4F88E
S315020027208810FFF723F930602B681A681360D4F813
S3150200273088202046114603F0EBF80346D4F8882099
S3150200274023611146204603F0E3F8226903466061DD
S31502002750F2B1E8B10025C4E9022263604FF40070C9
S31502002760656302F03FFD184B4022C4F8C0310346B0
S315020027700A21C4E96D33A069C4F8BC2184F8C951A1
S3150200278006F0AAFC48B9002384F8C631184670BD83
S31502002790012384F8C631184670BDFF232A460A2152
S315020027A0A06906F06FFC2A460A21A06906F086FC9B
S315020027B0FF2804BF012384F8C931E4E7052384F81E
S315020027C0C631184670BD00BF1D1F000280697047E2
S315020027D0002843D038B5436E04468B420D4617D0C7
S315020027E0082B1AD0082929D003F0A8F90021626A19
S315020027F092F80E3143F0010382F80E31626A84F8D0
S31502002800C611656692F80E3143F0010382F80E3165
S31502002810002384F8C631184638BD426A616692F8CA
S315020028200E3143F0010382F80E3103F073F9082DDD
S315020028300CD0002384F8C631184638BD426A616658
S3150200284092F80E3143F0010382F80E31204603F06E
S315020028503DF9002384F8C631184638BD0220704778
S3150200286040B110B5044600F0F3FC002384F8C631EB
S31502002870184610BD022070472DE9F04F89B0DDE9F8
S31502002880127C149C07FB07FED4F810411CF0010FC2
S3150200289008BFA346804618BF4FF0000B03FB03E0B8
S315020028A01CF0020F1D4608BFA2468946164618BFEF
S315020028B04FF0000A02F01EFC159B240194FBF0F473
S315020028C003B11C60784204FB00F005FB04F44D449E
S315020028D0241104FB05F50011374400FB1755149B20
S315020028E0C9F10001D3F810210AEB2513029300FB6C
S315020028F001F304FB163300FB06F604FB0166CDE981
S315020029000504520802EB23120BEB261604920796D5
S315020029109DED045F43460094424264420394019251
S315020029209DED007FA3EC045F83ED007FC8F82000D5
S3150200293009B0BDE8F08F00BF2DE9F04F89B0DDE99F
S3150200294012B60BFB0BFC6FEA0609804603FB03C0BB
S315020029501D468A461746149C02F0CCFB4FF48013A0
S3150200296086F00206C6F340064FEA094993FBF0F0E9
S31502002970360409F4803904B12060CBF1000300FB70
S3150200298003F300FB05F41B115544CAF1000A03FBCD
S315020029900AF2241104FB1722BB4403FB07F704FBCC
S315020029A00A77CDE90534121102F5004209EB271721
S315020029B0049207979DED045F424604FB05F503FB6F
S315020029C01B55009406EB2516594264420296019164
S315020029D003949DED007FA2EC045F82ED007FC8F8B0
S315020029E0203009B0BDE8F08F2DE9F04F89B0DDE95E
S315020029F01245EF4385F0020CCCF3400C3F04002B4A
S31502002A00DDF850904FEA0C4C07F4803704EB0205D0
S31502002A1003EB01084ADB002C23DBC2F1000AA342C6
S31502002A204FEA0A3A69DD5E42240494FBF6F402FB9D
S31502002A3004FE04FB05F501FB04F64FEA2E1E2D11DA
S31502002A40C5EB0835AEEB013EAAEB2616C4F100082B
S31502002A50B9F1000F01D0C9F800304FF480337D4937
S31502002A6065E0C4F1000A4E429A454FEA063BC0F2BF
S31502002A7096801B0493FBFAF301FB03FE08FB03F8A3
S31502002A8002FB03F62D034FEA2E1EC5EB2815CEEBED
S31502002A90023EABEB26165942B9F1000F01D0C9F836
S31502002AA000A04FF48034DFF8AC8140E0002CC0F285
S31502002AB091805E42A6424FEA013A52DD240494FB1B
S31502002AC0F3F401FB04F604FB05F502FB04FE4FEAF0
S31502002AD00838C8F100083611A8EB2515C6EB0236F0
S31502002AE00AEB2E1EC4F10008B9F1000F01D0C9F895
S31502002AF000304FF48031574B19E01B0493FBF4F37B
S31502002B0003FB02F2121108FB03F8C2EB013603FBC8
S31502002B1001F12D03AAEB211E05EB28155942B9F145
S31502002B20000F38D04FF48038C9F80040494C06F5FA
S31502002B300046CDE904647744079706939DED045F4A
S31502002B4002466544CDE90251CDF8048000939DED1D
S31502002B50007FA2EC045F82ED007F046209B0BDE84B
S31502002B60F08F1B0493FBF4F301FB03FE02FB03F657
S31502002B7008FB03F82D03C2F1000B4FEA2E1EAAEB47
S31502002B80261605EB2815CEEB0B3E5942B9F1000F7E
S31502002B9001D0C9F800404FF480382E4CC7E75E4298
S31502002BA0240494FBF6F401FB04F604FB05F502FB90
S31502002BB004FEC2F1000A36112D11C5EB08350BEBE6
S31502002BC02E1EC6EB0A36C4F10008B9F1000F7FF4D7
S31502002BD042AF42E7A3424FEA023E1EDA240494FBC6
S31502002BE0F3F401FB04F604FB05F5AEEB261602FB35
S31502002BF004FE4FEA0838C8F100084FEA013AA8EB8A
S31502002C0025150AEB2E1EC4F10008B9F1000F3FF498
S31502002C1070AF5B42C9F800306BE764421B0493FB5A
S31502002C20F4F302FB03F6C1F1000A08FB03F803FB07
S31502002C3001F12D033611AEEB211EC5EB2815C6EBAD
S31502002C400A365942B9F1000F3FF42BAFC9F80040DA
S31502002C5027E700BF0000FFFF10B4002B019C2CDB0E
S31502002C60002C16DBA34238DD240494FBF3F44FF464
S31502002C70803304FB01F112036442C2EB2111029A72
S31502002C80C0E90143002A51EA01915DF8044B016053
S31502002C907047C4F1000C194422449C4512B209B291
S31502002CA0E2DB1B0493FBF4F303FB02F209034FF48A
S31502002CB080345B42C1EB2211E1E7002C22DBC3F137
S31502002CC0000CA44514DD240494FBF3F404FB01F187
S31502002CD00911104BC1EB0231D1E71B0493FBF4F34C
S31502002CE002FB03FC4FEA2C1C0A4CCCEB0131C6E773
S31502002CF01B0493FBF4F303FB02F21211054CC2EB25
S31502002D000131BCE719442244A34212B209B2DADD08
S31502002D10C7E700BF0000FFFF2DE9F043002BDDE906
S31502002D20075EDEF8104138DB002D1EDBAB424ADCC3
S31502002D304FEA034C9CFBF5FC8CFB04631F4656EAE8
S31502002D402F4702FB0CF212116542C2EB0132BEF9A9
S31502002D501430120192FBF3F204EBD47302EB63021A
S31502002D60C0E901560260BDE8F0836E4219442A4466
S31502002D709E4212B209B247DA2D0495FBF3F585FBA2
S31502002D800483994658EA2F4901FB05F51203C2EB63
S31502002D9025122646C8F10005D9E7002D44DB5F421D
S31502002DA0AF42C4F100061FDD2D0495FBF3F585FB4A
S31502002DB00483994658EA2F4901FB05F52D11C5EB07
S31502002DC002324546C3E72D0495FBF3F383FB0485E4
S31502002DD0A94658EA2F4901FB03F312032646C2EB22
S31502002DE02312C8F10005B2E71B0493FBF5F335463F
S31502002DF083FB0486B14658EA2F4903FB02F21211FD
S31502002E004646C2EB0132A2E71B0493FBF5F383FBB2
S31502002E1004652F4656EA2F4703FB02F209032546AD
S31502002E20C1EB2212764292E719442A44AB420FFAC8
S31502002E3082FC09B20FDD1A0492FBF5F282FB0463EF
S31502002E401F4656EA2F470CFB02F209032546C1EB41
S31502002E50221276427BE72D0495FBF3F585FB04836C
S31502002E60994658EA2F4901FB05F52D11C5EB0C329F
S31502002E70664245466BE700BF10B4019C002C03DA9C
S31502002E801944224409B212B204FB01F103FB1212E5
S31502002E901B0383601302029A6442002A53EA0393D5
S31502002EA0240303F50043446003605DF8044B704756
S31502002EB02DE9F041069D0646002D0C4690461F461A
S31502002EC004DA1C44A84424B20FFA88F805FB05F07C
S31502002ED007FB070002F00EF94FF48013B3FBF0F084
S31502002EE06D4200FB05F500FB07F72D11644205FB59
S31502002EF004F43F1107FB1842079B1211002B52EAFA
S31502002F000292C6E9015702F500423260BDE8F0813D
S31502002F108268036810B401FB023354428460036082
S31502002F205DF8044B704700BFF8B5B1F916C00D46FF
S31502002F30ACEB030C8B68069E03FB0CFCB1F9143058
S31502002F4004469B1A4A6802FB03C20B681211511C03
S31502002F5013F0080F18BF0A4613F0100FA2F58031BE
S31502002F6018BF0A46590751BF012740F20127A2F5A9
S31502002F70004202F1FF325B0607FA06F704D54FF468
S31502002F80003371088B401F43D4F8B831C2F1000CEC
S31502002F90079A311D03F10800C4F8B80119608ABB0B
S31502002FA0C3F804C0D4F8BC31013B002BC4F8BC31D1
S31502002FB05DDDD4F8B8316A6803F10801C4F8B811C6
S31502002FC05A6006F10A021A60D4F8BC31013B002BA2
S31502002FD0C4F8BC3146DDD4F8B831AA6803F1080159
S31502002FE01036C4F8B811C3E90062D4F8BC31013B0B
S31502002FF0002BC4F8BC3103DC2046D4F8C031984714
S315020030003846F8BD4FEA8C125A60D4F8BC31013BFF
S31502003010002BC4F8BC3120DD6A68D4F8B8319201BD
S3150200302003F10801C4F8B8115A6006F10A021A60DF
S31502003030D4F8BC31013B002BC4F8BC3104DDAA68CC
S31502003040D4F8B8319201C9E7D4F8C031204698477E
S31502003050AA68D4F8B8319201C0E72046D4F8C03144
S315020030609847D9E72046D4F8C0319847B3E72046B7
S31502003070D4F8C03198479CE7002380EF5060036084
S3150200308080ED017F436170472DE9F0411D464B7E7D
S315020030900C46D9078046174682B011D5E269D20797
S315020030A006D5052D089E6CD9304602B0BDE8F081E2
S315020030B0042D00F28480089A023522F40002089256
S315020030C09E0738D4089EA37D990719D5627E5207BA
S315020030D016D5E26CD00777D5052DE5D806F08073B4
S315020030E00193B7F9023000954046B7F9002004F182
S315020030F04C01FFF719FFA37D3043013520F400068A
S315020031005907D1D5637E1A07CED5636EDB0762D522
S31502003110052DC9D806F080730193B7F90230B7F9C5
S3150200312000204046009504F16401FFF7FDFE30439E
S3150200313020F40006B8E7636BD8071BD5052D089E59
S31502003140B2D806F080730193B7F902300095404673
S31502003150B7F9002004F13401FFF7E6FE636B304352
S3150200316020F4000613F0400F20F4400018BF064674
S315020031700135A8E7042D22D8089B023523F4000660
S31502003180A1E706F080730193B7F902300095B7F90B
S31502003190002004F11C01FFF7C7FEE369013513F0B5
S315020031A0400F089B40EA030020F4000220F440008E
S315020031B018BF0246637E08929E0783D5BBE7089E28
S315020031C0304602B0BDE8F081042D3FF66DAF26F41D
S315020031D00006023594E726F40003052D38BF1E4685
S315020031E062E700BF38B50546084605F019FF0446F2
S315020031F0B8B10122114605F061FF420144BF012325
S3150200320085F8C8318303C5F880000CD53122012127
S315020032102046EB6D05F036FF204605F0EBFFC5F8BC
S315020032208400204638BDAB6E43F00103AB66EDE782
S315020032308C4613460121624605F024BF10B50446AA
S3150200324000220121204605F039FFC307F8D410BD3C
S3150200325038B5836E05468469D8070AD5012100224E
S31502003260204605F02BFF8107F8D138BDAB6E9A07D1
S3150200327007D500220121204605F020FF0307F5D4D9
S31502003280F3E7C8220421204605F05AFFF1E700BF02
S3150200329070B54C680B6B816E0546C90786690CD4FE
S315020032A01A684AB190F9C91191B13046BDE8704029
S315020032B03222012105F0E6BE70BD5AB9002CFBD0C0
S315020032C028466168FEF76AFD0328F5D02468F5E70B
S315020032D01346EAE71968BDE87040FEF75FBD00BF16
S315020032E02DE9F04FA9B0BDF9C8E0BDF9CCC0AEEBEF
S315020032F00206ACEB030A0D4656EA0A01BDF9D08076
S3150200330000F03C8295F8D67008F10F010446012FB1
S315020033104FEA61000C90069000F04682359911F44E
S315020033200051079140F02E82079912911FFA8EF1F1
S31502003330002EBDF818B00D911FFA82F940F355829E
S3150200334001F10F025A44A9EB0B0122F00F0221F000
S315020033500F0112B209B2ADF86C20ADF868101FFA6F
S315020033608CF299B2BAF1000F0992089140F33082B9
S3150200337002F10F035B44A1EB0B0223F00F0322F0D1
S315020033800F021BB212B220461AA9ADF86E30ADF882
S315020033906A2003F0C9FB002800F0F081BDF868300E
S315020033A0089AA9EB03090FFA89F30A93BDF86A3062
S315020033B0B8F12F0F1593A2EB03031BB20B9302DC9A
S315020033C0022F08BF01273599359A01F001010E91A6
S315020033D0359995F8D53002F0030201F00201032A6D
S315020033E003F003030F9100F0C082032B00F0418427
S315020033F0DDE90A12359BB8F11F0FCDE900A31CAB1C
S315020034001846139317AB0293334640F3FB81FFF73B
S3150200341093FA1C9B012F03EBC8231C934FEA083334
S31502003420119300F0EB822946204602F08DFBD5F877
S315020034302831BAF1000F109340F34C82F60FAB7DA0
S31502003440109ADFF8809902F4185213F0060F42EA36
S31502003450090913D0079A022F14BF02230523002A53
S3150200346018BF0523CDF80090294620461AAAFFF771
S315020034700BFE10F4000F814608BF002695F8D420F3
S3150200348093072DD50A9B2199A5F890300B9BD5F869
S31502003490D000A5F892302123EB6795F80E31090189
S315020034A043F0080312F0080F85F80E3191FBF0F194
S315020034B0209B00F0C1825B421B0193FBF0FC0B4692
S315020034C0D5F8CC10C5E9203C0B03C5F88830530764
S315020034D006D5179B1B0193FBF0F30B44C5F8CC30C2
S315020034E03346294620461AAA01F0FEFE33462946ED
S315020034F020461AAA03F0BEF8022F00F0F2810E9BB4
S31502003500002B40F037820F9B002B40F09A829846A0
S315020035101493359B13F4C05F15D01A0505D51FAB5E
S3150200352093E80700369B83E80700359BDB0405D545
S31502003530369B22AA0C3307CA83E807001AAB03CBD1
S31502003540379B18605960B346002E40F04382079BB2
S31502003550B3B1129B03F5803A359B980506D5389B85
S31502003560D3E9002352EA030140F02E84359B5B0522
S3150200357006D5389BD3E9022352EA030140F0BE8303
S315020035800422D4F8B8311C9903F10800C4F8B80132
S31502003590C3E90021D4F8BC31013B002BC4F8BC318D
S315020035A003DC2046D4F8C03198470A22D4F8B83151
S315020035B01D9903F10800C4F8B801C3E90021D4F843
S315020035C0BC31013B002BC4F8BC3103DC2046D4F8E5
S315020035D0C03198471022D4F8B8311E9903F1080079
S315020035E0C4F8B801C3E90021D4F8BC31013B002B71
S315020035F0C4F8BC3103DC2046D4F8C0319847D4F86D
S31502003600B8311F9A03F10801C4F8B8115A60B8F12B
S31502003610000F00F0FA8008221A60D4F8BC31013B90
S31502003620002BC4F8BC3103DC2046D4F8C0319847DD
S315020036300E22D4F8B831209903F10800C4F8B80173
S31502003640C3E90021D4F8BC31013B002BC4F8BC31DC
S3150200365003DC2046D4F8C03198471422D4F8B83196
S31502003660219903F10800C4F8B801C3E90021D4F88E
S31502003670BC31013B002BC4F8BC3103DC2046D4F834
S31502003680C03198470522D4F8B831229903F10800CF
S31502003690C4F8B801C3E90021D4F8BC31013B002BC0
S315020036A0C4F8BC3103DC2046D4F8C03198470B225B
S315020036B0D4F8B831239903F10800C4F8B801C3E974
S315020036C00021D4F8BC31013B002BC4F8BC3103DC29
S315020036D02046D4F8C03198471122D4F8B83124993B
S315020036E003F10800C4F8B801C3E90021D4F8BC31DB
S315020036F0013B002BC4F8BC3103DC2046D4F8C031B0
S3150200370098471622D4F8B83103F10801C4F8B81163
S315020037101199C3E90021D4F8BC31013B002BC4F84E
S31502003720BC3103DC2046D4F8C03198470022D4F8D5
S31502003730B83103F10801C4F8B811C3E90029D4F875
S31502003740BC31013B9342C4F8BC3103DC2046D4F8B9
S31502003750C03198470C9A069B2046134403F10F0882
S315020037604FEA281842461AA9002E00F0B08002F04D
S3150200377039FD022F00F06C81012000E0002029B003
S31502003780BDE8F08F95F8D7104FEA6800042900F0DB
S315020037904A81B5F9D810014401EB8100090312915F
S315020037A040F38F010691C1E5359901F00301032922
S315020037B03FF4B4AD00EB4001C0EBC10141F30F1180
S315020037C00691359911F4005107913FF4ADADD9E751
S315020037D0089B099A0F335B44A2EB0B0223F00F03FB
S315020037E022F00F021BB212B2CDE50D9909F10F02BA
S315020037F05A44A1EB0B0122F00F0221F00F0112B283
S3150200380009B2A8E5FFF7F0F803E605221A60D4F834
S31502003810BC31013B002BC4F8BC3103DC2046D4F892
S31502003820C03198470B22D4F8B831209903F1080029
S31502003830C4F8B801C3E90021D4F8BC31013B002B1E
S31502003840C4F8BC3103DC2046D4F8C03198471122B3
S31502003850D4F8B831219903F10800C4F8B801C3E9D4
S315020038600021D4F8BC31013B002BC4F8BC3103DC87
S315020038702046D4F8C03198470822D4F8B8312299A4
S315020038809818C4F8B801C3E90021D4F8BC31013B49
S31502003890002BC4F8BC3103DC2046D4F8C03198476B
S315020038A00E22D4F8B831239903F10800C4F8B801FE
S315020038B0C3E90021D4F8BC31013B002BC4F8BC316A
S315020038C003DC2046D4F8C0319847142205E702F0FB
S315020038D0F9FB4EE700F00F82002ED4BF0026012628
S315020038E0ADE508F110080E9B4FEA68011491002B12
S315020038F000F07681BDF868300D9AD31A1BB2002EFD
S3150200390040F0E481BDF86A200998821A12B203EBEC
S315020039104107002F18464FF000074FEA41011FDD0D
S315020039204FF0010802EB010CBCF1000F13DDA0EB16
S31502003930010EBDF968C0BDF96C00A0EB0C0086450E
S3150200394009DABDF96E00BDF96AC0511AA0EB0C0086
S315020039508142C0F224830E9B13B3B8F1000F0BD041
S315020039604FF0010849F400590AE0032B00F0858262
S3150200397000273DE5002314934FF0000849F48069BF
S31502003980359B980500F148811F9BBAF1000F03F59C
S31502003990004202F1010203F50043C8BF13461F931A
S315020039A00F9B002B3FF4B5ADB8F1000F4BD049F495
S315020039B08069359B590500F14181229BBAF1000FBE
S315020039C003F5004202F1010203F50043D8BF134694
S315020039D022939EE5BDF96A20BDF96E3013989B1AB3
S315020039E04FEA231B5946FFF793FA59461FA8FFF7DA
S315020039F08FFA594622A8FFF78BFAA8E50E9B33B930
S31502003A00119A1F9BA2F5803203EB62031F930F9B51
S31502003A10002B7FF408AD119A229BA2F5803203EBAC
S31502003A2062032293FFE4069901EB810141F38F01C0
S31502003A3006910103129179E41B0193FBF0F38C4684
S31502003A403EE50E9B14934FF0000849F40059B0E787
S31502003A50002294460D9FBDF85030099907F10F09CF
S31502003A609944A7EB030A01F10F0E9E446AF30F0273
S31502003A70CB1A69F30F0C18A863F31F426EF31F4C9F
S31502003A80014622F00F122CF00F13204618921993BA
S31502003A9003F04AF800283FF46FAE4FF00009149B7A
S31502003AA009990193BDF862302046CB1A1BB20093E6
S31502003AB0BDF860302946FB1A4A461BB2CDE9039986
S31502003AC0CDF80890FDF77EFD109BBD4F03F4007301
S31502003AD02946204618AA1F434B4601F005FC4B46D1
S31502003AE02946204618AA02F0C5FDAB7D13F0060F43
S31502003AF040F04282BDF96830BDF96010BDF962201E
S31502003B00C91ABDF96A302498D21A091112111EB1C6
S31502003B104042A2EB0B0224900626229B239D5B4287
S31502003B2005FB113300FB1233D4F8B82103F101135C
S31502003B3002F10801C4F8B811C2E90063D4F8BC3135
S31502003B40013B002BC4F8BC3103DC2046D4F8C0315B
S31502003B5098470C21D4F8B831239A03F1080052424F
S31502003B60C4F8B801C3E90012D4F8BC31013B002BFA
S31502003B70C4F8BC3103DC2046D4F8C0319847122180
S31502003B80D4F8B831249A03F108005242C4F8B801B5
S31502003B90C3E90012D4F8BC31013B002BC4F8BC3196
S31502003BA003DC2046D4F8C0319847D4F8B83103F183
S31502003BB00802C4F8B8210022C3E90027D4F8BC31B0
S31502003BC0013B9342C4F8BC3103DC2046D4F8C03131
S31502003BD09847204618A948F30B1202F073FACBE570
S31502003BE00B9A56B1BDF86E20159B13441A46BDF8C2
S31502003BF06A30D21A089BD21A12B20F9B002B6BD0D4
S31502003C000A98002700EB4103002B4FEA41017FF798
S31502003C101AAFB8460A9B85E60023DDE90A1201932C
S31502003C20389B1FA85B684FEA4B0B0093389B1B68B7
S31502003C30FFF722F90FFA8BF30693B1E60123BDF8DB
S31502003C406A200193099BBDF868109A1A0D9B12B25D
S31502003C50591A389B09B2DB6822A85B420093389B4B
S31502003C609B685B42FFF708F9069B5B001BB2069353
S31502003C704FE4359BDDE90A12CDE900A31CAB1846D9
S31502003C80139317AB039302953346FEF7F5FDD5F86A
S31502003C9010311C9908FB03F2012F01EB62111C91F2
S31502003CA04FEA22114FEA621209D10E9810B91F98F3
S31502003CB010441F900F9810B92298104422905B0866
S31502003CC0A3F580330B441193FFF7ADBBBDF86E200D
S31502003CD00998121A12B21AE60A98DDF83CC000EBED
S31502003CE04103002BE04649F400594FEA41017FF7B0
S31502003CF010AC034616E65646FFF7A1BB0092002219
S31502003D0009990192BDF86A200D988A1ABDF86810C1
S31502003D105B42411A109812B200F4805040EA090040
S31502003D2040F0080909B225A8FFF7C2F8002E40F0B4
S31502003D302C813598D4F8B8210004259B02F108019C
S31502003D4040F1E6805344C4F8B81153600723136068
S31502003D50D4F8BC31013B002BC4F8BC3103DC20464D
S31502003D60D4F8C03198470D22D4F8B831269903F118
S31502003D700800C4F8B801C3E90021D4F8BC31013BFC
S31502003D80002BC4F8BC3103DC2046D4F8C031984776
S31502003D901322D4F8B831279903F10800C4F8B80100
S31502003DA0C3E90021D4F8BC31013B002BC4F8BC3175
S31502003DB03FF7E6AB2046D4F8C0319847FFF7E0BBA1
S31502003DC0450840001380C000002001901098009220
S31502003DD000F4006040EA090040F004095B4225A8AD
S31502003DE0DDE90A12FFF764F8002E40F0D380D4F81A
S31502003DF0B821359802F10801C4F8B8114104259B8F
S31502003E0054D45344536006231360D4F8BC31013BA7
S31502003E10002BC4F8BC3103DC2046D4F8C0319847E5
S31502003E200C22D4F8B831269903F10800C4F8B80177
S31502003E30C3E90021D4F8BC31013B002BC4F8BC31E4
S31502003E4003DC2046D4F8C03198471222D4F8B831A0
S31502003E50279903F10800C4F8B801C3E90021D4F890
S31502003E60BC31013B002BC4F8BC313FF77FAB204687
S31502003E70D4F8C0319847FFF779BB359BDDE90A12C2
S31502003E80CDE900A31CAB1846139317AB0393029517
S31502003E903346FEF7F1FCD5F810311C9A08FB03F104
S31502003EA002EB611200271C92091108E7AAEB030331
S31502003EB0536006231360D4F8BC31013B002BC4F8CF
S31502003EC0BC3103DC2046D4F8C03198470C21D4F823
S31502003ED0B831269A03F108005242C4F8B801C3E980
S31502003EE00012D4F8BC31013B002BC4F8BC3103DC10
S31502003EF02046D4F8C03198471221D4F8B831279A0F
S31502003F0003F108005242C4F8B801C3E90012A6E759
S31502003F10AAEB0303C4F8B811536007231360D4F85D
S31502003F20BC31013B002BC4F8BC3103DC2046D4F87B
S31502003F30C03198470D21D4F8B831269A03F108000A
S31502003F405242C4F8B801C3E90012D4F8BC31013BAD
S31502003F50002BC4F8BC3103DC2046D4F8C0319847A4
S31502003F601321D4F8B831279A03F108005242C4F853
S31502003F70B801C3E9001215E7009729460323204634
S31502003F8018AAFFF781F80746B4E5594625A8FEF7B1
S31502003F90BFFFCEE6594625A8FEF7BAFF27E74FF040
S31502003FA0000C0092149A2946019220460222CDE97B
S31502003FB003CCCDF808C0FDF705FB109B03F40063A4
S31502003FC043EA090343F4801949F08409C3E400BFB4
S31502003FD04FF0000C2DE9F0479EB2634688B0BDF95A
S31502003FE040501FFA82F91035C5F34F07884609F18A
S31502003FF00F013944A9EB070E06F10F023A4461F3A9
S315020040000F03F71B6EF30F0C67F31F4C62F31F438C
S315020040102CF00F1723F00F1306A9044606970793F1
S3150200402002F082FD10B908B0BDE8F0870022BDF8A3
S315020040301A306D10F61A36B2BDF818300195009690
S31502004040D8F82861A9EB030341462046CDE90322AD
S315020040501BB20292FDF7B6FA06F4007242F480022F
S3150200406042F04102022300924146204606AAFFF789
S315020040700BF8119B0F3506462D09002B69D0139BB1
S31502004080BDF91820B3F900309B1A4FEA2319139B86
S31502004090BDF91A20B3F902309B1A1F11119BDA07D8
S315020040A000F189804FF0020A119B9B0753D5072125
S315020040B0129B129ADB681269C3F5803302FB09333D
S315020040C0129A526902FB0733D4F8B821013302F17E
S315020040D00800C4F8B801C2E90013D4F8BC31013BA8
S315020040E0002BC4F8BC3140F3C9800D21129B1B6919
S315020040F05A42D4F8B83103F10800C4F8B801C3E94A
S315020041000012D4F8BC31013B002BC4F8BC3140F399
S31502004110A1801321129B5A69D4F8B831524203F195
S315020041200800C4F8B801C3E90012D4F8BC31013B57
S31502004130002BC4F8BC3140F38880BAF1030F46F471
S3150200414080560CBF4FF0040A4FF0020A46F00806EA
S3150200415001E04FF0020A5346414606AA204600965F
S31502004160FEF792FF0022D4F8B83103F10801C4F831
S31502004170B811C3E90020D4F8BC31013B9342C4F81C
S31502004180BC3103DC2046D4F8C0319847414620466C
S3150200419006AA002301F0A8F800234146204606AAF3
S315020041A002F068FA20462A4606A901F08BFF012092
S315020041B008B0BDE8F0870621129B129A1B68526866
S315020041C0C3F5803302FB0933129A926802FB073366
S315020041D0D4F8B821013302F10800C4F8B801C2E9E3
S315020041E00013D4F8BC31013B002BC4F8BC3140DDCE
S315020041F00C21129B5B685A42D4F8B83103F10800CD
S31502004200C4F8B801C3E90012D4F8BC31013B002B53
S31502004210C4F8BC3128DD1221129B9B685A42D4F89D
S31502004220B83103F10800C4F8B801C3E90012D4F8A2
S31502004230BC31013B002BC4F8BC3110DD46F40066EC
S315020042404FF0030A46F004062EE72046D4F8C031A2
S31502004250984772E72046D4F8C031984759E7204676
S31502004260D4F8C0319847E9E72046D4F8C0319847D8
S31502004270D1E72046D4F8C0319847B9E72046D4F8AA
S31502004280C031984731E700BF2DE9F04FADB0BDF917
S31502004290E040BDF9D850BDF9DCA00994BDF9E4406F
S315020042A0CDE9105A0F950894AD1A0446AAEB0300FD
S315020042B0079355EA00030C9203D100202DB0BDE806
S315020042C0F08F00FB00F091F8D63005FB0500894619
S315020042D0069300F00FFF4FF0807393FBF0F2134644
S315020042E01592079A03FB05F5A2EB0A0603FB06F6EF
S315020042F0099936122D1206FB01F805FB01F70899FA
S315020043004FEA684C06FB01FB05FB01F34FEA6B41E2
S315020043101291591413910C994FEA674E01EB6840BA
S31502004320A1EB6848114602EB6742A1EB67470F997A
S315020043300D9001EB6B40A1EB6B410B910AEB634BCA
S31502004340AAEB6341069B0E90022B0A9100F0E982CA
S315020043503A9B03F00303032B00F06983069B012BB0
S315020043601AD13A9BD80707D40D9BA8EB0E08A3EBEC
S315020043700E030D93624467443A9B99070CD4139932
S315020043800E9B0B440E930B9B0B440B9312990A9BA9
S31502004390ABEB010B5B1A0A93DDE90D139942A8BF39
S315020043A019460B9B4345A8BF43469942ADBF23F02E
S315020043B00F0321F00F010BB21BB2ADF87830DDE925
S315020043C00D139942B8BF19460B9B4345B8BF4346E6
S315020043D0994240F361820F3121F00F010BB2ADF821
S315020043E07C300A9B5A451146A8BF5946BB42A8BF14
S315020043F03B469942ADBF23F00F0321F00F010BB2EA
S315020044001BB2ADF87A300A9B5A451146B8BF5946D7
S31502004410BB42B8BF3B46994240F339820F3121F085
S315020044200F010BB220461EA91292ADF87E3002F0A1
S315020044307BFB00283FF441AFDDE90D329A1ABDF845
S3150200444078000D92129ABDF87AC0A2EB0B011B1AE4
S315020044500E9119B2A2EB0C030FFA83FE079B0C9A7C
S31502004460A3EB0C030FFA83FB0F9BAAEB0C0C1B1A94
S315020044701BB205FB03F30FFA8CFC06FB1C331B1164
S3150200448003F500431B9306FB0BF3101A00B205FB60
S3150200449010331B1103F580332596764219951A9629
S315020044A018939DED187F1FFA88F212920B9A99F8CB
S315020044B0D530A2EB080213920A9A03F00303D21B29
S315020044C06D42032B14928DED207F72461690249531
S315020044D0BEB200F0CA8200250E9B0195009326AB60
S315020044E0184617930D9BFEF7B7FB1298BDF87A2074
S315020044F0BDF87810149B411AB21A009329A8139B8F
S31502004500019512B209B21290FEF7A6FB269B03F59D
S3150200451000432693299B03F5004329933A9B03F014
S315020045200106069B012B00F085824946204601F0D2
S315020045300BFB069BD9F82851022B0BD145F40073CD
S31502004540002E08BF1D463A9B13F0020F45F4806306
S3150200455008BF1D4699F8D42093072DD5169B22989D
S31502004560A9F890302123C9F87C3099F80E31D9F890
S31502004570D01043F00803000112F0080F89F80E313B
S3150200458090FBF1F0219BA9F892B000F0B1825B4258
S315020045901B0193FBF1FC0346D9F8CC00C9E9203C88
S315020045A00303C9F88830530706D5159B1B0193FBF5
S315020045B0F1F30344C9F8CC300A9B9F4240F3718160
S315020045C00B9BA8EB03030D930D9B002BC0F273818B
S315020045D00023494620461EAA00F086FE00234946CD
S315020045E020461EAA02F046F8079B9A4580F2A3824D
S315020045F04FF00008BDF97A20AAEB0202DDE9083184
S315020046009942B8BF194699F8160005F4F05343F4D7
S31502004610400341F30B1110F0060F43F00F0301EBB9
S31502004620020740F05F81002E00F06C81012200201B
S31502004630CDE90A20089A42F34F020D92C346B8F119
S31502004640000F40F02F820021D4F8B82102F10800B1
S31502004650C4F8B801C2E90013D4F8BC31013B8B425D
S31502004660C4F8BC3103DC2046D4F8C031984799F827
S31502004670D53003F00303032B00F0AD81209A042109
S31502004680D4F8B83103F10800C4F8B801C3E900123E
S31502004690D4F8BC31013B002BC4F8BC3103DC204604
S315020046A0D4F8C03198470A22D4F8B831219903F1D7
S315020046B00800C4F8B801C3E90021D4F8BC31013BB3
S315020046C0002BC4F8BC3103DC2046D4F8C03198472D
S315020046D01022D4F8B831229903F10800C4F8B801BF
S315020046E0C3E90021D4F8BC31013B002BC4F8BC312C
S315020046F003DC2046D4F8C03198470522D4F8B831F5
S31502004700239903F10800C4F8B801C3E90021D4F8DB
S31502004710BC31013B002BC4F8BC3103DC2046D4F883
S31502004720C03198470B22D4F8B831249903F1080016
S31502004730C4F8B801C3E90021D4F8BC31013B002B0F
S31502004740C4F8BC3103DC2046D4F8C03198471122A4
S31502004750D4F8B831259903F10800C4F8B801C3E9C1
S315020047600021D4F8BC31013B002BC4F8BC3103DC78
S315020047702046D4F8C03198470622D4F8B831269993
S3150200478003F10800C4F8B801C3E90021D4F8BC312A
S31502004790013B002BC4F8BC3103DC2046D4F8C031FF
S315020047A098470C22D4F8B831279903F10800C4F8C7
S315020047B0B801C3E90021D4F8BC31013B002BC4F88F
S315020047C0BC3103DC2046D4F8C03198471222D4F813
S315020047D0B831289903F10800C4F8B801C3E90021E9
S315020047E0D4F8BC31013B002BC4F8BC3103DC2046B3
S315020047F0D4F8C03198470722D4F8B831299903F181
S315020048000800C4F8B801C3E90021D4F8BC31013B61
S31502004810002BC4F8BC3103DC2046D4F8C0319847DB
S315020048200D22D4F8B8312A9903F10800C4F8B80168
S31502004830C3E90021D4F8BC31013B002BC4F8BC31DA
S3150200484003DC2046D4F8C03198471322D4F8B83195
S315020048502B9903F10800C4F8B801C3E90021D4F882
S31502004860BC31013B002BC4F8BC3103DC2046D4F832
S31502004870C03198473A4620461EA9B8F1000F63D0C8
S3150200488001F0B0FC069B022B63D0012016E50F3324
S3150200489023F00F031BB2C5E50F3323F00F031BB240
S315020048A09DE50E9B002B3FF78FAE3FF491AE0D9B1D
S315020048B0002B7FF78DAE0123494620461EAA00F043
S315020048C013FD01231EAA4946204601F0D3FE079B8B
S315020048D0BDF97E209A454FF00108B4BFD21AA2EB69
S315020048E00A028BE600934946042320461EAAFEF7D7
S315020048F0CBFB10F4000F034608BF4FF00008002E52
S315020049007FF494AE3A9A12F0020200F0F680079A09
S315020049100B9611920C9A0A961092099A52100D92BF
S315020049208CE6099B0899302B3A9BB8BF43F00103EA
S315020049302F293A9303F0030340F3CE80033B18BFBB
S3150200494001235B00069327E501F0BCFB069B022BC5
S315020049509BD100231E46BDF83410BDF84050BDF869
S31502004960442005EB010C8F186D1A0CF10F0C521A2C
S315020049700F3765F30F036CF30F0662F31F4367F3FA
S315020049801F4623F00F1326F00F1620461CA91C9370
S315020049901D9602F0C9F8002840F0E4800B9B002B1C
S315020049A03FF473AF20463C9C0A9B03943B9C012B2D
S315020049B00294DDE908534FF0010408BF1D460C9925
S315020049C0079B0F9A14BF53460A460095494601941F
S315020049D0FFF7FEFA59E7069B022B3FF44FAEA905F5
S315020049E0209A0FD4219BB9F914001901229B91FB3D
S315020049F0F0F11B0193FBF0F3120192FBF0F2CDE909
S31502004A00211320926B053FF53AAE23982499259BF4
S31502004A10B9F91450000109011B0190FBF5F091FB55
S31502004A20F5F193FBF5F3CDE92301259327E6002360
S31502004A300693B1E43EB9099A209B1203A2F580328D
S31502004A4003EB620320933A9B9A077BD4089A239B33
S31502004A501203A2F5803203EB6203494620462393F2
S31502004A6001F072F8D9F8285174E50E9BCDF804903E
S31502004A70009326AB184617930D9BFEF74DF9129835
S31502004A80BDF87A20BDF87810149BB21A411A009329
S31502004A9029A8139BCDF8049012B209B21290FEF720
S31502004AA03BF93BE5BDF97A10BDF97E2020A8521AE2
S31502004AB04FEA221B59460E93FEF72AFA594623A8B5
S31502004AC0FEF726FA59461798FEF722FA5946129821
S31502004AD0FEF71EFA0E9BB6E543F00203033B18BF30
S31502004AE001233A995B0041F002013A91069353E49D
S31502004AF01B0193FBF1F384464EE5DDE90801814291
S31502004B0027DC01210A91089941F34F010D912CA945
S31502004B1002EB420201EB820201211EAEB4463B9E2B
S31502004B20303A0B9107CA86E80700BCE803003C9AB4
S31502004B301060516082E5BDF97A20079B4FF00008AC
S31502004B409A1A5BE54946204600F0FEFFD9F828513D
S31502004B5000E5079A0A9611920C9A109201221141C7
S31502004B600D91D4E700221199BDF972300D9DCB1A31
S31502004B701BB210990093BDF970302046CB1A29B2A8
S31502004B801BB20191CDE9032249460292FCF71AFDB6
S31502004B902B460F331B090693B8F1000F00F039813B
S31502004BA00A992CAA01EB410302EB830353F8282C42
S31502004BB04F00524243F8282C289BBDF978205B42CD
S31502004BC028932B9B5B422B93BDF970309B1A1D11C8
S31502004BD0BDF97A20BDF972309B1ACBEB231600235E
S31502004BE0494620461CAA00F07FFB00234946204680
S31502004BF01CAA01F03FFDDDE92632062102FB053340
S31502004C00289A02FB0633D4F8B82102F10800C4F848
S31502004C10B801C2E90013D4F8BC31013B002BC4F839
S31502004C20BC3103DC2046D4F8C03198470C22D4F8B4
S31502004C30B831279903F10800C4F8B801C3E9002185
S31502004C40D4F8BC31013B002BC4F8BC3103DC20464E
S31502004C50D4F8C03198471222D4F8B831289903F112
S31502004C600800C4F8B801C3E90021D4F8BC31013BFD
S31502004C70002BC4F8BC3103DC2046D4F8C031984777
S31502004C80DDE92932072102FB05332B9A02FB0633A3
S31502004C90D4F8B82102F10800C4F8B801C2E9001339
S31502004CA0D4F8BC31013B002BC4F8BC3103DC2046EE
S31502004CB0D4F8C03198470D22D4F8B8312A9903F1B5
S31502004CC00800C4F8B801C3E90021D4F8BC31013B9D
S31502004CD0002BC4F8BC3103DC2046D4F8C031984717
S31502004CE01322D4F8B8312B9903F10800C4F8B8019D
S31502004CF0C3E90021D4F8BC31013B002BC4F8BC3116
S31502004D0003DC2046D4F8C031984708220A9BF918DA
S31502004D102CAB03EB810151F8303C51F82C0CC3F556
S31502004D20803300FB153351F8281C01FB1633D4F8E7
S31502004D30B81101338818C4F8B801C1E90023D4F8C0
S31502004D40BC31013B002BC4F8BC3103DC2046D4F84D
S31502004D50C03198470E210A9B2CAAFB1802EB83034B
S31502004D6053F82C2CD4F8B831524203F10800C4F897
S31502004D70B801C3E90012D4F8BC31013B002BC4F8D8
S31502004D80BC3103DC2046D4F8C031984714210A9B73
S31502004D901F442CAB03EB870757F8282CD4F8B831FD
S31502004DA0524203F10800C4F8B801C3E90012D4F86C
S31502004DB0BC31013B002BC4F8BC3103DC2046D4F8DD
S31502004DC0C0319847D9F82831494603F4D052184BD6
S31502004DD02046134300931CAA0523FEF755F9002229
S31502004DE0D4F8B83103F10801C4F8B811C3E90020B8
S31502004DF0D4F8BC31013B9342C4F8BC3103DC2046F3
S31502004E00D4F8C03198472046069A1CA901F05AF9EF
S31502004E10C4E5BDF97820BDF970309B1A1D11BDF9A4
S31502004E207A20BDF972309B1A1E110A9B5F00D6E6E4
S31502004E305D2040002DE9F04F91F8D5C091B01CF0ED
S31502004E40010FBDF968A0BDF96CB0BDF970701FD134
S31502004E502F2F0C4605469146984604DD91F8D6C09A
S31502004E60BCF1020F26D02146209C1D9B06941F9C56
S31502004E70CDE9027305941E9C43464A462846CDE96F
S31502004E8000AB0494FEF72CFA012011B0BDE8F08FB6
S31502004E901D9C08AD04940AACCDE90277CDE905451F
S31502004EA0CDF804B0CDF800A0FFF7EEF9012011B05D
S31502004EB0BDE8F08F1D9E06F0030CBCF1030FD2D0A5
S31502004EC0209ECDE901B706961F9ECDF800A0059655
S31502004ED01E9E04961D9E46F4C05C4CF0030CCDF853
S31502004EE00CC0FEF7FDF90028CED01D9BDA0710D5BF
S31502004EF01D9B9B07C8D4022621461F9C5B46039432
S31502004F001E9C52462846CDE900760294FFF760F8C9
S31502004F10BAE71F99434603911E994A460291012117
S31502004F202846019100972146FFF752F8E0E700BFB5
S31502004F30F0B58C461D46002491B00DF1200E0AAF45
S31502004F40816ABDF95830CDE9047EBDF95C60189FCF
S31502004F500193CDE902671346069462460095FFF770
S31502004F6069FF204611B0F0BD30B5002591B000931F
S31502004F7013460A461699BDF95040039108A90591B0
S31502004F800AA9019406950491B0F86C10BDF9544033
S31502004F9004EB410424B2C16A0294FFF74BFF284690
S31502004FA011B030BD30B50025964691B0BDF95420FA
S31502004FB006950292169ABDF950C0039208AA059266
S31502004FC00AAA0492B0F86E2013441BB20093B0F8FA
S31502004FD070300A449C440FFA8CF47344C16A12B2CC
S31502004FE001941BB2FFF726FF284611B030BD00BF61
S31502004FF02DE9F04F4FF0000993B01E9DBDF97440A4
S3150200500003951D468B4690460294099404460AAFC0
S315020050100CAE0597CDF818900496B0F86E20B0F84D
S315020050207030BDF970A0511909B2009103EB0A0163
S3150200503009B201915A444344C16A12B21BB2FFF744
S31502005040F9FE204600F042FD1E9A099BCDE904674F
S3150200505003920293CDF81890CDF804A0A16A4346B4
S315020050605A4620460095FFF7E5FE204600F052FD1F
S31502005070484613B0BDE8F08F2DE9F04F1D464FF0BC
S3150200508000088B46044693B0BDF970901E9B0AAF8A
S315020050900CAE0393CDF804900597CDF818800496CC
S315020050A00095BDF974A0B0F86C1013460AEB4101E5
S315020050B009B20291C16A09925A46FFF7BBFE20461F
S315020050C000F004FD1E9BCDE90467CDE902A3CDF8ED
S315020050D01880CDF80490A16A5A46099B204600958D
S315020050E0FFF7A8FE204600F015FD404613B0BDE8C6
S315020050F0F08F00BFB0F1804F03466ED34FF0A0424F
S315020051004FF4004003F14043934224BF00F5804030
S315020051109B1A820302F18062934224BF00F500507B
S315020051209B1A420302F18072934224BF00F580501B
S315020051309B1A020302F58002934224BF00F5006027
S315020051409B1AC20202F58012934224BF00F58060C8
S315020051509B1A820202F58022934224BF00F5007058
S315020051609B1A420202F58032934224BF00F58070F8
S315020051709B1A020202F58042934224BF80309B1A98
S31502005180C20102F58052934224BF40309B1A82012B
S3150200519002F58062934224BF20309B1A420102F537
S315020051A08072934224BF10309B1A0201403293420E
S315020051B024BF08309B1AC2001032934224BF043027
S315020051C09B1A82000432934224BF02309B1A420089
S315020051D00132934250EA309070474FF080520020DD
S315020051E092E700BF03F0F8BF03F0F8BF2DE9F041E4
S315020051F00D4668B306460846904603F0F1FF04469C
S3150200520048B386422F4602D23846BDE8F081304680
S3150200521003F0E2FF0746F0B1B8F1000F12D0A4087E
S3150200522010D0A400A4F1040E4FEA9E0E0EF1010E58
S3150200523002464EF001E02B1F53F8041F42F8041BEE
S315020052400FF007C0284603F0C9FF3846BDE8F081D3
S31502005250084603F0C3FF00273846BDE8F08100BFC9
S3150200526038B504460D46FDF7B1FAD4F88430DA07AC
S3150200527011D4DB0604D42846BDE8384003F0ACBF9F
S315020052802A460421044603F0ADFF01462046BDE846
S31502005290384003F0B3BF2A46BDE83840042103F084
S315020052A0A1BF00BF38B505460C46FDF78FFAD5F803
S315020052B08430DA0711D4DB060AD52146054603F007
S315020052C09BFF042102462846BDE8384003F08EBF04
S315020052D02046BDE8384003F081BF2246BDE838408B
S315020052E0042103F083BF00BF2DE9F0410D46C97DBD
S315020052F0022901D0BDE8F081E96F0446D5E92067AD
S3150200530001F02000B5F990C0B5F99210002B4DD1ED
S31502005310002800F09F8001FB07F706FB0C77D5F803
S31502005320883003EB27132421D4F8B8215B4202F11B
S315020053300800C4F8B801C2E90013D4F8BC31013B35
S31502005340002BC4F8BC3103DC2046D4F8C0319847A0
S315020053502522D4F8B831D5F8801003F10800C4F834
S31502005360B801C3E90021D4F8BC31013B002BC4F8D3
S31502005370BC3103DC2046D4F8C03198472622D4F843
S31502005380B831D5F8841003F10800C4F8B801C3E9AE
S315020053900021D4F8BC31013B002BC4F8BC31A9DC96
S315020053A02046D4F8C031BDE8F0411847B2F900E012
S315020053B0B2F90280B2F90630002842D006FB0CF69A
S315020053C0A3EB08035B1A07FB1366D5F8882002EBEA
S315020053D026132421D4F8B8215B4202F10800C4F84E
S315020053E0B801C2E90013D4F8BC31013B002BC4F862
S315020053F0BC3103DC2046D4F8C03198472522D4F8C4
S31502005400B831D5F8801003F10800C4F8B801C3E931
S315020054100021D4F8BC31013B002BC4F8BC3103DCBB
S315020054202046D4F8C03198472621D5F88420D4F8EE
S31502005430B831524203F10800C4F8B801C3E90012B8
S31502005440A7E7CB1A07FB03F3ACEB0E0E06FB0E33F4
S315020054501B11BEE7B2F90230B2F90020CB1A07FBE4
S3150200546003F3ACEB020C06FB0C331B115BE700BF2C
S3150200547080EF50602DE9F04FA7B00A93309BBDF93B
S31502005480C440022B0F948DED1C7FCDE91010329C87
S31502005490BDF9CC60BDF9D050159200F2EA8040F019
S315020054A0E480002313930B9314F00403B1B2A8B261
S315020054B016930D91309B0E9040F0EE80013B309397
S315020054C0159BE2431D460E995B8802F001020B44CE
S315020054D00FFA83FA0D9935F8043B0B441BB21F46AB
S315020054E0309B012B00F0458116990C91002604F0A1
S315020054F006031293309BB046023BB14614930996BB
S31502005500134656463A4604350EE0149BA3EB0903AE
S31502005510B3FA83F35B095B00309809F1010981450F
S3150200552005F1040500F0A1800D9835F8044C0896A3
S31502005530044435F8026C0E9824B20644944236B2FC
S3150200554000F0C5800B9883F00307002800F0BB80AB
S31502005550099858EA000000F0E280C246DDF824B05D
S31502005560F8070AD583F4007701EB0A035B421D9321
S315020055700C9B87F003075B441C93BB072ED5309B1D
S31502005580CDE91712013B4B4500F0E6806B880D9A78
S31502005590B5F8008013441BB29B1B03FB03F0904437
S315020055A00FFA88F8A8EB040808FB08000993FFF72E
S315020055B0A1FDDDE9171240B1099B4FEA08281B023B
S315020055C093FBF0F398FBF0F8099308EB0A035B42AE
S315020055D01F93099B47F480675B441E930A9B2BB17A
S315020055E0184650F8043B012B0A902CD0139847F426
S315020055F0C053002870D10B98A8B10C9B0AFB03F08C
S315020056000BFB01F3984247F4605347F4F047C8BFD7
S315020056103B4609990BFB08F00AFB01F1814243F470
S315020056200041C8BF0B461CA906911AA905910F99FC
S315020056300393CDE9016120A90491089B0094DDE959
S315020056401010FFF7F7FB129B51462246CDF830B0F9
S31502005650002B3FF45AAF309809F1010981454FF00A
S31502005660000305F104057FF45FAF012027B0BDE812
S31502005670F08F0F9B102B7FF714AF109B93F8D73048
S31502005680002B73D0022B0CBF0123002313930CBFF4
S31502005690002301230B9307E7159D03F18043013B8A
S315020056A005EB830235F823300B441BB21F465388A1
S315020056B003440FFA83FA0B9B002B62D10B9A159DBA
S315020056C011460C9212E7C246DDF824B086E7089826
S315020056D0B0427FF437AF1FE703931CAB06931AABB6
S315020056E005930F9B20AFCDE90163DDE91010089BFE
S315020056F0009404970C92FFF79DFB169A52EA09034F
S31502005700A1D0012102971AAF03970F9F0191089B1F
S315020057100C9A0097DDE91010FEF75AFC93E7CDE9E3
S315020057201831089BA4EB020AA6EB030B0BFB0BF04A
S315020057300AFB0A001792FFF7DDFCDDE91723199928
S3150200574000283FF40DAF4FEA0A2A4FEA0B2B9AFBC9
S31502005750F0FA9BFBF0FB03E7159A0E995388B2F811
S3150200576000800B441BB20D9A9B1B16E713930B93F7
S315020057709AE6A6073FF5B8AE169942F002020C91D8
S31502005780B4E632F8021C32F8043C02460A4412B26B
S31502005790AAEB02050D9A05FB05F013441BB2F91A92
S315020057A001FB010008910C95FFF7A4FC089902463B
S315020057B048B12B0293FBF0F3090291FBF0F10022B0
S315020057C0159D0C9392E6159D90E600BFF8B5C66846
S315020057D0D6E90F329A4221D0D0F8C0712F4D044635
S315020057E0AF423FD0FCF79AFBE36FC3B12046FCF70A
S315020057F095FBF36BC4F8BC31E26F6AB9E268516C8F
S315020058001364C4F8B411936CC4F8B831D36CC4F8F9
S31502005810BC31136DC4F8C031F36B3364F8BDE36871
S31502005820D4F8B4215A64D4F8B8219A64D4F8BC21C5
S31502005830DA64D4F8C0211A659A6BC4F8B421D3E9A4
S315020058400F10091A02EBC102C4F8B8211B6C2046DC
S31502005850C4E96F35FCF762FBF36BAF42C4F8BC31A7
S31502005860CAD1D9E7D0F8BC313364736CC0F8B4310D
S31502005870B36CC0F8B831F36CC0F8BC31336DC0F804
S31502005880C031FCF74BFBE36F002BC8D02046FCF778
S3150200589045FBF36BC4F8BC31BEE700BFA15800025A
S315020058A0012270B5C5680446D5E90E163001964048
S315020058B0FFF79CFCC0B1D5E90F32F31A1A44C5E9C9
S315020058C00F62A86383B1D4F8BC21E1681344C4F81B
S315020058D0BC318B6BD4E96D02121A1344C4F8B83189
S315020058E08B6BC4F8B43170BDE36F33B1E368D4F89F
S315020058F0B4211B6CC4E96E2370BD2046FFF766FF18
S31502005900E368D4F8B4211B6CC4E96E23F4E700BF44
S31502005910F8B500B3022906460D4619D9022A1746DA
S3150200592016D95820FFF75EFC0446B8B1002301469B
S315020059302A463046A363FCF7E3FDE8B1F36F8BB169
S315020059400023C4E90873636586F8C6312046F8BDAC
S315020059500D2386F8C63100242046F8BD012386F8B9
S31502005960C631F8E74FF40070FFF73CFCA06318B1AC
S315020059704023C4E90F33E3E70123204686F8C63104
S31502005980FFF732FCE7E700BFF8B505460C46FCF721
S31502005990C5FAEB6F2BB1EE68A64202D0776D002FE7
S315020059A035D0002C31D000236365EC606B63626AEC
S315020059B0CAB96369F3B11B681E6821462846FCF71B
S315020059C055FD214632462846FCF768FDA96E11F0C0
S315020059D0200104D13B2205F5BC700DF0DDFE00204E
S315020059E085F8C601F8BD63622046FCF7B1F9636922
S315020059F0002BE0D1D5F88420636812F0120F02D092
S31502005A001E69002ED9D15E68D7E7AC68CBE730466F
S31502005A10FCF768F93369094A31461A603369284640
S31502005A205F603369B2680433D36033693A46083338
S31502005A303361B761FCF76CFCB3E700BF328080804C
S31502005A402DE9F041D0E90268C660736A04464768E8
S31502005A506BBB0121736D716263B9436E082B29D04A
S31502005A60E36F13B92046FFF7B1FE01223146204605
S31502005A70FCF74EFC01230022736531462046FDF7F2
S31502005A8007FC0023736294F9C751C4F80C80A84638
S31502005A9084F8C7313946204684F8C651FFF774FFA9
S31502005AA0C4E9016784F8C6514046BDE8F081122573
S31502005AB0A846EFE7FCF78CFED2E700BF10B5044616
S31502005AC0FCF7CEFE002084F8C60110BDC36F03B1F9
S31502005AD07047C368D0F8B41130B45964D0F8B8111D
S31502005AE09A6B9964D0F8BC11094CD964D0F8C011EC
S31502005AF01965C0F8B4211D6CD96B491B02EBC102B2
S31502005B00C0F8B8211B6CC0E96F3430BC704700BFC7
S31502005B10A1580002C36F7BB9C368D0F8BC115A6C96
S31502005B201964C0F8B4219A6CC0F8B821DA6CC0F8CE
S31502005B30BC211B6DC0F8C031704700BFC36F03B1F3
S31502005B407047FFF743BE00BF2DE9F041436B0446A1
S31502005B508B420D4617D0656395F80E312A7E23F0E7
S31502005B600103012A85F80E3100F00A82D5F8246174
S31502005B70EB7D46F08077032B09D8DFE813F0270187
S31502005B805E01A7010A0091F80E31DE07E3D4BDE8F3
S31502005B90F08195F80E31590700F11F821922D4F8C7
S31502005BA0B831D5F8601103F10800C4F8B801C3E9A9
S31502005BB00021D4F8BC31013B002BC4F8BC3103DC14
S31502005BC02046D4F8C0319847287ED4F8B831012847
S31502005BD0D5F8642103F1080104D1E87C22F07F4262
S31502005BE042EA00621A20C4F8B811C3E90002D4F8E6
S31502005BF0BC31013B002BC4F8BC3103DC2046D4F88F
S31502005C00C0319847D5F83C3113F0807302D194F92C
S31502005C10C42132B12046FCF7ADFAD5F83C3103F087
S31502005C208073003B18BF01232F21D4F8B82184F8D2
S31502005C30C431D5F8F83002F10800C4F8B801C2E957
S31502005C400013D4F8BC31013B002BC4F8BC3103DC91
S31502005C502046D4F8C03198472D22D4F8B831D5F869
S31502005C60EC1003F10800C4F8B801C3E90021D4F826
S31502005C70BC31013B002BC4F8BC3103DC2046D4F80E
S31502005C80C03198472E22D4F8B831D5F8381103F12D
S31502005C900800C4F8B801C3E90021D4F8BC31013BBD
S31502005CA0002BC4F8BC3103DC2046D4F8C031984737
S31502005CB03922D4F8B83195F80D1103F10800C4F869
S31502005CC0B801C3E90021D4F8BC31013B002BC4F86A
S31502005CD0BC3103DC2046D4F8C0319847D4F8803072
S31502005CE09A024BD5D5F8082113F0807F0CBF1027F6
S31502005CF04FF48077002A00F07E81A16B8A4200F081
S31502005D007481012385F80C3100223721D4F8B83189
S31502005D1003F10800C4F8B801C3E90012D4F8BC3193
S31502005D20013B9342C4F8BC3103DC2046D4F8C031AF
S31502005D30984700264FF03808BF00D5F80821D4F856
S31502005D40B831925903F10801C4F8B811C3E90082C7
S31502005D50D4F8BC31013B002BC4F8BC3103DC20462D
S31502005D60D4F8C03198470436BE42E6D10023D5F8AE
S31502005D70082185F80C31D4F88030A2639B01D5F84E
S31502005D80442103D5B2F1806F00F07B81D5F834113E
S31502005D90D5F82431D5F83C010B43D5F8401143EA36
S31502005DA002050543A26D0D43C54B45F002056A4047
S31502005DB01340002B40F01581D4F8B831A56503F1E4
S31502005DC00801C4F8B81101225D6027E0D5F84C112C
S31502005DD0AA68D4F8B8310A43192103F10800C4F8B5
S31502005DE0B801C3E90012D4F8BC31013B002BC4F858
S31502005DF0BC3103DC2046D4F8C0319847A26DB04BC3
S31502005E007A401340002B40F0B7800122D4F8B83113
S31502005E10A76503F10801C4F8B8115F601A60D4F8E7
S31502005E20BC31013B002BC4F8BC313FF7B0AE204673
S31502005E30D4F8C031BDE8F0411847D5F84C11AA682C
S31502005E40D4F8B8310A43192103F10800C4F8B8019D
S31502005E50C3E90012D4F8BC31013B002BC4F8BC31B3
S31502005E6003DC2046D4F8C0319847287ED4F8B831EE
S31502005E700128EA6803F1080100F0A080D5F84C0178
S31502005E80C4F8B8111A210243C3E90012D4F8BC318E
S31502005E90013B002BC4F8BC3103DC2046D4F8C031E8
S31502005EA09847A26D46F08076854B46F400567240BE
S31502005EB01340002B40F08D80D4F8B831A66503F16B
S31502005EC00801C4F8B81101225E60A7E795F80E3101
S31502005ED098077AD4A968D5F85021D4F8B8310A437C
S31502005EE0192103F10800C4F8B801C3E90012D4F875
S31502005EF0BC31013B002BC4F8BC3103DC2046D4F88C
S31502005F00C0319847E968D5F85421D4F8B8310A4324
S31502005F101A2103F10800C4F8B801C3E90012D4F843
S31502005F20BC31013B002BC4F8BC3103DC2046D4F85B
S31502005F30C03198471D22D4F8B831D5F8141103F1AF
S31502005F400800C4F8B801C3E90021D4F8BC31013B0A
S31502005F50002BC4F8BC3103DC2046D4F8C031984784
S31502005F60D5F83031A26D1F4347F00107544B7A40F2
S31502005F701340002B3FF449AF2046FCF7B1F844E743
S31502005F801A21D5F82431EA7C23F44003C5F82431DA
S31502005F90D4F8B831120603F10800C4F8B801C3E90F
S31502005FA00012D4F8BC31013B002BC4F8BC313FF7D8
S31502005FB0DDAD2046D4F8C0319847D7E5E87CC4F871
S31502005FC0B81142EA00621A215EE72846FBF7E0FAB8
S31502005FD080E72046FCF784F86EE7284600F02CFBA3
S31502005FE0DCE52046FCF77CF8E6E695F90C21002A6A
S31502005FF07FF48AAEC2E6D5F80421002A3FF4BEAE8B
S31502006000A16B8A4256D0012385F80C310022372132
S31502006010D4F8B83103F10800C4F8B801C3E9001294
S31502006020D4F8BC31013B9342C4F8BC3103DC2046B0
S31502006030D4F8C031984700264FF03808BF00D5F88B
S315020060400421D4F8B831925903F10801C4F8B81101
S31502006050C3E90082D4F8BC31013B002BC4F8BC3141
S3150200606003DC2046D4F8C03198470436B742E6D15D
S315020060700023D5F8042185F80C31D4F88030A263C8
S315020060807CE63A22D4F8B831D5F8481103F1080073
S31502006090C4F8B801C3E90021D4F8BC31013B002B96
S315020060A0C4F8BC3103DC2046D4F8C0319847D5F891
S315020060B044216BE695F90C21002AA7D15EE600BFC2
S315020060C0C801F0302DE9F0410F464FF01F0CB1F92F
S315020060D00450B0F84010D0F8B83101EB0241B7F9DC
S315020060E0002003F1080EB7F90660AD1AB7F90220CF
S315020060F0C0F8B8E1C3E900C1D0F8BC31B61A013B19
S315020061002D113611002B044605F1010506F1010693
S31502006110C0F8BC3102DCD0F8C03198471E22D4F850
S31502006120B83105EB064503F10801C4F8B811C3E915
S315020061300025D4F8BC31013B002BC4F8BC3103DC8A
S315020061402046D4F8C0319847636C022B38D0042B12
S315020061501ED0012B1AD12020B7F90220B7F9003040
S31502006160216C12111B1101FB0233D4F8B821E16B29
S3150200617002F108051944C4F8B851C2E90001D4F87D
S31502006180BC31013B002BC4F8BC3113DDBDE8F08104
S31502006190B7F90220B7F90030216C12111B1101FB6D
S315020061A00233D4F8B821E16B202002F1080501EB95
S315020061B08301E0E72046D4F8C031BDE8F041184734
S315020061C0B7F90220B7F90030216C12111B1101FB3D
S315020061D00233D4F8B821E16B202002F1080501EB65
S315020061E04301C8E72DE9F0414FF01F0C0F46036C3F
S315020061F012045B4212FA83F3D0F8B821B1F90450C3
S31502006200B1F9001002F1080EB7F906606D1AB7F976
S315020062100210C0F8B8E1C2E900C3D0F8BC31761A60
S31502006220013B2D113611002B044605F1010506F13D
S315020062300106C0F8BC3102DCD0F8C03198471E22F4
S31502006240D4F8B83105EB064503F10801C4F8B811D4
S31502006250C3E90025D4F8BC31013B002BC4F8BC319C
S3150200626003DC2046D4F8C0319847636C022B38D041
S31502006270042B1ED0012B1AD12020B7F90620B7F91C
S315020062800030216C12111B1101FB0233D4F8B82124
S31502006290E16B02F108051944C4F8B851C2E90001DC
S315020062A0D4F8BC31013B002BC4F8BC3113DDBDE888
S315020062B0F081B7F90620B7F90030216C12111B11D3
S315020062C001FB0233D4F8B821E16B202002F1080564
S315020062D001EB8301E0E72046D4F8C031BDE8F04186
S315020062E01847B7F90620B7F90030216C12111B11B5
S315020062F001FB0233D4F8B821E16B202002F1080534
S3150200630001EB4301C8E700BF10B50446FAF73CFEAD
S31502006310002084F8C60110BD30B50446406E83B035
S315020063200138BDF9185007280ED8DFE800F004132B
S315020063301C252E0D0D0420460095FAF723FD43B2C7
S3150200634084F8C63103B030BD0923184684F8C63135
S3150200635003B030BD20460095FAF73CFD43B284F8FF
S31502006360C63103B030BD20460095FAF7BDFD43B2F3
S3150200637084F8C63103B030BD20460095FAF714FD05
S3150200638043B284F8C63103B030BD20460095FAF711
S31502006390D1FD43B284F8C63103B030BD70B50446B0
S315020063A0406E84B00138BDF92050BDF9246007283B
S315020063B011D8DFE800F00416222E3A1010040A98CB
S315020063C00095CDE901602046FEF7B2FD43B284F89E
S315020063D0C63104B070BD0923184684F8C63104B02C
S315020063E070BD0A980095CDE901602046FEF7BCFD16
S315020063F043B284F8C63104B070BD0A980095CDE95F
S3150200640001602046FEF738FE43B284F8C63104B076
S3150200641070BD0A980095CDE901602046FEF7C2FDDF
S3150200642043B284F8C63104B070BD0A980095CDE92E
S3150200643001602046FEF7DCFD43B284F8C63104B0A3
S3150200644070BD00BF91F8E43010B5013B062B00F297
S31502006450ED80DFE803F004151B22282F35004FF0EC
S315020064607F434FF0FF0C1A46604691F8E5E0BEF115
S31502006470070F77D8DFE80EF02C837BB4AEA8A172A3
S3150200648091F8DC0003061A468446EEE700234FF035
S315020064907F424FF0FF0C1846E7E700224FF07F439A
S315020064A0FF209446E1E7002391F8DCC018464FEA44
S315020064B00C62DAE7002291F8DC0094460306D4E780
S315020064C091F8DC0091F8E0C003064FEA0C62CCE7D3
S315020064D04FF0000C604691F8E6E0BEF1070F5AD87D
S315020064E0DFE80EF00498908A84655E554FF0000C42
S315020064F0604691F8E7E0BEF1070F00F29380DFE80D
S315020065000EF0072823201D19041291F8DF00034319
S3150200651091F80E01C1F8583140F00403C1F85C212C
S3150200652081F80E3110BD91F8DF4091F8E300234364
S315020065300243EDE791F8DF000243E9E743F0FF0388
S31502006540E6E742F0FF02E3E791F8DF000343024386
S31502006550DEE743F0FF0342F0FF02D9E791F8DD00E0
S3150200656091F8E1C043EA004342EA0C42B3E791F8EC
S31502006570DD00844643EA004342EA0042ABE74FF0BD
S31502006580FF0C43F47F03604642F47F02A3E791F8CF
S31502006590DE0091F8E2C043EA002342EA0C22A8E7B1
S315020065A091F8DE004FF0000C43EA0023A1E791F8D0
S315020065B0DEC0002042EA0C229BE791F8DD004FF094
S315020065C0000C43EA004386E791F8DDC0002042EA68
S315020065D00C4280E74FF0000CFF2043F47F037AE77A
S315020065E04FF0FF0C002042F47F0274E74FF0000CDC
S315020065F0FF2043F47F437CE74FF0FF0C002042F478
S315020066007F4276E791F8DE00844643EA002342EAB7
S3150200661000226EE74FF0FF0C43F47F43604642F4DC
S315020066207F4266E7034342EA0C0271E700231A46F9
S315020066309C46184619E700BF6FF07F43D0F84C110D
S3150200664030B4D0E95654090A2A0E01FB023265F328
S315020066501702250E01FB053390F80E1164F317039A
S31502006660C0F8602121F00402C0F8643180F80E21DE
S3150200667030BC70472DE9F04FCD7D81B0032D02D09D
S3150200668001B0BDE8F08F0E46B2F90050B1F9A8107C
S31502006690D6F8FC70491BD6F89850044605FB01FC57
S315020066A0D6F8B050B6F9AAB005FB01F1D6F8A0505B
S315020066B0D6F89C8007EB050ED6F8A470D6F80051E2
S315020066C0D6F8B4A005EB0709D0F8B87107F10805AA
S315020066D0002B40F0C780B2F90230C0F8B851ABEBDC
S315020066E0030308FB03CC0AFB03112423AEEB2C1590
S315020066F07D603B60D0F8BC31A9EB2115013B002B34
S31502006700C0F8BC3102DCD0F8C03198472522D4F853
S31502006710B831D6F8981003F10800C4F8B801C3E9F5
S315020067200021D4F8BC31013B002BC4F8BC3103DC98
S315020067302046D4F8C03198472622D4F8B831D6F884
S315020067409C1003F10800C4F8B801C3E90021D4F88B
S31502006750BC31013B002BC4F8BC3103DC2046D4F823
S31502006760C0319847D6F8EC102B1401FB03F327210E
S31502006770D4F8B821D6F8B07002F10800D6F8B48081
S31502006780C4F8B801C2E90013D4F8BC31013B002BAE
S31502006790C4F8BC3103DC2046D4F8C031984728221D
S315020067A0D4F8B831ADB203F10801C4F8B811C3E99F
S315020067B00025D4F8BC31013B002BC4F8BC3103DC04
S315020067C02046D4F8C03198472921D6F8EC303A143D
S315020067D003FB02F2D4F8B83103F10800C4F8B80199
S315020067E0C3E90012D4F8BC31013B002BC4F8BC311A
S315020067F003DC2046D4F8C0319847D6F8EC304FEA8D
S31502006800284203FB02F2D4F8B83103F10801C4F8B6
S31502006810B8112A21C3E90012D4F8BC31013B002B7E
S31502006820C4F8BC3103DC2046D4F8C03198472B218A
S31502006830D4F8B821BBB202F1080043EA0843C4F80F
S31502006840B801C2E90013D4F8BC31013B002BC4F8ED
S31502006850BC313FF715AF2046D4F8C03101B0BDE8D0
S31502006860F04F1847B2F90630C0F8B851ABEB030542
S3150200687008FB05C8AEEB28137B6024233B60D0F8E7
S31502006880BC310AFB0515013B002BA9EB2515C0F807
S31502006890BC3102DCD0F8C03198472522D4F8B83191
S315020068A0D6F8981003F10800C4F8B801C3E900212C
S315020068B0D4F8BC31013B002BC4F8BC3103DC2046C2
S315020068C0D4F8C0319847D4F8B831D6F89C2003F1F1
S315020068D00801C4F8B81126215242C3E90012D4F8BD
S315020068E0BC31013B002BC4F8BC3103DC2046D4F892
S315020068F0C0319847D6F8EC102B1401FB03F3D6E906
S315020069002C71C1F100082721D4F8B82102F1080040
S31502006910C4F8B801C2E90013D4F8BC31013B002B1C
S31502006920C4F8BC3103DC2046D4F8C031984728228B
S31502006930D4F8B831ADB203F10801C4F8B811C3E90D
S315020069400025D4F8BC31013B002BC4F8BC3103DC72
S315020069502046D4F8C03198472921D6F8EC303A14AB
S3150200696003FB02F2D4F8B83103F10800C4F8B80107
S31502006970C3E90012D4F8BC31013B002BC4F8BC3188
S3150200698003DC2046D4F8C0319847D6F8EC304FEAFB
S31502006990284203FB02F2D4F8B83103F10801C4F825
S315020069A0B8112A21C3E90012D4F8BC31013B002BED
S315020069B0C4F8BC3103DC2046D4F8C03198472B22F8
S315020069C0D4F8B831BFB203F1080147EA0847C4F860
S315020069D0B811C3E9002736E7F0B5C66C054637B2EB
S315020069E0006DBDF914C09F42D8BF06F1FF330FFAFE
S315020069F080FED8BF1BB2E645DCBF00F1FF3C0FFAB2
S31502006A008CFC2CEAEC744FF0000C21EAE1718F4207
S31502006A1022EAE272DCBF06F1FF3631B29645E6465D
S31502006A20D8BF00F1FF3023EAE373D8BF02B20901EF
S31502006A301B0160461201240185F8C6C163F30F0EDD
S31502006A4061F30F0C62F31F4C64F31F4EC5F872C05C
S31502006A50C5F876E0F0BD00BFF0B583B0DDE90856B3
S31502006A60072E0446C0E91335C1638664026409DC55
S31502006A70002E10DB072E0ED8DFE806F03C41360862
S31502006A800D0D474C402E2FD0412E04D14FF440110C
S31502006A90022261656264E669BEB1D6F82C71D6F847
S31502006AA01C21606DD6F820113A430243D6F83C7198
S31502006AB0D6F840010A433A43D6F8441102430A4340
S31502006AC0C6F824213668002EE7D10022013D2DB2F8
S31502006AD0013B2046114600951BB2FFF77DFF0020C1
S31502006AE084F8C60103B0F0BD4FF4001104226165BB
S31502006AF06264D0E70021012241654264CBE74FF48C
S31502006B008011022241654264C5E7042204494264B7
S31502006B104165C0E70222034942644165BBE700BF03
S31502006B200001200000013000B0F97620B1F90030F2
S31502006B309A4227DBB1F90220B0F978C0944521DBED
S31502006B4030B5B1F904E0B0F972C0E6451CDBB1F923
S31502006B500650B0F97440A54216DB6345BCBFA1F8E6
S31502006B6000C0B0F97440A242B8BF4C80B0F976308A
S31502006B709E45C8BF8B80B0F978309D4200DDCB8040
S31502006B80012030BD00207047002030BD704700BF95
S31502006B902DE9F843089E082E42DC0024814615465C
S31502006BA008464FF0FF32214698464FF0FF37FFF76F
S31502006BB0EDFF874274EB01012CD3D9F80030002E89
S31502006BC01861D9F800301D6214DDA8F10805A04647
S31502006BD0F5E902012246FFF7D9FF874278EB010168
S31502006BE012D304F11002D9F800300134A64243F858
S31502006BF03200EDD1D9F80020936803F00C0343F07C
S31502006C0001039360BDE8F883A421084B084A0948AA
S31502006C1003F000F99821084B054A064803F0FAF8F2
S31502006C209421064B024A034803F0F4F8784E010217
S31502006C3000690102244E0102604E0102FC4D01026E
S31502006C40704700BF0268936803F00C0343F0020327
S31502006C50936003685A685107C2F3800012D45A68D7
S31502006C60C2F30011D2060CD45A68C2F3C01012063F
S31502006C7006D45A68D20504D45868C0F34010704747
S31502006C80084670470020704710B40024D0E901126C
S31502006C90121BB1FA81F118BF01228446490942EA60
S31502006CA04102006862F30704C4601F4BDCF800105F
S31502006CB001E0013B02D04A681207FAD44B68C3F3DB
S31502006CC0C0001B0709D4DCF804304A6AB3FA83F31E
S31502006CD0C2F340025B09934204D04FF0FF305DF8E5
S31502006CE0044B7047DCF808204B6A003A18BF0122B1
S31502006CF003F001039A42F0D1022245F25354CA61CB
S31502006D00DCF80020094BD463DCF800201364DCF8BD
S31502006D1000205364DCF800209364DCF80020D3647E
S31502006D205DF8044B704700BFA086010000001F0FEC
S31502006D3008B5C0E9001283608B6A1B0F01D00020E0
S31502006D4008BDFFF7A1FFB0FA80F0400908BD00BFF9
S31502006D500068022A836803F00C0306D0A2F101023E
S31502006D60B2FA82F2520962F3C303022906D0A1F1F2
S31502006D700101B1FA81F1490961F3820383600020BE
S31502006D80704700BF10B50068836A04688B422AD038
S31502006D904FEA136C4B405FFA83FE1B074FEA116101
S31502006DA01DD18CEA01000F288CBF00200120BEF104
S31502006DB0100F28BF00201CF0080F03D111F0080F96
S31502006DC018BF002082EA0403B3F1805F09D2C2F33E
S31502006DD00752C4F30754A24288BF002010BD002008
S31502006DE0E5E7002010BD0120ECE700BF0048704730
S31502006DF0E02D0422002070470020704708B50120CC
S31502006E000CF0A2FA08B10023037008BD1C4B1B68E4
S31502006E1083422AD010B51B4B1C68E4B123680BE0F1
S31502006E205A6852070BD45A68D00608D45A68110613
S31502006E3005D45A68D20502D45A689106F0D50223BF
S31502006E4020462374FFF7FEFE80F001035B00DBB2EF
S31502006E506374002010BD03781BB920BF0378002B92
S31502006E60FBD0013B0370002010BD03781BB920BF85
S31502006E700378002BFBD0013B03700020704700BF54
S31502006E80E42D0422EC2D042203780133037040BF63
S31502006E9000207047704700BF704700BF437C012B3C
S31502006EA00FD0022310B503740446FFF7CBFE034648
S31502006EB083F001035B00DBB2E06A6374FFF7E4FF71
S31502006EC010BD70472DE9F843234E044637688946BC
S31502006ED015469846002F38D0204F3B686BB3DDE944
S31502006EE008234FF0020C2563002549462046C4F8C4
S31502006EF0388084F841C084F842C06563E563FFF7D1
S31502006F0017FFF8B1FFF77AFFE062D8B13068256162
S31502006F106561A561E56125626562A562FFF76AFFA3
S31502006F200F4B30681A681C60E260FFF765FF38682D
S31502006F30FFF7AAFF2846BDE8F883FFF75FFF386030
S31502006F400028CCD14FF0FF30F5E7FFF74FFF306056
S31502006F500028C1D1F6E700BFE82D0422E42D042261
S31502006F60EC2D042238B5037C0446012BD8B20ED090
S31502006F7002280ED0002853D000234FF0FF302361A1
S31502006F806361A361E36123626362A36238BD002980
S31502006F90FCD0626A002A15DD002502E00135954221
S31502006FA010DA94F842302B41DB07F7D5D4E90732E1
S31502006FB052F8251053F8350000F0AAF9626A013535
S31502006FC09542EEDB4FF0FF324FF0FF33E06AFFF7F8
S31502006FD01DFF002827DB2046A16AFFF75DFFE36B52
S31502006FE03BB1013BE36323B9012220461146FFF779
S31502006FF0AFFE637C03F0FF0083B1637C022B20D0DB
S315020070002046FFF741FE38B9E26B2046B2FA82F219
S3150200701052091146FFF79CFE4FF0FF300023AEE700
S315020070206FF0010038BD01216174237C022BD2D19D
S315020070304FF0FF324FF0FF33E06A6174FFF7E6FE6E
S31502007040C9E72046FFF7FCFDDAE700BF2DE9F04766
S3150200705082B0DDE90A7C002900F0A980002B00F04D
S31502007060B480002F00F0AA800446007C01EB0208DF
S3150200707000F0FF0500284BD10C98C4E90512C4E9BB
S3150200708007372574C4F824C0A062534D0868A84285
S3150200709036D112F0030633D10D1DD4E90C1251EA92
S315020070A0020069D1A8450FD92B78022B10D0052BE7
S315020070B034D0012B24D1D5E901122046FFF762FE16
S315020070C0F0B10C35A845EFD8304602B0BDE8F087DE
S315020070D06B786F8805F1040947EA034719F00F0A2E
S315020070E04FEA87070CD1606A002830DDE269034661
S315020070F0083A01E0013B20D052F8081F0907F9D0EF
S31502007100002323616361A361E36123626362A36275
S315020071104FF0FF36304602B0BDE8F0870435C1E7CE
S31502007120236A53F82A10E36953F83A0000F0EEF89E
S31502007130606A0AF1010A824509DA94F8413043FA93
S315020071400AF3DB07ECD40AF1010A8245F5DBE36BAD
S315020071505A1CE263D3B101232046A16A2374FFF7C6
S3150200716099FE636A3A46009349462046E369043724
S31502007170FFF70EFD3D4495E7BCF1020F92DDBF68B5
S31502007180A06B8742BCD8C3E904128BE72046FFF7FF
S315020071907BFD40B9E26B2046B2FA82F252091146F1
S315020071A0FFF7D6FDD7E7E36B013BE363A8E740F2BF
S315020071B091210A4B0A4A0B4802F02CFE40F2932117
S315020071C0094B074A074802F025FE40F29221074B77
S315020071D0034A044802F01EFE434F5031D04E0102CC
S315020071E0206901029C4E0102FC4E0102E84E010298
S315020071F010B584B0069C0094079C0194089C0294E6
S315020072000446FFF723FF002806DB0121204604B0CF
S31502007210BDE81040FFF7A6BE4FF0FF3004B010BD28
S3150200722070B504460D4682B0EFF31086012181F354
S315020072301088194B1A6822F480321A601B681E20C5
S3150200724002F0F0FD86F310881448214604F0C6FECB
S315020072501348A16804F0C2FEA26822B1116811485F
S3150200726004F0BCFEA26800231068A97B6A7BCDE904
S3150200727000211A460C49FFF725FE48B965602968C0
S315020072800A4AE16069682260C4E9040102B070BD7D
S31502007290032002B070BD00BF00302040144F01022F
S315020072A0384F0102684F01020000144054454D5206
S315020072B030B583B0EFF30383124A103B5CB252F847
S315020072C02450AB681868FFF7E9FDEB685BB12869E3
S315020072D0B0B1036801936B690360EB6898472B6949
S315020072E00BB1019A1A60084A04F5C65352F82310E4
S315020072F021F4803142F8231052F8233003B030BD16
S3150200730001A8E8E7702E042200600040704700BF23
S31502007310704700BF30B5436A83B004468C466D465B
S315020073209BB193E8030085E8030083F804C0A16AD1
S31502007330DA8019601846236A9847636A1BB195E892
S31502007340030083E8030003B030BD2B46EDE700BF20
S315020073502DE9F047DFF824914C680F464FEA042ADC
S31502007360804609EB04248E69EFF31085012181F32F
S3150200737010883F4B9A6822F080729A609B681E20A2
S3150200738002F050FD85F310884FF00B0E3246387A24
S31502007390797A00234EF001E041EA0071307E41EA3B
S315020073A00011307D41EA0061707D41EA0041B07D05
S315020073B041EA0031F07D41EA00212162B17E707E10
S315020073C0090441EA0061307801436162B18BA1622E
S315020073D0F18BE162318C216332F8221F616332F84C
S315020073E0020F03F10E0144F8210001330FF009C820
S315020073F04FF0140E324600234EF001E032F83A1FE7
S31502007400616632F8025F03F11A0C44F82C5001331C
S315020074100FF009C80122002096F86430C4F8C03083
S31502007420B6F86610B6F8683043EA0143C4F8C430C9
S31502007430F36EC4F8C830336FC4F8CC300D4B4AF83B
S315020074400920A361D6E901321343F2681343326974
S3150200745013432361C8E901743A69074BC8F820202F
S315020074607A69C8F80030C8E90902BDE8F08700BFAA
S3150200747000302040020007084D44500000612540BC
S315020074802DE9F84346680546B06990F864408807D6
S3150200749079D14FF0FF30A04023EA000002F0030446
S315020074A020436DD19208B2FBF3F003FB10200028B3
S315020074B066D11E272A61012247F001E0AC68C5E9C0
S315020074C00510E960EB61C4F8E020D4F8E8300FF06B
S315020074D005C0D5E90170D7F80C80D7F818C0B8F105
S315020074E0000F3BD040F6DF710122D8F80430D5F800
S315020074F00CE01B68E830B3F8029001EA0901D5F8FE
S31502007500109058600EEB8900D5F80CE041F420414A
S31502007510C3F808E059809CF864108A4092B2DA8176
S315020075209CF86410AA8BCA4092B29A816B69EA6986
S3150200753003EB820398426B619CBFEB686B61FB684D
S31502007540D8F80820D3E9000112689047C8B9FA684A
S31502007550D8F808301068DB68984790B996F9213058
S31502007560002B02DBE368DB033AD5E36843F004034E
S31502007570E36096F91F30002B09DA0020BDE8F88394
S315020075801720BDE8F88340F2EB30BDE8F883327F7E
S315020075902F4C03F1604012012E49D2B200F5614030
S315020075A080F8002303F5C65244F8235051F822000E
S315020075B020F4803041F8220051F82220BFF35F8F79
S315020075C001215A09920003F01F0302F1604202F5FB
S315020075D0614201FA03F3C2F8803113600020CDE75D
S315020075E0E36843F48033E36096F92120B37F002AEF
S315020075F026DB1B0102F16041DBB201F5614181F834
S3150200760000331349134B41F8225002F5C65153F881
S31502007610210020F4803043F8210053F82130BFF3D3
S315020076205F8F012153099B0002F01F0203F16043A1
S3150200763003F5614301FA02F2C3F880211A6094E766
S3150200764005491B0102F00F00DBB20B54D9E700BF5C
S31502007650702E04220060004014ED00E038B5EFF30E
S3150200766003830221114A103B5CB252F82450AA68E5
S31502007670136923F002031361AB6899612B6A1BB18C
S3150200768000222846FFF746FE094A04F5C65352F879
S31502007690231021F4803142F8231052F82330AA68CD
S315020076A0136943F00203136138BD00BF702E042232
S315020076B00060004010B5EFF303830E4A103B5CB244
S315020076C052F824000C4983685A690A409A61036A8F
S315020076D01BB10321120CFFF71DFE084A04F5C6531F
S315020076E052F8231021F4803142F8231052F8233045
S315020076F010BD00BF702E0422000007080060004083
S3150200770038B338B504681CB3236A0BB36268A38B1B
S315020077109169D26891F864509068A168EB409BB277
S315020077208568E83110686269A8476369E069E568B7
S3150200773003EB80032069002205EB8000834228BF09
S315020077402B4663612046BDE838400121FFF7E2BDC2
S3150200775038BD7047002001238242CAB203FA02F3FF
S315020077609AB24FEA034308BF1A460B0A5B0103F1BA
S31502007770804303F580039A60704700BF2DE9F84FF6
S315020077800388DBB14FF0000A80464FF00109DFF8AB
S31502007790D4B00024314D4FEACA07D8F8043035F880
S315020077A0022BD919898891420AD00134032CF4D1CB
S315020077B0B8F800300AF1010A5345EAD8BDE8F88F55
S315020077C0DB5909FA04F603F0B853B3F1807F244B70
S315020077D0F6B293F84C2C12D0324230D104F1200288
S315020077E01BF81230DB09E0D01BF81230012123F01E
S315020077F08003C8200BF8123002F014FBD5E73242A0
S3150200780010D004F120021BF81230DB09CDD11BF88F
S315020078101230012143F08003C8200BF8123002F027
S3150200782001FBC2E7012002F0A9FB0D4B012093F8F0
S315020078304C2C324383F84C2C02F070FBE1E701201A
S3150200784002F09CFB064B012093F84C2C22EA06021E
S3150200785083F84C2C02F062FBC0E700BF34690102D8
S3150200786000E0014000202040F8B50646FFF786FFFB
S31502007870EFF31082012383F31088234F3B681BB971
S31502007880402022490B7508753B6801333B6082F341
S315020078901088338800211BB31D4D08E01B011344D9
S315020078A045F82340328801318BB29A4218D973685F
S315020078B053F8314003EBC1029288E0034FEA1223E8
S315020078C0D2B2EBD502EB031055F820E024F4803C4B
S315020078D02EF4803E45F820E01B0145F820C0DEE785
S315020078E0EFF31082012383F310883B6813B13B68E0
S315020078F0013B3B603B681BB9802004490B75087548
S3150200790082F31088F8BD00BF6C2E0422000D4040A1
S315020079100008404008B5034B03600846FFF7A4FF82
S31502007920002008BD54524F5008B50846FFF79CFF89
S31502007930002008BD0346002059601A72704700BF36
S3150200794030B5836B83B004460A466D46A3B193E80D
S31502007950030085E80300E16B1A7119601846636B30
S315020079609847A36B1BB195E8030083E80300002345
S3150200797084F82B3003B030BD2B46ECE730B5454BCF
S3150200798083B01B6A01690193019B03F00F230193E4
S31502007990019A019D0B7C90F82C409CB9C2F30322FC
S315020079A0DBB2A2EB156293409B0804D1082003B018
S315020079B030BD013BFAD04A78C2F3C014D209F8D1DD
S315020079C0CC710169002390F826408569026880F827
S315020079D02B30C56180F82D3080F8274080F82E3094
S315020079E080F8283080F82F30036280F83030546AED
S315020079F0227894F801E0012A14BF4FF0040C4FF0EC
S31502007A00050C6279120142EA4E0294F806E042EA55
S31502007A10CE124CEA0202D2B2CA7001690A7942F067
S31502007A2010020A7101690A7963F3C3020A710169D4
S31502007A300A7963F304120A710269E179137961F32F
S31502007A40C71313710269537943F001035371036833
S31502007A5093F90F30002B07DB012203F01F040E49B6
S31502007A605B09A24041F82320BF210269537A03F041
S31502007A70F30353720369D97190F82C302BB10023AA
S31502007A8080F82C30002003B030BD022203695A7000
S31502007A90F8E700BF00E0014000E100E090F808C00E
S31502007AA0C0E90512BCF1010F80F82A3008D1002284
S31502007AB0436880F826C05B0080F8243080F82520D1
S31502007AC0002380F82930FFF759BF00BF90F808C09D
S31502007AD0C0E90512BCF1010F80F82A300AD1002252
S31502007AE0436880F826C05B0043F0010380F8243027
S31502007AF080F82520012380F82930FFF73FBF00BF19
S31502007B0070B40024402203691C7003691A7002696A
S31502007B1013785B06FCD5C0231370036802695B6A9F
S31502007B20804D1B794FF0000C43F0E0031374036899
S31502007B3002695B6AB324DB7843F0E003537403689B
S31502007B4002695B6A9B781B0103F0700343F008032A
S31502007B509370036802695B6A1E78012E5E7814BF11
S31502007B600423052343EA4603DBB2D37003685B684A
S31502007B70AB4214BF7722F72203695A71036983F86D
S31502007B8006C00369DC7191F911204B7B6245C0F294
S31502007B90AA801B0102F16044DBB204F5614484F859
S31502007BA00033614C614B44F8220002F5C65553F886
S31502007BB0256026F4803643F8256053F82530BFF356
S31502007BC05F8F012553099B0002F01F0203F16043F8
S31502007BD003F5614305FA02F2C3F880211A6091F9AE
S31502007BE00F204B7B002AC0F295801B0102F16045F3
S31502007BF0DBB205F5614585F800334C4B44F82200AB
S31502007C0002F5C65553F8256026F4803643F82560FA
S31502007C1053F82530BFF35F8F012553099B0002F00D
S31502007C201F0203F1604303F5614305FA02F2C3F84A
S31502007C3080211A6091F910204B7B002A63DB1B011D
S31502007C4002F16045DBB205F5614585F80033374B35
S31502007C5044F8220002F5C65553F8256026F480360C
S31502007C6043F8256053F82530BFF35F8F012553098A
S31502007C709B0002F01F0203F1604303F5614305FA1C
S31502007C8002F2C3F880211A6091F90E204B7B002A7A
S31502007C9031DB1B0102F16041DBB201F5614181F882
S31502007CA00033224B44F8220002F5C65153F8214014
S31502007CB024F4803443F8214053F82130BFF35F8F18
S31502007CC0012153099B0002F01F0203F1604303F5F1
S31502007CD0614301FA02F2C3F880211A609F22036906
S31502007CE01A7070BC7047124C02F00F051B01DBB212
S31502007CF02C44237655E70E4902F00F051B01DBB231
S31502007D0029440B76CDE70B4D1B0102F00F06DBB2C1
S31502007D10AB559CE7074D1B0102F00F06DBB2AB55D4
S31502007D206BE700BF40420F00702E04220060004045
S31502007D30FCEC00E014ED00E0F8B500250A781C4BD7
S31502007D40016013441B0203618B680E4643600B7B82
S31502007D5004460372CB6943630B6A80F82950C363F6
S31502007D6080F82A50856380F82B50C0E90555C0E992
S31502007D70075580F82C50EFF31087012181F3108804
S31502007D800C4A33785068C3F1090301FA03F320EA77
S31502007D900303536053681E2002F044F887F31088E9
S31502007DA020463146FFF7ACFE034B2846E360F8BD9A
S31502007DB0E0254000003020404349495210B582B0C8
S31502007DC0EFF30383103B5F4A5BB203F5C65352F8E7
S31502007DD0231021F4803142F8231052F82330EFF3B6
S31502007DE00383594A103B5BB252F8234094F82D3074
S31502007DF05BBBA369022B22D9E369012B0ED122694F
S31502007E00137943F0100313712269137943F00803BF
S31502007E1013712269137923F01003137123685B6AC5
S31502007E20DB79002B3ED101222369DB7CDBB28DF8A4
S31502007E3007309DF8073084F82D2002B010BD226964
S31502007E40137943F040031371D6E7E369002BF4D0AC
S31502007E502268526AD279FAB9032B17D0022B26D09E
S31502007E60012B34D02269236AD17C6269D154D4E9C8
S31502007E7007320132013BC4E90732002BDDD1216909
S31502007E800A7963F386120A7102B010BD2269137968
S31502007E9043F040031371E5E705212046FFF750FD45
S31502007EA0E369D9E705212046FFF74AFDBBE72269C8
S31502007EB0137943F0100313712269137943F008030F
S31502007EC013712269137923F010031371CAE794F828
S31502007ED02A2072B322681D4892F90F20510902F036
S31502007EE01F0203FA02F2203140F82120BFF34F8F1E
S31502007EF0BFF36F8F04202169CA7942F08002CA71EA
S31502007F0021690A7942F010020A7121690A7922F07E
S31502007F1008020A7121690A7922F010020A7122699D
S31502007F20507021694A7922F001024A7184F82C3094
S31502007F3098E708212269537A03F0F70353722369FB
S31502007F4059708FE700600040702E042200E100E0C5
S31502007F5010B5EFF30383103B434A5BB203F5C653F6
S31502007F6052F8231021F4803142F8231052F82330BC
S31502007F70EFF303833D4A103B5BB252F8234094F879
S31502007F802730002B40D194F82930002B3BD12368AF
S31502007F905B6ADB792BB194F82B3013B9236A002B79
S31502007FA05CD1E3692169002B41D1CB79C02223F050
S31502007FB08003CB71216901E0013A02D0CB79DB095A
S31502007FC0FAD12368284A93F9103003F5C65352F8BA
S31502007FD0231021F4803142F8231052F8233023680B
S31502007FE093F91030002B09DB01215A09204803F0CE
S31502007FF01F03603201FA03F340F822302269D37973
S3150200800043F04003D37110BD94F82630032B1CD0E5
S3150200801094F8242023699A7494F8282094F8273037
S315020080200132013B84F8282084F8273010BD236AE8
S315020080306269D35C8B74D4E907320132013BC4E92D
S315020080400732002BDFD12169AFE794F82830022BE3
S31502008050DED194F83030002BDAD110BD052120464E
S31502008060FFF76EFC9DE700BF00600040702E042201
S3150200807000E100E038B5EFF30383344A103B5BB20C
S3150200808052F8234023685B6ADB79002B4BD194F8C4
S3150200809029301BB194F82730012B52D0E369E3B1A2
S315020080A02169C023CA7922F04002CA71216901E01E
S315020080B0013B02D0CA795206FAD4EFF30383103B8E
S315020080C0234A5BB203F5C65352F8231021F48031DA
S315020080D042F8231052F8233038BD94F82A203AB3D6
S315020080E0012022681B4D92F90F20510902F01F024E
S315020080F0203100FA02F245F82120BFF34F8FBFF379
S315020081006F8F4FF0040C2169CA7942F08002CA715E
S31502008110226982F801C021694A7963F300024A7131
S3150200812084F82C00BCE705212046FFF709FCAEE7E0
S3150200813008212269537A03F0F703537223695970AF
S31502008140AEE794F83030002BAAD0A7E7702E0422AF
S315020081500060004000E100E038B5EFF303834F4AC8
S31502008160103B5BB252F823000269537A517ADC065D
S3150200817001F0E00151725FFA83FC03F003022CD591
S315020081800369597849064ED40024012580F82B50FC
S31502008190DC710168FFF7B4FCB32290F826308169DE
S315020081A080F82830036980F82C400162C46180F8A7
S315020081B02A402946DA71FFF7C3FBEFF30383103B2C
S315020081C0374A5BB203F5C65352F8231021F48031C5
S315020081D042F8231052F8233038BD002A5CD11CF035
S315020081E0080F11D0C369002B45D190F82B30002B14
S315020081F041D1B32290F829100369C1F10301C9B232
S31502008200DA71FFF79DFBD8E790F82C200CF00403F7
S3150200821042B3002BD1D0C369002B3BD190F82B304F
S31502008220002B37D1E5E7002AAED15A78C2F3801186
S315020082305206D4D5082280F82B105A7003680169B9
S315020082405A6A94791378527943EAC41343EA0213B9
S3150200825043F00203DBB2CB700269537943F00103A8
S315020082605371AAE7002BA8D003685B6ADB79002B5F
S31502008270A3D00421C5E70023B32190F826508469D0
S31502008280026980F82C3080F828500462C36180F8B5
S315020082902A30D1710121B4E7036975E7702E0422F1
S315020082A00060004003460020D3E902235360704772
S315020082B030B48C6E01342AB1944203D930BC013AEF
S315020082C01A607047029D496B0078ED0754BF01F0B2
S315020082D01F01C1F30441032808D9090981F00101EC
S315020082E06AB9A1B930BC02225A60704701F00C018A
S315020082F0A1F10401B1FA81F14909002AF1D09442AF
S3150200830001D80029EED130BC03225A607047002CF6
S31502008310E8D0F8E74FF0010C2DE9F0430B7C00257D
S315020083200CFA03F3C360C3F30D03B3FA83F35B09D9
S31502008330416003740B7CAD4A0E461A4412028260F7
S315020083404B69044643618B6985B0C0E90653CD6922
S31502008350EFF310878CF31088097CA54B0A1F052AB8
S3150200836083BF4FF00042CA40D2436FF000621B69DE
S3150200837013409F4A1361136901211E2001F052FD29
S3150200838087F31088E36819070DD0EFF310810123F4
S3150200839083F31088974AE06853889BB223EA000366
S315020083A0538081F310884FF425400022A3684FF0D2
S315020083B000411860A368DA62A368DA63A3689A6464
S315020083C0337A3078DB05032843F4803008BF03464E
S315020083D0A7687068FB62A36801381961A3685961CE
S315020083E0A3689961A1684A62A1688A62A168AB69B9
S315020083F0CB61A168EB690B62A1688866A1684866D1
S315020084004FF0FF300021CDE9020130782F6D0028B0
S3150200841040F0F08101204FF0030E7368D4F8088013
S315020084205B08013B0293C8F85430A2689365327820
S31502008430032A03D9A268D365A26813662B6DD3B942
S315020084402B78A3B133786A78022B4FEA821C4FEA63
S31502008450021100F00282032B03D0002A0CBF06236E
S3150200846009233B4343EA0C030B4343F48077AB787F
S31502008470002B40F0DA8100236268D16991F8482026
S3150200848001F1300CDA40D2070ED5032B5CF823201B
S3150200849016D0042B21D002F1FF38A26803F112098B
S315020084A002EB8902C2F804800133062B1DD091F833
S315020084B04820DA40D207F7D5032B5CF82320E8D10F
S315020084C0A368013ADA6591F84820D30640F1A781FC
S315020084D00423042BDCF81020DDD1A368013A9A6547
S315020084E091F848309B0600F19C810123327C93402F
S315020084F0C3F30D0313B10022A3685A640023A268D2
S315020085009363A268C2F888302B6D3BB995F8213087
S3150200851095F820205B0743EA42331F4395F848301B
S31502008520002B14BF4FF4A0024FF4AA02A3681A64E8
S315020085303378012B04D10023A268D364A2681365A1
S31502008540A3685F63A26895F85410D36A43EA0113DD
S3150200855095F8551043EA4113D362A368C3F830E095
S31502008560A3681863D4E90232DA6096F91230002B56
S3150200857026DB727C03F1604112011F48D2B201F57B
S31502008580614181F800231D4A40F8234003F5C65194
S3150200859052F8210020F4803042F8210052F82120BE
S315020085A0BFF35F8F01215A09920003F01F0302F104
S315020085B0604202F5614201FA03F3C2F880311360A8
S315020085C095F92830002B33DB95F8222003F1604120
S315020085D012010948D2B201F5614181F80023074A26
S315020085E040F8234003F5C6510AE000BF203240009E
S315020085F00030204000403240702E042200600040CD
S3150200860052F8210020F4803042F8210052F821204D
S31502008610BFF35F8F01215A09920003F01F0302F193
S31502008620604202F5614201FA03F3C2F88031136037
S3150200863095F92930002B27DB95F8232003F16041B9
S3150200864012018848D2B201F5614181F80023864AB7
S3150200865040F8234003F5C65152F8210020F4803039
S3150200866042F8210052F82120BFF35F8F01215A09F7
S31502008670920003F01F0302F1604202F5614201FA21
S3150200868003F3C2F88031136095F92A30002B27DBF9
S3150200869095F8242003F1604112017248D2B201F525
S315020086A0614181F80023704A40F8234003F5C65120
S315020086B052F8210020F4803042F8210052F821209D
S315020086C0BFF35F8F01215A09920003F01F0302F1E3
S315020086D0604202F5614201FA03F3C2F88031136087
S315020086E095F92B30002B27DB95F8252003F1604105
S315020086F012015C48D2B201F5614181F800235A4A5F
S3150200870040F8234003F5C65152F8210020F4803088
S3150200871042F8210052F82120BFF35F8F01215A0946
S31502008720920003F01F0302F1604202F5614201FA70
S3150200873003F3C2F88031136095F92C30002B27DB46
S3150200874095F8262003F1604112014648D2B201F59E
S31502008750614181F80023444A40F8234003F5C6519B
S3150200876052F8210020F4803042F8210052F82120EC
S31502008770BFF35F8F01215A09920003F01F0302F132
S31502008780604202F5614201FA03F3C2F880311360D6
S3150200879095F92D30002B27DB95F8272003F1604051
S315020087A0304D12013049D2B200F5614080F8002303
S315020087B003F5C65245F8234051F8220020F48030D2
S315020087C041F8220051F82220BFF35F8F01215A0996
S315020087D0920003F01F0302F1604202F5614201FAC0
S315020087E003F3C2F8803113600020204B236005B0EA
S315020087F0BDE8F0830128D4F8088029D00092F268F7
S31502008800606802AB4146FFF753FDDDE90232100410
S3150200881040EA026040F0030E40F0010003E6052341
S3150200882030E60523DCF8142035E6E97832780B01C8
S31502008830022A43EA811312D0032A03D000290CBF6D
S3150200884006220922134347EA034343F0807712E6DE
S315020088504FF0030E4FF0FF33E5E5092301E6092247
S31502008860F0E700BF702E042200600040545047001B
S3150200887001464FF0020C094B00201A6842F480723E
S315020088801A601A6842F001021A60D3F8402442F0D4
S315020088900102C3F8402481F800C07047003034401A
S315020088A0F0B502F11103144D1B02E858C60720D495
S315020088B012480468C4F30020E4051AD4002915BF3F
S315020088C04FF0030E4FF0010E0127002741F20C1C58
S315020088D005EB022202F5895426686EF3010626602C
S315020088E0EC18676042F80C10EA5842F00102EA50AE
S315020088F0F0BD40F2EE30F0BD00203440003034408E
S315020089002DE9F04F9246AC4C037B026834F81360B3
S31502008910876885B0002A00F0EC8041F21C15A74A50
S315020089204FEA0A2CD25CA64B120763445A5190F8BE
S315020089300CE0B1F9003034F81EB0A24C8568A48868
S315020089401A469C42039580F29C809E4A837BB2F92A
S3150200895000200468B1F902E00192002B40F0D880B1
S31502008960984D1A46B5F806900293F145C0F2B480C6
S31502008970BEF1000FB0F80680C0F2D280A9EB0E0954
S31502008980C1451FFA89F9B8BFC84641F20C1907FB5F
S3150200899006F68B4FF608674447F80940447B002CDD
S315020089A0847B56EA06B6002C00F09C8041F2101435
S315020089B00026B0F810B03E51048A08FB04F4019870
S315020089C041F228191044024641F2301841F21815B4
S315020089D041F2241741F22C167B489B090BF1FF3B0F
S315020089E0013B9BB200EA0B4B4BEA030B029B00EAEC
S315020089F002421A43724BC4F30A04634443F805B0B5
S31502008A0043F8092043F808206E4AB2F9022072445C
S31502008A1000EA02402043D85198510A7A002A5FD0D0
S31502008A20012A41F234104B7A14BF4FF47F0400241A
S31502008A3041F2381141F20306614A4FEA03436244A6
S31502008A4018BF43F080731350604B54501B68604A42
S31502008A50023342F82A30012141F250100024584ACA
S31502008A600AF11103944402EB03225A4B0CF5895581
S31502008A702E6051604CF800401970597005B0BDE87F
S31502008A80F08F002BB0F804E05ADBE41A7445A4B266
S31502008A90B8BFA6464B4BCEF30A05B3F900300468BD
S31502008AA001930BFB0EF30295DB0890F80E80B1F9E9
S31502008AB002E0B8F1000F03D0B0F8068008FB03F31A
S31502008AC09D06404D18BF23F03F03B5F8069018BF28
S31502008AD04033F145BFF64CAF4FF0000EF04654E777
S31502008AE00326B8E741F210103604C34644463E5008
S31502008AF065E70120324B0AF1110403EB0A2101F565
S31502008B00895103EB042308605A6005B0BDE8F08F73
S31502008B100023B0F806801A46029308FB03F3CFE758
S31502008B20F044B8F1000FD7DD039D1FFA88F80BFB5E
S31502008B3005F94FEAD9090EFB19444FF0000E24E756
S31502008B4003EB0E04002C7FF700AFBBF1070F20D812
S31502008B504FF0010842461B4D5B42B5F90050954263
S31502008B6001951EDAB3FBF8F818FB02F80022AEEB09
S31502008B70080E1FFA8EF403FB0BFE0BFB04F3C4F381
S31502008B800A0402940468DB0804EBEE0424F03F04B2
S31502008B908BE740224FEADB08B2FBF8F2904612B2AC
S31502008BA0D9E7B3FBF8F208FB123292B214445242EE
S31502008BB0A4B212B2DFE700BF486901025869010296
S31502008BC000203440002E04220000FF07F02D04226C
S31502008BD0F82D042214000022F8B5002305460C469F
S31502008BE00370EFF31086012181F31088C14B9A6856
S31502008BF022F010029A609B681E2001F013F986F398
S31502008C001088BD490B6843F480330B60D4F8842086
S31502008C1094F83C005379A0F103001279B0FA80F07F
S31502008C20B2FA82F2400903F03F03520943EA0033E3
S31502008C3043EA022343F04003C1F8503494F840203B
S31502008C40D4F884300AB14FF4BC72C1F8E42300228E
S31502008C50A94EC6F8042493F9000093F90110471CA3
S31502008C6093F9022040F07081481C40F05781531C52
S31502008C7040F01C814FF0011C628E218D9F4B9E4F4E
S31502008C80C1F30A0103EA02420A437A60C7F808C03E
S31502008C90A18DB4F82AC00131CCF30A0C03EA0141D2
S31502008CA041EA0C013961E18E954E013103EA014335
S31502008CB0A18E0022C1F30A010B43FB6094F84530F2
S31502008CC094F846101B0203EB014394F84410204625
S31502008CD00B447B61A38D04F15C013380E38E7380C8
S31502008CE0638DB380A38EF380FFF70AFE012204F19F
S31502008CF0680104F11400FFF703FE94F83C20814B4F
S31502008D0094F83D009B5C01284FEA033343F0805000
S31502008D1008BF034694F83E0043F0807C012808BF52
S31502008D206346794994F85870895C032A43F40072C1
S31502008D3008BF1346D4F8840009042FB18279022AA7
S31502008D4000F0198141F480114FF4007C4FF00227A4
S31502008D50B56007200626684AC2F8C4336B4BC2F8D0
S31502008D60D413C2F8C8C3C2F8CC73C2F8D033E36FC7
S31502008D706B60D4F88030C5E90234A18EE38E0B44D1
S31502008D80D2F85012013363F30A01C2F85012C2F844
S31502008D904064C2F84404EB6893F97720002A28DB82
S31502008DA093F874305A4C02F160401B015949DBB208
S31502008DB000F5614080F8003302F5C65344F82250AC
S31502008DC051F8230020F4803041F8230051F8233073
S31502008DD0BFF35F8F012153099B0002F01F0203F1CB
S31502008DE0604303F5614301FA02F2C3F880211A6077
S31502008DF0EB6893F97820002A28DB93F87530444C07
S31502008E0002F160401B014349DBB200F5614080F884
S31502008E10003302F5C65344F8225051F8230020F4D9
S31502008E20803041F8230051F82330BFF35F8F0121D0
S31502008E3053099B0002F01F0203F1604303F56143ED
S31502008E4001FA02F2C3F880211A60EB6893F97920DD
S31502008E50002A27DB93F876302D4C02F160401B0185
S31502008E602C49DBB200F5614080F8003302F5C653A7
S31502008E7044F8225051F8230020F4803041F82300B0
S31502008E8051F82330BFF35F8F012153099B0002F093
S31502008E901F0203F1604303F5614301FA02F2C3F8CC
S31502008EA080211A6001232B700020F8BD94F83F3010
S31502008EB01BB90121104BC3F8281417490F4B51F85F
S31502008EC022100D480A6842F007020A60A28D618DDF
S31502008ED003EA0242C1F30A010A43C0F82024E18EE2
S31502008EE0A28E03EA0143C2F30A021343C0F8103406
S31502008EF0C0E600BF00302040003034400000FF07CB
S31502008F00002E0422406901023C6901028080800031
S31502008F10702E0422006000406069010294F83A3023
S31502008F2033B91C48D0F80C3443F01003C0F80C34A3
S31502008F30194B184853F8213019681960238FC3F367
S31502008F400A03C0F8083492E694F830302BB9D6F802
S31502008F501C3443F01003C6F81C340F4B53F82000A0
S31502008F60036843F002030360E38D0A48C3F30A036E
S31502008F70C0F8183478E6427AC779120142EA073213
S31502008F80877A007A3A4342EA002242F400121143F7
S31502008F90DAE600BF003034406069010230B51A4B90
S31502008FA01A491A68896801321A601B6883B023B9A4
S31502008FB000240025164BC3E900450122154B4868DB
S31502008FC01A705A7038B103228B68684601934B684F
S31502008FD08DF800209847104AD2F8483443F001032E
S31502008FE0C2F84834EFF30383103B0C4A5BB203F535
S31502008FF0C65352F8231021F4803142F8231052F856
S31502009000233003B030BD00BFF02D0422002E04220F
S31502009010F82D042214000022003034400060004083
S31502009020F8B50126154C6660EFF3108786F31088B3
S31502009030134DAB6823F04003AB60AB681E2031468C
S3150200904000F0F0FE87F31088204600F04FF808B1D2
S315020090502046F8BD0746EFF3108486F31088AB6806
S3150200906043F04003AB60AB681E20314600F0DAFEE7
S3150200907084F310883C462046F8BD00BF0C2E04221D
S3150200908000302040012904D00A2900D070474360ED
S315020090907047322A06D0920002F1402202F5880277
S315020090A01360704741680029F5D053F8041B024A41
S315020090B0C2F8C8100360704700404440012904D03A
S315020090C00A290CBF406800207047920002F1402234
S315020090D002F588021068704701291DBFA1F10A0036
S315020090E0B0FA80F040090846704700BF70B42E26D9
S315020090F00E4B0F4D1B780F4A1B010F49DBB2C5F809
S31502009100C06082F80533D1F814330C4C23F4803353
S315020091106061C1F81433D1F81433BFF35F8F202393
S31502009120C2F880311360012070BC704730470102DB
S315020091300040444000E100E000C00040702E0422DE
S315020091400949931C086828B922B1013B09D10B6869
S31502009150002BFCD0002308680B60C01A18BF012040
S315020091607047013AEEE700BF142E042210B4EFF363
S3150200917003832E20144A103B11685BB28906C2F89B
S31502009180C0000DD5114951F823104868B0B10868DE
S3150200919004689CB10068C2F8C8000A6804320A6012
S315020091A00B4A03F5C65352F8231021F4803142F8D4
S315020091B0231052F823305DF8044B704705490A68BC
S315020091C001320A60ECE700BF00404440702E0422E0
S315020091D000600040142E04220AF0B6B80AF0BCB8A9
S315020091E00120704710460AF0AFB800BF10460AF0D9
S315020091F0B3B800BF0120704708467047084670475B
S3150200920008B5084611461A460AF089FB012008BD30
S31502009210034609019B6841F00101C9B20020597752
S31502009220704700BF0023826818465377704700BF15
S31502009230034601229B6800201A77704730B44FF428
S3150200924080654FF4803403468D600C609C684FF64F
S31502009250FF72B4F810C0E4681CF4404F18BF2A46E7
S315020092604C609B68002030BC9B689BB2C1E902231C
S31502009270704700BF0620704703460020D9605A6136
S31502009280704700BF30B400244268134D526803464B
S31502009290117801F5C55145F8214081680C77D168EE
S315020092A0A9B14FF0010C92F901100C4D480901F0D9
S315020092B01F0120300CFA01F145F82010BFF34F8F41
S315020092C0BFF36F8F064992F9012041F82240002030
S315020092D0186030BC704700BF0060004000E100E04B
S315020092E0702E04222DE9F04700244368774A5D6810
S315020092F02B7803F5C55342F8234083681C772B78F5
S315020093006E8903F5C55342F8236083685C7791F84A
S3150200931003C091F80290E046C9F38102CCF38103BF
S315020093209201CE8942EA833208F0C0074FEA9C13C3
S315020093309B03CCF3011C802FB6B243EA0C2308D060
S31502009340402F06D0C02F00F0B880A24643F4005347
S315020093500AE08C8906EB0646C9F3001C26F0FC26B9
S315020093601FFA84FA43EA0C33B5F80AC0D0F80CE0C7
S31502009370BCF1000F18BF43F00103BEF1000F3DD050
S3150200938019F0200F5ED14FF0100E95F802C095F934
S3150200939001704FEA0C1C002F5FFA8CFCC0F285802C
S315020093A007F1604808F5614888F800C3DFF820C174
S315020093B007F5C6584CF82700DFF810C15CF828906C
S315020093C029F480394CF828905CF828C0BFF35F8FE7
S315020093D04FF001084FEA571C4FEA8C0C07F01F07A3
S315020093E00CF1604C0CF5614C08FA07F7CCF8807169
S315020093F0CCF8007091F8038008F0C007C02F28D07F
S315020094004FF0000CE046876892B2C7F8288087685A
S315020094109BB2C7F82CC08768BA82826813824A68F0
S3150200942083681A608A6883685A6083689E60836864
S31502009430C3F80CA083686A689A61836883F813E0AC
S31502009440BDE8F087C02F14BF4FF01C0E4FF0100E70
S315020094509BE7B1F80CC008F00C08B8F1040F1FFA2C
S315020094608CFC08BFE04691F80290CF8909F00C09FE
S3150200947018BFB5F80880BFB208BF42F40052B9F16E
S31502009480040F18BF1CFB07F7846818BF1FFA87FC76
S315020094904F6808BF42F0200227628F68846808EB93
S315020094A008480CEB0C4C6762ADE7DFF8288007F042
S315020094B00F09C84488F818C078E78C8906EB064677
S315020094C026F0FC261FFA84FA4EE700BF0060004031
S315020094D0702E0422FCEC00E010B50446FFF702FFF2
S315020094E00122A36800201A7710BD00BF2DE9F041C2
S315020094F000264A68416013780D4603F1807303F52E
S3150200950020739B018360D3680446C3605369C0E934
S315020095100463EFF31088012787F310880B4B1A6850
S3150200952022F480021A601B681E20394600F07AFC7B
S3150200953088F31088064B20461F701E742968FFF7B1
S31502009540D1FE044B30462360BDE8F0810030204056
S3150200955000A8004043414D440346002230B45968F6
S31502009560094D4C681046217801F5C55145F8212070
S3150200957099680A772178648901F5C55145F8214031
S315020095809B685A7730BC70470060004030B40024B4
S3150200959082B0019100924268144D51680A7802F530
S315020095A0C55245F82240826814770A78498902F53D
S315020095B0C55245F8221082685477019A12B1019970
S315020095C082681160009A12B18268009951608268BD
S315020095D0118A11F4404F14BFD3609360836801224D
S315020095E000201A7702B030BC704700BF006000400E
S315020095F010B582B0EFF30383103B0D4A5BB203F55D
S31502009600C65152F8210020F4803042F8210052F867
S315020096102120084A01A852F823406269E3680192B0
S315020096209847A368DA680AB101221A7702B010BD18
S3150200963000600040702E04221D4A92F82630928C59
S31502009640DBB202F00F02A2F1080103292BD8DFE8F0
S3150200965001F020160C021749174A51F82330A2FBD3
S3150200966003231B09154A136070471249124A51F81F
S315020096702330A2FB0323114ADB08136070470D490E
S315020096800D4A51F82330A2FB03230C4A9B081360B0
S3150200969070470849084A51F82330A2FB0323074AB8
S315020096A05B0813607047034951F82330D340D9E76A
S315020096B000E00140A0080422ABAAAAAAA42E042212
S315020096C0704700BF4AF20351F8B5594B594AB3F8ED
S315020096D0FA43A3F8FA1353680746D903A4B21AD574
S315020096E0544B00255A68920329D50026504A5249FE
S315020096F092F8753092F86D2003F00F0302F00F0214
S3150200970051F82330072A00F28E80DFE802F0292979
S3150200971029888A828486EFF31086012585F31088CC
S31502009720536843F48033536053681E20294600F081
S3150200973079FB86F310883F4B5A689203D5D4EFF330
S315020097401086012181F310885A6842F400325A6069
S315020097505B681E2000F066FB86F310880226C5E7CA
S31502009760012101FA02F2B3FBF2F30121334AA2FB11
S3150200977003239B0C03FA01F000F054FB2C4A92F8E7
S31502009780753043F0400382F8753092F87530DB0984
S31502009790FBD07B78264982F86D303B7843F0400354
S315020097A082F875303B7882F8753091F87530DB09AE
S315020097B0FBD135B9BEB91E4B44F42544A3F8FA438E
S315020097C0F8BDEFF31085012181F31088194B5A6811
S315020097D022F480325A605B681E2000F023FB85F378
S315020097E01088002EE7D0EFF31085012181F310884F
S315020097F0104B5A6822F400325A605B681E2000F051
S3150200980011FB85F310880A4B44F42544A3F8FA4366
S31502009810F8BD0322A7E70522A5E70A22A3E7062247
S31502009820A1E708229FE71021083A01FA02F29AE715
S3150200983000E0014000302040A008042283DE1B43E2
S315020098404AF203529FEDBC4B9FEDBD5BC24BC34830
S31502009850C34930B5C3E90801C24CC3499FEDBA6B8F
S315020098609FEDBB7B9962A4F8FA23A3EC045F83B055
S3150200987083ED007FFFF7E0FE09230A2284F8502ACF
S3150200988084F8A23094F8003C23B994F8013C9C0772
S3150200989000F06182B34C94F8003C002B00F0508239
S315020098A00022B04B83F8012C83F8002C0022AD4B2A
S315020098B083F8362083F8322093F83C201007FBD534
S315020098C049F2025540F2534400204FF6021140F28B
S315020098D05142C3F8C850A3F84E4083F84A00C3F871
S315020098E0AC10A3F84C20BFF34F8FBFF36F8F9F4A84
S315020098F0516921F400315161C2F85002BFF34F8F12
S31502009900BFF36F8F9A490A6822F440520A60BFF386
S315020099104F8FBFF36F8F0120197D924A60F30201C8
S315020099201975137DD906FCD4914A136843F4405342
S315020099301360BFF34F8FBFF36F8FA2F57342536964
S3150200994013F4003311D1BFF34F8FBFF36F8FC2F8F9
S315020099505032BFF34F8FBFF36F8F536943F4003317
S315020099605361BFF34F8FBFF36F8F00237D4A82F897
S315020099702A3092F83C309B06FBD500227D4B1A70AA
S315020099801A781A781A785A68FA2A04D07A495960E3
S315020099905A68FA2AFBD1774B9A687D2A04D077490E
S315020099A099609A687D2AFBD1052242F220116D4BFD
S315020099B073481862998483F82620FFF73DFE012139
S315020099C01E2000F02FFA6B4A5368C3F30903642B77
S315020099D084BF01231370FFF72FFE4AF20152694B2F
S315020099E01A80BFF35F8F01221A72BFF35F8F4FF4A3
S315020099F025415C4A198092F8DA3043F0400382F836
S31502009A00DA3092F8DA30DB09FBD0C923032082F878
S31502009A10D40082F8DA3092F8DA30524903F0BF0302
S31502009A2082F8DA3091F8DA30DB09FBD101248020A2
S31502009A3081F8534081F83E3081F83E0091F8743047
S31502009A40484A43F0400381F8743092F87430DB09D7
S31502009A50FBD007204A210A23424C82F86C0082F886
S31502009A60741082F8743094F87430DB09FBD14FF02D
S31502009A70090301A8ADF80430FFF724FE94F8763006
S31502009A80384A43F0400384F8763092F87630DB09A0
S31502009A90FBD0CA23032082F86E0082F8763092F851
S31502009AA07630304903F0BF0382F8763091F876308B
S31502009AB0DB09FBD191F855302A4A43F0400381F87D
S31502009AC0553092F85530DB09FBD0CA23022082F8C2
S31502009AD0540082F8553092F85530224903F0BF03FC
S31502009AE082F8553091F85530DB09FBD191F85730A1
S31502009AF01C4A43F0400381F8573092F85730DB098D
S31502009B00FBD0C723002082F8560082F8573092F81D
S31502009B105730144903F0BF0382F8573091F8573093
S31502009B20DB09FBD191F85D300E4A43F0400381F820
S31502009B305D3029E0AFF30080006CDC0200127A008F
S31502009B400080000000366E010080000000CA9A3BC9
S31502009B5000A3E1115543DE13A00804220084D7179F
S31502009B6000C2EB0B00E00140001C4E0E00ED00E0CF
S31502009B7000E001E000C01340FA00001E7D0000E193
S31502009B80323423320020004092F85D30DB09FBD0EC
S31502009B90CA2082F85C3082F85D0092F85D30704926
S31502009BA003F0BF0382F85D3091F85D30DB09FBD12B
S31502009BB091F878306A4A43F0400381F8783092F897
S31502009BC07830DB09FBD0C923022082F8700082F8C4
S31502009BD0783092F87830624903F0BF0382F8783021
S31502009BE091F87830DB09FBD191F85F305C4A43F09B
S31502009BF0400381F85F3092F85F30DB09FBD0CA2060
S31502009C0082F85E3082F85F0092F85F30544903F0C2
S31502009C10BF0382F85F3091F85F30DB09FBD191F820
S31502009C2077304F4A43F0400381F8773092F8773025
S31502009C30DB09FBD0CA23042082F86F0082F8773052
S31502009C4092F87730464903F0BF0382F8773091F8ED
S31502009C507730DB09FBD191F85B30414A43F0400390
S31502009C6081F85B3092F85B30DB09FBD0CA23022015
S31502009C7082F85A0082F85B3092F85B30384903F07A
S31502009C80BF0382F85B3091F85B30DB09FBD191F8B8
S31502009C90DB30334A43F0400381F8DB3092F8DB30A5
S31502009CA0DB09FBD0C523022082F8D50082F8DB301F
S31502009CB092F8DB302A4903F0BF0382F8DB3091F8D1
S31502009CC0DB30DB09FBD191F8DC30254A43F0400357
S31502009CD081F8DC3092F8DC30DB09FBD0C52082F853
S31502009CE0D63082F8DC0092F8DC301D4903F0BF035F
S31502009CF082F8DC3091F8DC30DB09FBD191F8DE30FA
S31502009D00174A43F0400381F8DE3092F8DE30DB0971
S31502009D10FBD0C923092082F8D80082F8DE3092F8F7
S31502009D20DE300F4903F0BF0382F8DE3091F8DE30F1
S31502009D30DB09FBD14FF42543A1F8FA3303B030BD5A
S31502009D400121C82084F8001C00F06CF894F8003C4D
S31502009D50012BFBD1A4E54FF47A70FFF7B1FCA5E520
S31502009D6000E0014038B50025284C0121C82084F8BE
S31502009D70285000F057F884F8245094F82430002B29
S31502009D80FBD194F82430214943F0020384F82430AD
S31502009D9091F82430C3F340009B07F9D41B4A81F89B
S31502009DA0220092F8223003F0FF00002BF9D192F83C
S31502009DB04030164960F3C71382F8403091F84030BC
S31502009DC0DB09FBD191F84200104A63F3C71081F810
S31502009DD0420092F84230DB09FBD192F844000B496B
S31502009DE063F3C71082F8440091F84430C3F3C014F9
S31502009DF0DB09F9D1012000F0C1F8054B012083F8F7
S31502009E004C4CBDE8384000F089B800BF0020204025
S31502009E1000E0014000BEFEE7A0F101000028FBD1F0
S31502009E20704700BF1E4B1F4A1B6800FB01F193429D
S31502009E3013D302F1854202F5071203F5742302F6E3
S31502009E40834203F23F23A2FB03239B0CA3FB0131B4
S31502009E504FF0FF30E1B1FFF7DFBF4FF47A7210B473
S31502009E60114C4FF0FF30B4FBF3F3A1FB02C434B93B
S31502009E70BCFBF3F080B15DF8044BFFF7CDBFB1FB3D
S31502009E80F3F1A1FB0212002AF5D1084620B1F2E74E
S31502009E901846002BDFD170475DF8044B704700BFB0
S31502009EA0A42E042200127A0000CA9A3BF8B50024B6
S31502009EB001260D4B0D4FD3F80021D3F82051154042
S31502009EC006FA04F32B4204D057F82430E0B203B169
S31502009ED098470134152CF3D1034AC2F81051D2F82F
S31502009EE020312B42FBD1F8BD00C00040182E0422BF
S31502009EF00022092310B40748074C30F8021F02F566
S31502009F00C65C013209B144F82C10013BF5D15DF86B
S31502009F10044B7047964D010200600040EFF310813A
S31502009F20012383F31088124B33F8102092B22AB120
S31502009F3033F81020013A92B223F8102033F8103089
S31502009F409BB293B910B40B4A0B4CB2F8FA3334F8FD
S31502009F5010009BB243F4254323EA0003A2F8FA3326
S31502009F6081F310885DF8044B704781F310887047BF
S31502009F70942E042200E00140CC6B010230B4EFF3D0
S31502009F801081012383F310880E4A32F810309BB2F7
S31502009F906BB90D4C0D4DB4F8FA3335F810C09BB2BF
S31502009FA043EA0C0343F425439BB2A4F8FA3332F88E
S31502009FB0103001339BB222F8103081F3108830BC86
S31502009FC0704700BF942E042200E00140CC6B0102D0
S31502009FD0F8B5164E35684719B7F5802F1DD8144CBB
S31502009FE00346226813480F2A284414DC226802EB2F
S31502009FF0420E2268216802EB420201EB410C0E4935
S3150200A00041F82E30236801EB8202013301EB8C0109
S3150200A0105560886023603760F8BD09F05FFC0C224A
S3150200A02003461A604FF0FF30F8BD00BFA02E04228F
S3150200A030CC3A0422A0040022D03A0422F8B50646FD
S3150200A0402F4C94F8503C03F0FF05002BF9D18722E0
S3150200A0501023A4F8242C84F8003C002E3DD10122C2
S3150200A0600023274981F8022C81F8013C91F8503CE3
S3150200A070002BFBD1C6B14FF40C73214AA1F8483C20
S3150200A08092F8503CD907FBD4012347F2A83011219C
S3150200A0901C4CC2F8444C82F8403CA2F8140C82F8DC
S3150200A0A0163C82F8001CF8BD012347F2A830154C75
S3150200A0B0134AC1F8444C81F8403CA1F8140C81F8CB
S3150200A0C0163C92F8003CDB07FBD492F8503C002B7E
S3150200A0D0F7D1012382F8103CF8BD01272846FFF785
S3150200A0E04DFF094B284683F85370FFF717FF044AC2
S3150200A0F084F8207C92F8503C1807FBD4AFE700BFE7
S3150200A100003000400325050000E0014000BE704714
S3150200A11008B500F035F8F6F753FAFEE7F8B5174F2B
S3150200A12005463E68A6B17C6806EB460604EB860643
S3150200A13002E00C34B4420BD0637AAB42F9D1D4E9D3
S3150200A14000020021121A0C3409F026FBB442F3D1A4
S3150200A150BE6896B1FC6804EB061602E01034A6420D
S3150200A1600BD0637BAB42F9D1D4E90002A168121A83
S3150200A170103409F0D4FBA642F3D1F8BD9C69010262
S3150200A180F8B5844A844B5A61BFF34F8FBFF36F8F82
S3150200A1901B6803F47002B2F5801F00F0D48013F43A
S3150200A1A0600F00F0BC807D4A136823F0040313603D
S3150200A1B0BFF34F8FBFF36F8F4FF47002784B764C1D
S3150200A1C00020C4F88820A360F6F7E4F90025FFF71B
S3150200A1D037FB4AF202514FF42542724B0120A3F893
S3150200A1E0FA1383F8B05AA3F8FA23F6F7D3F96E4BAB
S3150200A1F083F30A88694B1A68910704D5A268B2F1FB
S3150200A200007F00F0A4800020FFF788FFFFF714FA12
S3150200A210FFF7A8FD0320FFF7B1FE00234FF00E0E55
S3150200A2201C464EF001E0614903F10C0221F822407E
S3150200A23001330FF007C80320FFF770FE0320FFF774
S3150200A2409DFE5B4B03205C609C60DC601C61554C90
S3150200A250FFF764FED4F8D8339A0747D5D4F8D83333
S3150200A260504CD4F8D8335B0727D5D4F8D83302201C
S3150200A270F6F790F90120FFF751FFBFF34F8FBFF3B7
S3150200A2806F8F0024444BC3F85042BFF34F8FBFF386
S3150200A2906F8F484B484D5B1BA3424FEAA30605DD71
S3150200A2A055F8043B01349847A642F9DCFFF720FE35
S3150200A2B0BDE8F840002000F081B894F81431002B74
S3150200A2C0D5D00120FFF75AFE94F8143103F0C003EB
S3150200A2D0802BF9D10023334A84F8143192F81431D1
S3150200A2E03F2BFBD80120FFF719FEC0E794F8103187
S3150200A2F0002BB5D00120FFF741FE94F8103103F090
S3150200A300C003802BF9D10023264A84F8103192F833
S3150200A31010313F2BFBD80120FFF700FEA0E71F4AB2
S3150200A320136843F004031360BFF34F8FBFF36F8FBD
S3150200A3304FF0E022936843F480339360BFF34F8F6C
S3150200A340BFF36F8F38E718077FF42DAF27E7012198
S3150200A3501A695869C2F3C302093201FA02F30026E6
S3150200A3600027DB0843F005C0E5E802670FF005C0E9
S3150200A370C0F3C303093301FA03F34FF00052DB08BB
S3150200A38043F007C0AFF30080E2E802670FF005C0B2
S3150200A39039E700BF01020E0000ED00E000E001E037
S3150200A3A00000000200E00140A0040422000D40402B
S3150200A3B00040204060DD020254DD0202704700BF09
S3150200A3C0B0F5807F37D00FD9B0F5006F30D026D8E0
S3150200A3D0B0F5007F15D0DFED1B7AB7EE000AB0F5B7
S3150200A3E0806F07FE800A7047402827D00FD81028B2
S3150200A3F00AD0DFED157AB7EE000A202807FE800A9A
S3150200A40070479FED120A70479FED110A7047DFED04
S3150200A410117AB7EE000A802807FE800A7047DFED40
S3150200A4200E7AB7EE000AB0F5805F07FE800A704723
S3150200A4309FED0A0A70479FED0A0A70479FED090AC7
S3150200A440704700BF0000803A0000003D0000003B5C
S3150200A4500000803D0000003C000080390000003A08
S3150200A4600000803B0000803C2DE9F04F2DED108B63
S3150200A47016469208012A91B040F2E9800D4603463B
S3150200A48010EE100AA0EE101B0021B1460E960F9098
S3150200A4902E460846154611464FF0010B1A46D2E9DA
S3150200A4A004341F58D36954F800C003EB8703176AB4
S3150200A4B09469069307EB8C0324580793536ABBF1FE
S3150200A4C0000F03EB840308936DDDB4464FF00008DA
S3150200A4D001EB4104CB00E400CDE90901CDE90B52C1
S3150200A4E0009305944B080C014FEAC90A049406EB43
S3150200A4F003190D96049A0099059862449CED007F13
S3150200A50092ED009F61446044002B41D0DDE907676C
S3150200A510A9EB0C0EAEF1100E4FEA1E1E0EF1010E45
S3150200A5204EF001E06446069D90ED00BF91ED003FBE
S3150200A53006EF484D26EF486D0AEF428D04EF48CDEF
S3150200A54022EF4A2D84ED00DF24EF484D96FC42A807
S3150200A55096FD4288B6EC043F32FE046EB2FC4468B5
S3150200A560A1EC047FB5EC045F34FE0A6EB4FC4A68C3
S3150200A57082ED007FB7EC045F34FE086EB4FC4868D7
S3150200A580A0EC047FB4ED047FB2ED049F0FF035C05A
S3150200A59008F10108D845D444D144ABD1DDE909011B
S3150200A5A0DDE90B520D9EAD10012D89464FEA91034E
S3150200A5B04FEA8B0B00F1040001DD19466FE7264BCB
S3150200A5C00E9E93ED005F24EF404824EF5461B6FDE2
S3150200A5D0103E0F98F60846F001E0B4FD109EA0EE7C
S3150200A5E0100B96FD04BE96FD06FE28EF4A4D96FD1B
S3150200A5F0023E8DED005F08EF4ACD0EEF424D26EF8B
S3150200A60056A122EF4E2D0CEF44ED2CEF444DBAFD30
S3150200A610109E0EFF50EDB6FD10BE04FF504D06FD16
S3150200A62010FE06FD0E5E9DED005F24EF54E194FCE4
S3150200A63042C89EFD42480CFF50CD04FF504D06FD18
S3150200A6400CDE96FD04BE06FD0A5E0FF035C011B0A3
S3150200A650BDEC108BBDE8F08FE86B01022DE9F04FDF
S3150200A6602DED108B16469208012A8DB040F2D68047
S3150200A6700D4603461446A0EE101B0021B1460846BD
S3150200A6800B9611462E464FF0010B1A462546D2E985
S3150200A69004341F58D36954F800C003EB87030393AD
S3150200A6A0136A946903EB8C0324580493536ABBF12F
S3150200A6B0000F03EB840305936DDDB4464FF00008EB
S3150200A6C0CC00009401EB4104E400CDE90601CDE99A
S3150200A6D008524B0802940C014FEAC90A019406EB90
S3150200A6E003190A96019A0099029862449CED007F2A
S3150200A6F092ED009F61446044002B41D0DDE904677E
S3150200A700A9EB0C0EAEF1100E4FEA1E1E0EF1010E53
S3150200A7104EF001E06446039D90ED00BF91ED003FCF
S3150200A72006EF484D26EF486D0AEF428D04EF48CDFD
S3150200A73022EF4A2D84ED00DF24EF484D96FD42A814
S3150200A74096FC4288B6EC043F32FE046EB2FD4468C3
S3150200A750A1EC047FB5EC045F34FE0A6EB4FD4A68D0
S3150200A76082ED007FB7EC045F34FE086EB4FD4868E4
S3150200A770A0EC047FB4ED047FB2ED049F0FF035C068
S3150200A78008F10108D845D444D144ABD1DDE906012C
S3150200A790DDE908520A9EAD10012D89464FEA910362
S3150200A7A04FEA8B0B00F1040001DD19466FE71E4BE1
S3150200A7B00B9E93ED005F24EF404824EF5461B6FDF3
S3150200A7C0103EF60846F001E0B4FD109E96FD041E0A
S3150200A7D096FD02FE96FD065E08EF40CD28EF40ADDF
S3150200A7E004EF4E2D26EF56012EEF444DB0FD109E7E
S3150200A7F00CEF42EDB6FD101E2CEF422D06FD10FEAB
S3150200A8009AFC44C89AFD44E806FD0E3E96FD041ED7
S3150200A81006FD0CFE06FD0ADE0FF027C00DB0BDECEC
S3150200A820108BBDE8F08F00BFD86B01022DE9F8430B
S3150200A8302DED0C8B012A06460C461F46008800F0B9
S3150200A8409280B0F5807F00F0A98011D9B0F5006F33
S3150200A85018D000F29F80B0F5007F13D0B0F5806F5C
S3150200A86000F09C80002F41D1BDEC0C8BBDE8F88333
S3150200A870402800F0938000F2DA80102800F08E80E3
S3150200A8802028EFD14FEA900E4FEA0E1EAEF1100EBF
S3150200A8904FEA1E1E04EB80050EF1010E4EF001E09A
S3150200A8A0A446294673684FEA500891ED005F604658
S3150200A8B0BCEC047FB3EC043F26EF440D06EF446D77
S3150200A8C032FE004EB2FD404880ED007FA1EC045FEF
S3150200A8D00FF015C8424621463046FFF7BFFE4246F4
S3150200A8E029463046FFF7BAFE002FBDD00123B268D3
S3150200A8F0A6EE103BBAFC040FB18921FE062ECB0848
S3150200A90021FE065E21D043F001E094FCD20F94FCB6
S3150200A910D48F1346BBFC04CF84ECD28F84ECD40FC5
S3150200A9202DFE068E9BFD00AF2DFE061E2BFE062E6D
S3150200A93094FCD0CF2BFE065E94FCD8AF103284EC8A
S3150200A940D8CF84ECD0AF0FF021C04B078CD094FC4B
S3150200A950D26F94FCD40F84ECD20F84ECD46FBDEC8E
S3150200A9600C8BBDE8F883B0F5807F0BD01CD9B0F50F
S3150200A970006F21D062D8B0F5007F1DD0B0F5806F90
S3150200A9807FF470AFFFF71CFD024621463046FFF703
S3150200A9906BFD67E7B0F5805F7FF464AF0246214640
S3150200A9A03046FFF75BFE5DE74028EBD043D8102820
S3150200A9B0E8D020287FF456AFFFF702FD4FEA900E4B
S3150200A9C04FEA0E1EAEF1100E4FEA1E1E04EB800871
S3150200A9D00EF1010EB0EE40AA4EF001E021464346CA
S3150200A9E075684FEA500993ED009F0846B1EC047F63
S3150200A9F0B5EC045F26EF482D06EF486D80ED007F2B
S3150200AA0034FE026EB4FC4268A3EC047F0FF015C854
S3150200AA10B0EE4A0A4A4621463046FFF725FDB0EE19
S3150200AA204A0A4A4641463046FFF71EFD1AE7802883
S3150200AA303FF428AF16E78028BED013E7B0F5805F53
S3150200AA407FF410AF9EE700BF30B51049104C114A93
S3150200AA50114B85B0CDE90041CDE902234FF4006EDA
S3150200AA6003469DED007F4FF4F86C00200B490C4D18
S3150200AA700C4C0D4A83ED047FA3F800E0A3F80CC04A
S3150200AA8099605D601C625A6205B030BD68A9020217
S3150200AA9080A9020250A90202B09E020278EB0102CC
S3150200AAA0F0090202109402027089020230B51049BE
S3150200AAB0104C114A114B85B0CDE90041CDE9022374
S3150200AAC04FF4806E03469DED007F4FF4787C0020A4
S3150200AAD00B490C4D0C4C0D4A83ED047FA3F800E0A4
S3150200AAE0A3F80CC099605D601C625A6205B030BD65
S3150200AAF068A9020280A9020250A90202B09E0202BD
S3150200AB00F8FA0102F0490202109402027089020266
S3150200AB1030B51049104C114A114B85B0CDE90041B0
S3150200AB20CDE902234FF4007E03469DED007F4FF4EC
S3150200AB30F07C00200B490C4D0C4C0D4A83ED047F32
S3150200AB40A3F800E0A3F80CC099605D601C625A622B
S3150200AB5005B030BD88B1020298B1020278B1020294
S3150200AB60D8AE0202B8020202F069020238AC020250
S3150200AB7098A9020230B51049104C114A114B85B002
S3150200AB80CDE90041CDE902234FF4807E03469DEDD7
S3150200AB90007F4FF0F00C00200B490C4D0C4C0D4A77
S3150200ABA083ED047FA3F800E0A3F80CC099605D6012
S3150200ABB01C625A6205B030BD88B1020298B1020227
S3150200ABC078B10202D8AE020278060202F0790202D7
S3150200ABD038AC020298A9020230B51049104C114A4B
S3150200ABE0114B85B0CDE90041CDE902234FF0800E2D
S3150200ABF003469DED007F4FF0700C00200B490C4D73
S3150200AC000C4C0D4A83ED047FA3F800E0A3F80CC0B8
S3150200AC1099605D601C625A6205B030BD94B302024F
S3150200AC20A0B3020288B30202E8B202025808020284
S3150200AC30F081020248B20202A8B1020230B51049FE
S3150200AC40104C114A114B85B0CDE90041CDE90223E2
S3150200AC504FF0400E03469DED007F4FF0380C00206A
S3150200AC600B490C4D0C4C0D4A83ED047FA3F800E012
S3150200AC70A3F80CC099605D601C625A6205B030BDD3
S3150200AC8094B30202A0B3020288B30202E8B202023D
S3150200AC9038090202F085020248B20202A8B1020293
S3150200ACA030B51049104C114A114B85B0CDE900411F
S3150200ACB0CDE902234FF0200E03469DED007F4FF0B3
S3150200ACC0180C00200B490C4D0C4C0D4A83ED047FE9
S3150200ACD0A3F800E0A3F80CC099605D601C625A629A
S3150200ACE005B030BD18B4020220B4020210B402024A
S3150200ACF0F0B30202A8090202F0870202D0B30202EE
S3150200AD00B0B3020230B51149114C124A124B85B04A
S3150200AD10CDE90041CDE902234FF0100E03469DED29
S3150200AD20007F4FF00C0C00200C490D4D0D4C0E4AC5
S3150200AD30996003EB0E01A3F800E0A3F80CC05D6076
S3150200AD401C6281ED007F5A6205B030BD18B4020262
S3150200AD5020B4020210B40202F0B30202D8090202BF
S3150200AD60F0880202D0B30202B0B302022DE9F04F1C
S3150200AD702DED108B8B46904681469A4695B001F191
S3150200AD80080402F10805002B00F0CD80D1ED016A1E
S3150200AD90D1ED007A4FF07C57002237EEA67A23EEE9
S3150200ADA06F4F77EEE67A06EE907AB9FFC44327EE46
S3150200ADB0267A67EEA67A0388C66A03F1FF3C4FEA53
S3150200ADC0AC0000288DED005F88ED007AC8ED017AAF
S3150200ADD006F1080601EBCC0340F36D81400100F158
S3150200ADE008028A18A2EB040EAEF1200E4FEA5E1E8E
S3150200ADF00EF1010E13924EF001E0AB4632461946B1
S3150200AE00CDE911C38C469DED007F634626EF568140
S3150200AE100CF1040C93FC474F9CFC496F94FC001FF9
S3150200AE20B4FC201FB9FFC66724EF40CD26EF42EDE2
S3150200AE3004EF404D06EF426D92FC001FB2FC201F4C
S3150200AE40B9FFC2A70CFF508D0EFF500D2AEF5E8C84
S3150200AE500AEF5C0C04EF484D06EF406D35EE674E87
S3150200AE6037EE676E8DED085F8DED0C7F08AB93ECC8
S3150200AE70086B20398BFC007FABFC207F0FF03FC0B4
S3150200AE80DDE911C306441B1A05441CF0030C3FD02E
S3150200AE90B6EE004A139A0CF1010C06EBCC0C0835FF
S3150200AEA00832083B083612ED025A93ED027AD3EDC8
S3150200AEB0034A56ED026A16ED016A52ED015A75EE23
S3150200AEC0477A37EE057A34EEA55A75EEE45A66EEFF
S3150200AED0A74A66EE277A66EE856A26EE056A37EE99
S3150200AEE0647A77EEA57A37EE467A77EEE67A27EE39
S3150200AEF0047A67EE847A0836B44505F1080502F14C
S3150200AF000802A3F1080305ED047A45ED037ACAD1D6
S3150200AF10012352464146484615B0BDEC108BBDE8AA
S3150200AF20F04FFFF783BC52460123FFF77FFCDBEDB0
S3150200AF30007A9BED017A4FF07C5137EE077A77EE75
S3150200AF40A77A77EE876A77EEC77A07EE101A26EEA9
S3150200AF50877A06EE901A2BEE6FCF67EEA67AB9F8CD
S3150200AF600020D9F82C3002F1FF394FEAA90ABAF1CA
S3150200AF70000FB9FFCCC388ED007AC8ED017A03F160
S3150200AF80080C0BEBC90040F398804FEA4A1A0AF103
S3150200AF900808D844A8EB040EAEF1200E4FEA5E1E56
S3150200AFA00EF1010E4EF001E02F46664602461346AA
S3150200AFB09B46043393FC4D6F94FC009FB4FC209F88
S3150200AFC09BFC4DEFB9FFC6672EEF480D26EF4A4DA3
S3150200AFD00EEF48ED06EF4A6D96FC009FB6FC209FE9
S3150200AFE000FF582D2AEF542C04FF584D0AEF504CFF
S3150200AFF00EEF422D06EF446D33EE612E37EE616E93
S3150200B0008DED003F8DED047F9DEC086B203A87FCA9
S3150200B010007FA7FC207F0FF037C0A0EB0A00D444C4
S3150200B020554419F0030941D0F6EE003A09F1010937
S3150200B0300CF10802083508F10801A0F108030CEB2F
S3150200B040C90CD3ED025A11ED025A11ED017A52EDF5
S3150200B050026A12ED016A93ED034A75EEC57A74EE41
S3150200B060074A35EE855A77EE445A26EEA77A66EEF9
S3150200B070277A66EEA46A26EE246A37EE057A77EE1A
S3150200B080A57A37EE067A77EEE67A27EE237A67EE28
S3150200B090A37A0832624505F1080501F10801A3F118
S3150200B0A0080305ED047A45ED037ACAD115B0BDEC65
S3150200B0B0108BBDE8F08F1394E7E6A046B1E700BF18
S3150200B0C0B1F5007F38B50C46054657D00FD8802912
S3150200B0D040D030D820291CD0402938D1002836D07B
S3150200B0E0FFF7DEFD10B92A4B2C85EB6238BDB1F5B0
S3150200B0F0006F39D0B1F5805F14D0B1F5806F26D1DB
S3150200B10028B3FFF705FD0028F0D1224B2C85EB6210
S3150200B11038BDE0B1FFF7F6FD0028E7D11E4B2C85BE
S3150200B120EB6238BD98B1FFF78FFC0028DED11B4BCE
S3150200B1302C85EB6238BDB1F5807F08D138B1FFF7B7
S3150200B1404BFD0028D2D1164B2C85EB6238BD4FF051
S3150200B150FF3038BD0028FAD0FFF770FD0028C5D1B0
S3150200B160104B2C85EB6238BD0028F0D0FFF79EFC11
S3150200B1700028BBD10C4B2C85EB6238BD0028E6D0EB
S3150200B180FFF7F8FC0028B1D1084B2C85EB6238BDDD
S3150200B190F8E90102F8CB0102F8EA0102F86B0102B2
S3150200B1A0F8E30102F8E70102F8AB0102F8DB01025B
S3150200B1B04FF0000C30B56FF400048D08A2EE10CBF0
S3150200B1C0A6EE104B2DEE6E0F10D086466C1CA40018
S3150200B1D0BEEC045F35EE061F31FE032F2DEE6E0F19
S3150200B1E0A44535FE076FF3D100EB05106FF4000C92
S3150200B1F0EEEE06CFA0EE101B37EE4C1F0C4633FECA
S3150200B200012F05EE90CA11F0030CEAFE824F0FD011
S3150200B210A1EB0C0CF0EC017AF4EEE57AF1EE10FA01
S3150200B220C8BF64460CF1010C77FEA55A6145F1D1FF
S3150200B2301C60C2ED005A30BD10B50024A646DFF8E8
S3150200B24088C0A0EE104B8C082DED048B2FEE6E4FAE
S3150200B250A6EE10CB10D0844680EF548044F001E075
S3150200B260BCEC043F33EE871F35FE010F33FE076F3A
S3150200B27024EF48480FF00DC0DFF84CC0A2EE101BB9
S3150200B280EEEE86CF37EEEC1F0C4631FE030F05EECF
S3150200B29090CA11F0030CEAFE804F0FD0A1EB0C0C02
S3150200B2A0F0EC017AF4EEE75AF1EE10FAC8BF644602
S3150200B2B00CF1010C77FEA55A6145F1D1BDEC048B68
S3150200B2C01C60C2ED005A10BDFFFF7F7F30B5438878
S3150200B2D04C68018810EE10CA03FB01F18D08406824
S3150200B2E011D0A4EE10CB0246234645F001E0B2ECA3
S3150200B2F0047F04FF566DA3EC047F0FF009C000EB38
S3150200B300051004EB051411F0030110D021F001E839
S3150200B310FDEE103A90ED005FA6EE10CB9BB206FF53
S3150200B320546DEDEE103A71FE4D0F84ED007F002054
S3150200B33030BD00BF000000002DE9F0474D880A88A5
S3150200B3400346AA424468486805D1022A42D0032A23
S3150200B35060D0042A49D000221E88B3F802C006F043
S3150200B360030727F001E8A4EE10CB23EE6E6FFDEE85
S3150200B37010AA24EF5649B5084FEA0C1101FB05F94C
S3150200B380B6004FEA05181FFA8AFA05B302462346A3
S3150200B39045F001E093FC456F0B44A2EC047F0FF0ED
S3150200B3A007C804EB090200EB08033FB192FC456FA4
S3150200B3B0EDEE10AA71FE4D0F83ED007FBCF1010C7C
S3150200B3C004F104043044E0D10020BDE8F0870346CE
S3150200B3D02246EAE794ED005F9FED196B9FED1A7B1B
S3150200B3E080EC474F0020BDE8F08794FC011F94FCD7
S3150200B3F0211F94FC411F94FC611F00F1200200F101
S3150200B4003003A0EC041F80ED003F82ED005F83ED68
S3150200B410007FD9E72346B3EC041F9FED0D2B9FED6A
S3150200B4200E3B93ED005F9FED0E6B9FED0F7B80EC65
S3150200B430430F80EC474F236A0362C5E7AFF30080F0
S3150200B44000000000020000000100000003000000EE
S3150200B45000000000030000000600000001000000DA
S3150200B46004000000070000000200000005000000C2
S3150200B47030B5950810EE104A0FD08C46034645F0BB
S3150200B48001E0B3EC047F36EE446FACEC047F0FF0C0
S3150200B49009C000EB051001EB051112F003020ED0F4
S3150200B4A022F001E8FDEE103A90ED007F9BB236EEF7
S3150200B4B0446FEDEE103A71FE4D0F81ED007F30BD07
S3150200B4C000290FDD10B4084A084C0144D2F8483866
S3150200B4D09B00FBD510F8013B81422371F6D15DF842
S3150200B4E0044B7047704700BF0080354000883540E6
S3150200B4F030B41120002510240849094B4A6822F469
S3150200B50000024A60074AC3F80858C3F80C48C3F851
S3150200B5101028C3F8080830BC704700BF003020402E
S3150200B520008035401020008080F31188BFF36F8FB2
S3150200B530704700BFEFF31180704700BFEFF3118031
S3150200B540102383F31188704730B4002001244FF092
S3150200B550E0234FF08052044D044928600C60C3F882
S3150200B560042D30BCFFF7E0BFB42A0422B82A042215
S3150200B5704FF0E0234FF08052C3F8042D704700BF0E
S3150200B58030484FF0010101602F480168002909D1B6
S3150200B5904FF0085282F30A88DFF8B0D02C4A82F3C1
S3150200B5A00A8811E02DE9F00F00B50A6912F48052FB
S3150200B5B005D01EF0100302D12DED108A08B4C1F891
S3150200B5C018D04FF0000202601F4C224D224E4FF05F
S3150200B5D0100282F31188D5F80080B8F1000F0DD160
S3150200B5E0D6F800C0BCF1000F08BF00F09FF94FF07B
S3150200B5F0000282F31188BFF36F8FE8E7C4F8008078
S3150200B6004FF0085282F30A88D8F818D0D8F81C20CE
S3150200B61082F30A88D8F8100010F4805006D0009BF6
S3150200B62013F0100302D108BCBDEC108A5DF804EBDE
S3150200B630BDE8F00F03484FF00001016081F3118865
S3150200B64070470000B82A0422B42A0422B02F04222A
S3150200B650B02E0422B02A0422C82F042208B50248BA
S3150200B66000F086F9FEE700BF9C4F010208B54FF0D5
S3150200B670E0230A4A1168D3F82C2D01B189685300D8
S3150200B68007D54FF0E0230648D3F8283D00F0A6FC84
S3150200B690FEE7044800F0A2FCFAE700BFB42A04223F
S3150200B6A0A44F0102D84F010208B5024800F060F922
S3150200B6B0FEE700BF0450010208B5024800F058F93F
S3150200B6C0FEE700BF105001024FF0E02203462DE9CB
S3150200B6D0F04FD2F8281D83B01848D3E900A9D3E960
S3150200B6E00287D3E90465D3E9064B019100F076FCA3
S3150200B6F0019913480A0C00F071FC5146114800F0FA
S3150200B7006DFC4946104800F069FC41460F4800F0BE
S3150200B71065FC39460E4800F061FC31460D4800F0E2
S3150200B7205DFC29460C4800F059FC21460B4800F006
S3150200B73055FC59460A4800F051FCFEE71C5001022E
S3150200B74034500102545001026C500102845001022D
S3150200B7509C500102B4500102CC500102E450010295
S3150200B760FC5001021EF0040F0CBFEFF30880EFF34A
S3150200B7700980FFF7A9BF00BF08B5024800F0F8F834
S3150200B780FEE700BF1451010208B5024800F0F0F8C6
S3150200B790FEE700BF1C51010210B5054C23680133B8
S3150200B7A0236001F06FFF2368013B236010BD00BFD9
S3150200B7B0A82E042270B40E480E490F4A0F4B85B0CC
S3150200B7C0CDE90001CDE902230D480E4B0E499DED50
S3150200B7D0007FC3E90E0100200C4E0D4D0D4C83ED8A
S3150200B7E0027FC3E90B549E6105B070BC704700BF6F
S3150200B7F05DB600026DB60002A9B60002B9B6000235
S3150200B80081B5000200C4042299B7000265B700029E
S3150200B81079B7000289B700022DE9F047FFF78EFEDD
S3150200B82000F060F84FF0700E4FF0E021214C4EF020
S3150200B83001E02346D1F8081D1F4A1160091B5A5818
S3150200B84043F8042B0FF005C84FF0E0221B494FF6D0
S3150200B850FF4AB1F1085F98BF4FF008514FF4E02953
S3150200B8604FF00008C2F8084DD2F80C3D144803EA1E
S3150200B8700A03144F144E154DDFF854E0DFF854C096
S3150200B88043F0BF6343F40033C2F80C3DC2F8249D73
S3150200B8904FF00853C2F81C8DC2F8207D3160286033
S3150200B8A0CEF80010CCF8000083F30A8802F078F88C
S3150200B8B0FEE700BF00C40422C02F042200CB0422EC
S3150200B8C000000E220000F010BC2F0422B82F042222
S3150200B8D0B42F0422B02F04220020704700207047A4
S3150200B8E000207047704700BF08B5FFF727FEFEE746
S3150200B8F0821C08B510D0431C04D0033008D06FF068
S3150200B900100008BD064800F033F86FF0080008BDC5
S3150200B910044800F02DF8F8E7034800F029F8F4E7A8
S3150200B9202C510102685101024C510102704700BFBD
S3150200B930FFF7DEBD10B582B08DF80700FFF7FEFDFA
S3150200B9409DF8073004460A2B0AD001210DF10700A3
S3150200B950FFF7B6FD2046FFF7E7FD002002B010BD57
S3150200B96001210248FFF7ACFDEFE700BF28B402024F
S3150200B970F0B5054683B0FFF7E1FD2B780646D3B155
S3150200B980104F0AE001210DF10700FFF799FD20464D
S3150200B990FFF7CAFD15F8013F6BB18DF80730FFF7C7
S3150200B9A0CDFD9DF8073004460A2BEBD1012138461E
S3150200B9B0FFF786FDE6E73046FFF7B6FD002003B047
S3150200B9C0F0BD00BF28B4020238B5138800290B4423
S3150200B9D0138007DD0446451814F8010BFFF7AAFF8A
S3150200B9E0A542F9D138BD00BF2DE9F04F17468BB0FD
S3150200B9F0009317F8013BA3B182468B4600201646F8
S3150200BA001946252907F101040ED03978002866D097
S3150200BA103E4627460029F4D118B1391A5A46013949
S3150200BA20D0470BB0BDE8F08F18B1391A5A46013922
S3150200BA30D0474FF0000814F8012C2046A2F120034B
S3150200BA40102B0AD8DFE803F0480909450909090954
S3150200BA5009090942093F09093A002A2A62D1009ACC
S3150200BA6052F8040B01B2002903DA404201B248F04F
S3150200BA70010800922278B81C2E2A68D04FF0FF34B3
S3150200BA8002F0FB03682B4FF000038DF8173028D025
S3150200BA90782A10D8632A73D90123A2F16407FDB26A
S3150200BAA0AB40974D2B4240F0F381732A00F0D380CE
S3150200BAB0702A00F02F81064601382CE048F0100863
S3150200BAC027460134B7E748F00108F9E748F00208CB
S3150200BAD0F6E748F00808F3E748F00408F0E73046CE
S3150200BAE096E7064616F8015B782D14D8632D3DD9E4
S3150200BAF00123A5F164075FFA87FC03FA0CF3DFF86A
S3150200BB0000C213EA0C0F40F04981732D00F0A480A5
S3150200BB10702D00F00081374617F8011B00297FF4CB
S3150200BB2070AF79E7A2F13003DCB2092C4FF00001C5
S3150200BB30A2D810F8012B01EB810103EB4101A2F11E
S3150200BB403003DCB2092C09B2F3D92E2A96D1027837
S3150200BB502A2A25D1009B427853F8044B023024B29C
S3150200BB60009324EAE47408F0EF0889E7582D00F000
S3150200BB70E281632D2BD0002DCDD10BB0BDE8F08F25
S3150200BB80582A00F0F081632A20D0002A93D110F8B7
S3150200BB90011C0746461E104600297FF432AF3BE7DA
S3150200BBA0A2F13003DDB2092D4FF0000400F10100CD
S3150200BBB0D9D804EB840410F8012B03EB44031CB21E
S3150200BBC0A2F13003DDB2092DF3D9CCE706460122F4
S3150200BBD001398DB20A214FF0FF34009B029253F8CD
S3150200BBE0042B01910DF125098DF82520009303916F
S3150200BBF018F0110872D09DF8173023B15A46012168
S3150200BC000DF11700D047019B002B48DB013D002CAC
S3150200BC102DB206F1010758DD013C24B2013C012197
S3150200BC205A46384824B2D047611CF7D148465A468C
S3150200BC300299D047002DC0F2AB80013D5A46012140
S3150200BC4031482DB2D0476B1CF7D13178002000293C
S3150200BC507FF4D7AEE0E606460098002C50F8049B27
S3150200BC608DB2A3B2C0F2F780013B1CB2621C00F097
S3150200BC709881A1B24A468446013102E0013900F0B8
S3150200BC80FD801746A3B212F8010B5C1E24B20028EF
S3150200BC90F4D160460A2200900192039261E01948AB
S3150200BCA05A460121D047039BD806AFD513F0400F61
S3150200BCB0164B17485A4618BF18460121D047013D70
S3150200BCC0002C2DB206F10107A6DCB8F1100F55D0F3
S3150200BCD0013C2204AAD447F6FF749FE7013D2FB226
S3150200BCE0002FADB287DB084D013F5A460121284697
S3150200BCF03FB2D0477B1CF7D14FF6FF757BE700BFFB
S3150200BD00210812008C510102885101028051010260
S3150200BD10845101020646009A8DB252F8043B002B6A
S3150200BD2000F0A480023D0F2BADB20DF1260740F2C2
S3150200BD304B81B9469E4803F00F0C10F80CC0FF2B3E
S3150200BD4009F801CD4FEA1313F5D86FF06F0101918F
S3150200BD5090210391C35C009209F8013C09F1FF3975
S3150200BD60A3B2A7EB0902029292B29C1A24B2002C49
S3150200BD70D5BFAA1AEB1A95B29DB239E7002D03DB9D
S3150200BD802C464FF0FF3549E748465A460299D047B6
S3150200BD903178002000297FF434AE3DE66C2A2CD19E
S3150200BDA0009A52F8043B009289B20D46142F0CD821
S3150200BDB0DFE807F02D0B0B0B0B2D0B0B0B0B0B42BE
S3150200BDC00B0B0B0B0B0B0B0B80000A22019203923F
S3150200BDD0002B79D1002C3AD00DF12607B946039BE8
S3150200BDE073484FEAA30E0EF0100E10F80E3009F14A
S3150200BDF0FF3989F80030A3B2B3E70098682A50F8F1
S3150200BE00043B0090D0D1692D48D11BB289B2002BD8
S3150200BE100D46C0F2828018F0020F49D118F0040FC5
S3150200BE20D3D020228DF817200A2201398DB2019231
S3150200BE300392002BCED047E018F0080F32D0002B29
S3150200BE4040F09A80082301930393002CC4D10294F4
S3150200BE500DF12609CCE699F80070002F00F08680D5
S3150200BE604F4617F8012F002AFBD113E70A210DF1DD
S3150200BE702607B9464E48019103916BE70A231746F6
S3150200BE801A460193CDF800C04FF6FF73039268E796
S3150200BE90009A064652F8043B009285E7642DB4D018
S3150200BEA09BB281E7082201920392002B92D00BE00B
S3150200BEB02B22B7E71022039218F0080F28D19DF91A
S3150200BEC00C200192002B85D003998A1002F0100EE5
S3150200BED001F03F02934271D30DF12607B946344869
S3150200BEE0029400EB0E0CB3FBF2F102FB11340B468B
S3150200BEF01CF80410934209F8011DF4D29E4410F86E
S3150200BF000E30029C09F8013C09F1FF39A3B228E779
S3150200BF10DBB99DF90C3001935CE70A224D1E0192B2
S3150200BF2011462D224FF0000E8DF817205B420A466D
S3150200BF30ADB20391CEE76C2A28D1009A502303931F
S3150200BF4052F8043B8DB20092B6E7039A022142F000
S3150200BF508000821002F0100E1022039040B201906F
S3150200BF60691A8DB2B6E70646009AE7E70A230090F9
S3150200BF700297019303933BE66FF0770288210192C1
S3150200BF8003914FF0000E08220121E9E70098682A82
S3150200BF9050F8043B00900DD150229BB28DB2039211
S3150200BFA08AE70A2300220090CDE9013203931FE6B5
S3150200BFB030B4020250228DB203927DE70DF12607BC
S3150200BFC0B94605489E4410E76FF06F010191902132
S3150200BFD0B94601480391BDE630B402024FF0000CA7
S3150200BFE00FB400B583B004AB53F8042B07480DF128
S3150200BFF00201ADF802C00193FFF7F6FCBDF902009B
S3150200C00003B05DF804EB04B0704700BFC9B9000283
S3150200C010F0B50546012685B017468E40FFF78EFA23
S3150200C0206B6801336B60FFF77FFA08E0A86821228C
S3150200C030314603AB009700F0B7FB041E0ADBFFF79D
S3150200C0407DFA2C6846EA040129603440FFF76CFA4F
S3150200C050002CEBD1FFF772FA6B68013B6B60FFF7BE
S3150200C06063FA204605B0F0BD4FF0FF32FFF7D0BFAE
S3150200C07038B5044601258D40FFF760FA236823EAA6
S3150200C08005032360FFF750FA606800B938BD2946F8
S3150200C090A068BDE8384000F01FBB00BF70B5092399
S3150200C0A0002584B0084A044668460E46CDE90135A5
S3150200C0B0009200F08DFAA842A06003DB2846C4E98C
S3150200C0C00055E66004B070BD4D4C4F4310B50446B2
S3150200C0D08068002807DD00F0C1FA002802DB002391
S3150200C0E01846A36010BD6FF0100010BD072A38B5C0
S3150200C0F08C461446054635DD83073ED00346C9B253
S3150200C1001A4603F8011B9807FAD1013C2C44A41ADB
S3150200C1104FEA0C4202F47F0201EB01200243032C98
S3150200C12042EA0C6225DD043C4FEA940C0CF1010054
S3150200C1304FEA800EAEF1040E4FEA9E0E0EF1010E8C
S3150200C1404EF001E003EB800043F8042B0FF005C02C
S3150200C150CCEB8C7C04EB8C0414B1224607F01CFB5E
S3150200C160284638BD002AFBDDC9B207F015FB284672
S3150200C17038BD1846002CF0D1F2E7C9B24FEA0C429C
S3150200C18001EB012302F47F021A4342EA0C620346E0
S3150200C190C9E700BF38B517491748FFF77FFF041EE6
S3150200C1A01FDB164C1648002521460822C0E900006E
S3150200C1B0144B246000E00346013AC3E9004103F14F
S3150200C1C048000B6019461D72F5D1636000F0A6F9AE
S3150200C1D0041E06DB00240C4B1D6000F059F92046B4
S3150200C1E038BD00F069F900F0CBF90348FFF76EFF9E
S3150200C1F0204638BD90510102200B0422CC080422AD
S3150200C200D4080422DC0804221C0B04222DE9F04F78
S3150200C2100B46054685B0002197480393FFF724FF96
S3150200C2206B690024D3E90D26D3F814A0029201F01B
S3150200C23027F82B6BC5E90D04A34200F3FB80A94640
S3150200C24059F8204F4C4524D08C4FE368F3B1237F35
S3150200C25043F010032377FFF771F93A680020538DF4
S3150200C26001335385FFF760F95346012204F11001A9
S3150200C270E068B047FFF762F93A680020538D013B48
S3150200C2805385FFF751F9AB6B0133AB6324684C4519
S3150200C290DBD100217848FFF7EBFEAB6B002B05DD07
S3150200C2A04FF0FF320121E86B00F078FD4FF0000BF2
S3150200C2B071485946C5F834B0FFF7D6FE2C6A4C458C
S3150200C2C03ED06E4F6E4EDFF8B0810195237F00217E
S3150200C2D043F0100323774046FFF7CAFEFFF72EF915
S3150200C2E03A680020538D01335385FFF71DF901216A
S3150200C2F053464FF0FF32029D04F11000A847FFF7A4
S3150200C3001DF93A680020538D013B5385FFF70CF95E
S3150200C31000214046FFF7A8FE23689C4203D06268CC
S3150200C320136062685A607368C4E9006373681C60CC
S3150200C330019BC4F808B074601C6AA145C6D11D46AB
S3150200C34000214D48FFF794FE00214B48FFF78CFE73
S3150200C350D5E90594E86BD9F82C60D9F8147000F089
S3150200C360DFFC2B689D4203D06A6813606A685A60D4
S3150200C3702B4653F8082F9A4203D0EB681A60EB68F3
S3150200C3805360002349462B6151F8403F994203D13D
S3150200C39013E01B68994210D09A699442F9D1D9F8F0
S3150200C3A0181011F0010104D13348FFF761FE002491
S3150200C3B02DE0039B23F00103039300212E48FFF790
S3150200C3C057FE002EF3D0DFF8B480FFF7B7F8D8F89F
S3150200C3D000200020538D01335385FFF7A5F8294825
S3150200C3E0294BA9EB0000C01003FB00F001303A46CE
S3150200C3F0039904EB0020B0470446FFF79FF8D8F8EC
S3150200C40000200020538D013B5385FFF78DF8002154
S3150200C4101948FFF729FE1D4B00215A681648C5E93F
S3150200C42000325A6815605D60FFF722FE204605B0AD
S3150200C430BDE8F08F114FD5F82C80FFF77FF83A68E8
S3150200C4402046538D05F1200901335385FFF76CF819
S3150200C450D5E90B12534658F8040CB047FFF76EF8AD
S3150200C4603A682046538D013B5385FFF75DF8AB6B67
S3150200C4700133AB630DE700BF200B0422B42A04226A
S3150200C4803C0B0422DC080422398EE338840E042293
S3150200C49038B5074D00212846FFF7E6FD0021054C79
S3150200C4A02846C4E90044A160BDE83840FFF7E0BD74
S3150200C4B0200B0422300B0422F8B5154D2B682BB342
S3150200C4C0002700211348FFF7CFFD134AA968136816
S3150200C4D02C685B1AAC421360AF6011D00D4E00217E
S3150200C4E0A7603046FFF7C4FD0021A4F10800FFF75C
S3150200C4F08DFE00213046FFF7B7FD2C68AC42EED127
S3150200C500BDE8F84000210348FFF7B2BDF8BD00BF01
S3150200C510300B0422200B0422C42F042230B54FF024
S3150200C520100E134D002128464EF001E0114B2D60EE
S3150200C530024619611D605A601846136040330FF0B7
S3150200C54009C84FF0100E0C4C6860214600204EF0D0
S3150200C55001E00A4B24600A4698601C605A6019463C
S3150200C560136034330FF009C86160002030BD00BF8C
S3150200C570840E04228C0E04223C0B0422440B042259
S3150200C58000207047836B044A013B03EB43030146D9
S3150200C59002EBC30001F0D6B99412042230B40A4C5D
S3150200C5A0002521461022094B246000E00346013A89
S3150200C5B0C3E901151C6003F118000B601946F5D199
S3150200C5C06360002030BC70478C120422941204224D
S3150200C5D030B5436883B033F0090330D10546FEF720
S3150200C5E0ADFF184A1368934226D0174C17491C1BF5
S3150200C5F0E41001FB04F4196801344A60C3E901340A
S3150200C60011601B602A68DA606A681A61AA685A6150
S3150200C6100F4A104B12681B689A4203D00E4B1B68D6
S3150200C620034304D0FEF780FF204603B030BD0190DD
S3150200C630FEF79EFF0198F5E76FF02104E8E76FF039
S3150200C6400A04F1E78C12042294120422ABAAAAAAC3
S3150200C650B42A0422B02A0422B82A0422F8B5441EB7
S3150200C6600F2C2BD8FEF76AFF164F04EB440407EB98
S3150200C670C406B3680546E40083B96FF02904124A7A
S3150200C680124B12681B689A4203D0114B1B682B434C
S3150200C69011D02846FEF748FF2046F8BD304601F085
S3150200C6A0EFF800220B4B59683B51716014460E603D
S3150200C6B05E60B260E3E7FEF75BFFEAE76FF0110444
S3150200C6C0EAE700BF94120422B42A0422B02A042202
S3150200C6D0B82A04228C1204222DE9F84F451E0F2D8A
S3150200C6E056D80C46FEF72AFF2B4F05EB450307EB00
S3150200C6F0C30BDBF8082081464FEA4508DB008AB304
S3150200C700F858DBF81430584544EA0301CBF8141004
S3150200C71006D125E073B95C4522D02046DBF8141019
S3150200C720D0E9126A1AF0010F046806EA0103F1D190
S3150200C7309E42F0D1036D196001F03AF81AF0200F0B
S3150200C74006D0DBF8143023EA0603CBF814303BB1EB
S3150200C7501AF0100FDFD00023A84407EBC8077B614D
S3150200C760002401E06FF029040C4A0D4B12681B6885
S3150200C7709A4204D00B4B1B6859EA030305D048467C
S3150200C780FEF7D2FE2046BDE8F88FFEF7F1FEF6E789
S3150200C7906FF01104F6E700BF94120422B42A0422B1
S3150200C7A0B02A0422B82A04222DE9F04B0027441E9F
S3150200C7B082B00F2C019700F288800E46002900F005
S3150200C7C08180994632F0310315467BD10A9B0133AB
S3150200C7D078DB3F4F3B68002B71D13E4B1B68002B29
S3150200C7E06DDCDFF804B1DBF80030002B67D0FEF712
S3150200C7F0A1FE002863D1FEF7A1FE3749804604EB6D
S3150200C800440001EBC00083686200002B50D0D0F8D0
S3150200C81010C01CF0080F2ED0131901EBC3035B697D
S3150200C82015F0010F06EA030E2ED0BEF1000F2DD130
S3150200C8302A4B1CF0010F2A4A18BF1A46DBF80030B1
S3150200C8400A995A6301AAC3E91265C3F850905A6459
S3150200C85001F044F8234BDBF800201B689A4203D010
S3150200C8603B6858EA030327D04046FEF75DFE01986F
S3150200C87002B0BDE8F08B131951F833309842CBD091
S3150200C8806FF028030193E5E77645D1D1A806C9F8EA
S3150200C890003005D5101923EA060301EBC0004361F7
S3150200C8A0EB06D7D50020224401EBC2035861D1E73B
S3150200C8B06FF029030193CDE7FEF75AFED4E76FF036
S3150200C8C01800D5E76FF01000D2E76FF01100CFE73E
S3150200C8D0B82A0422A82E04229412042250B4020278
S3150200C8E05CB40202B02A0422B42A042230B40A4CEE
S3150200C8F0002521460822094B246000E00346013A3E
S3150200C900C3E901151C6003F11C000B601946F5D141
S3150200C9106360002030BC7047141404221C140422E5
S3150200C920034653F80C2BD01C002AB8BF0246B1EBC3
S3150200C930A20F18460EDD002202E0C26891420DDA0D
S3150200C94040688342F9D18A4207DB00687047C268B1
S3150200C9508A4202DA00688342F9D17047FDDD006837
S3150200C960704700BF70B50E460C4656F8081B0546C2
S3150200C970891BFFF7D5FF63680C3523F00103A84234
S3150200C980636002D0C3688B4209D000234268C4E9BF
S3150200C9900202426816604660C4E9043170BD23464D
S3150200C9A00246816843F8101F42F8083F2169626116
S3150200C9B001B14B600023A36070BD00BF02688368AB
S3150200C9C092B153B1426843E902024268083B1360DE
S3150200C9D0D0E90221436051600268904203D0436865
S3150200C9E01A60436853607047C2681360002BFAD01E
S3150200C9F0C2685A60704700BF00282DE9F0413BDD4E
S3150200CA000F288ABF0730102520F00705FEF796FD8E
S3150200CA10DFF86C800746D8F8006029463046FFF7F3
S3150200CA207FFF0C36B042044611D0FFF7C7FFC3683A
S3150200CA305B1B172B0DD854F8043C43F0010344F852
S3150200CA40043C3846FEF770FD2046BDE8F08100241E
S3150200CA50F7E74119A0F108034B6050F8082C425140
S3150200CA60536803F001030B43536040F8081CD8F8DF
S3150200CA700000FFF777FFDEE700242046BDE8F081DD
S3150200CA80FC14042270B50546FEF758FD55E902343A
S3150200CA9024F0010445F8044C5A680646D2070ED51E
S3150200CAA06368DB0720D5A5F10804174B21461868F1
S3150200CAB0FFF758FF3046BDE87040FEF735BD03F17B
S3150200CAC00800FFF77BFF55F8082CD2E9003121F068
S3150200CAD001010B605968526861F300025A6055F809
S3150200CAE0044C6368DB07DED404F10800FFF766FF37
S3150200CAF02268D2E9003121F001010B6059685268BF
S3150200CB0061F300025A60D0E7FC14042270B5224891
S3150200CB10224D03682A68033323F0030303F11B0142
S3150200CB2021F007011E4C103A521A23601A6022683D
S3150200CB302B6884B0151DCDE90055036002F10C0384
S3150200CB40CDE902339DED007F82ED017F106808304A
S3150200CB500B185D6055680D50686800F001001843B7
S3150200CB606860256853602A1D4A606E680E607268A6
S3150200CB70206802F001020A43726069605A6842F054
S3150200CB8001025A60836843F001038360FFF7EAFEFD
S3150200CB90002004B070BD00BFBC2F0422B82F0422AF
S3150200CBA0FC14042210B40B4C0020214608220A4B26
S3150200CBB0246000E06346013AC3E9011018631C6071
S3150200CBC003F1380C0B601946F4D1636000205DF85E
S3150200CBD0044B704700150422081504220B4810B4B2
S3150200CBE00146002404220A4B0060013AC3E90114FB
S3150200CBF0186003F1340C0B60194601D06346F4E762
S3150200CC0043605DF8044B0020704700BFC81604223B
S3150200CC10D016042230B40A4C002521460822094BBC
S3150200CC20246000E00346013AC3E901151C6003F1E2
S3150200CC3034000B601946F5D16360002030BC7047A2
S3150200CC40A0170422A81704220B4810B40146002498
S3150200CC5004220A4B0060013AC3E90114186003F189
S3150200CC60200C0B60194601D06346F4E743605DF879
S3150200CC70044B0020704700BF4819042250190422B1
S3150200CC802DE9F041846BDFF85880013CC4EBC40700
S3150200CC9000294FEAC40508EB870703DB014638463D
S3150200CCA000F050FE2B1B08EB830632699B009207AD
S3150200CCB014D458F80340A74210D0736909E02846F5
S3150200CCC000F076FD7369AA6CA742A3EB02037361B7
S3150200CCD004D02546AA6C24689A42F0DDBDE8F081AC
S3150200CCE0D81904224FF0FF31FFF7CABF30B40A4CFD
S3150200CCF0002521461022094B246000E00346013A32
S3150200CD00C3E901151C6003F11C000B601946F5D13D
S3150200CD106360002030BC7047D0190422D81904225F
S3150200CD20F8B5441E0F2C2BD8FEF708FC164FC4EBA1
S3150200CD30C40407EB8406B3680546A40083B96FF002
S3150200CD402904124A124B12681B689A4203D0114BED
S3150200CD501B682B4311D02846FEF7E6FB2046F8BD9A
S3150200CD60304600F08DFD00220B4B59683B51716035
S3150200CD7014460E605E60B260E3E7FEF7F9FBEAE78F
S3150200CD806FF01104EAE700BFD8190422B42A04227C
S3150200CD90B02A0422B82A0422D019042200232DE93B
S3150200CDA0F04F441E85B00F2C039379D899420D4655
S3150200CDB073DD501C174670DBDFF8FCA0DAF8003092
S3150200CDC0002B67D1384B1B68002B63DCDFF8EC9035
S3150200CDD0D9F80030002B5DD0FEF7ACFB002859D104
S3150200CDE0FEF7ACFBDFF8D8B0C4EBC4060BEB860645
S3150200CDF0B3688046E200002B43D0B169D9F800300F
S3150200CE00A9420BDB316989071BD5111B0BEB81018B
S3150200CE104869A8421FDB401B486102E06FF010021E
S3150200CE200392224A12689A4204D0DAF8003058EA8B
S3150200CE3003032CD04046FEF777FB039805B0BDE806
S3150200CE40F08F19463046019200F098FDD9F800306D
S3150200CE50019A8342D9D0121B0BEB820BDBF810200E
S3150200CE60134C12F0010F134A18BF22465A6303AA43
S3150200CE709D645A643946304600F030FDD9F80030D8
S3150200CE80CFE76FF02902D9F800300392C9E7FEF71F
S3150200CE906FFBCFE76FF01800D0E76FF01000CDE719
S3150200CEA06FF01100CAE700BFA82E0422B02A04229E
S3150200CEB068B4020274B40202B82A0422B42A042212
S3150200CEC0D8190422202270B5194C0021234642F0BB
S3150200CED001E0184D18482960016043F8042BC3E9A4
S3150200CEE0003308330FF005C80026042231461348E2
S3150200CEF0134DC4F80461C4F80C61FFF7F7F8114941
S3150200CF002C4620203246B4460F4B2D600E6000E0C0
S3150200CF100B4601320138C3E9014283F82FC01D6076
S3150200CF2003F1700123601C46F2D16B60002070BDD4
S3150200CF30A0290422B02A0422B42A0422A82A0422FE
S3150200CF40981B0422B82A0422A01B042230B4002211
S3150200CF506FF006054FF080744FF0080C90F83030F1
S3150200CF6090F82C1023F0030380F82D1080F82E1071
S3150200CF7080F8303090F92810836EC26341850264CE
S3150200CF804264C26680F82FC043F8044C43F8445CFE
S3150200CF9043F80C2C4269A3F1440422F0010243F83F
S3150200CFA0082C836E0269456AD91C42F480525B1BC7
S3150200CFB0C0E9064330BC016202617047012330B406
S3150200CFC090F82E50104C80F82F3004EBC5018A6879
S3150200CFD0AB4042600A46043202608A681060D4F8A6
S3150200CFE0082188601A43C4F8082190F830309B075C
S3150200CFF0236848BFC4F80C019D4202DA034B256040
S3150200D000186030BC704700BFA0290422B02A04224F
S3150200D01010B52D4B90F82E10D3F80C21904204BF78
S3150200D0200022C3F80C210268904203D044682260B1
S3150200D0304468546090F83020D40734D403EBC10C12
S3150200D0406246DCF804400432944209D01F4A116851
S3150200D050814200D010BDD3F80C1169B3116010BD26
S3150200D0604FF0010ED3F808411A680EFA01FC24EAC1
S3150200D0700C049142C3F80841E8D11F2A22DC1CEABB
S3150200D080040F0AD1C2F1200102E01CEA040F04D106
S3150200D090013201390EFA02FCF7D11A600B4A116805
S3150200D0A08142D7D1D7E722F0010280F83020074A21
S3150200D0B011688142CED1CEE7196803EBC1035968E4
S3150200D0C01160CCE72022E8E7A0290422B02A042234
S3150200D0D02DE9F041426822F4995323F00103002B13
S3150200D0E06ED106690546002E67DBC368013B1F2B1E
S3150200D0F063D8920642D57F2E5FDDD0F81480FEF704
S3150200D1001DFA314B07461C689C4229D00122216830
S3150200D11020464B6019602B68E3606B682361AB683D
S3150200D1206361EB686662013B464484F82C3084F8FE
S3150200D13028206285A666FFF709FF244A244B126857
S3150200D1401B68A4689A4203D0224B1B683B4321D03A
S3150200D1503846FEF7E9F9002C07DB2046BDE8F081E8
S3150200D160D8B1FEF7E1F96FF021046B689B06F4D49F
S3150200D1704046FFF787FC2046BDE8F081873626F059
S3150200D18007063046FFF738FC80460028B7D16FF015
S3150200D1902004E2E7FEF7ECF9DAE70D4A0B4B1268D8
S3150200D1A01B689A42DDD00B4B1C68002CD9D1FEF7C6
S3150200D1B0DFF92046FEF7B8F9D5E76FF01004CCE7A1
S3150200D1C06FF00A04C9E700BF981B0422B42A04229E
S3150200D1D0B02A0422B82A042270B5244B0D461B68D5
S3150200D1E0002B23DD441E1F2C3CD8214EFEF7A6F948
S3150200D1F0204BC4EBC40403EB041393F82F2004461C
S3150200D200082A23D0002A14BF6FF028056FF02905DB
S3150200D210194B32681B689A4203D0184B1B6823438A
S3150200D22011D02046FEF780F9284670BD104E3368AD
S3150200D230ABB128B1441E1F2C14D89B688342D5D1AA
S3150200D2406FF02805F0E7FEF793F9EAE79A691846C0
S3150200D2505562DB6800259362FFF7B0FED8E7441EED
S3150200D2601F2CC3D96FF01105DEE700BFA82E0422DA
S3150200D270B42A0422A01B0422B02A0422B82A0422B9
S3150200D280024B186800B18068704700BFB42A0422B6
S3150200D29000232DE9F04182B00193431C43DB234F67
S3150200D2A03B68002B3CD1224B1B68002B38DCDFF895
S3150200D2B08C80D8F80030002B32D00446FEF73AF9BB
S3150200D2C0054668BBFEF73AF9D8F800300646DA6B2F
S3150200D2D0002A0FDD013ADA63164A12689A4202D030
S3150200D2E03B68334319D03046FEF71EF9019802B067
S3150200D2F0BDE8F0816FF031020192002CECD00E4AAB
S3150200D3009D635A6301AA5A642046294600F074FABC
S3150200D310D8F80030C3E90033DEE7FEF729F9E2E781
S3150200D3206FF01800E3E76FF01000E0E7B82A042276
S3150200D330A82E0422B02A04228CB40202B42A0422A1
S3150200D340F8B52C4B1B68002B37DD441E1F2C47D823
S3150200D350294EFEF7F3F8294AC4EBC40302EB031382
S3150200D36093F82F1005464F074FEAC4001ED08907CF
S3150200D37003D523495F6B8F4238D06FF00041001B03
S3150200D38002EB0012D36B8B4224D00133D363002409
S3150200D3901C4B32681B689A4203D01B4B1B682B43FB
S3150200D3A021D02846FEF7C0F82046F8BD002914BF52
S3150200D3B06FF028046FF02904EAE70F4E336863B171
S3150200D3C028B1441E1F2C0BD89B688342C1D16FF033
S3150200D3D02804E9E76FF02A04DAE7441E1F2CB8D9BD
S3150200D3E06FF01104E0E7FEF7C3F8DAE7184600F03B
S3150200D3F0DFF9CCE7A82E0422B42A0422A01B0422B9
S3150200D4008CB40202B02A0422B82A042270B5204B38
S3150200D41082B01B68002B23DD01381F2834D81D4C2F
S3150200D420C0EBC00004EB0014FEF788F894F82F3026
S3150200D430194D0BB3082B0FD16FF02806174B2A682C
S3150200D4401B689A4203D0164B1B68034317D0FEF79C
S3150200D4506BF8304602B070BD0023E66BE363EDE77E
S3150200D4600D4D2C68002CD7D00028D5D1FEF766F8D2
S3150200D47094F82F30002BDDD16FF02906DEE70190FC
S3150200D480FEF776F80198E2E76FF01106E1E700BFD2
S3150200D490A82E0422A01B0422B42A0422B02A0422A3
S3150200D4A0B82A04220023F0B5051E83B0019333DBAC
S3150200D4B01B4F3B686BBB1B4B1B68002B29DC1A4EB0
S3150200D4C0336833B3FEF736F8044610BB15B9019834
S3150200D4D003B0F0BDFEF732F80246336813499C6387
S3150200D4E059632146144601AA5A64284600F0A6F951
S3150200D4F033680F4A1B6012685B60934202D03B6836
S3150200D500234303D02046FEF70FF8E0E7FEF730F894
S3150200D510F8E76FF01800DBE76FF01000D8E700BFFE
S3150200D520B82A0422A82E0422B42A042280B40202B3
S3150200D530B02A04220B4810B40146002404220A4BE6
S3150200D5400060013AC3E90114186003F1280C0B606C
S3150200D550194601D06346F4E743605DF8044B0020A8
S3150200D560704700BFE42B0422EC2B042230B40A4C91
S3150200D570002521460822094B246000E00346013AB1
S3150200D580C3E901151C6003F124000B601946F5D1AD
S3150200D5906360002030BC7047BC2A0422C42A0422DD
S3150200D5A010B40E4B0E4C19682368A3420DD0826844
S3150200D5B001F100410131A2EB010C02E01B68A3421A
S3150200D5C003D09A68521A9445F8D25A68C0E90032D2
S3150200D5D05A68106058605DF8044B7047A02C04220C
S3150200D5E0902C04220021002038B50C4A0C4B0D4C1D
S3150200D5F0C2E90001C4E9000106250024C3E900339B
S3150200D600FDF79CFF4FF0E023072207491D61596190
S3150200D6109C611A61FDF788FF204638BDA02C0422C2
S3150200D620902C0422982C04227F9698004FF0E02337
S3150200D63000221A61704700BFC0E903234B1C10B4D5
S3150200D64004D1C0E900005DF8044B7047044B5DF855
S3150200D650044B1B680A330B448360FFF7A1BF00BF6C
S3150200D660A02C042210B5064CC0E90323246804F159
S3150200D6700A0E71448160BDE81040FFF791BF00BFFA
S3150200D680A02C04224FF0E0234FF0007270B5196906
S3150200D690C3F8042DFDF752FF194B0646D3E9005293
S3150200D6A00A3542F10002C3E90052164C0CE09A68B0
S3150200D6B0AA1A002A0BDB1A68934203D059680A6039
S3150200D6C059685160DA688AB92368A342EFD10E4AD3
S3150200D6D00E4B12681B689A4203D00D4B1B683343EC
S3150200D6E007D03046BDE87040FDF71EBF1869904767
S3150200D6F0EAE7FDF73DFF3046BDE87040FDF714BF8F
S3150200D700A02C0422902C0422B42A0422B02A042239
S3150200D710B82A042208B5FFF7D5FB002823DBFFF75A
S3150200D720E5FA00281FDBFEF739FF00281BDBFFF7AF
S3150200D730DDF8002817DBFFF76DFA002813DBFFF789
S3150200D74083FA00280FDBFFF749FA00280BDBFFF705
S3150200D75029FA002807DBFFF7EDFE002803DBFFF7B7
S3150200D76005FF00EAE07008BD0368984203D04268EC
S3150200D770136042685A6090F82F30022B07D00423B8
S3150200D78080F82F30436B9B6803B11847704700B58A
S3150200D79083B00190FFF712FC0198436B9B681BB1A3
S3150200D7A003B05DF804EB184703B05DF804FB00BF55
S3150200D7B0034610B553F8542F04469A4203D0836D9C
S3150200D7C01A60836D536023689C4203D062681360BB
S3150200D7D062685A6094F82F30022B06D00423002286
S3150200D7E084F82F30636C1A6010BD2046FFF7E6FB03
S3150200D7F00022636C1A6010BD70B50E4D04462B688C
S3150200D80093F82F20012A0DD0042A07D02146BDE81D
S3150200D8107040094A03F15400FFF70EBF062283F84F
S3150200D8202F20F3E71846FFF7F3FB02222B6883F853
S3150200D8302F20EBE7B42A042269D7000270B50E4DF9
S3150200D84004462B6893F82F20012A0DD0042A07D00C
S3150200D8502146BDE87040094A03F15400FFF702BFB2
S3150200D860062283F82F20F3E71846FFF7D1FB0222A0
S3150200D8702B6883F82F20EBE7B42A042269D700022B
S3150200D880F8B50468A04227D0054604276FF0320691
S3150200D89006E0636C84F82F701E602C68A5421BD0CC
S3150200D8A0234653F8542F9A4203D0A36D1A60A36DF0
S3150200D8B0536023689C4203D06268136062685A60B0
S3150200D8C094F82F30022BE4D12046FFF777FB636CE6
S3150200D8D01E602C68A542E3D1F8BD00BF6FF031028D
S3150200D8E038B5174D2B685B6C1A6001B938BD044612
S3150200D8F082682B6808469A632169FFF77DFF2369D0
S3150200D900DB0707D462682B68C3E9004262681360CA
S3150200D910636038BD236828689C4290F82E1003D1B4
S3150200D92006E01B689C4203D093F82E208A42F8D95F
S3150200D9305A68C0E900325A681060586038BD00BFA4
S3150200D940B42A04220B68994203D04A6813604A68D3
S3150200D9505A60036891F82EC0984203D106E01B680C
S3150200D960984203D093F82E206245F8D95A68C1E945
S3150200D97000325A6811605960704700BF034600685A
S3150200D98083420AD01B69DB0708D590F82E3091F83E
S3150200D9902E209A4238BF084670470846704700BF95
S3150200D9A008B5FDF7CBFDFDF7C3FFFFF7AFF800287B
S3150200D9B020DBFDF791FF002828DBFDF7FBFE0028A0
S3150200D9C01CDBFFF7A7FE002824DBFFF70BFE00286F
S3150200D9D024DB1648FFF77CFB002813DB0021FFF748
S3150200D9E0FBFB00281EDBFDF7AFFDFFF71FFEFDF771
S3150200D9F07BFFFEE70E48FDF7BBFFFAE70D48FDF792
S3150200DA00B7FFF6E70C48FDF7B3FFEEE70B48FDF765
S3150200DA10AFFFEEE70A48FDF7ABFFE8E70948FDF777
S3150200DA20A7FFE4E70848FDF7A3FFDEE798B4020282
S3150200DA3098510102C85101024C520102B051010231
S3150200DA40E4510102085201022852010208B5FFF709
S3150200DA50EDFDFDF749FFFEE710B5FEF79BFB00283B
S3150200DA6016DBFDF73BFF002812DB002203210E48DE
S3150200DA70FEF7B4FA01F0E2FC0446FDF731FF002C92
S3150200DA800BDA2046FDF734FFBDE81040FFF7DEBF94
S3150200DA900648FDF76DFFFDF723FF0548FDF768FF12
S3150200DAA0BDE81040FFF7D2BF705201029452010244
S3150200DAB0B052010230B50B460024194A9C7700EB9E
S3150200DAC0400132F831E012F831509EFA9EFE02EB26
S3150200DAD0C10CA3F81CE0DCF80C40022D9C61DCF8BA
S3150200DAE008404FEA40015C61DCF8044002D10D4D6A
S3150200DAF02D682C44014402EBC1021C6102F11001A3
S3150200DB0003C983E803001978012900D030BD5269A0
S3150200DB1011684968996052685268DA6030BD00BF80
S3150200DB2018000022D02F042208B54FF408610346DC
S3150200DB3010209847044B186008B1002008BD03481E
S3150200DB4001F07CFD012008BDD02F0422C85201023B
S3150200DB500B4610B54FF0000E114A108892F800C01D
S3150200DB6040BA8883D168BCF1020F99619168546802
S3150200DB7083F81EE0596102D10A4909680C440A4930
S3150200DB801C6103C983E803001978012906D1526989
S3150200DB9011684968996052685268DA60002010BDBF
S3150200DBA018000022D02F04222800002200200B4653
S3150200DBB0154A92F811C2887781F81CC092F81012A1
S3150200DBC05977D2F81C0202299861D2F818025861D4
S3150200DBD013D0D2F814020D49186103C983E8030071
S3150200DBE01978012907D1D2F8242211684968996067
S3150200DBF052685268DA60002070470549D2F814026A
S3150200DC0009680844E7E700BF18000022380200222C
S3150200DC10D02F042230B591B000206946FFF74AFFA3
S3150200DC20049D162008A9FFF745FF0C9C00F05CF83E
S3150200DC302DB120B140F28A22294605F070FE00205D
S3150200DC4000F060F800F054F824B118B103682360BC
S3150200DC5003792371002011B030BD00BF38B5094ADF
S3150200DC60094D0346106898472B683BB100240020F3
S3150200DC7000F062F92B680134A342F8D8002028602C
S3150200DC8038BD00BFD02F0422CC2F042210B4114A73
S3150200DC90114B126802F5C87102F5247002F1D00424
S3150200DCA05860C3F82421C3F83C01C3F85421C3F8D1
S3150200DCB06C11C3F88421C3F89C11C3F8B421C3F8CC
S3150200DCC0CC11C3F8E421C3F8FC41C3F814225DF871
S3150200DCD0044B7047D02F042218000022104640F24F
S3150200DCE08A2205F01CBE00BF00487047703204222B
S3150200DCF0024B03481B681844704700BFE4D7020270
S3150200DD000035042238B50446094D0A492A460A480E
S3150200DD10FFF7E4FF094B0A481B682946184440F2FC
S3150200DD208A2205F0FCFD2046BDE8384000F00AB81C
S3150200DD30E02F042270320422D42F0422E8D70202F2
S3150200DD40003504224FF4846370B5002140F28A251F
S3150200DD50194A98B0194CCDE90A331268184E049440
S3150200DD6006940992059107910F910E9614940C95BB
S3150200DD70159104AB93ED007F10AA82ED007FB8B92E
S3150200DD80052500260F4A09ABCDE916410093CDE9D8
S3150200DD90015612680C490EAB0C480D95F9F728FA94
S3150200DDA0A0F1FF30B0FA80F04009404218B070BDD1
S3150200DDB021602171E4E700BFE0D7020200350422A8
S3150200DDC080C9020270C90202B0BF0202A8C00422C0
S3150200DDD009B32DE9F0414FF0000C41F001E04FF498
S3150200DDE07A550E4F0E4E0F4C3B6803446344A4FB18
S3150200DDF00381890A05FB113336F913300CF1010C44
S3150200DE0007EE903AF8EEE77AE2EC017A0FF015C0E7
S3150200DE100020BDE8F0810020704700BFA443042221
S3150200DE20A8430422D34D62100E4B0F4A82B00193CF
S3150200DE3013782BB107E0019B013B0193137813B9C9
S3150200DE40019B002BF7D1019B53B11378012B4FF0A5
S3150200DE5000030CBF4FF496701846137002B0704759
S3150200DE601420FBE740420F00C93A042203680868FF
S3150200DE70184700BF10B40468086811681A68234678
S3150200DE805DF8044B184700BFF0B5202A1446074632
S3150200DE900E468DB014D0402A12D0802A10D0B2F588
S3150200DEA0807F0DD0B2F5007F0AD0B2F5806F07D021
S3150200DEB0B2F5006F04D0B2F5805F01D00D4806E0DE
S3150200DEC06846A1B2FDF7FCF8054610B10A480DB046
S3150200DED0F0BD0346324668463946FCF747FF002343
S3150200DEE028467268640806EBC404636022607360A5
S3150200DEF00DB0F0BD05FCFFFF10FCFFFFF8B50B4EA1
S3150200DF000B48314651F8485F0A4F2A46FEF766F833
S3150200DF10B46CA54204D0224629463846FEF75EF87E
S3150200DF200120FFF7BFFA2546F2E700BF24030022CD
S3150200DF30F05201023053010205F00EBA08B5086824
S3150200DF40FFF7FAFF08BD00BF70B58C4606464FF0D4
S3150200DF50300E002482B0134D01230222124801A979
S3150200DF602C708DF8056064468DF804E0F9F796FD8D
S3150200DF70034620B1B3FA83F0400902B070BDFFF741
S3150200DF8053FF03460028F5D10122214606482B708D
S3150200DF90F9F79CFD03460028ECD1FFF745FF03463F
S3150200DFA0E8E700BFC93A0422382D042208B528B191
S3150200DFB030F8023CC01AFFF7BFFF08BD6B21024BC7
S3150200DFC0024A0348FBF726FF60530102645301022B
S3150200DFD0905301022DE9F04F89B0DDF84890049084
S3150200DFE099F90040002C70D01D4603EB43034FEA1B
S3150200DFF0430B00EBC22093020393059041F2820C7D
S3150200E0004FF6FF7E2346584601F10A0A022D61D0D9
S3150200E010059ACDE906A1884602EB410201F1030BFE
S3150200E0200023AA464946052B52D091F90040544D89
S3150200E030203C04EB84042C44E65C03EB43091746BC
S3150200E0404446CDE90083D944029204E00134A14555
S3150200E05007F1020724D0B4F5806FF7D24FF000081B
S3150200E060B8F1070F3A4618D046FA08F313F0010F33
S3150200E07014BF75466546002322F8135003F58063E4
S3150200E080B3F5406FF8D108F10108B8F1080F02F5AF
S3150200E090C052DBD0B8F1070FE6D141F28205EAE7BA
S3150200E0A0DDE90083029A0133062B08F1030802F127
S3150200E0B00602B8D155468946DDF818A0079919F91E
S3150200E0C0013F01448244002BA0D109B0BDE8F08F84
S3150200E0D00026B2E7203B5E2BF1D80F460026284ADF
S3150200E0E003EB83039A180095052E07D0B7F5806FC8
S3150200E0F009D30136052E07F10207F7D1BAF5806F6B
S3150200E10038D3009DDBE73B4612F806B07C1C039D24
S3150200E110E41A2B44049D4FF0000805EB4303072540
S3150200E120CDE901274BFA08F212F0010F14BF72462D
S3150200E130624603F50067013D1A8008F1010823F8DB
S3150200E1401420A3F8002827F8142003F58053E9D1F8
S3150200E150DDE901270136A3F800C0062E23F814C014
S3150200E160A3F800C803F5006307F1020723F814C0F9
S3150200E170BAD1C6E753464FF0000B01F10B04C6E7CE
S3150200E18058D802022DE9F04FDFF864A3B84CDAF84A
S3150200E1900030B3B0B74DB84E226800932B68B16C0D
S3150200E1A0B648FDF71BFF4FF47A70FFF77BF9B449C7
S3150200E1B0B448F9F7B9FBDAF80030226800932B6805
S3150200E1C0B16CB148FDF70AFF0120FBF737FFDAF819
S3150200E1D00030226800932B68B16CAC48FDF7FEFE56
S3150200E1E00023AB48C0F88430BFF34F8F43F6E07686
S3150200E1F0D0F88030C3F3C905C3F34E335C0105F191
S3150200E200010E2B464EF001E004EA060141EA837252
S3150200E210C0F87422013B0FF007C8203C14F1200F0E
S3150200E220EDD1BFF34F8FBFF36F8F9A48FDF7D6FE3E
S3150200E2309948FDF7D3FE002240F209719148F9F799
S3150200E24089FA6420FFF72EF940F2097101228D48FE
S3150200E250F9F780FA0A20FFF725F99048FDF7BEFE86
S3150200E2608F499048FAF756F8002800F02C838E481A
S3150200E270FDF7B4FE8D498E48F9F75EFD0446002887
S3150200E28000F0E88212AB079322AB0D93894C8A48C1
S3150200E2902146FDF7A3FE4FF4806E00234EF001E007
S3150200E2A026462246854804F5805783EA000142F84D
S3150200E2B0041B01330FF007C804F01F05BFF34F8F8D
S3150200E2C07C4B3D446FEA030EAE444FEA5E1E0EF1EE
S3150200E2D0010E4EF001E06E4AC2F8703220330FF0A2
S3150200E2E005C8BFF34F8FBFF36F8F00214FF48062D3
S3150200E2F0724F06E0013A01F1010106F1040600F04F
S3150200E300CA83306881EA07039842F3D032686C48C0
S3150200E310FDF764FE6B48FDF761FE554B56491A68D8
S3150200E320DAF8003068480093524B896C1B68FDF797
S3150200E33055FEBFF34F8FE3434FF0010E2A1B2B44CA
S3150200E340203A5B0973442032C8BF9E464EF001E074
S3150200E3504F4BC3F8704220340FF005C8BFF34F8FFE
S3150200E360BFF36F8F5948FDF739FE4FF0120E0023A7
S3150200E37013204EF001E0564903F5886221F8220087
S3150200E38001330FF007C85348FDF728FE4FF4161263
S3150200E3900021484805F000FA4FF4961200214E4833
S3150200E3A005F0FAF900233A48C0F88430BFF34F8FDC
S3150200E3B043F6E076D0F88050C5F34E346401C5F3D7
S3150200E3C0C90505F1010E2B464EF001E004EA0601ED
S3150200E3D041EA8372C0F87422013B0FF007C8203C61
S3150200E3E014F1200FEDD1BFF34F8FBFF36F8F204C87
S3150200E3F0DAF800302268204900931E4B896C1B68AC
S3150200E4003648FDF7EBFD3648FDF7E8FD00224FF4EE
S3150200E41084711C48F9F79EF9012240F206611948F7
S3150200E420F9F798F94FF4FA70FFF73CF8002240F238
S3150200E43006611448F9F78EF9C820FFF733F801226E
S3150200E44040F206610F48F9F785F94FF4FA70FFF7C3
S3150200E45029F824492448FAF7BFFB0146002849D087
S3150200E4602248FDF7BBFD4FF47A70FFF71BF8FAE777
S3150200E47000C004221CC104222403002234540102D7
S3150200E480A44801021C2D042298540102FC540102E4
S3150200E49000ED00E06055010298550102C4550102E3
S3150200E4A064470102782D0422F8550102344701021D
S3150200E4B0382D042200000068FC560102AA55AA550E
S3150200E4C02C57010274570102C85701022C58010247
S3150200E4D00030004070580102008025689C580102F5
S3150200E4E00059010298460102242D042220590102F4
S3150200E4F020C10422BC48FAF7BBF98046002840F046
S3150200E5006981DAF80030B94EB94D22680093B16CD0
S3150200E5102B68B848FDF762FDB74B0FAF93E80700CB
S3150200E52087E807004246B549AF48FAF7B9F9DAF87B
S3150200E5300030226800932B68B16CB148FDF74EFD9E
S3150200E540012240F20E51AF48F9F704F9AE48FDF741
S3150200E55045FDDAF80030226800932B68B16CAB48AF
S3150200E560AB4EFDF73BFDAB48FDF738FD3368DFF8F0
S3150200E570D492002B14DD4D46DFF8CCB2AC68D5E957
S3150200E5800023414658460094FDF728FD336808F1FA
S3150200E5900108434505F10C0502DDB8F1100FEDD176
S3150200E5A0642004F0D1FE04469B482146FDF716FD81
S3150200E5B0204604F0D1FE00203568F4F733F8014610
S3150200E5C0DFF888B29548CBF80010FDF707FD3368EF
S3150200E5D09D4218DA0F2D16DC0C23DFF8748203FB3A
S3150200E5E0059901E0102D0ED0D9E90023D9F808408B
S3150200E5F0294640460094FDF7F1FC33680135AB42EB
S3150200E60009F10C09EEDCDAF80030854C774922680C
S3150200E6100093774B896C1B688248FDF7DFFCDBF8B9
S3150200E6200000002800F0EC830021F4F761F8DAF824
S3150200E630003022686D4900936D4B896C1B687A48DD
S3150200E640FDF7CCFC00220121DBF80000F2F73EFFC9
S3150200E6500121DBF80000F2F717FFFF21DBF80000CB
S3150200E660F2F7F2FE0021DBF80000F2F771FF6F48C5
S3150200E670FDF7B4FC4FF00008B946DBF80000F7F7E7
S3150200E680DFF94FF416730122CDE900324FF48063AD
S3150200E69059F8041B1A46DBF800004FF4F074F8F739
S3150200E6A0DBF920266249DBF80000F7F72DFE002190
S3150200E6B0604ADBF80000F2F7AFFE0022CDE9004621
S3150200E6C002922146224643F62063DBF80000F7F762
S3150200E6D065FE002242F2A035CDE9016200952A4686
S3150200E6E0214643F62063DBF80000F7F757FE0023C6
S3150200E6F0CDE901630095234622462146DBF8000058
S3150200E700F7F74CFE0023029343F62063CDE9005649
S3150200E7102246452632241946DBF80000F7F73EFE6C
S3150200E720DBF80030444D0493CDF81880CDF82090E4
S3150200E730203E5E2E00F2CD80DDF810803F4B06EBC8
S3150200E7408606334400214046394A0593F2F764FEB1
S3150200E7504FF4C073260137B239464FF44872404629
S3150200E76000934FF49073F7F7D7FD4046314A0021E4
S3150200E770F2F752FE059BB6B25A1EB9464FF0300862
S3150200E78037461646CDE9094504330593002416F8A3
S3150200E790015F02E00134072C13D045FA04F3DB07CC
S3150200E7A0F8D504EB4402120102F5487230234946B9
S3150200E7B00498CDF8008012B20134F7F7ADFD072CAC
S3150200E7C0EBD1059B07F130009E4287B27FD00FFA4C
S3150200E7D087F9DBE701461A48FDF700FC4FF47A7029
S3150200E7E0FEF760FEFAE700BF242D0422240300226E
S3150200E7F01CC104226C59010234DA020200000068CC
S3150200E800D05901021C2D0422345A01024C5A01022B
S3150200E810CC3A0422B05A0102DC5A0102FC5A010225
S3150200E82000C00422185B0102285C01028C5C010212
S3150200E830151010FFFFE500FF0054010258D802022E
S3150200E84044590102D03A04227C5B0102342D04228F
S3150200E850BC5B010201223C21CD48F9F76BF8CD4899
S3150200E860FDF7BCFB12AB194643F20A0007938DF87B
S3150200E87048408DF88840FFF767FB22AB0D93F0B155
S3150200E880194643F20B00FFF75FFBC0B19DF88820E3
S3150200E8909DF84810C048FDF7A1FB9DF84830562B5D
S3150200E8A009D19DF88830A3F14002012A40F2B082D4
S3150200E8B04C2B00F0AD82B948FDF790FBE6E4B84870
S3150200E8C0FDF78CFBE2E4B748F9F7ECFCCFE4DDE9AF
S3150200E8D0094515F9016F1234002E7FF429AF31462E
S3150200E8E0B14ADBF80000DDF81880DDF82090F2F777
S3150200E8F093FD4FF4965300934FF434624FF46753EB
S3150200E9004FF44871DBF80000F7F706FD3146A74AD7
S3150200E910DBF80000F2F780FD4FF4955300934FF4B5
S3150200E920356243F6A0134FF44C71DBF80000F7F79B
S3150200E930F3FC31469C4ADBF80000F2F76DFD4FF41A
S3150200E940F07300934FF4FF524FF467534FF448713C
S3150200E950DBF80000F7F7E0FC3146944ADBF80000EA
S3150200E960F2F75AFD4FF4E073009341F6F07243F664
S3150200E970A0134FF44C71DBF800008D4CF7F7CCFC7A
S3150200E980DBF80000F7F79AF8C4F88460BFF34F8FFC
S3150200E99043F6E076D4F88050C5F34E304001C5F315
S3150200E9A0C90505F1010E4EF001E02B4600EA06010B
S3150200E9B041EA8372C4F87422013B0FF007C820387B
S3150200E9C010F1200FEDD1BFF34F8FBFF36F8FDBF83E
S3150200E9D00000F3F745FF0023C4F88430BFF34F8FDE
S3150200E9E043F6E076D4F880507148C5F34E3464019C
S3150200E9F0C5F3C90505F1010E4EF001E02B4604EA06
S3150200EA00060141EA8372C0F87422013B0FF007C87F
S3150200EA10203C14F1200FEDD1BFF34F8FBFF36F8F60
S3150200EA2008F10108B8F1030F7FF427AEDAF80030D7
S3150200EA30604C614E614F226800933368B96C60483E
S3150200EA40FDF7CCFA5F48FDF7C9FA5F495F48F8F768
S3150200EA507FFC0546DAF80030226800935C4833688A
S3150200EA60B96C0C95FDF7BAFACDB95A48FDF7B6FA64
S3150200EA701E20FEF717FD4FF4C8634FF4485256495D
S3150200EA805248F8F7FDFC0C90002840F0C681534826
S3150200EA90FDF7A4FA07E05248FDF7A0FA3DE40C9907
S3150200EAA05048FDF79BFA5048FDF798FA4FF0000CD4
S3150200EAB001230220CDE905CCCDE90830DFF83C91EF
S3150200EAC0DFF83CA14FF00002484B00201A70FEF717
S3150200EAD09DFC6420FEF7DCFB454A069B02FB03F322
S3150200EAE002F18042013AB2EBB30F80F07181DBF89A
S3150200EAF00000F6F7A5FF4FF416730122CDE90032A6
S3150200EB004FF48063059C32AA02EB840252F88C2CE5
S3150200EB10DBF8000011460A92A2000B921A46F7F79A
S3150200EB209BFF0021214ADBF80000F2F775FC4FF447
S3150200EB30955300934FF4356243F6A0134FF44C718C
S3150200EB40DBF80000F7F7E8FB00212A4ADBF80000B1
S3150200EB50F2F762FC102100234FF4A5523326CDE9C9
S3150200EB600113009243F6D0434FF44C71DBF80000D8
S3150200EB70F7F714FC0021204ADBF80000F2F74CFC00
S3150200EB8000274FF4A57440F2DF1835463DE000BF7A
S3150200EB90382D04222456010254560102E05601027F
S3150200EBA080560102782D04224A3A3AFF1A1414FFBB
S3150200EBB000ED00E000C004221CC10422240300224E
S3150200EBC0D45C0102385D0102E0470102982D04225D
S3150200EBD0585D0102BC5D010200403868E85D010231
S3150200EBE0A8570102385E0102645E0102C83A042295
S3150200EBF0295C8FC2352A2AFF66FF00FFA03B04224A
S3150200EC00E117298E02273E44049DB802AAFB003072
S3150200EC10400A39F91000220100EB8000C0EBC00067
S3150200EC208000002800F1FF04B8BF20460012C0F59C
S3150200EC30A5744445A8BF444633012901B52CB8BF83
S3150200EC40B5241BB212B209B20496002FDAD04FF0E5
S3150200EC50200E00254FEA041C0FFA8CFCDBF800009C
S3150200EC60CDE900CE0295F7F799FB40F29A330237C7
S3150200EC709F4206F10206C7D100216A4ADBF800006C
S3150200EC80F2F7CAFB4FF4E073009341F6F07243F6D3
S3150200EC90A0134FF44C71DBF80000F7F73DFB624B13
S3150200ECA0624A1B6807FB03F3934200F38E80FF2B35
S3150200ECB015DD43F30F1323F00F0400215C4ADBF842
S3150200ECC00000F2F7A9FB4FF4E073009341F6F072ED
S3150200ECD023464FF44C71DBF80000F7F71DFB0C9B43
S3150200ECE0002B6CD1534B07981A68534904F0CCFC9D
S3150200ECF00A9D079B284600935F2202233221FFF7D3
S3150200ED0069F9494B0D9C1A684C4B20464C491B68C5
S3150200ED1004F0BAFC00944B4C284602237D22322191
S3150200ED20FFF758F90094484C2846032355224FF41E
S3150200ED300271FFF74FF9032382224FF4027128462C
S3150200ED400094FFF747F9DBF80000F6F7B7FE05F582
S3150200ED50203305F01F01BFF34F8F6FEA030E05F54F
S3150200ED60AF220A4496444FEA5E1E0EF1010E4EF0A1
S3150200ED7001E0364AC2F8703220330FF005C8BFF3FD
S3150200ED804F8FBFF36F8FDBF80000F3F769FD0B9B24
S3150200ED900022C8336B4453F88C1C2D48F9F780FDCA
S3150200EDA0014610B12B48FDF719F9DDE905320132AA
S3150200EDB00692099A0592089ACDE9083282E60C9AD9
S3150200EDC00798254904F060FC92E743F6A01474E71D
S3150200EDD0059B15490193214B21481A68154B1B685F
S3150200EDE0096800910699FDF7F9F81E4A1E48114670
S3150200EDF0D3680093936809685268FDF7EFF876E6E0
S3150200EE001A48FDF7EBF84FF47A70FEF74BFBFAE778
S3150200EE101748FDF7E3F8FFF739BA0C991548FDF7DD
S3150200EE20DDF840E61A1414FF983B0422FF9A030009
S3150200EE30FFE500FF9C3B0422005F0102943B042293
S3150200EE40405F0102C80200228802002200ED00E0B3
S3150200EE50242D0422645F0102245F0102C43A0422C3
S3150200EE60A05E010200403868D45E0102005C010225
S3150200EE70A85601020C5E0102F0B5C668DDF814C0A0
S3150200EE8096F854001F6F70B1002107F1040E57F86F
S3150200EE90314024B15EF83150AA4207D035B101386B
S3150200EEA001F10101F3D16FF02000F0BDB6F8622046
S3150200EEB0D2B100222168DCED006A89569CED017A06
S3150200EEC007EE901AF8EEE77A77EEE67A67EE877A39
S3150200EED0716E083351F82210C3ED017A1960B6F843
S3150200EEE0621001329142E5D80020F0BD012A02D11A
S3150200EEF0016000207047022A05D0032AF9D0002AB1
S3150200EF00F7D10260F5E70B680360F2E7012A02D146
S3150200EF10016000207047022A05D0032AF9D0002A90
S3150200EF20F7D10260F5E70B680360F2E7012A02D126
S3150200EF30016000207047022A05D0032AF9D0002A70
S3150200EF40F7D10260F5E70B680360F2E7012A02D106
S3150200EF50016000207047022A05D0032AF9D0002A50
S3150200EF60F7D10260F5E70B680360F2E72DE9F04F8F
S3150200EF7004680868A1681268B0FBF1F8B2FBF1FAFE
S3150200EF801B6887B00193E3681A6A02FB08F802FB62
S3150200EF900A8AD04538BF4FF0000B29D221B3019B14
S3150200EFA000254FF0010903EB8B0606E0A1686B1CF6
S3150200EFB08B4206F1040613D21D46D4E900035B5DBB
S3150200EFC082684344CDE903390596AAB1C76805AB01
S3150200EFD004AA03A9B8470028E8D007B0BDE8F08F15
S3150200EFE00BF1010BE368AB441A6A9044C245D5D8CB
S3150200EFF0002007B0BDE8F08F03F057FB70B5D0E9EB
S3150200F000001291F83C3005468BB10024264652F890
S3150200F010240038B10368DB6898476B6843F82460BC
S3150200F020D5E9001291F83C3001349C42EFD31046E8
S3150200F030FEF782FF284670BD07EE901AF8EE677A51
S3150200F040012A20EE270A60EEA70A82B03ED0FBFE16
S3150200F050407AF4EEC07AF1EE10FA2AD4FAFE407A39
S3150200F060FBFE606AF4EEE06AFDEEE77AF1EE10FA74
S3150200F07017EE903A27D570EEE67A9FED197AF4EEFE
S3150200F080C77AF1EE10FA1ED5FDEEE67A17EE902A51
S3150200F0909B1AC01A07EE900AF8EE677A87EEA67AEE
S3150200F0A0FBFE477AFDEEE77ACDED017A019802B0D2
S3150200F0B0704730EE677ADFED0A6AB4EEE67AF1EE71
S3150200F0C010FACDD4CAE7FAFE606ADDE7B8FE400A56
S3150200F0D0FDEEC07AF8FE606A17EE903AD9E700BFF5
S3150200F0E06F12833A002B24DD02F01F0100B519448A
S3150200F0F0BFF34F8F6FEA020E0120A1F120031144E4
S3150200F1008E444FEA5E1E20330EEB00018E46CCBFC4
S3150200F1108E4686464EF001E0074BC3F8682220323F
S3150200F1200FF005C8BFF34F8FBFF36F8F01205DF855
S3150200F13004FB0120704700BF00ED00E02DE9F04F0F
S3150200F140884683B09146194682680193D8F80830FA
S3150200F150934240F08B80436801EB090AD8F8041009
S3150200F160044603EB0A0081424D467FD1002B7FD035
S3150200F17009F1FF36B9F1000F2ED04FF0010B00272F
S3150200F1800CE0BBF1000F62D06368012B65D04FF033
S3150200F190010B5F44013E731CA2681CD002FB07FCF4
S3150200F1A0D8F800002168920002FB060001EB8C01F0
S3150200F1B004F0B5FB002FE4D06268013ABA4249D0A6
S3150200F1C0BBF1000FE3D1013E731C4FF0000BA268A6
S3150200F1D007F1FF37E2D1636802FB09F903FB02F28A
S3150200F1E0D8F800002168920000EB890004F097FB32
S3150200F1F06068019B0027461E53B924E087B3636803
S3150200F200012B31D001273E440135AA451BD0606847
S3150200F210A268D8F8003021689200284402FB061141
S3150200F22002FB003004F07BFB002EE7D06368013B53
S3150200F230B34217D0002FE5D10135AA454FF000079A
S3150200F24006F1FF36E3D1002003B0BDE8F08F4FF0A0
S3150200F250010B9FE7BBF1000FB5D04FF0000B99E70A
S3150200F2600127D1E7002FE7D00027CDE70148EBE7DA
S3150200F2700148E9E714FCFFFF12FCFFFF0379012BAB
S3150200F28000D070474FF4C8622DE9F04F4F4B504DF6
S3150200F2901B7802FB03F305EB83052B46BFF34F8F67
S3150200F2A04FF0C80E4EF001E04A4AC2F85C322033F3
S3150200F2B00FF005C8BFF34F8FBFF36F8F00224FF0D9
S3150200F2C000446FF000464FF0010B10469646424F3F
S3150200F2D0DFF81C91DFF81CA1DFF81C81043D55F80C
S3150200F2E0043F43F3130C6645A8BF6646644543F3E1
S3150200F2F00F11B8BF6446B2F5806F0B46C1FB010E13
S3150200F30005D228F81210D10703D50132E7E7D10753
S3150200F3100CD4D7F800C0396829F81C300131B1F590
S3150200F3207A5F24BF00218AF800B039600132B2F553
S3150200F330C86FD4D10246734652EA1F53C0F313076D
S3150200F340C2F31302BB18CEF313294B44DFF8AC8089
S3150200F35003EB1E72A8FB0273DB0803EB830303EBCA
S3150200F3608303D31ADFF898C0C01A0CFB00F7A4EB8C
S3150200F37006011A4E6EF1000E06FB0E77A0FB06067C
S3150200F3800246174D0911BB1929604FF000440021AE
S3150200F390102552EA9F13631893429CBF1919D21A79
S3150200F3A0013D4FEA51014FEA9404F4D101240D4B79
S3150200F3B00D48064D196002682B780C4922446340B9
S3150200F3C002602B700C70BDE8F08F00BF903B0422E8
S3150200F3D00040386800ED00E0A4430422295C8FC295
S3150200F3E0943B0422983B04229C3B0422913B042238
S3150200F3F0A8430422A0430422A03B04221F85EB510A
S3150200F400F5285C8F014B02791A707047C93A0422BB
S3150200F4100378032B00D070470121054B054A19706A
S3150200F420136805480B4400681360FDF789BF00BFE7
S3150200F430C83A0422C43A0422C03A042208B50E4845
S3150200F440FCF796FA0D48FDF743FE0D4B00211860B6
S3150200F450FDF7C2FE0B48FDF73BFE0021FDF7BCFEA1
S3150200F4600948FDF735FE0021FDF7B6FE4FF0FF30E5
S3150200F470FDF70EFF002008BD845F01027002002224
S3150200F480C03A04225802002240020022002070479D
S3150200F4902DE9F0430546C068984690F8443085B099
S3150200F4A01BB30E461746002404E0E86890F8443081
S3150200F4B0A3421AD9826C04EB440302EBC30CDCF8B8
S3150200F4C01030CDF80C80DCF808203146CDE9017207
S3150200F4D09CF814200092DCF804902246C8470134B6
S3150200F4E00028E2D005B0BDE8F083FFF7CFFF831C0A
S3150200F4F018BF002005B0BDE8F08300BF164B1A689E
S3150200F500D20717D515490868134A154B52681B6866
S3150200F510101A0A60E3B1134AA2FB03239B0CB0FB49
S3150200F520F3F0114BD3E90021801841F10001C3E940
S3150200F530000170470D480949D0F8FC2042F080725C
S3150200F540C0F8FC201A6842F001021A605868DBE72C
S3150200F5504FF4F073E3E700BF001000E028390422FD
S3150200F560A42E042283DE1B432039042200ED00E090
S3150200F5702DE9F04F054685B00391FFF7BFFF002D39
S3150200F58059D0EE688046F36C894613B3002402E034
S3150200F590F36CA3421DD9D5F810E021462846039BF9
S3150200F5A0BEF1000F01D05EF824E0326D02EB441C7E
S3150200F5B0DCF81C20CDF804E0DCF818700134009762
S3150200F5C0DCF810A0D04782460028E1D0FFF796FF6C
S3150200F5D026E096F85420FAB10024A2460BE028460B
S3150200F5E0FEF7AAFC039B1B6F43F80BA096F8542068
S3150200F5F00134A24210D9039B4FEAC40B1B6F53F886
S3150200F6003450002DF4D028680028E8D02B7B002B3C
S3150200F610E5D0FEF791FCE2E7FFF770FF4FF0000A34
S3150200F620B0EB0800039B61EB0901C3E918015046E0
S3150200F63005B0BDE8F08F6FF00A0AF8E70FB400B51F
S3150200F64083B004A951F8040B019104F081F803B0C8
S3150200F6505DF804EB04B070478C4608B5017FDCE91F
S3150200F6600123032902FB03F331D009290CD0012916
S3150200F67027D18269B3EB920F46D10169DCF800000B
S3150200F68004F04DF9002008BD8169994249D1002252
S3150200F6900029F7D0D0E903139B5690ED027A5B1A44
S3150200F6A007EE903AF8EEE77A67EE877ADCF80030F2
S3150200F6B003EB8203C3ED007A836901329342E9D8F0
S3150200F6C0E0E71A48FFF7BAFF6FF00D0008BD81693F
S3150200F6D0994226D100220029D4D0D0E903139B5C9B
S3150200F6E090ED027A5B1A07EE903AF8EEE77A67EE49
S3150200F6F0877ADCF8003003EB8203C3ED007A836974
S3150200F70001329342E9D8BDE7002A02F10301A8BFFC
S3150200F710114607481A468910FFF790FF6FF0170047
S3150200F72008BD1A460248FFF789FFF7E7FC5F0102A8
S3150200F730B85F01022DE9F047DDF820A0BAF1000F0B
S3150200F74000F097804FF0000EF44674460368167F69
S3150200F750D3E9011505FB01F1032E0C440BD0092E4A
S3150200F76057D0012E35D049483146FFF767FF6FF073
S3150200F7700C00BDE8F0870027F1B1196892ED027A14
S3150200F78001EB8701D1ED006AC6EE877AF8FE677A49
S3150200F790FDEEE77A17EE906AD56811692E4486F374
S3150200F7A0080601F80C60D3E9011505FB01F10137E2
S3150200F7B0B9420CF1010CE0D80EF1010EF245C5D1A9
S3150200F7C09169B4EB910F01D0A1425DD10020BDE851
S3150200F7D0F0870029F0D000264FEA8C071D681169D0
S3150200F7E005EB8608D8F800903944C1F80090D3E9B1
S3150200F7F0011505FB01F1B0460136B14207F10407D6
S3150200F800ECD80EF1010E0CF1010CF245C4449DD167
S3150200F810D6E700266FF07F070029CDD0196892ED52
S3150200F820027A01EB8601D1ED006AC6EE877AF8FE0E
S3150200F830677AFDEEE77A17EE908AD5681169A844D1
S3150200F840B8F17F0FA8BF4FF07F08B845B8BFB846DA
S3150200F85001F80C80D3E9011505FB01F10136B1422D
S3150200F8600CF1010CDAD80EF1010EF2457FF46EAFFF
S3150200F870A6E7916955468B08A8D005482A46FFF7A0
S3150200F880DDFE6FF0170074E72546F6E73C600102DD
S3150200F89060600102F8B50F461D4606461446FFF79C
S3150200F8A02DFE02460B46C7E90023376912487B68DC
S3150200F8B02D689847C8B921463B699847044678B9E6
S3150200F8C0337B1BB90FE0327B9A420CD9B2682946C8
S3150200F8D07B69105D98470134E3B220350028F2D0E7
S3150200F8E06FF00200F8BD0020F8BD01460348FFF79D
S3150200F8F0A5FE6FF00500F8BD7DFB0002B0600102B7
S3150200F900B7EEC07A024853EC172B03F0ABBE00BF2A
S3150200F910E060010203F018BD0268002A00F01381BC
S3150200F9209368002B00F00F811369002B00F00B8106
S3150200F9302DE9F04F2DED028B012960EE200A0446D7
S3150200F94020EE010A85B000F0CB80FBFE608AF4EE61
S3150200F950E08AF1EE10FA00F19880FAFE608ABBFEA8
S3150200F960408AB4EEC80AF1EE10FAFDEEE88A40F3D8
S3150200F970978070EE487A9FED7B7AF4EEC77AF1EEC5
S3150200F98010FA40F18D80FDEEC87A18EE900A17EE55
S3150200F990901A411A5B1A07EE903AB8EE677AC7EEEA
S3150200F9A0086ABBFE667ABDEEC77A8DED027A029BC5
S3150200F9B0F8EEE87A013B07EE103AB8EEC77AE8EEBF
S3150200F9C0077AFDEEE77ACDED037A039B029D13617A
S3150200F9D0D4E90132934218BFA360B5F1005F80F00B
S3150200F9E0BD80E268D21AB5EBA20F00F28580039BB6
S3150200F9F0002B58D000256FF06047A8460BE0356013
S3150200FA00A3680433A360FCEEC87A17EE903A039A11
S3150200FA101D44954247D2029B08F10108984542DCF3
S3150200FA20D4E902639E42EAD1D4F80490A6EB090314
S3150200FA30B7EBA30F4FEAA30200F08D804E453AD0F2
S3150200FA40B2EB420F4FEA420153D800297DD18B46D1
S3150200FA508A461D60043B4FEA930E0EF1010E4EF0EC
S3150200FA6001E04A46534652F8041B43F8041B0FF0C2
S3150200FA7007C01E1DB9F1000F02D04846FEF75CFA18
S3150200FA80C4E901A6C4F80CB0BDE770EEE87A9FEDB2
S3150200FA90357AF4EEC77AF1EE10FA3FF560AF5CE71D
S3150200FAA0BAFE408A6FE70020C4ED048A05B0BDECB9
S3150200FAB0028BBDE8F08F01321BD26FF060418A42A1
S3150200FAC028BF0A464FEA820B58460193FFF722FFE8
S3150200FAD0019B4E458246C5508344BBD1061DC9E7EC
S3150200FAE0F8FE600AFDEEE08AB8FE408A18EE901A29
S3150200FAF050E7DFF880B0E7E7A668AD002846F61AB9
S3150200FB00FFF708FFD4E901318B42074611D0A1EB7A
S3150200FB10030EAEF1040E4FEA9E0E0EF1010E0246E0
S3150200FB204EF001E053F8041B42F8041B0FF007C025
S3150200FB30616811B10846FEF7FFF93E443D44C4E947
S3150200FB400176E56053E708487047B94228BF39464F
S3150200FB504FEA810BB8E7054802F0A4FD044802F01B
S3150200FB60A1FD00BF6F12833A15FCFFFFF46001028C
S3150200FB70E4600102FCFFFF7F03F0CABB431E03429F
S3150200FB8010B514D1044680B179B1481C2044012134
S3150200FB90FFF7F2FF024640B1631C0344644203EAE4
S3150200FBA00400821A20F8022C10BD002010BD482144
S3150200FBB0024B034A0348FAF72DF900BF106101020E
S3150200FBC02C610102905301022DE9F04F2DED048BB9
S3150200FBD09368814687B00D4650694D49019303F0FB
S3150200FBE086FED9F810A0002814BF03260126BAF112
S3150200FBF0000F7FD04FF0000B57469FED468ADFED90
S3150200FC00469A9FED469ADFED468ADA46CDF800B06F
S3150200FC10B7F5806FBB4628BF4FF4806B019B01216D
S3150200FC200BFB03F08000FFF7A7FF8046002867D092
S3150200FC30D9F80830CDE903AB0590002B66D04846CB
S3150200FC40D9F80C4005AB04AA03A9A047002F46D059
S3150200FC50BBF1000F414614BF5A460122009C0BE03D
S3150200FC6027EE297AA6EE097AA6EEA87A013A83ED5C
S3150200FC70007A04F1010431D0F1EC017AFCEEE77A64
S3150200FC8017EE900AC0F3074E07EE10EAC0F3072EEE
S3150200FC90C0B206EE90EA07EE900AB8EEC77AF8EE20
S3150200FCA0E66AF8EEE77A2B68032E87EE086A4FEAD1
S3150200FCB0840C86EE887A03EB8403C7EE886ACFD17A
S3150200FCC083ED006A2B68013A634483ED017A2B685F
S3150200FCD004F103046344C3ED026ACDD100944046A5
S3150200FCE0FEF72AF9D9F810300AF5806A5345A7EBD0
S3150200FCF00B078DD8002007B0BDEC048BBDE8F08F52
S3150200FD00084807B0BDEC048BBDE8F08F02F0CDFCCD
S3150200FD106461010200007F43A245163F8716993EA1
S3150200FD20D578E93D16FCFFFF2DE9F04F9BB0DDE9E2
S3150200FD3025958046287B2C6940019B460E460594F4
S3150200FD401446FFF7E7FD04900890FFF7D7FB002360
S3150200FD50764A1193CDE91223754B0DF1480A109399
S3150200FD60744B0DAF9AE803000F93524687E80300DF
S3150200FD7008AB28460AA9FFF78DFD0346D0B1119AB2
S3150200FD800F9C52B10992002C00F0CD803846109A91
S3150200FD9009A9049390470F9C049B002211922CB14F
S3150200FDA00322394638460493A047049B18461BB0E3
S3150200FDB0BDE8F08F24995B46009198F844105246AC
S3150200FDC0029198F83C1030460191D9F87010FFF76D
S3150200FDD0B1FC03460028D2D1DDE90A8A2A690690D7
S3150200FDE092689047002840F09B80FFF787FBB0EBB4
S3150200FDF0080061EB0A01C9E91601FFF747FB023069
S3150200FE00069B08BF6FF001032A7B002A52D04FF0EF
S3150200FE10000BDDF810804FEAC40A0793D8F81430B5
S3150200FE201A68002A7ADD42F001E0012653F8042F0F
S3150200FE3002FB06F60FF007C098F81C40032C0AD006
S3150200FE40092C08D0012C57D021463B48FFF7F6FB78
S3150200FE506FF00D0393E72B7D1020002B34D1FFF7B3
S3150200FE6059FD012104463046FFF786FE0122A660AF
S3150200FE70206022736260D9F8702042F80A40D9F8ED
S3150200FE807030D8F8182053F80A30D8F810101868CD
S3150200FE9003F045FDD9F870306A6853445A445A60F3
S3150200FEA02B7B0BF1010B5B4508F120080AF1080ACE
S3150200FEB0B4D8079B0693059B1C48DA6890470498BA
S3150200FEC0FEF73AF8069B5AE7FFF724FD012104469E
S3150200FED0B000FFF751FE01222060A6602273626025
S3150200FEE0D9F87020404642F80A40D9F8703053F8E3
S3150200FEF00A10FFF7B1FBCDE71020FFF70BFD2146F5
S3150200FF000690B000FFF738FE069B9E6018601C73D1
S3150200FF105C60D9F8702042F80A30B0E701268BE718
S3150200FF206FF0020370E702F0C0FB00BFADDF000214
S3150200FF306DDE00024DEF0002FC5F01022DE9F04F7B
S3150200FF402DED068BA9B0DDF8E08004469DF8E400AD
S3150200FF50D8F810500B9098F80C008A464001994642
S3150200FF600D950A92FFF7D6FC0023054621931F93AF
S3150200FF70444B454A1E93454B20921D9320AA1BAB28
S3150200FF80099092E8030083E80300404613AB18A9E0
S3150200FF901395FFF77FFC0890002840F0AC819DF88E
S3150200FFA09C30092B02D0032B40F0DF82FFF7A6FA22
S3150200FFB0A369249E0E9011930F91002E00F0CB821E
S3150200FFC000230C93DDED237A236CA26CDB683049A7
S3150200FFD058699B68B8EEE7AAD568079303F087FCD1
S3150200FFE0DAF810B00028DDED229A14BF03270127A4
S3150200FFF0BBF1000F00F0F5800024CDF8E080DFEDC4
S3150201000025AA9FED259ADFED258A9FED258AD04601
S31502010010CDE904B40194CDF84090049B0121B3F5D6
S31502010020806F28BF4FF480639B46079B03FB0BF04F
S315020100308000FFF7A1FD8146002800F03E82059B64
S315020100401690CDE9143BD8F80830002B00F09582C2
S3150201005016AB4046D8F80C4015AA14A9A047049B32
S31502010060002B00F0A980BBF1000F9FED0E6ADFEDB8
S315020100700E5A4A4614BF5B460123019CCDF81890DD
S3150201008046E000BF6DDE0002ADDF00024DEF000269
S31502010090646101028180803BA245163F8716993E23
S315020100A0D578E93D00007F43000000C3000000430C
S315020100B0F4EE6A9AF1EE10FA40F03681B4EE65AAD0
S315020100C0F1EE10FA40F03081002D40F0538149F2F1
S315020100D0456404FB0EFE44F68B4441F62F5904FB9C
S315020100E00AEE09FB0CEE4FEA2E4407EE904A1FED8B
S315020100F0115AF8EEE77A77EEC57AFDEEE77A17EE50
S31502010100904A04F3070464B2013B0C70044650D0D2
S31502010110F2EC017AFCEEE77A17EE90CA032FCCF3E2
S31502010120074ACCF3072E04F1010006EB04015FFA3C
S315020101308CFCBDD107EE90AAF4EE6A9AF8EEE76A54
S3150201014007EE90EAF1EE10FAB8EEE77A07EE90CAF8
S31502010150F8EEE77A40F02781B4EE65AAF1EE10FADD
S3150201016040F02181002D40F03A811FED305A76EEA2
S31502010170C56A37EE457A77EEC57AFDEEE66ABDEED9
S31502010180C77AFDEEE77ACDED016A8DED027ACDED04
S31502010190037A9DF904909DF908E09DF90CC0013B93
S315020101A081F8009004F1030406F800E081F802C028
S315020101B0AED1DDF818900194049B4846A3EB0B03DC
S315020101C00493FDF7B9FE059B03F580631A46059371
S315020101D0D8F810309A42FFF420AFDDF84090DDF8EE
S315020101E0E080FFF753F9831C00F0B381FFF786F92C
S315020101F00E9BC01A0F9B61EB03010B9BC9E914010C
S31502010200002B40F08381FFF779F9D8F810300446C4
S315020102109B680D46CDE918019847002840F0A9814F
S31502010220FFF76CF9001B61EB0501C9E91601FFF73E
S315020102302DF90230089B08BF6FF00103089398F865
S315020102400C30002B4BD04FF0000A0A9B099DDF00B0
S315020102506B691A68002A40F3868142F001E00124A3
S3150201026053F8042F02FB04F40FF007C095F81CB0F3
S31502010270BBF1030F00F00281BBF1090F00F0FE8012
S31502010280BBF1010F40F021811020FFF743FB5946D4
S315020102900190A000FFF770FC019B9C60186083F837
S315020102A00CB0C3F804B0D9F87020D351D9F8703024
S315020102B0AA69DB592969186803F031FBD9F870304C
S315020102C0D8F804203B4452445A6098F80C300AF19B
S315020102D0010A534505F1200507F10807B8D80D9B18
S315020102E0A748DB6898470998FDF726FE1EB10C9BC5
S315020102F0002B40F007811F9A1D9B42B11792002BDA
S3150201030000F03B811E9B1BA817A998471D9B002243
S315020103101F921BB11BA9032208469847089829B0C8
S31502010320BDEC068BBDE8F08F07EE90AAF8EEE76A00
S3150201033007EE90EAB8EEE77A07EE90CAF8EEE77AA8
S3150201034025BBC6EE866A87EE067AC7EE867A27EE61
S31502010350097AA6EEA87AA7EE887AC7EE297AF8FE76
S31502010360677A7AEE277AFDEEE77ACDED017A9DF983
S315020103700440C9E607EE90AAF8EEE76A07EE90EAAC
S31502010380B8EEE77A07EE90CAF8EEE77A022D33D095
S31502010390042DDCD19FED7B5A76EEC56A37EE457A9E
S315020103A077EEC57AD3E7D5B9C6EE866A87EE067ABF
S315020103B0C7EE867A86EEA95AC7EE296AB8FE455A6B
S315020103C087EEA97AF8FE666AF8FE477A3AEE055A88
S315020103D03AEE267A7AEE277AFDEEC56ACFE6022D45
S315020103E02BD0042DE6D19FED675A76EEC56A37EE1C
S315020103F0457A77EEC57ADDE79FED634A9FED631A8B
S31502010400C6EE844A87EE845AC7EE046ADFED601AA5
S315020104109FED602A76EEE17A34EEC17ADFED5E2A4D
S315020104209FED5E3ADFED5E3A35EE425AC7EE226A3B
S3150201043087EE837AC5EE237A89E79FED534A9FEDCC
S31502010440531AC6EE844A87EE845AC7EE046ADFED72
S31502010450501A9FED502A76EEE17A34EEC17ADFED3B
S315020104604E2A9FED4E3ADFED4E3A35EE425AC7EE2F
S31502010470226A87EE837AC5EE237A9BE798F81430CF
S31502010480102053B3FFF746FA01218346A000FFF776
S3150201049073FB0123CBF80000CBF808408BF80C3034
S315020104A0CBF80430D9F87030284643F807B0D9F8AA
S315020104B07030D959FFF7D0F800E73A493A48FFF7C1
S315020104C0BDF86FF00403089310E759463748FFF762
S315020104D0B5F86FF00D03089308E7FFF71BFA012140
S315020104E083462046FFF748FB0123CBF80840CBF8A9
S315020104F000008BF80C30CBF80430D9F8703043F891
S3150201050007B0D3E63046FDF717FDF4E6D9F83C10FD
S315020105102748FFF793F8119BBBB1119B254D5C1E32
S315020105203444771E17F9012F239B9DED220AD31A14
S3150201053007EE903AF8EEE77A27EE800AFFF7E0F93E
S315020105402846FFF77BF8BC42ECD11B48FFF776F849
S3150201055059E60890CAE618460121FFF70DFB012369
S3150201056006460C932EE5012480E66FF008030893F4
S31502010570C1E66FF00203089361E602F096F800BF46
S31502010580ADDF00020000004300007F43EC51F83E5C
S31502010590D578E93E3BDFCF3EFA7E6A3E4260653E52
S315020105A06666663E16FCFFFF70610102FC5F010290
S315020105B09861010288510102905201022DE9F04F20
S315020105C0ABB0CDE90612002800F0BA829946C3689B
S315020105D08046002B00F0B4821646002A00F0B08253
S315020105E00D46002900F0AC8278220021304603F044
S315020105F0D3F8D8F80C3093F85440E4002046FFF7BC
S3150201060089F92246002130670A9003F0C5F8D8F825
S315020106100C0090F85520836C0E2AD3E9011429D8CF
S3150201062044F6A403D340DA0724D590F8612090F862
S315020106303C300ABBB14A91421ED1627BE2B1012B27
S315020106401AD1036C9A68AE4B9A4240F07C822946D3
S3150201065033460022CDF804900094FFF76FFC05465D
S31502010660002800F063810A98FDF766FC28462BB044
S31502010670BDE8F08F90F83C30DC0020460C93FFF782
S3150201068049F98346002800F096812246002103F0AB
S3150201069083F80C9CA01C800002F002F8042300F1EE
S315020106A008020746036044600B922CB1DDE90B0395
S315020106B000219A0003F070F8FEF720FFD8F80C30FB
S315020106C00F9093F83C201091002A00F0A580002497
S315020106D0CDF84490A14607F1040A0E97196C04EB72
S315020106E0C40301EB830251F823109B000993D2E95B
S315020106F001530893D368102005931369576904932C
S31502010700D36902910393FFF705F901210646A80071
S31502010710FFF732FA4FF00103337301235AF8041F2C
S31502010720C6E90135CAF80060306049B1086818B1F6
S315020107300B7B002B40F0DC800846FDF7FDFB3068A1
S31502010740002800F03E81029B0BF104024BF8346053
S3150201075042F83430D8F80CC0A944DCF81820914587
S3150201076000F25B810022049B2792DCF8201022937F
S31502010770069B8F4225AE2592CDE9237C21932892B1
S31502010780726000F081801E925E4A354627925E4A69
S3150201079028921A6921ABB2FBF1F207FB02F21D9311
S315020107A029921BAB1DAA92E8030083E80300039B6F
S315020107B086E80300002B6BD0544F3B78002B70D098
S315020107C0D8F8047057F8240000287AD0D8F80C20FB
S315020107D0079F2946056892ED0E0A5BF834200097B9
S315020107E0059B6D68A847002840F02481FEF74EFE5E
S315020107F0831C00F02E81279B1BB103223146304612
S315020108009847D8F80C30013493F83C20A2423FF6BF
S3150201081065AF0E9FDDF84490FEF770FE0F9BC01A7E
S31502010820109B61EB0301079BC3E91401B9F1000FA8
S3150201083040F05A814B4659464046079AFEF728FE32
S315020108400546002800F008817C680B9B4FEA840963
S3150201085009F1080903EB84040B9BA3425ED0DDF880
S315020108602C8004E03046FDF767FBA04556D054F8CC
S31502010870046D002EF9D030680028F3D0337B002BAB
S31502010880F0D0FDF759FBEDE7039B069D002B93D1B3
S315020108909CED0E0A2846059A5BF83410089B984788
S315020108A0A1E71B491B48FEF7C9FE1B48FEF7C6FE18
S315020108B04FF001033B70D8F8047057F82400002862
S315020108C084D1D8F80030099A93ED0E0A1B6C1344B1
S315020108D0DA69D868904747F82400D8F8043053F803
S315020108E0240000287FF472AF6FF00A050E9FA8E07C
S315020108F00D91FDF721FB0D991EE700BF29FD0002AF
S31502010900C9FB0002EDEE00026DEF0002F0C0042207
S3150201091040620102486201025062010238464946BA
S3150201092001F0ABFE5846FDF707FB9CE6079F4046E2
S315020109303946FEF71DFE396D054611F5FA70796DD8
S315020109404FF47A724FF0000341F1000102F006FB07
S31502010950BB6DF96D064613F5FA704FF47A724FF0D4
S31502010960000341F1000102F0F9FA3B6E796E044689
S3150201097013F5FA704FF47A724FF0000341F1000158
S31502010980079702F0EBFA079A0746936ED16E13F5B3
S31502010990FA704FF47A724FF0000341F1000102F04E
S315020109A0DDFACDE91664CDE918709DED167F079A39
S315020109B082ED0F7F57E67048FEF740FE6FF007059E
S315020109C051E60E9F21466D48FEF738FE7C680B9B69
S315020109D04FEA840903EB84049C42264614D0DDF8CF
S315020109E02C8004E02846FDF7A7FA46450CD056F8B6
S315020109F0045D002DF9D028680028F3D02B7B002B4B
S31502010A00F0D0FDF799FAEDE709F1080949463846AA
S31502010A1001F033FE6FF007051EE759480E9F6FF08E
S31502010A200405FEF70BFE7C680B9BA40004F1080982
S31502010A301C4411E7014653480E9F6FF00405FEF769
S31502010A40FDFD279B002BEED0032231463046984707
S31502010A50E9E705460E9FF4E740460799FEF788FD4A
S31502010A60054600287FF4F0AE079C4FF47A72236D97
S31502010A70616D13F5FA7041F10001002302F06EFA7D
S31502010A80A36DE16D814613F5FA704FF47A724FF058
S31502010A90000341F1000102F061FA236E616E06461E
S31502010AA013F5FA704FF47A724FF0000341F1000127
S31502010AB002F054FA079A0446936ED16E13F5FA7050
S31502010AC04FF47A724FF0000341F1000102F046FA47
S31502010AD0CDE91296CDE914409DED127F079A02F1F6
S31502010AE03C0383ED007FAFE6D96B2748FEF7A6FDEF
S31502010AF00C9B002403B39A46244D254E02975BF8BC
S31502010B003420AAB19168002779B1126802EB8702F3
S31502010B1092ED000AFEF7F4FE2846FEF78FFD5BF81A
S31502010B20342001379168B942EFD83046FEF786FD87
S31502010B300134A245E3D1029F1648FEF77FFD79E60D
S31502010B406FF0150592E50820FEF7E4FE83460028BC
S31502010B503FF431AF00230C20CBF80030CBF8043040
S31502010B6001F09EFD012304220C93C0E9002300F14A
S31502010B70080307460B9399E5AC610102DC610102A8
S31502010B801462010270610102986101028851010237
S31502010B9090520102BC6201022DE9F04F2DED028B4A
S31502010BA040F2DC50CFB0FCF77DFC8748FBF716FA22
S31502010BB0864C874B74221846A16802F0B0FE854A1C
S31502010BC0C0F8902072B6A060BFF34F8FBFF36F8F4C
S31502010BD062B66722804B81498148C3F85023F6F7F2
S31502010BE01FFB40B101467F48FBF7F8F94FF47A70D3
S31502010BF0FCF758FCFAE77C48FBF7F0F97B48FBF770
S31502010C00EDF970217A48FBF7E9F940217948FBF7BA
S31502010C10E5F948217848FBF7E1F950217748FBF7D6
S31502010C20DDF9774C62217748FBF7D8F964217648DA
S31502010C30FBF7D4F921467548FBF7D0F9A16C744844
S31502010C40FBF7CCF973497448FBF7C8F97348FBF70C
S31502010C50C5F99FED738ADFF804A2724F0BAC0DF151
S31502010C6080090DF1C008FA20FCF71CFC9AF8003045
S31502010C70002BF8D000254FF47A536B4A3195309206
S31502010C806A4A98E80300C4E9022789E8030084E86E
S31502010C900300782229464046236102F07DFD2B4658
S31502010CA0424621466248FFF789FC0546C0B1014624
S31502010CB06048FBF793F9604E2A46604D60496148E8
S31502010CC002F0E2FC0FCE0FC596E8070003C52A70B3
S31502010CD0A368002BC7D00322214620469847C2E7C4
S31502010CE002464146DFED587A4FF0FF30052391ED7A
S31502010CF0037AF4EEC77AF1EE10FA48BF104648BFFE
S31502010D00F0EE477A013B01F1080102F10102EED14F
S31502010D100028DDDB67EE887AFDEEE77A01304EAB1D
S31502010D2003EBC00353F8782C0693484917EE903A21
S31502010D3010A8F0EE678A02F0A7FC10AA44494148BE
S31502010D4002F0A2FCDDE9445006464FF47A722846C7
S31502010D5031460023079602F001F9DDE9466B089058
S31502010D600992304659464FF47A72002302F0F6F898
S31502010D700346A819079E154646EB0B014FF47A72F4
S31502010D801E46002302F0EAF893462B4632460790A6
S31502010D903049484602F078FC4A462D49274802F076
S31502010DA073FC0799CDF810B0CDE90251099D069958
S31502010DB00196009518EE902A089B51F8781C264850
S31502010DC0FBF70CF984E700BFD062010200ED00E0F7
S31502010DD0003A0422B172000200C00040ECD70202BE
S31502010DE008030022186301024863010288630102B3
S31502010DF0A0630102BC630102D8630102F863010226
S31502010E0024030022206401023C64010258640102A7
S31502010E107C6401021CD80202A8640102D0640102A8
S31502010E200000C84275DE0002D1DD00020DEF0002AC
S31502010E30F4C004226C650102AC650102880200223B
S31502010E4094650102C802002200000000E864010262
S31502010E50FC6401020465010214650102A043042235
S31502010E602DE9F0432DED028B0568D0E901630121DD
S31502010E7003FB06F685B0002D00F0B6800420FEF7CE
S31502010E807BFE0446002800F0D0804FF000086A4637
S31502010E903146284602ABFAF7CFF9009B012104201D
S31502010EA02360FEF769FE074658B36A46314628466D
S31502010EB002ABFAF77DF9DDED007AC7ED007A94ED22
S31502010EC0000A77EEC07A9FED5A6BB7EEE75AB4EE97
S31502010ED0C65BF1EE10FA2ED5B5EE400AF1EE10FA26
S31502010EE00AD0B6F5803F80F08D8032462946B1EEB2
S31502010EF0400A2846FAF7BCFA00263846FDF71CF8DE
S31502010F0000E04D4E2046FDF717F815B1B8F1000F76
S31502010F1008D1304605B0BDEC028BBDE8F083464EE2
S31502010F20002DF6D02846FDF707F8304605B0BDEC90
S31502010F30028BBDE8F083B5EE400AB7EE007AF1EE18
S31502010F4010FA87EE278A09D0B6F5803F5CD2B1EE58
S31502010F50400A324629462846FAF78AFAF7EE007A15
S31502010F60B4EE678AF1EE10FAC6D04FF00109B6B2B5
S31502010F70B0EE480A684602A9ADF802600195ADF8DD
S31502010F800A600395ADF80090ADF80890FAF79EF95C
S31502010F900028B1D029492A48FEF750FBB0EE480A8B
S31502010FA002A96846ADF80260ADF80A60ADF8009094
S31502010FB00195ADF808900395FAF788F9014621489B
S31502010FC0FEF73CFBB0EE480A684602A9ADF802609C
S31502010FD0ADF80A60ADF80090ADF808900195039559
S31502010FE0FAF774F9064688E7B000FEF7C5FD012156
S31502010FF005460420FEF7C0FD044600288FD04FF0B7
S31502011000010844E7B7EE008A002E14BFB6464FF038
S31502011010010E2B464EF001E0D3ED007A77EEC07A4F
S31502011020E3EC017A0FF009C098E7034E71E700BFBE
S31502011030FCA9F1D24D62503F16FCFFFFC8650102C1
S3150201104048620102CC6501022DE9F04F0E462DEDF3
S31502011050028B012106F1FF399DB029F001070293A6
S31502011060D0E901381F444FEA8803054603FB07F01E
S3150201107014464FF0010B49FA01F90193FEF77CFD83
S31502011080CDE910780F908DF848B0002800F08880DD
S315020110901FFA89F20746134628460FA90392FEF75D
S315020110A04DF8824640B13846FCF746FF50461DB020
S315020110B0BDEC028BBDE8F08F59460198FEF75CFD47
S315020110C08146002874D059460198FEF755FD0490D1
S315020110D0002870D06B68002B46D0A4465146444680
S315020110E0019AB818FCB107EE906ACB46F8EE676A28
S315020110F007EB8A08002E14BFB6464FF0010EDFED4C
S31502011100A47A43464EF001E093ED007A134477EE5A
S31502011110877A0FF007C887EEA67A08F104084045D8
S31502011120ABEC017AE6D1AB68B3B1C8464FF0000E1B
S31502011130934601FB03E32A68B8EC017A02EB8303C7
S31502011140D3ED007A77EEC77AC3ED007AAB680EF17A
S31502011150010E7345EDD85A466B6801319942104426
S31502011160A244BFD3A0466446039B28461A460FA94A
S31502011170FDF7E4FF824660B96B6823B1CDF80CA096
S31502011180E4B9013BFDD1029B1BB12846FFF768FE7C
S3150201119082460498FCF7D0FE4846FCF7CDFE82E76C
S315020111A0DFF8FCA150461DB0BDEC028BBDE8F08F05
S315020111B0DFF8ECA177E7DFF8E8A1EDE74C469FED12
S315020111C0728BD146019B069703FB06F307931FFA1F
S315020111D088F30893089B069A0798ADF82E300C926D
S315020111E0ADF83430ADF82C60ADF83660FEF792FBFF
S315020111F0002314930346674A0E901392664A1B9084
S315020112001A92664A199213AA92E8030017AA82E869
S315020112100300002B00F014810DA90BA8FAF78CF834
S315020112200590002840F01081BDF83430DDF810B089
S31502011230002B00F0BA80CDF82480A04697E001FB8E
S3150201124000F38C08DFED527A02EB830200F0F280A2
S315020112504FEA041CACF1100E4FEA1E1E0EF1010EEE
S315020112604EF001E002F1100313ED047A53ED035A35
S3150201127077EE877A13ED026A77EEA57A53ED016A64
S3150201128077EE867A103377EEA67A0FF013C807EE59
S31502011290101A11F00301F8EE476A02EB0C036FD044
S315020112A04FEA810EAEF1040E4FEA9E0E0EF1010EC9
S315020112B04EF001E04FEA810CB3EC017A77EE877AC0
S315020112C00FF007C087EEA67A002C00F0CA804FEA1B
S315020112D0041C002C17EE103A14BFA6464FF0010E5D
S315020112E0A2EE103BDFED2A5A13464EF001E0B3ECB3
S315020112F0041F20EF420D00FF500D30EE104B75EE2C
S31502011300805A04EE104A11EE104B74EE257A04EE61
S31502011310904A31EE104B74EEA77A06EE104A77EE3A
S31502011320865A0FF01DC0624489B14FEA810CACF1B5
S31502011330040C4FEA9C0E0EF1010E4EF001E0F2ECA6
S31502011340017A77EEC77AE7EEA75A0FF009C085EE62
S31502011350A67AB5EEC07AF1EE10FA0EDBF1EEC77A95
S31502011360EBEC017ABDF83430013098421AD2BDF85D
S3150201137036100E9A01293FF662AFDFED057AEFE7E5
S3150201138087EEA67AA5E700BFBBBDD7D9DF7CDB3DD9
S315020113900000000039DF00026DDE00024DEF00029F
S315020113A016FCFFFF4446DDF824801B9A199B002A8E
S315020113B05AD01392002B6AD01A9B13A917A89847E1
S315020113C000231B93199B1BB117A9032208469847B1
S315020113D0059B002B57D12B68039A1344B8F1000FD2
S315020113E049D0019AA2F1040E4FEA9E0E0EF1010EA8
S315020113F04EF001E0049AB2EC017A93ED005AB7EE8F
S31502011400C77AB7EEC55A37EE087B85EE076BB7EE9C
S31502011410C66BA3EC016A0FF013C0039B019A09F193
S31502011420010913441A4603936B68994529D2BB18DD
S315020114300693CFE607EE101A1346F8EE476A2FE730
S31502011440A146DFF854A0A4E61B9A199B002AB0D143
S31502011450A146059C1BB117A9032208469847A24635
S3150201146097E6DFED0C5A62E7002BB4D017A90322E7
S3150201147008469847AFE76B6809F101099945FFF4F8
S31502011480A9AEA1467FE6A146059CA24681E601F0E8
S315020114900CF900BF0000000016FCFFFF000000006F
S315020114A02DE9F04F0F4601212DED068B27FA01F4A6
S315020114B0651883B04FEAC50B00905846FEF75CFBF0
S315020114C0002800F0EB804FEA870A81460121504647
S315020114D0FEF752FB8046002800F0DD80ACB1ABF18D
S315020114E0100E4FEADE0E0EF1010E4EF001E001463C
S315020114F0009B00EB0A021868083341F8040B53F803
S31502011500040C42F8040D0FF00BC0FB072ED4012187
S315020115105046FEF731FB8346002835D052464146F6
S3150201152002F0FDF93A4649465846FCF7ADFC0190F0
S31502011530002837D05E4B019A9A4200F099805D4BA2
S315020115401A78002A00F0948000221A705A4B019AE6
S315020115505A499A425A4800F09180FEF76FF8594863
S31502011560FEF76CF85846FCF7E7FC84E0009B012184
S31502011570534453F8042C08EB840350461A60FEF7D1
S31502011580FBFA83460028C9D14F4B01934046FCF72B
S31502011590D3FC4846FCF7D0FC019803B0BDEC068BA0
S315020115A0BDE8F08F5846FCF7C7FCDDE900AB7B00CE
S315020115B008EE903A9FED3C9BB8EE68AB4E4607EEBD
S315020115C090BAB8EEE77B27EE097B87EE0A0BB7EEF8
S315020115D0C08BB0EE480A01F0DBF9F0EE407AB0EECC
S315020115E0480AB0EE678A01F0DFF8D6ED017A334692
S315020115F060EE277A93ED007AE7EE087A5C45EAEC2B
S31502011600017A06F108060BF1010BD8D1BD42BDD212
S31502011610B8EEE89B9FED24AB009B3C1B09EBC4048F
S3150201162003EB850607EE905AB8EEE77B27EE0A7BB7
S3150201163087EE098BB7EEC88BB0EE480A01F0A8F91E
S31502011640F0EE407AB0EE480AB0EE678A01F0ACF8E5
S3150201165054ED017A14ED027A67EEC07AE7EE087A62
S315020116600135AF42A4F10804E6EC017ADAD18DE73D
S315020116705846FCF761FC154B019387E7FDF7DEFF40
S315020116803B464FF4805220211148FDF7D7FF5846B9
S31502011690FCF752FCEFE74846FCF74EFC0A4B019376
S315020116A07AE700BFAFF300804AD8124DFB21094009
S315020116B006FCFFFF3404002205FCFFFF4062010223
S315020116C0486201024066010216FCFFFF0AFCFFFFA7
S315020116D0E0650102000000002DE9F04F2DED088BB7
S315020116E0A9B0BDF8EC40099102943D9C5908002C21
S315020116F014463D9A08BF0A46BDF8F8908346B9F1E9
S31502011700030FB0EE601ABDF8E8603D9205D83C9A27
S31502011710002A08BF4FF496723C9207EE903AB8EE51
S31502011720678A0023F0EE400A4946B0EE480A19A834
S31502011730CDE91A3319941D931C93FEF7EDF805466C
S31502011740002840F0EB821B9BDDF868801A46019364
S31502011750DBF80430A2EB08018A10B3EBA10F0A925F
S3150201176040F08F83DBF808108E4240F08A83099A93
S315020117703AB15168994240F084839368012B40F053
S3150201178080830A9B03FB06F1002361B10024DBF887
S31502011790002002EB83021460DBE9012101FB02F264
S315020117A001339A42F3D8029BB01C4FEA530A042131
S315020117B00AF1010784000697FEF7DEF90390002875
S315020117C000F06C83DDED3C7A9FEDC94AF8EE679A2B
S315020117D0F7EE006AC9EE847A77EEA67A4FF0000C2C
S315020117E017EE902AC349039B2191C3492293C34B06
S315020117F023942091CDF890C023A91EAC03C984E895
S315020118000300D1186FF31601521A07EE902A77EEEA
S31502011810E67ADFF818E39FEDBA3A06EE10EA67EECA
S31502011820A75AA3EE276AB748DFEDB73A07EE100AC1
S31502011830A3EEA77AA6EE257AE7EE257A07EE101A27
S31502011840DFEDB24AB8EEC77A9FEDB15A27EE247A96
S31502011850E7EE057A9DED3D7AF8EE478A88EE847ABF
S3150201186037EE267A17EE101A0B446FF31603CA1ACD
S3150201187007EE102ADFEDA75A37EE667A06EE10EA70
S3150201188067EEA57A27EE074AA3EE076A06EE900AE5
S31502011890E3EE876AE6EE046AA6EE847A06EE903AEB
S315020118A0F8EEE66A66EEA46AA6EE857A711C27EE62
S315020118B0257A06EE901A37EE676AF8EEE66A41F085
S315020118C001E0C6EE265A039B06EE90CAB0EE676A9F
S315020118D0F8EEE66AA5EEA66A0CF1010CA3EC016A22
S315020118E00FF00FC0029BB9F1040F28BF1F46013743
S315020118F007EE907A039B06F18044013403EB8404DC
S315020119009FED84BAF7EE00AA9FED79AAB8EEE79A9F
S3150201191084ED007A00279946049409EB870494ED35
S31502011920000A80EE0B0A00F0CBFE70EE6A7A67EED1
S315020119308A7AF4EE679AF1EE10FA79FEA77AF4EE54
S31502011940678AF1EE10FA48BFF0EE687AC4ED007AC2
S3150201195069EE277A87EE887AFBFE477AFDEEE77A09
S3150201196017EE903A7A1C29F8173097B2BE42D4DAAA
S31502011970049CDFED687A94ED000A80EE270A00F0F6
S315020119809FFEF7EE005ADFED5A7A30EE657A27EEC0
S31502011990277AF4EE478AF1EE10FA48BFB0EE687A7A
S315020119A09FED516BB7EEC77A37EE467BB7EEC77B33
S315020119B084ED007A27EE097AC7EE087AFBFE677A8A
S315020119C0FDEEE77A012117EE904A069A06F10043E7
S315020119D09000039A0B4422F81340FEF7CDF8044611
S315020119E0002800F01E821D9B012198000593FEF737
S315020119F0C3F80490002800F04282019B434500F09F
S31502011A00B481A8F10403029A0193059B0AF1010725
S31502011A10934228BF13464FF0000AF900089191003C
S31502011A200C9104EB87010791D11A9B000B938B0052
S31502011A30CDE90E35019B199853F8042F05990193A7
S31502011A4003698D189D4284BFCB1A5919049BCDE9AE
S31502011A50112113938368002B00F01E82C56813AB14
S31502011A6012AA11A9A8478046002840F00682069BC1
S31502011A70BB4240F0D8810898FDF74CFF0546264B3C
S31502011A80CDF858802593254B1593254B269315ABF7
S31502011A9093E8030023AB83E803002795002D00F0AA
S31502011AA0848101210C98FEF767F88146002800F02F
S31502011AB076810B9A049901F032FF0B9B414609EBA1
S31502011AC003000E9A01F068FE29464846029AFCF77F
S31502011AD0DBF90346002800F07081124A904200F0B9
S31502011AE02B81114A117823E0FCA9F1D24D62503FB4
S31502011AF000002F443DDF00022DEF00025555D5C0EF
S31502011B0078606C3E2D71FFBE1AE5A93E00000034D5
S31502011B101872313F00E08C444DEF000239DF0002BA
S31502011B206DDE000206FCFFFF340400226DF48EBE58
S31502011B30002900F0018182F80080BC4ABC49934227
S31502011B40BC4800F08981FDF779FDBB48FDF776FDBA
S31502011B504846FCF7F1F9279A002A00F0F480B74BC0
S31502011B60259D0D931492002D00F09681269A23A8A5
S31502011B7014A990470022259D0D9B279225B123A9E1
S31502011B8003220846A8470D9B002B40F07C81DDED20
S31502011B90027AB7EE005BB8EE677B079B85EE076BB1
S31502011BA0A3EB040EAEF1040E4FEA9E0E0EF1010EE8
S31502011BB04EF001E0234693ED007A27EE077AB7EE5F
S31502011BC0C77A27EE067BB7EEC77BA3EC017A0FF045
S31502011BD00FC0079BDFED9A7AA3EB040EAEF1040E5A
S31502011BE04FEA9E0E0EF1010E4EF001E02346B3ECD2
S31502011BF0017A77EE877A0FF007C0F5EE407AF1EEB9
S31502011C0010FA099B08BFDFED8F7A23B11B6803EB3C
S31502011C108A03C3ED007ADBF80000DBF80830002EF8
S31502011C2000F09C804FF0000E0AFB03F3DDF80CC0B6
S31502011C3000EB8300BCF800303CF8025F05EE103A77
S31502011C40BCF802900EF1010EB94580F01E8104EB3B
S31502011C5085031B6840F8043B15EE103A013399459A
S31502011C6079D9A9EB050204EE102A15EE102AAA1A51
S31502011C7004EE902AC84604EB8301A9EB03021BE09A
S31502011C8007EE903AB8EE456AF8EE646AD1ED005A6B
S31502011C9010ED017AF8EEE77A77EEC67A87EEA66A52
S31502011CA0F0EE477AE6EE257A40ED017A013A03F142
S31502011CB0010301F104014ED09D42E1D8F6D207EEAD
S31502011CC0908A06EE103AF8EE446AD1ED005A10ED0A
S31502011CD0017AF8EE677AB8EEC66ADDE72B461DB1E0
S31502011CE023A9032208469847574D0498FCF724F97D
S31502011CF02046FCF721F9229A209B42B11592002B2C
S31502011D0000F0CA80219B1EA815A99847209B002294
S31502011D1022921BB11EA9032208469847DDF8688064
S31502011D20B8F1000F02D04046FCF706F9284629B061
S31502011D30BDEC088BBDE8F08F4846FCF7FDF8279A03
S31502011D40002A7FF40CAF259B1BB123A90322084667
S31502011D5098473A4DC9E776457FF46CAF0A9B0AF17B
S31502011D60010A53453FF666AE0F9DDBF80820DBE913
S31502011D70001302FB03F3002BB7D09B00043B0A4678
S31502011D809B0832490133F2EC017AF5EE407AF1EE23
S31502011D9010FA08BF42F8041C013BF4D1A5E7279AC1
S31502011DA0259D002A9AD0284BDBE62948FDF746FCF9
S31502011DB0279A8AB3244B259DD3E60D904846FCF714
S31502011DC0BBF82146089BA3F10802D2080D9B0132FA
S31502011DD0D5ED017A95ED007A67EEA77AE7EE077AF5
S31502011DE0F5EEC07AF1EE10FAACBFB1EEE77A9FEDED
S31502011DF0147A013AA1EC017A05F10805E8D1279A8C
S31502011E00259D002A7FF4ADAE002D3FF4C0AE23A975
S31502011E1003220846A847BAE6259B002B7FF460AF4A
S31502011E2062E7094D67E70B4D5FE700BF05FCFFFF60
S31502011E304062010248620102406601020AFCFFFF9A
S31502011E4000000000FFE6DB2E16FCFFFFFFE6DB2E9D
S31502011E50FC66010211FCFFFFFDF7F0FB4FF4805215
S31502011E602021029B1048FDF7E9FB4846FCF764F87E
S31502011E70279A002A7FF473AE65E7054635E70B4DCF
S31502011E8036E70B4D4CE71D462FE740F26D11094B24
S31502011E90094A0A48F7F7BEFF00F007FC0848FDF7B2
S31502011EA0CDFB024D3CE700BFE065010216FCFFFFD8
S31502011EB014FCFFFF606701028467010224680102C4
S31502011EC0FC6601022DE9F04F2DED028B95B09DF8CE
S31502011ED090400893099404461846A36890468342A3
S31502011EE0BDF88060BDF884B0BDF8949040F0698178
S31502011EF00F464A4641463869B0EE408AF0EE608A9C
S31502011F00FDF79AF863680546834240F05A8106FB5B
S31502011F1000FA01214FEA8A00FDF72EFE01210D95F5
S31502011F2007908DF83C100E960C9068B3A800FDF749
S31502011F3023FE0121CDE910058DF84C1012910A906C
S31502011F40002800F03A8123993A4603912299F0EE4C
S31502011F50680A0291B0EE480A4346CDF81090CDF8D0
S31502011F6004B0009610A90CA8FFF7B6FB074690B17C
S31502011F700A98FBF7E1FF0798FBF7DEFF384615B033
S31502011F80BDEC028BBDE8F08F8F4F384615B0BDEC24
S31502011F90028BBDE8F08FBAF1000F36D0F7EE003AA8
S31502011FA09FED8A4ADFED8A4A9FED8A5ADFED8A5A08
S31502011FB04AF001E00799DFF83092DFF83082DFF864
S31502011FC030C286480B6806EE909A03EB0C02024079
S31502011FD09B1A07EE903A77EEE37A27EEA76AE4EECA
S31502011FE0276A07EE108AA4EEA77AA6EE867AE7EEAC
S31502011FF0067A07EE102AB8EEC77A27EE057AE7EED9
S31502012000257AE1EC017A0FF023C8002DB0D0B7EEA4
S31502012010008A4FF0000A730008EE903A079B4FEAD6
S31502012020860903EB860B03F104080B94002E4CD0B0
S31502012030A8F1040431462046FFF732FA002840F09F
S31502012040BE80ABEB040EAEF1040E4FEA9E0E0EF10C
S31502012050010E4EF001E0D4ED007A77EEA77AE4ECB8
S31502012060017A0FF009C007EE909AF8EEE76A88EE58
S31502012070267AB5EEC07AF1EE10FA58ED017AACBFC6
S31502012080F1EEC76ADFED566A67EEA67A012E48EDD2
S31502012090017A1AD0F8EEE87A424688EE277AABEB55
S315020120A00803043B9B080133B5EEC07AF1EE10FA40
S315020120B0F2EC017AACBFF1EEC76ADFED496A67EE6F
S315020120C0A67A013B42ED017AEED10AF1010A5545A2
S315020120D0CB44C844AAD1099B0B9C002B3BD0F7EEFB
S315020120E0003A9FED3A4ADFED3A4A9FED3A5ADFED61
S315020120F03A5A45F001E00A980799DFF8ECA0DFF8B1
S31502012100ECB0DFF8ECC0DFF8D48050F8043B06EE01
S3150201211090AA03EB0C0202EA08029B1A07EE903A16
S3150201212077EEE37A27EEA76AE4EE276A07EE10BA9C
S31502012130A4EEA77AA6EE867AE7EE067A07EE102ACB
S31502012140B8EEC77A27EE057AE7EE257AC1ED007A6F
S3150201215049440FF027C00021089A07989346C0F117
S31502012160000C00EB82080846931B0B97079F4FEA68
S31502012170830A0995BBF1000F16D007EB8102A8EB82
S31502012180020EAEF1040E4FEA9E0E0EF1010E4EF054
S3150201219001E0089023680CEB020552F8040B2B446C
S315020121A018600FF009C80898099B0130984231441A
S315020121B0D444C844DED10B9FDAE6034FDBE6074679
S315020121C0D6E6084FDAE600BF16FCFFFF78606C3EE2
S315020121D01AE5A93E000000341872313F000080FF63
S315020121E00000000014FCFFFF6DF48EBE2D71FFBED0
S315020121F05555D5C02DE9F04F2DED048B136A9FB0CD
S315020122000A93D2E909B30B93D36A0D4691680993EE
S31502012210136B01290446D2ED068A92ED079AB2F8AA
S315020122200480D2F81490506B966B089340F0C480E8
S3150201223008F1FF33032B00F2C1802369002B00F062
S31502012240B9804FF0000AB70019903846BCEEC08A31
S315020122500791CDE917468DF874A0FDF78DFC079914
S315020122601A903846FDF788FC23695645BCBFF21819
S3150201227018921A9ACDE91B0A002A7FD000287DD02E
S315020122809B1B0C93A36812900E96002B00F099806B
S3150201229012AF0DF1300A0EAA3B4651462046E668B8
S315020122A00792B0472369079A0021CDE90F114649E2
S315020122B016930E9192E80300444A87E803008AE8DE
S315020122C00300DFF828C11846414C17AB136018EE1C
S315020122D0101A4246F0EE490AB0EE680ACDE914C474
S315020122E0FCF7AAFED5E9011204461FFA89F302FB9D
S315020122F001F003FB04F6864245D8C5E90143CDF850
S3150201230014804FF00108089BF0EE490A0393099BDA
S31502012310B0EE680A02931FFA8BF30193BDF82830D7
S3150201232018EE102A0093394628461FFA89F3CDF88A
S315020123301080FFF7C7FD044688BBBDF82C1031B1EA
S31502012340424603462846FEF77FFE804660BB0123CE
S31502012350C5E90136149B1BB1032239463846984713
S315020123601A9808B1FBF7E8FD1B9808B1FBF7E4FDE3
S3150201237020461FB0BDEC048BBDE8F08F12AF0EAA4A
S315020123800DF1300A90E713480793FDF757F9079BBA
S3150201239021461A461048FDF751F9104CDAE7014673
S315020123A00F48FDF74BF9D5E701460E48FDF746F909
S315020123B04446CFE70C4CDBE7084CD9E76FF47D7452
S315020123C0D6E700F072F900BFF123010214C104221B
S315020123D075DE0002106701022467010214FCFFFF89
S315020123E090680102B066010210FCFFFF0DEF0002C8
S315020123F02DE9F04F2DED028B7B4B8DB01C68E76802
S31502012400002F00F0EC802369002B00F0E88000EB3E
S315020124100108064620680D460369984500F2DC80EC
S31502012420636891469E4282680FDBCDE90537F31A4E
S315020124300493002A00F0D680C76806AB05AA04A950
S31502012440B8478246002860D120680895CDF82890C1
S3150201245083680796002B00F0C580C7680AAB08AAF5
S3150201246007A9B847824600284FD14F466FF0404B25
S31502012470002D45D0CDE90105CDF80C90B7EC018AC6
S31502012480636894ED027AB3428ABF2369E36803EB78
S315020124908603D3ED006AF0EE487AE6EEC77A47ED97
S315020124A0017A6568012D1ED0013D4FEA8509012198
S315020124B04846D4F80CA0FDF75FFB98B14A460AF1EB
S315020124C00401009001F02BFADAF80010009B4AF899
S315020124D025104A461946504601F021FA009B184634
S315020124E0FBF72AFD6568E3685D44013603EB850364
S315020124F0B04583ED008AC1D1DDE901A5DDF80C9075
S3150201250063692B446361237E2BB950460DB0BDEC42
S31502012510028BBDE8F08FB9F1000F56D000260124D7
S31502012520ADB29FED320A0AA908A8ADF82050CDF83E
S315020125302490ADF82850CDF82C90ADF82240ADF894
S315020125402A40F8F7C3FE40B9B9F1000FDDD0002EDB
S31502012550DBD04846FBF7F0FCD7E725492548FDF7CE
S315020125606DF89FED220A0AA908A8ADF82240ADF836
S315020125702A40ADF82050CDF82490ADF82850CDF878
S315020125802C90F8F7A3FE01461B48FDF757F89FED7D
S31502012590170A0AA908A8ADF82240ADF82A40ADF8F3
S315020125A02050ADF82850CDF82490CDF82C90F8F7AC
S315020125B08DFE04460028C7D0B9F1000F03D016B12B
S315020125C04846FBF7B9FCA2469FE70121A800FDF7A1
S315020125D0D3FA01268146A2E7DFF820A095E7DFF8C4
S315020125E020A092E700F061F814C10422000000382D
S315020125F0C865010248620102CC6501020EFCFFFFB9
S3150201260016FCFFFF2DE9F0410027114D114995F8FE
S315020126103C60114B114C124A09681B684FEA860845
S3150201262040461161EB6625602772FDF773F960601A
S315020126301EB14246394601F0AFF80023C4E90353FD
S315020126406361084A08490548BDE8F04100F00EB841
S3150201265024030022140400220CC10422F4C0042221
S31502012660D803002200000022FDEF00020B460146BC
S31502012670184600F027BF00F01BB8FFF7FCBF012880
S3150201268038BF012010B50446204600F05DFE00B1B8
S3150201269010BD00F00FF808B900F032FE8047F3E7EB
S315020126A0FFF7EDBF08B500F02BFE08B500F028FED6
S315020126B000F052BE014BD3E8AF0F704718C1042296
S315020126C010EE103A40F22A41B7EEC02AC3F30A527B
S315020126D08A4232D82E4BB7EE000B93ED487B93ED2F
S315020126E04A1B93ED4C4BB0EE473B93ED4E6BA1EE7D
S315020126F0023B93ED505B30B433EE477B13EE102A67
S3150201270002F01F0191EE027B03EBC10053F8314047
S3150201271000234568181905EBC23130BCA4EE076BDC
S31502012720A5EE070B27EE077BA6EE070B41EC170B6F
S3150201273020EE070BB7EEC00B704713F5000F20D042
S31502012740B2F5FF6F1AD2DFED137AB4EEE70AF1EEB4
S3150201275010FA10DCDFED107AB4EEE70AF1EE10FAA8
S3150201276012D4DFED0E7AB4EEE70AF1EE10FAB1D524
S31502012770002000F01BBA002000F01EBA30EE000A5B
S3150201278070479FED070A7047002000F009BA00BFA3
S3150201279040DA02021772B142B4F1CFC2CF8ECEC273
S315020127A0000000000000000030B510EE104AB7EE3E
S315020127B0C07A83B0C4F30A53B3F57D7F19D2B3F558
S315020127C0667F27EE075B6CD327EE052B6C4B93EDE9
S315020127D01A3B93ED186B93ED164BA5EE036BA2EE26
S315020127E0047B25EE025BA6EE057BB7EEC70B03B0B3
S315020127F030BD40F22E4293425BD8614991ED086B9E
S3150201280091ED0A5B01F1700227EE066BFDEEC66BD6
S3150201281016EE903A03F500031B1606EE903A13F0F4
S31502012820020FB8EEE66B08BF0A46D807A6EE457B4D
S3150201283027EE076B1BD403F0030301EBC30192EDF1
S315020128401A2B92ED184B92ED163B91ED005B27EE9A
S31502012850057BA6EE024B27EE065BA5EE037B26EE73
S31502012860055BA4EE057BB7EEC70B03B030BD92ED57
S315020128700E2B92ED0C0B26EE065BA6EE020B92EDEB
S31502012880143B92ED127B92ED104BA6EE037BA5EE65
S31502012890040B26EE056BA7EE060BB7EEC00B03B0D3
S315020128A030BD14F0FF4FF0EE406A46D0B0EE660A34
S315020128B0DBE7B3F5FF6F3BD2C4F38360314AC4F35E
S315020128C01603C4F3C25502EB800152F8202043F4E9
S315020128D00003086AAB400969A0FB035003FB02F23D
S315020128E0E3FB010202F100518D0F01F04041511A41
S315020128F005EBD47400F004FB234B14F0020FA3F191
S3150201290070029FED1D6B41EC170B08BF1346E907D9
S3150201291027EE067B27EE076B14D402EBC40293ED76
S315020129201A2B93ED184B93ED163B92ED005B8EE756
S3150201293003B0BDE8304000F045B9B7EEC55B8DED99
S31502012940015AB3E793ED0E1B93ED0C7B26EE064B74
S31502012950A6EE017B93ED142B93ED125B93ED103BE7
S31502012960A6EE025BA4EE037B26EE046BA5EE067BC6
S31502012970B7EEC70B79E700BF182D4454FB21193C6A
S31502012980E8DB020288DB020258DC020200000000D8
S3150201299038B510EE104AB7EEC07AC4F30A53B3F54E
S315020129A07D7F1ED2B3F5667F27EE077B6FD36A4B17
S315020129B027EE071B93ED0E2B93ED0C6B93ED143B58
S315020129C093ED125BA7EE026BA7EE035B27EE017B8B
S315020129D093ED104BA1EE046BA5EE076BB7EEC60B9A
S315020129E038BD40F22E42934254D85B4991ED086BB1
S315020129F091ED0A5B01F1700227EE066BFDEEC66BE5
S31502012A0016EE903A03F500031B1606EE903A13F002
S31502012A10020FB8EEE66B08BF0A46D807A6EE457B5B
S31502012A2027EE076B1AD503F0030301EBC30192EDFF
S31502012A301A2B92ED184B92ED163B91ED005B27EEA8
S31502012A40057BA6EE024B27EE065BA5EE037B26EE81
S31502012A50055BA4EE057BB7EEC70B38BD92ED0E2BD7
S31502012A6092ED0C0B26EE065BA6EE020B92ED143BE3
S31502012A7092ED127B92ED104BA6EE037BA5EE040BB3
S31502012A8026EE056BA7EE060BB7EEC00B38BDB7EE09
S31502012A90000A38BDB3F5FF6F3DD2C4F383602F4AF6
S31502012AA0C4F31603C4F3C25502EB800152F8202087
S31502012AB043F40003086AAB400969A0FB035003FB18
S31502012AC002F2E3FB010202F100518D0F01F04041D6
S31502012AD0511A05EBD47400F013FA214B14F0020FCC
S31502012AE0A3F170029FED1A6B41EC170B08BF134657
S31502012AF0E90727EE067B27EE076B10D504F00304E0
S31502012B0002EBC40293ED1A2B93ED184B93ED163B90
S31502012B1092ED005B93E7BDE8384000F053B893EDC0
S31502012B200E1B93ED0C7B26EE064BA6EE017B93ED77
S31502012B30142B93ED125B93ED103BA6EE025BA4EE12
S31502012B40037B26EE046BA5EE067BB7EEC70B38BDFB
S31502012B50182D4454FB21193CE8DB020288DB0202F0
S31502012B6058DC020210B52DED028BB0EE408A044606
S31502012B7000F0B4FE0460B0EE480ABDEC028B10BD53
S31502012B8030B1F1EE407A222027EE800AFFF7EABF42
S31502012B90F0EE407A222027EE800AFFF7E3BF00BF5C
S31502012BA09FED010AFFF7ECBF000000109FED010A3D
S31502012BB0FFF7E6BF0000201A9FED010AFFF7E0BF0B
S31502012BC000000070F0EE407A30EE407AF4EE677A59
S31502012BD087EE070AF1EE10FA02D62120FFF7C2BFED
S31502012BE0704700BF81F0004102E000BF83F000435D
S31502012BF030B54FEA41044FEA430594EA050F08BF8F
S31502012C0090EA020F1FBF54EA000C55EA020C7FEA52
S31502012C10645C7FEA655C00F0E2804FEA5454D4EBCF
S31502012C205555B8BF6D420CDD2C4480EA020281EA99
S31502012C30030382EA000083EA010180EA020281EAD1
S31502012C400303362D88BF30BD11F0004F4FEA013123
S31502012C504FF4801C4CEA113102D0404261EB410132
S31502012C6013F0004F4FEA03334CEA133302D05242B8
S31502012C7063EB430394EA050F00F0A780A4F1010474
S31502012C80D5F1200E0DDB02FA0EFC22FA05F28018AE
S31502012C9041F1000103FA0EF2801843FA05F3594194
S31502012CA00EE0A5F120050EF1200E012A03FA0EFC13
S31502012CB028BF4CF0020C43FA05F3C01851EBE3713D
S31502012CC001F0004507D54FF0000EDCF1000C7EEB5A
S31502012CD000006EEB0101B1F5801F1BD3B1F5001F98
S31502012CE00CD349085FEA30004FEA3C0C04F10104B7
S31502012CF04FEA445212F5800F80F09A80BCF1004FE0
S31502012D0008BF5FEA500C50F1000041EB045141EA61
S31502012D10050130BD5FEA4C0C404141EB0101013C2A
S31502012D2028BFB1F5801FE9D291F0000F04BF014619
S31502012D300020B1FA81F308BF2033A3F10B03B3F1EB
S31502012D4020020CDA0C3208DD02F1140CC2F10C027B
S31502012D5001FA0CF021FA02F10CE002F11402D8BFD9
S31502012D60C2F1200C01FA02F120FA0CFCDCBF41EAA5
S31502012D700C019040E41AA2BF01EB0451294330BD74
S31502012D806FEA04041F3C1CDA0C340EDC04F1140451
S31502012D90C4F1200220FA04F001FA02F340EA030028
S31502012DA021FA04F345EA030130BDC4F10C04C4F16E
S31502012DB0200220FA02F001FA04F340EA030029464E
S31502012DC030BD21FA04F0294630BD94F0000F83F498
S31502012DD0801306BF81F480110134013D4EE77FEA7B
S31502012DE0645C18BF7FEA655C29D094EA050F08BFC7
S31502012DF090EA020F05D054EA000C04BF19461046A8
S31502012E0030BD91EA030F1EBF0021002030BD5FEAEB
S31502012E10545C05D14000494128BF41F0004130BD13
S31502012E2014F580043CBF01F5801130BD01F0004567
S31502012E3045F0FE4141F470014FF0000030BD7FEADA
S31502012E40645C1ABF194610467FEA655C1CBF0B46D5
S31502012E50024650EA013406BF52EA033591EA030FEC
S31502012E6041F4002130BD00BF90F0000F04BF0021E4
S31502012E70704730B54FF4806404F132044FF0000517
S31502012E804FF0000150E700BF90F0000F04BF002190
S31502012E90704730B54FF4806404F1320410F00045F6
S31502012EA048BF40424FF000013EE700BF42004FEAF1
S31502012EB0E2014FEA31014FEA02701FBF12F07F436E
S31502012EC093F07F4F81F06051704732F07F4208BF25
S31502012ED0704793F07F4F04BF41F40021704730B52C
S31502012EE04FF4607401F0004521F000411CE700BF78
S31502012EF050EA010208BF704730B54FF000050AE0FB
S31502012F0050EA010208BF704730B511F0004502D5FB
S31502012F10404261EB41014FF4806404F132045FEAFD
S31502012F20915C3FF4D8AE4FF003025FEADC0C18BFA6
S31502012F3003325FEADC0C18BF033202EBDC02C2F198
S31502012F40200300FA03FC20FA02F001FA03FE40EA2A
S31502012F500E0021FA02F11444BDE600BF7BB972B933
S31502012F600029BEBF00204FF0004106E008BF00283D
S31502012F701CBF6FF000414FF0FF3000F0BFB9ADF159
S31502012F80080C6DE904CE002909DB002B1ADB00F0DF
S31502012F9035F8DDF804E0DDE9022304B0704740426A
S31502012FA061EB4101002B1BDB00F028F8DDF804E0A0
S31502012FB0DDE9022304B0404261EB4101524263EB77
S31502012FC043037047524263EB430300F017F8DDF8FF
S31502012FD004E0DDE9022304B0404261EB410170479E
S31502012FE0524263EB430300F009F8DDF804E0DDE940
S31502012FF0022304B0524263EB430370472DE9F04FBB
S31502013000099D0E4604460F46002B47D18A42944635
S31502013010B2FA82F35AD943B102FA03FCC3F120028E
S315020130209F409C4020FA02F217434FEA1C461FFAC0
S315020130308CFE220CB7FBF6F106FB117701FB0EF0B3
S3150201304042EA0742904208D91CEB020201F1FF371C
S3150201305002D2904200F23C813946121AA4B2B2FB64
S31502013060F6F006FB102200FB0EFE44EA0244A645D8
S3150201307008D91CEB040400F1FF3202D2A64500F284
S315020130802A81104640EA0140A4EB0E0400211DB13B
S31502013090DC400023C5E90043BDE8F08F8B4205D928
S315020130A00DB1C5E9000100210846F5E7B3FA83F13E
S315020130B000294FD1B342C0F00281824240F2FF8021
S315020130C00846002DE8D0C5E90047E5E7002B40F0A8
S315020130D0AF808A1A4FEA1C4E1FFA8CF70121B2FB06
S315020130E0FEF60EFB1620220C42EA004207FB06F010
S315020130F090420FD91CEB020206F1FF382CBF4FF0AA
S3150201310001094FF00009904203D9B9F1000F00F00D
S31502013110DC804646121AA4B2B2FBFEF00EFB102266
S3150201312000FB07F744EA0244A7420FD91CEB040449
S3150201313000F1FF322CBF4FF0010E4FF0000EA742F5
S3150201314003D9BEF1000F00F0C9801046E41B40EA24
S3150201315006409CE7C1F120048B4006FA01FC00FA05
S3150201316001FE22FA04F7E6408A401F4320FA04F3DD
S315020131704FEA174843EA0C031FFA87FC4FEA134941
S31502013180B6FBF8F008FB106649EA064600FB0CF9A5
S31502013190B1450ED9BE1900F1FF3A2CBF4FF0010B12
S315020131A04FF0000BB14503D9BBF1000F00F0A2802D
S315020131B05046A6EB09061FFA83F9B6FBF8F308FB9C
S315020131C0136603FB0CFC49EA0646B4450ED9BE1941
S315020131D003F1FF382CBF4FF001094FF00009B44546
S315020131E003D9B9F1000F00F08280434643EA004059
S315020131F0A6EB0C06A0FB028C66454346E14602D3CA
S3150201320007D1C64505D2B8EB02036CEB070C0138B0
S31502013210E1465DB1BEEB030266EB090606FA04F46A
S3150201322022FA01F3CE401C43C5E90046002133E7E9
S3150201323002FA03FCC3F1200299409C40D6404FEAB0
S315020132401C4E20FA02F21FFA8CF7B6FBFEF00A4375
S315020132500EFB1066110C41EA064100FB07F68E428F
S315020132600ED91CEB010100F1FF382CBF4FF0010909
S315020132704FF000098E4202D9B9F1000F34D040460F
S31502013280891B92B2B1FBFEF60EFB161142EA01420E
S3150201329006FB07F191420ED91CEB020206F1FF3839
S315020132A02CBF4FF001094FF00009914202D9B9F141
S315020132B0000F16D04646521A46EA00410FE7841A13
S315020132C066EB030201201746FBE6023E624421E752
S315020132D002396244C1E664440238D3E664440238E0
S315020132E034E7023E6244E6E702386144C8E7023B3C
S315020132F03E447BE702383E445BE700BF704700BFAE
S31502013300062008B500F078FA012001F0C3F90000A1
S31502013310024B0A460146186800F002B8440400222C
S3150201332070B5A1FB025434B9294600F03FF80646AE
S3150201333028B9304670BD0C2200260260F9E72A46FA
S31502013340214600F029FAF4E7024B0146186800F01B
S315020133502DB800BF44040022024B0146186800F052
S31502013360EBBA00BF4404002270B50F4E0C46054667
S31502013370316811B900F090FA30602146284600F012
S315020133808BFA431C03D14FF0FF34204670BDC41C97
S3150201339024F00304A042F8D0211A284600F07CFA50
S315020133A00130F2D1EFE700BF1CC104222DE9F84337
S315020133B0CD1C064625F0030508350C2D38BF0C2514
S315020133C0002D01DBA94204D90C2333600020BDE89C
S315020133D0F883DFF8D48000F069F8D8F800301C468B
S315020133E044BB29463046FFF7BFFF431C044658D16A
S315020133F0D8F800402746002F43D1002C4BD0236832
S315020134003946304604EB030900F046FA814542D1BA
S31502013410216830466D1A2946FFF7A6FF01303AD0D8
S3150201342023682B442360D8F800305A6862BBC8F877
S3150201343000700FE02268521B20D40B2A17D961199A
S31502013440A342256018BF5960636808BFC8F8001017
S3150201345062514B60304600F02FF804F10B00231D38
S3150201346020F00700C21A1CBF1B1AA350AFE76268FD
S31502013470A3420CBFC8F800205A60EBE723466468F2
S31502013480AEE73C467F68B6E71A465B68A342FBD1C4
S3150201349000235360DEE70C233046336000F00CF85C
S315020134A094E70560D6E700BF20C10422014800F077
S315020134B01CBA00BF64C20422014800F017BA00BF59
S315020134C064C2042210B504460448134620B10A46D2
S315020134D002202146AFF3008010BD00BF00000000AC
S315020134E0002310B504468360818119464366C28171
S315020134F008228361C0E90033C0E904335C3000F07D
S315020135004BF90D4B246263620C4BA3620C4BE362D3
S315020135100C4B23630C4B9C4206D003F16802944286
S3150201352002D0D0339C4205D104F15800BDE81040C7
S3150201353000F0DAB910BD00BFC9360102EB3601024D
S31502013540233701024737010224C10422024A0349F1
S31502013550034800F069B800BF38040022294301027A
S315020135604804002241680C4B994210B5044601D029
S3150201357000F0DAFEA168094B994202D0204600F01A
S31502013580D3FEE168064B994204D02046BDE81040BD
S3150201359000F0CABE10BD00BF24C104228CC10422A0
S315020135A0F4C1042210B50B4B04210B4C0B4A2046E5
S315020135B01A600022FFF794FF04F168000122092133
S315020135C0FFF78EFF04F1D00002221221BDE810405E
S315020135D0FFF786BF5CC2042224C104224D350102D3
S315020135E0014800F082B900BF65C20422014800F019
S315020135F07DB900BF65C2042210B50446FFF7F0FF8C
S31502013600236A1BB1BDE81040FFF7F0BF044B2362EA
S31502013610044B1B68002BF5D1FFF7C4FFF2E700BF8D
S31502013620653501025CC204222DE9F8430746884644
S3150201363014460026D4E90195B9F1010905D5246894
S31502013640002CF7D13046BDE8F883AB89012B07D9A7
S31502013650B5F90E30013303D029463846C047064331
S315020136606835E9E70FB407B5064904AB086853F8AC
S31502013670042B8168019300F02BFB03B05DF804EB88
S3150201368004B07047440400220EB400B59CB06FF03A
S3150201369000411DAB02900690079104910848094921
S315020136A053F8042B059102A90068019300F0EAF987
S315020136B0029B00221A701CB05DF804EB03B070473E
S315020136C0440400220802FFFF10B50C46B1F90E10A0
S315020136D000F0BCF80028ABBF636DA3891B1823F465
S315020136E08053ACBF6365A38110BD2DE9F0411F462E
S315020136F08B8905460C46DB05164605D502230022B3
S31502013700B1F90E1000F090F8A3893246B4F90E1001
S31502013710284623F48053A3813B46BDE8F04100F0DD
S31502013720CBB810B50C46B1F90E1000F07DF8431C6A
S31502013730A38915BF606523F4805343F48053A381A3
S3150201374018BFA38110BDB1F90E1000F05DB80000DB
S315020137500B46034902460868816800F0B9BA00BF00
S3150201376044040022884210B501EB020402D98442C4
S31502013770234607D8431EA14208D011F8012B03F8AC
S31502013780012FF8E7024401468A4200D110BD13F81F
S31502013790014D02F8014DF7E702440346934200D177
S315020137A0704703F8011BF9E71F2938B505460C4690
S315020137B004D9162303604FF0FF3038BDC26B12B134
S315020137C052F821304BB9284600F064F822460146E8
S315020137D02846BDE8384000F04BB8012B0AD0591CE7
S315020137E003D1162303600120E7E70021204642F8B0
S315020137F0241098470020E0E7024B01461868FFF7BC
S31502013800D3BF00BF4404002238B50023054D044648
S3150201381008462B6000F0FEFE431C02D12B6803B161
S31502013820236038BD60C2042238B50446064D0846F7
S31502013830114600222A601A4600F014FF431C02D1E7
S315020138402B6803B1236038BD60C2042238B5044631
S31502013850064D0846114600222A601A4600F00AFF62
S31502013860431C02D12B6803B1236038BD60C2042216
S3150201387038B50023064D0446084611462B6000F072
S31502013880E9FE431C02D12B6803B1236038BD00BF98
S3150201389060C2042200F0CEBE38B50023054D0446AF
S315020138A008462B60F6F794FB431C02D12B6803B141
S315020138B0236038BD60C2042238B50446064D084667
S315020138C0114600222A601A4600F0DCFE431C02D190
S315020138D02B6803B1236038BD60C20422014B18680C
S315020138E0704700BF4404002270477047704710F8C2
S315020138F0012B11F8013B012A28BF9A42F7D0D01AAF
S315020139007047C9B20346024410B59342184601D123
S31502013910002003E0047801338C42F6D110BD0A443B
S31502013920431E914200D1704710B511F8014B9142E5
S3150201393003F8014FF9D110BD38B50546002941D02A
S3150201394051F8043C0C1F002BB8BFE418FFF7AEFD7B
S315020139501D4A136833B9636014602846BDE83840CE
S31502013960FFF7AABDA34208D9206821188B4201BFDD
S3150201397019685B6809182160EDE71A465B680BB1A5
S31502013980A342FAD911685018A0420BD1206801440A
S31502013990501811608342E0D118685B68084453608D
S315020139A01060DAE702D90C232B60D6E720682118CA
S315020139B08B4202BF19685B680918636008BF216000
S315020139C05460CAE738BD00BF20C104222DE9F04781
S315020139D01F468E6882460C46BE4290460B682DD81B
S315020139E0B1F90C2012F4906F26D06569096905EBCD
S315020139F04505A3EB01097B1C05EBD5754B446D10FF
S31502013A009D4238BF1D46530527D52946FFF7CEFCF1
S31502013A10064660B34A462169FFF781FFA38923F46B
S31502013A20906343F08003A38126614E446561A5EB51
S31502013A30090526603E46A560BE4200D93E4632468B
S31502013A4041462068FFF78EFEA36800209B1BA360F8
S31502013A50236833442360BDE8F0872A4600F020FD3F
S31502013A6006460028E0D121695046FFF765FF0C237F
S31502013A704FF0FF30CAF80030A38943F04003A38117
S31502013A80E9E700002DE9F04F98468B899DB007467C
S31502013A901B060D46144610D50B6973B94021FFF773
S31502013AA085FC2860286130B90C233B604FF0FF305A
S31502013AB01DB0BDE8F08F40236B610023CDF80C8069
S31502013AC04FF00109DFF8A081099320238DF82930EF
S31502013AD030238DF82A3023469A4613F8012B0AB170
S31502013AE0252AF9D1BAEB040B0BD05B4622462946AD
S31502013AF03846FFF76BFF013000F0A780099A5A4456
S31502013B0009929AF80030002B00F09F8000234FF0B3
S31502013B10FF320AF1010A049307938DF853301A937F
S31502013B20CDE90523544605224F4814F8011BFFF738
S31502013B30E8FE049AD8B9D00644BF20238DF8533043
S31502013B40110744BF2B238DF853309AF800302A2BE4
S31502013B5015D0079A544600204FF00A0C214611F857
S31502013B60013B303B092B4BD9B0B1079214E0A0EBD4
S31502013B700803A24609FA03F313430493D2E7039B0C
S31502013B80191D1B68002B0391BBBF5B4242F0020267
S31502013B9007930793B8BF049223782E2B0AD1637831
S31502013BA02A2B32D1039B02341A1D1B6843EAE373A3
S31502013BB003920593DFF8C0A0032221785046FFF74E
S31502013BC0A0FE38B1A0EB0A004022049B01348240D8
S31502013BD01343049314F8011B062224488DF8281076
S31502013BE0FFF78FFE002836D0214B1BBB039B073301
S31502013BF023F0070308330393099B334409936AE7C6
S31502013C000CFB02320C460120A8E7002301344FF0D7
S31502013C100A0C19460593204610F8012B303A092A57
S31502013C2003D9002BC6D00591C4E70CFB012104463A
S31502013C300123F0E703AB2A4604A9384600930D4B4C
S31502013C40AFF30080421C0646D6D1AB895B063FF52F
S31502013C502DAF09982CE703AB2A4604A938460093EF
S31502013C60044B00F0BFF9EDE7C8DC0202D2DC020226
S31502013C7000000000CD390102CEDC02029368013B4D
S31502013C80002B936010B408DA9469A34201DB0A2976
S31502013C9003D15DF8044B00F06FBB1368581C10602A
S31502013CA0084619705DF8044B7047F8B506460F468B
S31502013CB01446D518AC4201D1002007E03A4614F861
S31502013CC0011B3046FFF7DAFF431CF3D1F8BD0000B2
S31502013CD02DE9F04F0D469DB014469846064618B199
S31502013CE0036A0BB9FFF788FC6B6ED90705D4AB895A
S31502013CF09A0502D4A86DFFF7F8FDAB891B0701D51A
S31502013D002B699BB92946304600F074FB70B16B6E84
S31502013D10DC0704D54FF0FF301DB0BDE8F08FAB894B
S31502013D209805F7D4A86DFFF7E1FDF3E70023CDF877
S31502013D300C804FF00109DFF8B481099320238DF835
S31502013D40293030238DF82A3023469A4613F8012B5F
S31502013D500AB1252AF9D1BAEB040B0BD05B462246EE
S31502013D6029463046FFF7A1FF013000F0A780099AE4
S31502013D705A4409929AF80030002B00F09F800023E2
S31502013D804FF0FF320AF1010A049307938DF853307B
S31502013D901A93CDE9052354460522544814F8011B0A
S31502013DA0FFF7AFFD049AD8B9D10644BF20238DF897
S31502013DB05330130744BF2B238DF853309AF8003042
S31502013DC02A2B15D0079A544600204FF00A0C214699
S31502013DD011F8013B303B092B4BD9B0B1079214E0E4
S31502013DE0A0EB0803A24609FA03F313430493D2E7AD
S31502013DF0039B191D1B68002B0391BBBF5B4242F05B
S31502013E00020207930793B8BF049223782E2B0AD195
S31502013E1063782A2B32D1039B02341A1D1B6843EAAB
S31502013E20E37303920593DFF8D4A003222178504667
S31502013E30FFF767FD38B1A0EB0A004022049B01346B
S31502013E4082401343049314F8011B062228488DF875
S31502013E502810FFF756FD00283FD0264B1BBB039BBC
S31502013E60073323F0070308330393099B3B44099362
S31502013E706AE70CFB02320C460120A8E70023013453
S31502013E804FF00A0C19460593204610F8012B303AD9
S31502013E90092A03D9002BC6D00591C4E70CFB0121DF
S31502013EA004460123F0E703AB2A4604A930460093F0
S31502013EB0114BAFF300800746781CD6D16B6ED9073A
S31502013EC005D4AB899A0502D4A86DFFF70FFDAB891C
S31502013ED05B063FF51FAF09981EE703AB2A4604A905
S31502013EE030460093044B00F07DF8E4E7C8DC020299
S31502013EF0D2DC020200000000AB3C0102CEDC02026F
S31502013F002DE9F047164698468A6807460B690C461C
S31502013F10DDF820909342B8BF1346336091F84320EF
S31502013F200AB1013333602368990642BF336802330B
S31502013F303360256815F0060506D104F1190AE3680E
S31502013F4032689B1AAB422BDC94F843302268003B61
S31502013F5018BF0123920630D404F143024146384682
S31502013F60C847013023D023681A3454F80A2C03F0C7
S31502013F700603042B0ABF54F80E5C002533684FF082
S31502013F80000608BFED1A54F8123C08BF25EAE5758A
S31502013F909342C4BF9B1AED18B5421AD1002008E01C
S31502013FA00123524641463846C847013003D14FF0F4
S31502013FB0FF30BDE8F0870135C1E7E1185A1C302010
S31502013FC00233224481F8430094F8451082F84310E3
S31502013FD0C2E70123224641463846C8470130E6D0A8
S31502013FE00136D9E72DE9FF470F7E914680460C46F9
S31502013FF0782F9A460C9E01F1430207D8622F0AD8FE
S31502014000002F00F0D180582F00F0B88004F142064B
S3150201401084F842703AE0A7F16303152BF6D801A1A1
S3150201402051F823F07D400102914001020D40010247
S315020140300D4001020D4001020D40010291400102B3
S315020140400D4001020D4001020D4001020D40010227
S315020140508F410102BB400102494101020D400102A9
S315020140600D400102B14101020D400102BB400102B4
S315020140700D4001020D4001025141010233681A1D30
S315020140801B68326004F1420684F8423001239CE047
S3150201409033682068191D3160060601D51D6803E0E3
S315020140A04506FBD5B3F90050002D03DA2D236D42E7
S315020140B084F8433058480A2311E021683368080618
S315020140C053F8045B02D4490648BFADB26F2F336081
S315020140D0514814BF0A230823002184F84310666855
S315020140E0002EA66005DB21682E4321F00401216022
S315020140F04BD01646B5FBF3F103FB1157C75D06F824
S31502014100017D2F460D46BB42F4D9082B0BD12368FC
S31502014110DF0708D5236961689942DEBF302306F8B5
S31502014120013C06F1FF36921B22614B4603AA214648
S315020141304046CDF800A0FFF7E3FE01304AD14FF029
S31502014140FF3004B0BDE8F087236843F02003236003
S3150201415078273248236884F845701F06316851F87A
S31502014160045B02D45F0648BFADB23160D90744BFD2
S3150201417043F0200323601DB11023ADE72648E9E78A
S31502014180236823F020032360F6E71646BDE733686A
S315020141902568181D616930602E061B6801D51960F4
S315020141A002E06806FBD51980002316462361BCE7A7
S315020141B0336800211A1D32601E6862683046FFF7B5
S315020141C0A0FB08B1801B606063682361002384F849
S315020141D04330AAE72369324649464046D047013071
S315020141E0ADD023689B0713D4E068039B9842B8BFFE
S315020141F01846A6E70123324649464046D0470130D2
S315020142009DD00135E36803995B1AAB42F2DCEBE719
S31502014210002504F11906F5E7D9DC0202EADC0202FD
S31502014220B1F90C202DE9F041160705460C4654D486
S315020142304B68002B02DC0B6C002B48DDE66A002E74
S3150201424045D0002312F480522F68216A2B6030D0A8
S31502014250626DA389590705D56368D21A636B0BB1DF
S31502014260236CD21A0023E66A216A2846B047431C08
S31502014270A38906D129681D292BD82A4ACA40D607FD
S3150201428027D50022D90462602269226004D5421C24
S3150201429001D12B6803B96065616B2F60B9B104F175
S315020142A04403994202D02846FFF746FB0023636383
S315020142B00DE001232846B0470246501CC9D12B689E
S315020142C0002BC6D01D2B01D0162B1DD12F6000202D
S315020142D021E043F040031BB21AE00F69002FF6D02A
S315020142E093070E680F600CBF4B690023A6EB070804
S315020142F08B60B8F1000FEADD43463A46216A284649
S31502014300A66AB047002808DCB4F90C3043F0400332
S315020143104FF0FF30A381BDE8F0810744A8EB000806
S31502014320E7E700BF0100402038B50B6905460C4698
S3150201433013B90025284638BD18B1036A0BB9FFF730
S315020143405BF9B4F90C30002BF3D0626ED00704D4BA
S31502014350990502D4A06DFFF7C8FA28462146FFF750
S315020143605FFF636E0546DA07E4D4A3899B05E1D4B0
S31502014370A06DFFF7BBFADDE7F8B50E461446054612
S3150201438018B1036A0BB9FFF737F9A369A360A389C9
S315020143901A0701D5236943B92146284600F02AF8AE
S315020143A018B14FF0FF373846F8BD2368F6B22269D5
S315020143B03746981A6369834205DC21462846FFF788
S315020143C0B3FF0028EDD1A368013BA36023685A1C01
S315020143D022601E70431C62699A4204D0A389DB07DC
S315020143E0E1D50A2EDFD121462846FFF79DFF002897
S315020143F0D9D0D6E738B5294B05460C46186818B107
S31502014400036A0BB9FFF7F8F8B4F90C30190722D48D
S31502014410DA0607D409222A6043F040034FF0FF303F
S31502014420A38133E0580712D5616B41B104F144030C
S31502014430994202D02846FFF77FFA00236363A389D4
S3150201444023F02403A3810023636023692360A389E4
S3150201445043F00803A38123694BB9A38903F42073AB
S31502014460B3F5007F03D02146284600F06CF8B4F973
S315020144700C3013F001020AD00022A2606269524294
S31502014480A261226942B913F08000C5D138BD9907EC
S3150201449058BF6269A260F4E70020F7E744040022EC
S315020144A02DE9F041074614460D4621B91146BDE8EC
S315020144B0F041FEF77BBF2AB92546FFF73DFA2846AA
S315020144C0BDE8F08100F09EF88442064602D8B4EBBC
S315020144D0500FF4D821463846FEF768FF804608B9E0
S315020144E04546ECE7B4422246294628BF3246FFF743
S315020144F016FA29463846FFF71FFAF1E770B50C4658
S31502014500B1F90E1096B0154600291E460CDAA3899A
S31502014510002113F0800F14BF40234FF48063002063
S3150201452031602B6016B070BD6A4600F049F800286A
S31502014530EDDB019901F47041A1F50053594259414C
S315020145404FF48063EBE78B89F7B59D0706460C4668
S3150201455007D504F14703236023610123636103B095
S31502014560F0BD01AB6A46FFF7C9FF009F054630461B
S315020145703946FEF71BFF48B9B4F90C309A05EED459
S3150201458023F0030343F00203A381E2E7A389206038
S3150201459043F08003A381019BC4E904075BB1B4F92B
S315020145A00E10304600F01EF828B1A38923F003034A
S315020145B043F00103A381A3891D43A581CFE700002F
S315020145C038B50023064D0446084611462B6000F015
S315020145D029F8431C02D12B6803B1236038BD00BF01
S315020145E060C2042238B50023054D044608462B60F5
S315020145F000F028F8431C02D12B6803B1236038BDB1
S3150201460060C2042251F8043C181F002BBCBF0B5890
S31502014610C0187047024B58224FF0FF301A6070479C
S3150201462060C20422024B58224FF0FF301A607047D3
S3150201463060C20422024B58224FF0FF301A607047C3
S3150201464060C20422024B582200201A60704700BF42
S3150201465060C20422024B58224FF0FF301A607047A3
S3150201466060C20422024B58224FF0FF301A60704793
S3150201467060C20422024B58224FF0FF301A60704783
S3150201468060C20422024B58224FF0FF301A60704773
S3150201469060C20422FEE700BF00000068000458025F
S315020146A000040000020000000000000000000000FB
S315020146B0E0015603E00100000200000000000000D4
S315020146C0360500042C010A0000007B0258021E0076
S315020146D0050000000000000100000000000000FFCC
S315020146E000000000000000000000000000000000C1
S315020146F000000000000000000000000000000000B1
S315020147000000000000000000000000000CFFFF0492
S31502014710DFDF000011F40002000000002047010261
S31502014720010002000006000303030300000000006B
S315020147300C00000001000000801A060000000000C3
S315020147400108000102030000000000000000000051
S3150201475005F40002000000005C4701020101020F9C
S315020147600F000000000000000A0000000000000027
S31502014770050000000CFFDF00000000000000000041
S31502014780884701020000000001000000000000004D
S315020147900000000000000000000000000000000010
S315020147A000000000000000000000FFFFFFFFFFFF06
S315020147B0DFDFDFDFDFDF00000000000000000000B6
S315020147C000000000000000000000000000000000E0
S315020147D000000000000000000000000000000000D0
S315020147E000000000020000000000000078480102FB
S315020147F07DF200020000000004480102FF0C0CDFFA
S31502014800060700000000000000000100000002008F
S3150201481000000400000000080000000004093E0038
S31502014820613FC13E004000C0E81F39003C00561EF0
S31502014830DC01E106DC01561E3C003900E81F0004DA
S31502014840F81F0A00F01F1800DC1F3400B31F7600A0
S315020148502E1F890289022E1F7600B31F3400DC1F28
S315020148601800F01F0A00F81F0400FF1FFF1F0000B7
S31502014870E05E080020A10700C42D0422844801023B
S3150201488070690102040000228C48010201080C0031
S31502014890010000000100C1000177000200000000D2
S315020148A0982D04229D000000B0480102000000007C
S315020148B00040000000000000004000000600000069
S315020148C0004000000800000000400000090000004E
S315020148D0004000000C000000450000000D00000031
S315020148E0000C011C00010000000C011C010100006A
S315020148F0000C011C02010000000C011C0301000056
S31502014900000C011C04010000000C011C0501000041
S31502014910000C011C06010000004000000701000016
S31502014920050000000801000045040000090100001D
S31502014930104000000B010000000C010B0C010000ED
S31502014940000C010B0D010000000C010B0E01000011
S31502014950000C010B0F0100000040000000020000E4
S31502014960000C011806020000000C011907020000E2
S31502014970000C010008020000000C010009020000FF
S31502014980000C01000A020000000C01000B020000EB
S31502014990000C010B00030000000C010B01030000D7
S315020149A0000C010B02030000040C000003030000CB
S315020149B0000C011804030000000C01180503000095
S315020149C0000C011806030000000C01180703000081
S315020149D0000C011809030000000C01180A0300006B
S315020149E0400C010700040000400C0107010400000D
S315020149F0000001120204000000000112030400007B
S31502014A000000011204040000000401120504000062
S31502014A100004011206040000000401130704000049
S31502014A2000040114080400000004011F0B04000025
S31502014A30000401180E040000000401180F0400000E
S31502014A400000011300050000000C0103010500002E
S31502014A500004011B02050000000C010B0305000006
S31502014A60000C010B04050000000C010B05050000FA
S31502014A70000C010B06050000000C010B07050000E6
S31502014A80000C010B08050000000C010B09050000D2
S31502014A90000C010B0A050000400401070B0500008A
S31502014AA0400401070C050000000C01190D05000068
S31502014AB0040400000E050000000C01190F05000098
S31502014AC0040C0000000600000504000006060000B2
S31502014AD0000C010B07060000000C010B0806000082
S31502014AE0000C010B09060000000C010B0A0600006E
S31502014AF0000C010B0B060000000C010B0C0600005A
S31502014B00000C010B0D060000000C010B0E06000045
S31502014B10000C010B0F060000000C0119070700002B
S31502014B20050400000807000004040000090700004C
S31502014B30000C01190A070000000C01190B070000FD
S31502014B40000C01190C070000000C01190D070000E9
S31502014B50000C01190E070000000C01190F070000D5
S31502014B60000C011C00080000000C011C01080000D9
S31502014B70000C011C02080000000C011C03080000C5
S31502014B80000C011C04080000000C011905080000B4
S31502014B90000C011906080000000C011907080000A3
S31502014BA0000C011C080800000004011B0C0800008F
S31502014BB0000C010B0D080000000C01130E08000089
S31502014BC0000C01130F080000000C01190209000074
S31502014BD0000C011903090000000C01190409000067
S31502014BE0000C011805090000000C01180609000055
S31502014BF0000C011807090000000C01180809000041
S31502014C00000C011809090000000C01190A0900002B
S31502014C10000C01190B090000000C01190C09000016
S31502014C20000C01190D090000000C01190E09000002
S31502014C30000C01190F090000000C010B000A00000B
S31502014C40000C010B010A0000000C010B020A000014
S31502014C50000C010B030A0000000C010B040A000000
S31502014C60000C010B050A0000000C010B060A0000EC
S31502014C70040C0000070A0000000C010B080A0000E0
S31502014C80000C010B090A0000000C010B0A0A0000C4
S31502014C90000C010B0B0A0000000C010B0C0A0000B0
S31502014CA0000C010B0D0A0000000C010B0E0A00009C
S31502014CB00008010B0F0A0000000C0119000B00008D
S31502014CC0000C0119010B0000000C0119020B000076
S31502014CD0000C0119030B0000000C0119040B000062
S31502014CE0000C0119050B0000000C0119060B00004E
S31502014CF0000C0119070B0000000C010B000C00004F
S31502014D00000C010B010C0000000C010B020C00004F
S31502014D10000C010B030C0000000C010B040C00003B
S31502014D20000C010B050C0000000C010B060C000027
S31502014D30000C010B070C0000000C010B080C000013
S31502014D40000C010B090C0000000C010B0A0C0000FF
S31502014D50000C010B0B0C0000000C010B0C0C0000EB
S31502014D60000C010B0D0C0000000C010B0E0C0000D7
S31502014D70000C010B0F0C0000000C010B000D0000D2
S31502014D80000C0104020D0000000C0104030D0000D9
S31502014D9000040114070D0000A100A200A300A40053
S31502014DA082038503C200C50041000000000800001D
S31502014DB00000000000020000000A000000000000DE
S31502014DC000010000000000000000010101010101D3
S31502014DD000010001000101010001010000010101C0
S31502014DE000000000000101000001010100010101B2
S31502014DF00000000000000000000101006E756D5FF9
S31502014E00626173655F61646472203C3D204E505558
S31502014E105F5245475F42415345505F4152524C45AD
S31502014E204E0000002E2E2F72612F6E70752F657443
S31502014E30686F732D752D636F72652D647269766560
S31502014E40722F7372632F6574686F73755F6465760B
S31502014E506963655F7535355F7536352E630000000A
S31502014E607162617365203C3D20414444524553536E
S31502014E705F4D41534B00000061646472203C3D204A
S31502014E80414444524553535F4D41534B0000000088
S31502014E9076657220213D204E554C4C002E2E2F72E6
S31502014EA0612F6E70752F6574686F732D752D636F23
S31502014EB072652D6472697665722F7372632F6574DA
S31502014EC0686F73755F6472697665722E630000009E
S31502014ED0637573746F6D5F646174615F7074722060
S31502014EE0213D204E554C4C00626173655F616464DD
S31502014EF07220213D204E554C4C00000062617365C3
S31502014F005F616464725F73697A6520213D204E5543
S31502014F104C4C00005B524D5F4554484F53555F4F11
S31502014F2070656E5D20705F6374726C203D2030780F
S31502014F30253038580A0000005B524D5F4554484FF0
S31502014F4053555F4F70656E5D20705F6374726C2D91
S31502014F503E705F6578745F636667203D2030782511
S31502014F603038580A000000005B524D5F4554484FE5
S31502014F7053555F4F70656E5D20705F6374726C2D61
S31502014F803E705F6578745F6366672D3E705F646528
S31502014F9076203D203078253038580A004E4D490A90
S31502014FA0000000002A2A2A2048617264206661757F
S31502014FB06C74202A2A2A202063747874736B3A252A
S31502014FC0642020484653523A2578202043465352BC
S31502014FD03A25780A000000002A2A2A2048617264CA
S31502014FE0206661756C74202A2A2A202063747874DB
S31502014FF0736B3A25642020484653523A2578257820
S315020150000A0000004D5055204661756C740A000075
S31502015010427573204661756C740A00005B557361B3
S315020150206765204661756C742044657465637465B1
S31502015030645D0A00434653523A2030782530385887
S315020150402028554653523A20307825303458290AB9
S3150201505000000000537461636B65642052303A208C
S31502015060203078253038580A0000000053746163F5
S315020150706B65642052313A20203078253038580A3F
S3150201508000000000537461636B65642052323A205A
S31502015090203078253038580A0000000053746163C5
S315020150A06B65642052333A20203078253038580A0D
S315020150B000000000537461636B6564205231323A19
S315020150C0203078253038580A000000005374616395
S315020150D06B6564204C523A20203078253038580AC4
S315020150E000000000537461636B65642050433A20EB
S315020150F0203078253038580A000000005374616365
S315020151006B6564205053523A203078253038580A5C
S3150201511000000000535643616C6C0A0044656275D7
S3150201512067204D6F6E69746F720A00000A3C3C205B
S3150201513053595354454D2052455345542026205226
S31502015140455354415254203E3E0A00000A3C3C203B
S3150201515053595354454D20464153542052455354B5
S31502015160415254203E3E0A000A3C3C2053595354B4
S31502015170454D2052455354415254203E3E0A0000A9
S3150201518058000000780000002000000030000000F6
S31502015190444D4C6B00000000214552524F522120D2
S315020151A0696E69745F496D616C6C6F630A00000018
S315020151B0214552524F522120696E69745F646576A8
S315020151C06963650A00000000214552524F522120AF
S315020151D0696E69745F696E697469616C697A650A77
S315020151E000000000214552524F5221206B65726E1A
S315020151F0656C206F626A65637420696E69746961A0
S315020152006C697A650A000000214552524F522120EB
S3150201521053797374656D2074696D65722073746157
S31502015220727475700A000000214552524F522120B4
S31502015230496E697469616C205461736B2063616E96
S31502015240206E6F742073746172740A002145525282
S315020152504F522120496E697469616C205461736BE6
S315020152602063616E206E6F742063726561740A0039
S315020152700A0A6D6963726F542D4B65726E656C20F5
S3150201528056657273696F6E2025782E253032780A3B
S315020152900A000000214552524F522120496E69747B
S315020152A0205461736B2073746172740A00000000EA
S315020152B00A3C3C2053595354454D205348555444B6
S315020152C04F574E203E3E0A004552523A20666169C8
S315020152D06C656420746F20616C6C6F636174652008
S315020152E074656E736F72206172656E610A000000E9
S315020152F04D6F6E69746F72696E67206C6561726E4D
S31502015300696E675F626C6F636B732061742061649F
S315020153106472657373203078253038582E20496EB1
S31502015320697469616C3A203078253038580A000070
S315020153302121212056414C5545204348414E47459E
S315020153404420212121204F6C643A203078253038BF
S31502015350582C204E65773A203078253038580A0085
S3150201536070747200766F6964207B616E6F6E796DFF
S315020153706F75737D3A3A65695F616C69676E6564DB
S315020153805F6672656528766F69642A2900000000E6
S31502015390433A2F55736572732F696F74656E2F6564
S315020153A0325F73747564696F2F776F726B73706195
S315020153B063652F74726F6E5F70646D5F6465746589
S315020153C063742F6170706C69636174696F6E2F65A6
S315020153D06467652D696D70756C73652D73646B2FCA
S315020153E0636C61737369666965722F65695F616C66
S315020153F069676E65645F6D616C6C6F632E68000030
S31502015400454B2D52413850312050444D204D494390
S31502015410524F50484F4E45205445535420286D69EA
S3150201542063726F542D4B65726E656C20332E302973
S31502015430000000005B434845434B20315D206C650B
S3150201544061726E696E675F626C6F636B73203D207A
S315020154503078253038582C207362726B5F6F66661E
S31502015460736574203D203078253038582C207362BC
S31502015470726B5F7374617274203D20307825303807
S31502015480582C20667265655F6C697374203D203005
S3150201549078253038580A00005B434845434B203291
S315020154A05D206C6561726E696E675F626C6F636BBC
S315020154B073203D203078253038582C207362726B68
S315020154C05F6F6666736574203D20307825303858E3
S315020154D02C207362726B5F7374617274203D20308B
S315020154E078253038582C20667265655F6C6973744D
S315020154F0203D203078253038580A00005B43484564
S31502015500434B20335D206C6561726E696E675F6223
S315020155106C6F636B73203D203078253038582C2010
S315020155207362726B5F6F6666736574203D203078B5
S31502015530253038582C207362726B5F7374617274F2
S31502015540203D203078253038582C20667265655FFB
S315020155506C697374203D203078253038580A000072
S315020155600A3D3D3D2043616D65726120493243200A
S3150201557026204C43442044324420436F6E6E6563B9
S3150201558074696F6E2054657374205374617274204A
S315020155903D3D3D0A00000000526573657474696EF3
S315020155A0672043616D657261202843414D45524131
S315020155B05F5245534554202D3E2050373039292E0E
S315020155C02E2E0A005374617274696E672047505415
S315020155D020436C6F636B20666F722043616D657247
S315020155E0612058434C4B2028675F63616D5F636C92
S315020155F06B292E2E2E0A00004F70656E696E67208A
S31502015600493243204D61737465722028675F636175
S315020156106D5F6932635F6D6173746572292E2E2E19
S315020156200A00000052656164696E67204F5635367D
S3150201563034302050726F6475637420494420726558
S315020156406769737465727320766961204932432EE4
S315020156502E2E0A0050726F647563742049442052DB
S315020156606561643A2048203D203078253032582C35
S31502015670204C203D203078253032580A00000000A7
S315020156804552524F523A2043616D65726120636FF2
S315020156906D6D756E69636174696F6E206661696CA1
S315020156A065642E0A00000000535543434553533A9D
S315020156B02043616D65726120636F6E6E6563746905
S315020156C06F6E2076657269666965642120284F5678
S315020156D035363430206465746563746564290A005D
S315020156E04552524F523A2050726F64756374204983
S315020156F044206D69736D617463680A00546573743D
S31502015700696E6720706879736963616C20534452CC
S31502015710414D20617420616464726573732030782F
S31502015720253038582E2E2E0A0000000053445241CD
S315020157304D20766572696669636174696F6E20666A
S3150201574061696C656420617420696E6465782025DF
S31502015750642120526561643A203078253038582C0C
S315020157602045787065637465643A2030782530384F
S31502015770580A00004552524F523A20534452414D63
S3150201578020706879736963616C206D656D6F7279DA
S315020157902077726974652F72656164206661696C2E
S315020157A06564210A00000000534452414D2076658A
S315020157B072696669636174696F6E20535543434525
S315020157C05353210A000000005B434845434B2034F2
S315020157D05D206C6561726E696E675F626C6F636B89
S315020157E073203D203078253038582C207362726B35
S315020157F05F6F6666736574203D20307825303858B0
S315020158002C207362726B5F7374617274203D203057
S3150201581078253038582C20667265655F6C69737419
S31502015820203D203078253038580A00003D3D3D2084
S3150201583053657474696E672042757320536C617681
S3150201584065204172626974726174696F6E20746F48
S31502015850204669786564205072696F72697479208D
S315020158602847726F7570203329203D3D3D0A00009D
S31502015870436C656172696E6720534452414D2066DD
S3150201588072616D656275666665727320746F2062F8
S315020158906C61636B2E2E2E0A000000005B434845A5
S315020158A0434B20355D206C6561726E696E675F627E
S315020158B06C6F636B73203D203078253038582C206D
S315020158C07362726B5F6F6666736574203D20307812
S315020158D0253038582C207362726B5F73746172744F
S315020158E0203D203078253038582C20667265655F58
S315020158F06C697374203D203078253038580A0000CF
S31502015900496E697469616C697A696E67204C4344B0
S315020159102028474C434443292E2E2E200A000000FC
S315020159204552524F523A204661696C656420746F42
S31502015930206F70656E20474C4344432028307825FA
S3150201594078290A004552524F523A204661696C65DE
S315020159506420746F20737461727420474C4344430C
S31502015960202830782578290A000000005B43484543
S31502015970434B20365D206C6561726E696E675F62AC
S315020159806C6F636B73203D203078253038582C209C
S315020159907362726B5F6F6666736574203D20307841
S315020159A0253038582C207362726B5F73746172747E
S315020159B0203D203078253038582C20667265655F87
S315020159C06C697374203D203078253038580A0000FE
S315020159D05B434845434B2036415D206C6561726EDF
S315020159E0696E675F626C6F636B73203D2030782549
S315020159F03038582C207362726B5F6F6666736574FA
S31502015A00203D203078253038582C207362726B5F26
S31502015A107374617274203D203078253038582C20F9
S31502015A20667265655F6C697374203D203078253036
S31502015A3038580A004C4344204261636B6C696768BB
S31502015A407420656E61626C65642E0A005B4348458B
S31502015A50434B2036425D206C6561726E696E675FEB
S31502015A60626C6F636B73203D203078253038582C79
S31502015A70207362726B5F6F6666736574203D2030B8
S31502015A8078253038582C207362726B5F7374617299
S31502015A9074203D203078253038582C206672656591
S31502015AA05F6C697374203D203078253038580A00BE
S31502015AB0496E697469616C697A696E6720442F411E
S31502015AC056452032442047726170686963732045E6
S31502015AD06E67696E652E2E2E0A00000054455354D8
S31502015AE0204D414C4C4F433A206164647265737395
S31502015AF0203D203078253038580A000044325F486C
S31502015B00414E444C4520416464726573733A2030B8
S31502015B1078253038580A00005B434845434B203606
S31502015B20435D206C6561726E696E675F626C6F635D
S31502015B306B73203D203078253038582C20736272E1
S31502015B406B5F6F6666736574203D20307825303849
S31502015B50582C207362726B5F7374617274203D20DC
S31502015B603078253038582C20667265655F6C69730A
S31502015B7074203D203078253038580A005B5F736205
S31502015B80726B204C4F472025645D20696E6372203B
S31502015B903D2025642C206F66667365745F626566B7
S31502015BA06F7265203D203078253038582C20726579
S31502015BB074203D203078253038580A005B5F7362C5
S31502015BC0726B204432204C4F472025645D20696E5A
S31502015BD06372203D2025642C206F66667365745FAF
S31502015BE06265666F7265203D203078253038582C03
S31502015BF020726574203D203078253038580A00001D
S31502015C004552524F523A204661696C656420746F5F
S31502015C10206F70656E20442F41564520324420651F
S31502015C206E67696E650A00005B434845434B203740
S31502015C305D206C6561726E696E675F626C6F636B24
S31502015C4073203D203078253038582C207362726BD0
S31502015C505F6F6666736574203D203078253038584B
S31502015C602C207362726B5F7374617274203D2030F3
S31502015C7078253038582C20667265655F6C697374B5
S31502015C80203D203078253038580A00005072652DA3
S31502015C9072656E646572696E67206261636B6772B3
S31502015CA06F756E6420616E6420737461746963201A
S31502015CB0626F726465727320746F20616C6C20333B
S31502015CC0206672616D65627566666572732E2E2E29
S31502015CD00A0000005B434845434B20385D206C6552
S31502015CE061726E696E675F626C6F636B73203D20D2
S31502015CF03078253038582C207362726B5F6F666676
S31502015D00736574203D203078253038582C20736213
S31502015D10726B5F7374617274203D2030782530385E
S31502015D20582C20667265655F6C697374203D20305C
S31502015D3078253038580A00004F70656E696E672003
S31502015D4050444D206472697665722028675F7064DB
S31502015D506D30292E2E2E0A005B434845434B2039CE
S31502015D605D206C6561726E696E675F626C6F636BF3
S31502015D7073203D203078253038582C207362726B9F
S31502015D805F6F6666736574203D203078253038581A
S31502015D902C207362726B5F7374617274203D2030C2
S31502015DA078253038582C20667265655F6C69737484
S31502015DB0203D203078253038580A000050444D20C5
S31502015DC0647269766572206F70656E65642E2057FE
S31502015DD0616974696E6720666F7220736574746C8B
S31502015DE0696E672E2E2E0A0050444D20636170742F
S31502015DF07572652073746172746564207375636369
S31502015E0065737366756C6C792E0A00004552524FA2
S31502015E10523A204661696C656420746F207374611D
S31502015E2072742050444D2063617074757265202826
S31502015E3030782578290A00004552524F523A2046B7
S31502015E4061696C656420746F206F70656E205044C1
S31502015E504D20647269766572202830782578290A80
S31502015E60000000005374617274696E6720442F4109
S31502015E7056452032442052656E646572696E67200A
S31502015E804C6F6F70202850444D20417564696F2014
S31502015E9056697375616C697A6572292E2E2E0A000E
S31502015EA04C6F6F702025643A2056626C616E6B3AB4
S31502015EB02025642C2050444D3A2025642C20524D35
S31502015EC0533A2025642C20447261774275663A2042
S31502015ED025640A0020205261772053616D706C653A
S31502015EE0733A2030782530385820307825303858A2
S31502015EF020307825303858203078253038580A0035
S31502015F0050444D205354415455533A2052554E4E06
S31502015F10494E4720202049525120434F554E543A6B
S31502015F202025640050444D205354415455533A2080
S31502015F304552524F522028307825303458290000D4
S31502015F40524D5320564F4C554D453A20256420203B
S31502015F50205045414B2D544F2D5045414B3A20255A
S31502015F6064000000474C43444320427566666572ED
S31502015F704368616E6765204572726F723A202564C5
S31502015F800A000000537461727420557365722D6D97
S31502015F9061696E2070726F6772616D202843616D4F
S31502015FA06572612026204C434420443244205465C4
S31502015FB07374292E0A0000004552523A206F7574F5
S31502015FC07075742074656E736F72206861732073C5
S31502015FD0697A652025642C2062757420696E707554
S31502015FE074206D61747269782068617320686173C7
S31502015FF02073697A652025640A0000004552523AE7
S315020160002043616E6E6F742068616E646C65206FE9
S315020160107574707574207479706520282564290A4F
S31502016020000000006D65616E733A20006178697344
S315020160303A2025690A000000256620004552523A97
S315020160402043616E6E6F742068616E646C652069AF
S315020160506E707574207479706520282564290A008A
S315020160604552523A20696E7075742074656E736F6B
S3150201607072206861732073697A65202564206279CA
S315020160807465732C2062757420696E707574206D47
S31502016090617472697820686173206861732073691B
S315020160A07A652025642062797465730A000000000E
S315020160B04661696C656420746F20696E69746961F1
S315020160C06C697A6520746865206D6F64656C202839
S315020160D06572726F7220636F6465202564290A00F6
S315020160E025660000766563746F723A3A7265736566
S315020160F072766500766563746F723A3A5F4D5F72C6
S3150201610065616C6C6F635F696E7365727400000022
S3150201611028616C69676E20262028616C69676E208A
S315020161202D20312929203D3D20300000766F6964FA
S315020161302A207B616E6F6E796D6F75737D3A3A6552
S31502016140695F616C69676E65645F63616C6C6F63DD
S315020161502873697A655F742C2073697A655F74297D
S3150201616000000000477261797363616C650000008B
S315020161704552523A204661696C656420746F2072F9
S31502016180756E204453502070726F636573732028B5
S315020161902564290A000000004665617475726573FB
S315020161A020282564206D732E293A20004552523A41
S315020161B0204F7574206F66206D656D6F72792C2084
S315020161C063616E277420616C6C6F6361746520660E
S315020161D0656174757265730A000000004552523A90
S315020161E0204F7574206F66206D656D6F72792C2054
S315020161F063616E277420616C6C6F63617465206DD7
S3150201620061747269785F707472735B256C755D0A6D
S31502016210000000004552523A20576F756C64207790
S3150201622072697465206F7574736964652066656148
S3150201623074757265206275666665720A00000000F1
S31502016240494E464F0000000025733A200000000027
S31502016250496D70756C7365206D61696E7461696EE5
S31502016260732073746174652E2043616C6C207275A0
S315020162706E5F636C61737369666965725F696E6984
S3150201628074282920746F2072657365742073746192
S3150201629074652028652E672E206966206461746103
S315020162A02073747265616D20697320696E746572FB
S315020162B07275707465642E290A00000052756E6E3D
S315020162C0696E6720696D70756C73652E2E2E0A00D4
S315020162D03D3D3D205374617274696E672041726D52
S315020162E0204574686F732D553535204E505520560D
S315020162F06F69636520446574656374696F6E2054C2
S3150201630061736B20287461736B5F33292E2E2E20E5
S315020163103D3D3D0A000000004552524F523A204689
S3150201632061696C656420746F206F70656E204172BD
S315020163306D204574686F732D553535204E505520A5
S315020163402830782578290A00535543434553533A51
S315020163502041726D204574686F732D553535204E77
S3150201636050552064726976657220696E6974696135
S315020163706C697A6564207375636365737366756C9C
S315020163806C79210A000000003D3D3D204449414708
S315020163904E4F5354494353203D3D3D0A00000000F0
S315020163A053697A65206F662065695F696D70756CE0
S315020163B073655F743A2025640A0000004F666673AE
S315020163C06574206F66206473705F626C6F636B73B2
S315020163D03A2025640A0000004F6666736574206FD1
S315020163E066206C6561726E696E675F626C6F636B64
S315020163F0733A2025640A00004F6666736574206F3E
S315020164006620706F737470726F63657373696E67FA
S315020164105F626C6F636B733A2025640A00000000A9
S315020164204F6666736574206F66206C6162656C5F88
S31502016430636F756E743A2025640A00004F666673AF
S315020164406574206F662063617465676F726965732F
S315020164503A2025640A000000696D70756C73655FE8
S315020164603934333532395F3120616464726573734D
S315020164703A203078253038580A0000006C6561727E
S315020164806E696E675F626C6F636B732076616C75A2
S315020164906520696E207374727563743A20307825AB
S315020164A03038580A000000006C6561726E696E67C9
S315020164B05F626C6F636B732061637475616C2061DB
S315020164C06464726573733A203078253038580A004D
S315020164D03D3D3D3D3D3D3D3D3D3D3D3D3D3D3D3DE3
S315020164E03D3D3D0A000000004445544543544544A0
S315020164F03A2025732028256425252900252D3234A5
S31502016500730000004E4E3A2025642E253033642056
S315020165106D7300005B7461736B5F335D2044455498
S3150201652045435445443A20257320282564252529C7
S31502016530207C204453503A2025642E253033642092
S315020165406D73207C204E4E3A2025642E253033640D
S31502016550206D73207C20546F74616C3A2025642E61
S3150201656025303364206D730A000000005B74617389
S315020165706B5F335D2072756E5F636C6173736966FF
S31502016580696572206661696C656420776974682041
S3150201659025640A0044455445435445443A2045522C
S315020165A0524F522028256429202000004E4E3A20BF
S315020165B02D206D7320202020202020202020202025
S315020165C020202020000000004552520041524D2059
S315020165D0434D534953204572726F723A2025640026
S315020165E048572052464654206661696C65642C20E0
S315020165F04646542073697A65206E6F7420737570EE
S31502016600706F727465642E204D75737420626520F5
S315020166106120706F776572206F6620322062657421
S315020166207765656E20256420616E642025642C20C1
S315020166302873697A65207761732025642900000031
S3150201664048572052464654206661696C65642C207F
S3150201665066616C6C696E67206261636B20746F2080
S31502016660535700004552523A20556E6B6E6F776E44
S3150201667020657874726163742066756E6374696FDE
S315020166806E2C206F6E6C79204D4643432C204D466D
S315020166904520616E64207370656374726F677261FF
S315020166A06D20737570706F727465640A0000000064
S315020166B04552523A20636D766E77206661696C6542
S315020166C06420282564290A004552523A206E6F72C7
S315020166D06D616C697A6174696F6E206661696C6558
S315020166E06420282564290A0046656174757265204D
S315020166F04D61747269783A200A0000004E756C6C1D
S3150201670020636865636B206661696C65640A0000D3
S315020167106F75745F6D6174726978203D20256478A6
S3150201672025640A0063616C63756C61746564207328
S31502016730697A65203D2025647825640A00000000F7
S315020167404552523A205370656374726F6772616D76
S31502016750206661696C656420282564290A000000A7
S315020167607269676874203C20706F7765725F737017
S3150201677065637472756D5F6672616D655F73697A61
S315020167806500000073746174696320696E74206523
S31502016790693A3A73706565636870793A3A66656112
S315020167A0747572653A3A6D66652865693A3A6D613C
S315020167B0747269785F742A2C2065693A3A6D61743C
S315020167C07269785F742A2C2065693A3A7369676E31
S315020167D0616C5F742A2C2075696E7433325F742C76
S315020167E020666C6F61742C20666C6F61742C207547
S315020167F0696E7431365F742C2075696E7431365F39
S31502016800742C2075696E7433325F742C2075696E2F
S315020168107433325F742C2075696E7431365F742954
S3150201682000000000433A2F55736572732F696F7426
S31502016830656E2F65325F73747564696F2F776F7238
S315020168406B73706163652F74726F6E5F70646D5FD7
S315020168506465746563742F6170706C6963617469D0
S315020168606F6E2F656467652D696D70756C73652D25
S3150201687073646B2F6473702F7370656563687079C7
S315020168802F666561747572652E687070000000006E
S315020168904552523A204D464343206661696C65640E
S315020168A020282564290A00006D69736F6A69000050
S315020168B0736F756E642D696E7465726661636500C8
S315020168C0496D70756C7365202331000061756469C9
S315020168D06F0000005369676E616C0000646F776E2A
S315020168E0000000006C656674000000006E6F69733B
S315020168F06500000072696768740000007570000027
S315020169006574686F73755F6465765F72756E5F63D2
S315020169106F6D6D616E645F73747265616D00000007
S315020169206574686F73755F696E766F6B655F6173A8
S31502016930796E6300020403040404000000010200EC
S3150201694000010203000000002000200010001000D8
S3150201695010000800040001000401000203050607F5
S315020169600C343440143434401C343440243434401E
S31502016970ED940002D99400028D9500023192000233
S315020169805995000211920002259200023D920002DF
S315020169908592000275920002799200020A000000B5
S315020169A0546B010218000000D469010204000000C0
S315020169B0B46901020000006800000068000000805E
S315020169C0000000800000007000000070A004002298
S315020169D0A004002200000068000000680000009088
S315020169E00001090D0000006800000068000000783F
S315020169F000010B0D0000006800000068000000277E
S31502016A000001020D00000068000000686400000237
S31502016A100001010D000000800000008000000090CE
S31502016A2000010908000000800000008000000078D3
S31502016A3000010B0800000080000000800000002712
S31502016A4000010208000000800000008064000002CC
S31502016A5000010108000000700000007000000090B3
S31502016A600001090A000000700000007000000078B1
S31502016A7000010B0A000000700000007000000027F0
S31502016A800001020A000000700000007064000002AA
S31502016A900001010A00000000000000000000009051
S31502016AA00101090500000000000000000000007855
S31502016AB001010B0500000000000000000000002794
S31502016AC0010002050000000000000000640000024F
S31502016AD001000105000000200000002000000090D6
S31502016AE001010904000000200000002000000078D6
S31502016AF001010B0400000020000000200000002715
S31502016B0001000204000000200000002064000002CF
S31502016B100100010400000022000000220000009092
S31502016B200001090300000022000000220000007893
S31502016B3000010B03000000220000002200000027D2
S31502016B4000000203000000229404002264000002F5
S31502016B500000010300000068000000680001000D4A
S31502016B6000723868007238680001000D000000806A
S31502016B700000008000010008000000800000008083
S31502016B800001000800000070000000700001000A08
S31502016B9000000070000000700001000A0000000001
S31502016BA00000000001000005000000200000002096
S31502016BB00100000494040022A00400220000000344
S31502016BC0002D042266C20422000000030100020015
S31502016BD00800100020000000C0FFFFFFC4FFFFFFF6
S31502016BE0E0FFFFFFE4FFFFFFC0FFFFFFC4FFFFFF60
S31502016BF0E0FFFFFFE4FFFFFF000000000000803F0F
S31502016C00D40FC93AECFF7F3FC70F493BB1FF7F3F24
S31502016C10C1CB963B4EFF7F3F890FC93BC4FE7F3FE7
S31502016C203053FB3B13FE7F3F59CB163C39FD7F3F69
S31502016C3002ED2F3C39FC7F3F900E493C11FB7F3F11
S31502016C400030623CC1F97F3F4B517B3C4AF87F3FA2
S31502016C5038398A3CACF67F3FB6C9963CE6F47F3FAB
S31502016C601C5AA33CF8F27F3F69EAAF3CE3F07F3F4F
S31502016C709B7ABC3CA7EE7F3FB00AC93C43EC7F3FFF
S31502016C80A69AD53CB8E97F3F7B2AE23C05E77F3FDE
S31502016C902DBAEE3C2BE47F3FB949FB3C29E17F3F0C
S31502016CA090EC033D00DE7F3F2F340A3DAFDA7F3F92
S31502016CB0B87B103D37D77F3F2CC3163D98D37F3F14
S31502016CC0880A1D3DD1CF7F3FCC51233DE2CB7F3F89
S31502016CD0F698293DCCC77F3F07E02F3D8FC37F3F03
S31502016CE0FC26363D2ABF7F3FD56D3C3D9EBA7F3F8E
S31502016CF091B4423DEAB57F3F2FFB483D0FB17F3F3D
S31502016D00AF414F3D0DAC7F3F0E88553DE3A67F3F18
S31502016D104CCE5B3D91A17F3F6814623D189C7F3F3B
S31502016D20625A683D78967F3F38A06E3DB1907F3FAB
S31502016D30E9E5743DC28A7F3F742B7B3DAB847F3F7D
S31502016D406CB8803D6D7E7F3F0ADB833D08787F3FCD
S31502016D5094FD863D7B717F3F0A208A3DC76A7F3F4C
S31502016D606A428D3DEC637F3FB464903DE95C7F3FAF
S31502016D70E786933DBF557F3F05A9963D6D4E7F3F01
S31502016D800ACB993DF4467F3FF9EC9C3D543F7F3F48
S31502016D90CF0EA03D8D377F3F8C30A33D9D2F7F3F88
S31502016DA03052A63D87277F3FBA73A93D491F7F3FD0
S31502016DB02B95AC3DE4167F3F80B6AF3D580E7F3F23
S31502016DC0BBD7B23DA4057F3FDAF8B53DC9FC7E3F8C
S31502016DD0DD19B93DC7F37E3FC33ABC3D9DEA7E3F0D
S31502016DE08D5BBF3D4CE17E3F397CC23DD4D77E3FB0
S31502016DF0C69CC53D34CE7E3F36BDC83D6DC47E3F81
S31502016E0086DDCB3D7FBA7E3FB7FDCE3D69B07E3F83
S31502016E10C81DD23D2DA67E3FB93DD53DC99B7E3FBC
S31502016E20895DD83D3D917E3F377DDB3D8B867E3F39
S31502016E30C49CDE3DB17B7E3F2EBCE13DB0707E3F00
S31502016E4076DBE43D88657E3F9AFAE73D385A7E3F16
S31502016E509A19EB3DC14E7E3F7638EE3D23437E3F86
S31502016E602E57F13D5E377E3FC075F43D722B7E3F54
S31502016E702C94F73D5E1F7E3F73B2FA3D24137E3F8B
S31502016E8092D0FD3DC2067E3F4577003E38FA7D3FF0
S31502016E902E06023E88ED7D3F0295033EB1E07D3F1F
S31502016EA0C223053EB2D37D3F6EB2063E8CC67D3FFE
S31502016EB00541083E40B97D3F86CF093ECCAB7D3FB9
S31502016EC0F35D0B3E309E7D3F4AEC0C3E6E907D3F5C
S31502016ED08B7A0E3E85827D3FB708103E74747D3FE4
S31502016EE0CC96113E3D667D3FCA24133EDE577D3F59
S31502016EF0B2B2143E59497D3F8340163EAC3A7D3FBC
S31502016F003DCE173ED82B7D3FE05B193EDD1C7D3F12
S31502016F106BE91A3EBC0D7D3FDE761C3E73FE7C3F5D
S31502016F2038041E3E03EF7C3F7B911F3E6CDF7C3FA4
S31502016F30A51E213EAECF7C3FB6AB223EC9BF7C3FEA
S31502016F40AD38243EBDAF7C3F8CC5253E8A9F7C3F32
S31502016F505152273E318F7C3FFCDE283EB07E7C3F7C
S31502016F608D6B2A3E086E7C3F04F82B3E3A5D7C3FD0
S31502016F7061842D3E444C7C3FA2102F3E283B7C3F30
S31502016F80C99C303EE5297C3FD428323E7A187C3FA3
S31502016F90C4B4333EE9067C3F9840353E31F57B3F2A
S31502016FA050CC363E53E37B3FEC57383E4DD17B3FC7
S31502016FB06CE3393E20BF7B3FCF6E3B3ECDAC7B3F80
S31502016FC015FA3C3E539A7B3F3E853E3EB2877B3F56
S31502016FD04910403EEA747B3F379B413EFC617B3F51
S31502016FE00726433EE74E7B3FB9B0443EAB3B7B3F70
S31502016FF04D3B463E48287B3FC2C5473EBE147B3FBA
S315020170001850493E0E017B3F4FDA4A3E37ED7A3F31
S3150201701067644C3E3AD97A3F60EE4D3E16C57A3FD9
S3150201702038784F3ECBB07A3FF101513E599C7A3FB7
S31502017030898B523EC1877A3F0115543E02737A3FCC
S31502017040589E553E1C5E7A3F8F27573E10497A3F1E
S31502017050A4B0583EDD337A3F97395A3E841E7A3FB1
S315020170606AC25B3E04097A3F1A4B5D3E5EF3793F83
S31502017070A8D35E3E91DD793F135C603E9DC7793FA1
S315020170805CE4613E83B1793F836C633E439B793F06
S3150201709086F4643EDC84793F667C663E4E6E793FB9
S315020170A02204683E9A57793FBA8B693EC040793FBE
S315020170B02F136B3EBF29793F7F9A6C3E9812793F17
S315020170C0AB216E3E4AFB783FB2A86F3ED6E3783FCC
S315020170D0942F713E3BCC783F51B6723E7BB4783FDA
S315020170E0E83C743E939C783F5AC3753E8684783F4A
S315020170F0A649773E526C783FCCCF783EF853783F1B
S31502017100CB557A3E773B783FA4DB7B3ED122783F53
S3150201711056617D3E040A783FE1E67E3E10F1773FF5
S315020171202236803EF7D7773FC0F8803EB7BE773F1B
S315020171304ABB813E51A5773FC07D823EC58B773FD3
S315020171402240833E1372773F7002843E3A58773F5C
S31502017150AAC4843E3C3E773FCE86853E1724773FBE
S31502017160DF48863ECC09773FDA0A873E5BEF763FF8
S31502017170C1CC873EC4D4763F938E883E07BA763F0A
S315020171805050893E249F763FF8118A3E1B84763FF2
S315020171908AD38A3EEC68763F07958B3E974D763FBA
S315020171A06E568C3E1B32763FC0178D3E7A16763F5F
S315020171B0FCD88D3EB3FA753F229A8E3EC6DE753FE6
S315020171C0325B8F3EB3C2753F2C1C903E7BA6753F48
S315020171D010DD903E1C8A753FDD9D913E976D753F90
S315020171E0945E923EED50753F351F933E1D34753FB9
S315020171F0BFDF933E2717753F31A0943E0BFA743FCA
S315020172008D60953EC9DC743FD220963E62BF743FC3
S3150201721000E1963ED5A1743F17A1973E2284743FA1
S315020172201661983E4966743FFE20993E4B48743F6B
S31502017230CEE0993E272A743F86A09A3EDD0B743F23
S3150201724027609B3E6EED733FAF1F9C3ED9CE733FC7
S3150201725020DF9C3E1FB0733F789E9D3E3F91733F58
S31502017260B85D9E3E3972733FDF1C9F3E0E53733FDC
S31502017270EEDB9F3EBE33733FE59AA03E4714733F52
S31502017280C259A13EACF4723F8718A23EEBD4723FBB
S3150201729033D7A23E04B5723FC595A33EF894723F19
S315020172A03F54A43EC774723F9F12A53E7054723F6B
S315020172B0E5D0A53EF433723F128FA63E5213723FBA
S315020172C0254DA73E8CF2713F1F0BA83E9FD1713F00
S315020172D0FEC8A83E8EB0713FC486A93E578F713F44
S315020172E06F44AA3EFB6D713F0102AB3E7A4C713F80
S315020172F077BFAB3ED42A713FD47CAC3E0809713FBD
S31502017300153AAD3E17E7703F3CF7AD3E02C5703FF9
S3150201731049B4AE3EC6A2703F3A71AF3E6680703F37
S31502017320102EB03EE15D703FCBEAB03E373B703F77
S315020173306BA7B13E6718703FEF63B23E73F56F3FBD
S315020173405820B33E5AD26F3FA5DCB33E1BAF6F3F07
S31502017350D698B43EB88B6F3FEC54B53E30686F3F5A
S31502017360E610B63E83446F3FC3CCB63EB0206F3FB4
S315020173708488B73EBAFC6E3F2A44B83E9ED86E3F19
S31502017380B2FFB83E5DB46E3F1EBBB93EF88F6E3F8B
S315020173906E76BA3E6D6B6E3FA031BB3EBE466E3F08
S315020173A0B6ECBB3EEB216E3FAFA7BC3EF2FC6D3F96
S315020173B08B62BD3ED5D76D3F4A1DBE3E93B26D3F30
S315020173C0EBD7BE3E2D8D6D3F6F92BF3EA1676D3FDE
S315020173D0D54CC03EF2416D3F1E07C13E1D1C6D3F9D
S315020173E048C1C13E24F66C3F557BC23E07D06C3F75
S315020173F04435C33EC5A96C3F15EFC33E5E836C3F60
S31502017400C8A8C43ED45C6C3F5C62C53E24366C3F60
S31502017410D21BC63E500F6C3F29D5C63E58E86B3F7C
S31502017420628EC73E3BC16B3F7C47C83EFB996B3FB1
S315020174307700C93E95726B3F53B9C93E0C4B6B3F00
S315020174401072CA3E5E236B3FAE2ACB3E8CFB6A3F6D
S315020174502CE3CB3E95D36A3F8B9BCC3E7BAB6A3FFB
S31502017460CA53CD3E3C836A3FEA0BCE3ED95A6A3FA6
S31502017470EAC3CE3E52326A3FCA7BCF3EA7096A3F72
S315020174808A33D03ED7E0693F2AEBD03EE4B7693F63
S31502017490AAA2D13ECC8E693F095AD23E9165693F75
S315020174A04811D33E323C693F67C8D33EAE12693FAB
S315020174B0647FD43E07E9683F4136D53E3CBF683F0B
S315020174C0FDECD53E4C95683F99A3D63E396B683F94
S315020174D0135AD73E0341683F6B10D83EA816683F40
S315020174E0A3C6D83E2AEC673FB97CD93E87C1673F1E
S315020174F0AD32DA3EC196673F80E8DA3ED86B673F26
S31502017500319EDB3ECA40673FC153DC3E9915673F58
S315020175102E09DD3E45EA663F79BEDD3ECCBE663FBB
S31502017520A273DE3E3093663FA928DF3E7167663F4E
S315020175308DDDDF3E8E3B663F4F92E03E880F663F12
S31502017540EE46E13E5EE3653F6AFBE13E10B7653F0B
S31502017550C4AFE23EA08A653FFA63E33E0B5E653F36
S315020175600E18E43E5431653FFECBE43E7904653F95
S31502017570CB7FE53E7BD7643F7533E63E59AA643F2E
S31502017580FBE6E63E147D643F5D9AE73EAC4F643FFF
S315020175909C4DE83E2122643FB700E93E73F4633F06
S315020175A0AEB3E93EA1C6633F8166EA3EAC98633F4C
S315020175B03019EB3E956A633FBBCBEB3E5A3C633FC8
S315020175C0217EEC3EFC0D633F6330ED3E7BDF623F85
S315020175D080E2ED3ED7B0623F7994EE3E1082623F81
S315020175E04C46EF3E2653623FFBF7EF3E1A24623FBB
S315020175F085A9F03EEAF4613FEA5AF13E98C5613F38
S31502017600290CF23E2296613F43BDF23E8A66613FF4
S31502017610386EF33ED036613F071FF43EF206613FF4
S31502017620B1CFF43EF2D6603F3580F53ECFA6603F3C
S315020176309330F63E8976603FCBE0F63E2146603FC7
S31502017640DC90F73E9615603FC840F83EE9E45F3F9D
S315020176508EF0F83E19B45F3F2DA0F93E27835F3FB6
S31502017660A54FFA3E12525F3FF7FEFA3EDB205F3F1D
S3150201767022AEFB3E81EF5E3F275DFC3E05BE5E3FCD
S31502017680040CFD3E678C5E3FBBBAFD3EA65A5E3FC9
S315020176904A69FE3EC3285E3FB217FF3EBEF65D3F14
S315020176A0F3C5FF3E97C45D3F063A003F4D925D3FEB
S315020176B0FF90003FE15F5D3FE4E7003F532D5D3FF1
S315020176C0B53E013FA3FA5C3F7395013FD1C75C3FCB
S315020176D01CEC013FDD945C3FB142023FC7615C3F56
S315020176E03299023F8E2E5C3F9FEF023F34FB5B3F96
S315020176F0F845033FB8C75B3F3D9C033F1A945B3F86
S315020177006DF2033F5A605B3F8948043F792C5B3F28
S31502017710919E043F75F85A3F84F4043F50C45A3F80
S31502017720624A053F09905A3F2CA0053FA05B5A3F8A
S31502017730E2F5053F16275A3F824B063F6AF2593F49
S315020177400EA1063F9CBD593F86F6063FAD88593FBD
S31502017750E84B073F9C53593F36A1073F6A1E593FE3
S315020177606FF6073F17E9583F924B083FA1B3583FBF
S31502017770A1A0083F0B7E583F9BF5083F5348583F4F
S315020177807F4A093F7912583F4E9F093F7FDC573F97
S3150201779009F4093F63A6573FAD480A3F2670573F92
S315020177A03D9D0A3FC739573FB7F10A3F4803573F45
S315020177B01C460B3FA7CC563F6B9A0B3FE595563FAE
S315020177C0A5EE0B3F025F563FC9420C3FFE27563FCD
S315020177D0D7960C3FD9F0553FD0EA0C3F93B9553FA6
S315020177E0B33E0D3F2C82553F81920D3FA44A553F30
S315020177F038E60D3FFB12553FDA390E3F31DB543F76
S31502017800658D0E3F47A3543FDBE00E3F3B6B543F72
S315020178103B340F3F0F33543F84870F3FC3FA533F25
S31502017820B8DA0F3F55C2533FD52D103FC789533F93
S31502017830DC80103F1851533FCDD3103F4918533FB7
S31502017840A726113F59DF523F6B79113F49A6523F95
S3150201785019CC113F186D523FB01E123FC633523F2B
S315020178603071123F54FA513F9AC3123FC2C0513F7F
S31502017870EE15133F1087513F2A68133F3D4D513F85
S3150201788050BA133F4A13513F5F0C143F37D9503F49
S31502017890585E143F039F503F39B0143FAF64503FC7
S315020178A00402153F3B2A503FB753153FA8EF4F3FFE
S315020178B054A5153FF4B44F3FD9F6153F1F7A4F3FF2
S315020178C04748163F2B3F4F3F9F99163F17044F3F9D
S315020178D0DFEA163FE4C84E3F073C173F908D4E3F05
S315020178E0188D173F1C524E3F12DE173F89164E3F27
S315020178F0F52E183FD5DA4D3FC07F183F029F4D3F07
S3150201790073D0183F10634D3F0F21193FFD264D3F9E
S315020179109471193FCBEA4C3F00C2193F79AE4C3FF5
S3150201792055121A3F08724C3F93621A3F78354C3F03
S31502017930B8B21A3FC7F84B3FC6021B3FF8BB4B3FD3
S31502017940BB521B3F097F4B3F99A21B3FFA414B3F5B
S315020179505FF21B3FCC044B3F0C421C3F7FC74A3FA1
S31502017960A2911C3F138A4A3F1FE11C3F874C4A3FA3
S3150201797084301D3FDC0E4A3FD17F1D3F12D1493F64
S3150201798006CF1D3F2993493F221E1E3F2155493FDE
S31502017990266D1E3FFA16493F12BC1E3FB3D8483F19
S315020179A0E50A1F3F4E9A483F9F591F3FCA5B483F10
S315020179B041A81F3F271D483FCBF61F3F65DE473FC4
S315020179C03B45203F849F473F9393203F8560473F36
S315020179D0D2E1203F6721473FF92F213F2AE2463F65
S315020179E0067E213FCEA2463FFBCB213F5463463F53
S315020179F0D719223FBB23463F9967223F03E4453FFE
S31502017A0043B5223F2DA4453FD302233F3964453F67
S31502017A104B50233F2624453FA99D233FF5E3443F8F
S31502017A20EEEA233FA5A3443F1A38243F3763443F76
S31502017A302C85243FAB22443F25D2243F00E2433F1B
S31502017A40041F253F38A1433FCB6B253F5160433F7E
S31502017A5077B8253F4C1F433F0A05263F29DE423FA1
S31502017A608451263FE89C423FE39D263F895B423F84
S31502017A702AEA263F0B1A423F5636273F70D8413F24
S31502017A806882273FB796413F61CE273FE154413F86
S31502017A90401A283FEC12413F0566283FDAD0403FA3
S31502017AA0B0B1283FA98E403F41FD283F5C4C403F83
S31502017AB0B848293FF009403F1594293F67C73F3F20
S31502017AC057DF293FC0843F3F802A2A3FFC413F3F7F
S31502017AD08E752A3F1BFF3E3F82C02A3F1BBC3E3F9B
S31502017AE05B0B2B3FFF783E3F1B562B3FC5353E3F77
S31502017AF0BFA02B3F6EF23D3F4AEB2B3FF9AE3D3F16
S31502017B00B9352C3F676B3D3F0F802C3FB8273D3F70
S31502017B1049CA2C3FECE33C3F69142D3F03A03C3F8D
S31502017B206F5E2D3FFC5B3C3F59A82D3FD9173C3F69
S31502017B3029F22D3F98D33B3FDE3B2E3F3B8F3B3F06
S31502017B4078852E3FC14A3B3FF7CE2E3F29063B3F62
S31502017B505B182F3F75C13A3FA5612F3FA47C3A3F7F
S31502017B60D3AA2F3FB7373A3FE6F32F3FACF2393F5D
S31502017B70DE3C303F85AD393FBB85303F4268393FF8
S31502017B807CCE303FE122393F2217313F65DD383F56
S31502017B90AD5F313FCB97383F1DA8313F1652383F73
S31502017BA071F0313F430C383FAA38323F55C6373F51
S31502017BB0C780323F4A80373FC9C8323F233A373FEF
S31502017BC0AF10333FDFF3363F7A58333F7FAD363F4F
S31502017BD029A0333F0467363FBCE7333F6C20363F6B
S31502017BE0342F343FB8D9353F8F76343FE792353F4C
S31502017BF0CFBD343FFB4B353FF304353FF304353FED
S31502017C00FB4B353FCFBD343FE792353F8F76343F4D
S31502017C10B8D9353F342F343F6C20363FBCE7333F6A
S31502017C200467363F29A0333F7FAD363F7A58333F4B
S31502017C30DFF3363FAF10333F233A373FC9C8323FEE
S31502017C404A80373FC780323F55C6373FAA38323F4F
S31502017C50430C383F71F0313F1652383F1DA8313F70
S31502017C60CB97383FAD5F313F65DD383F2217313F54
S31502017C70E122393F7CCE303F4268393FBB85303FF6
S31502017C8085AD393FDE3C303FACF2393FE6F32F3F5B
S31502017C90B7373A3FD3AA2F3FA47C3A3FA5612F3F7C
S31502017CA075C13A3F5B182F3F29063B3FF7CE2E3F60
S31502017CB0C14A3B3F78852E3F3B8F3B3FDE3B2E3F02
S31502017CC098D33B3F29F22D3FD9173C3F59A82D3F67
S31502017CD0FC5B3C3F6F5E2D3F03A03C3F69142D3F89
S31502017CE0ECE33C3F49CA2C3FB8273D3F0F802C3F6E
S31502017CF0676B3D3FB9352C3FF9AE3D3F4AEB2B3F12
S31502017D006EF23D3FBFA02B3FC5353E3F1B562B3F73
S31502017D10FF783E3F5B0B2B3F1BBC3E3F82C02A3F97
S31502017D201BFF3E3F8E752A3FFC413F3F802A2A3F79
S31502017D30C0843F3F57DF293F67C73F3F1594293F1D
S31502017D40F009403FB848293F5C4C403F41FD283F7E
S31502017D50A98E403FB0B1283FDAD0403F0566283FA1
S31502017D60EC12413F401A283FE154413F61CE273F81
S31502017D70B796413F6882273F70D8413F5636273F23
S31502017D800B1A423F2AEA263F895B423FE39D263F81
S31502017D90E89C423F8451263F29DE423F0A05263F9F
S31502017DA04C1F433F77B8253F5160433FCB6B253F7D
S31502017DB038A1433F041F253F00E2433F25D2243F1A
S31502017DC0AB22443F2C85243F3763443F1A38243F74
S31502017DD0A5A3443FEEEA233FF5E3443FA99D233F92
S31502017DE02624453F4B50233F3964453FD302233F67
S31502017DF02DA4453F43B5223F03E4453F9967223F00
S31502017E00BB23463FD719223F5463463FFBCB213F53
S31502017E10CEA2463F067E213F2AE2463FF92F213F67
S31502017E206721473FD2E1203F8560473F9393203F39
S31502017E30849F473F3B45203F65DE473FCBF61F3FC9
S31502017E40271D483F41A81F3FCA5B483F9F591F3F15
S31502017E504E9A483FE50A1F3FB3D8483F12BC1E3F20
S31502017E60FA16493F266D1E3F2155493F221E1E3FE6
S31502017E702993493F06CF1D3F12D1493FD17F1D3F6D
S31502017E80DC0E4A3F84301D3F874C4A3F1FE11C3FAF
S31502017E90138A4A3FA2911C3F7FC74A3F0C421C3FAD
S31502017EA0CC044B3F5FF21B3FFA414B3F99A21B3F6A
S31502017EB0097F4B3FBB521B3FF8BB4B3FC6021B3FE1
S31502017EC0C7F84B3FB8B21A3F78354C3F93621A3F17
S31502017ED008724C3F55121A3F79AE4C3F00C2193F08
S31502017EE0CBEA4C3F9471193FFD264D3F0F21193FB5
S31502017EF010634D3F73D0183F029F4D3FC07F183F1D
S31502017F00D5DA4D3FF52E183F89164E3F12DE173F41
S31502017F101C524E3F188D173F908D4E3F073C173F1F
S31502017F20E4C84E3FDFEA163F17044F3F9F99163FBB
S31502017F302B3F4F3F4748163F1F7A4F3FD9F6153F12
S31502017F40F4B44F3F54A5153FA8EF4F3FB753153F22
S31502017F503B2A503F0402153FAF64503F39B0143FEC
S31502017F60039F503F585E143F37D9503F5F0C143F71
S31502017F704A13513F50BA133F3D4D513F2A68133FB1
S31502017F801087513FEE15133FC2C0513F9AC3123FAC
S31502017F9054FA513F3071123FC633523FB01E123F5F
S31502017FA0186D523F19CC113F49A6523F6B79113FC9
S31502017FB059DF523FA726113F4918533FCDD3103FF0
S31502017FC01851533FDC80103FC789533FD52D103FCF
S31502017FD055C2533FB8DA0F3FC3FA533F84870F3F67
S31502017FE00F33543F3B340F3F3B6B543FDBE00E3FB5
S31502017FF047A3543F658D0E3F31DB543FDA390E3FBD
S31502018000FB12553F38E60D3FA44A553F81920D3F7B
S315020180102C82553FB33E0D3F93B9553FD0EA0C3FF3
S31502018020D9F0553FD7960C3FFE27563FC9420C3F22
S31502018030025F563FA5EE0B3FE595563F6B9A0B3F06
S31502018040A7CC563F1C460B3F4803573FB7F10A3FA1
S31502018050C739573F3D9D0A3F2670573FAD480A3FF4
S3150201806063A6573F09F4093F7FDC573F4E9F093FFD
S315020180707912583F7F4A093F5348583F9BF5083FBB
S315020180800B7E583FA1A0083FA1B3583F924B083F30
S3150201809017E9583F6FF6073F6A1E593F36A1073F58
S315020180A09C53593FE84B073FAD88593F86F6063F39
S315020180B09CBD593F0EA1063F6AF2593F824B063FCC
S315020180C016275A3FE2F5053FA05B5A3F2CA0053F12
S315020180D009905A3F624A053F50C45A3F84F4043F0D
S315020180E075F85A3F919E043F792C5B3F8948043FBC
S315020180F05A605B3F6DF2033F1A945B3F3D9C033F1F
S31502018100B8C75B3FF845033F34FB5B3F9FEF023F36
S315020181108E2E5C3F3299023FC7615C3FB142023FFC
S31502018120DD945C3F1CEC013FD1C75C3F7395013F77
S31502018130A3FA5C3FB53E013F532D5D3FE4E7003FA5
S31502018140E15F5D3FFF90003F4D925D3F063A003F82
S3150201815097C45D3FF3C5FF3EBEF65D3FB217FF3ED4
S31502018160C3285E3F4A69FE3EA65A5E3FBBBAFD3E42
S31502018170678C5E3F040CFD3E05BE5E3F275DFC3EFD
S3150201818081EF5E3F22AEFB3EDB205F3FF7FEFA3E0A
S3150201819012525F3FA54FFA3E27835F3F2DA0F93E5C
S315020181A019B45F3F8EF0F83EE9E45F3FC840F83EFE
S315020181B09615603FDC90F73E2146603FCBE0F63EE6
S315020181C08976603F9330F63ECFA6603F3580F53E15
S315020181D0F2D6603FB1CFF43EF206613F071FF43E8D
S315020181E0D036613F386EF33E8A66613F43BDF23E49
S315020181F02296613F290CF23E98C5613FEA5AF13E49
S31502018200EAF4613F85A9F03E1A24623FFBF7EF3E8D
S315020182102653623F4C46EF3E1082623F7994EE3E10
S31502018220D7B0623F80E2ED3E7BDF623F6330ED3ED7
S31502018230FC0D633F217EEC3E5A3C633FBBCBEB3EDA
S31502018240956A633F3019EB3EAC98633F8166EA3E1D
S31502018250A1C6633FAEB3E93E73F4633FB700E93E9D
S315020182602122643F9C4DE83EAC4F643F5D9AE73E56
S31502018270147D643FFBE6E63E59AA643F7533E63E4A
S315020182807BD7643FCB7FE53E7904653FFECBE43E77
S315020182905431653F0E18E43E0B5E653FFA63E33ED9
S315020182A0A08A653FC4AFE23E10B7653F6AFBE13E75
S315020182B05EE3653FEE46E13E880F663F4F92E03E42
S315020182C08E3B663F8DDDDF3E7167663FA928DF3E45
S315020182D03093663FA273DE3ECCBE663F79BEDD3E7B
S315020182E045EA663F2E09DD3E9915673FC153DC3EDD
S315020182F0CA40673F319EDB3ED86B673F80E8DA3E74
S31502018300C196673FAD32DA3E87C1673FB97CD93E36
S315020183102AEC673FA3C6D83EA816683F6B10D83E23
S315020183200341683F135AD73E396B683F99A3D63E3C
S315020183304C95683FFDECD53E3CBF683F4136D53E84
S3150201834007E9683F647FD43EAE12693F67C8D33EF0
S31502018350323C693F4811D33E9165693F095AD23E83
S31502018360CC8E693FAAA2D13EE4B7693F2AEBD03E41
S31502018370D7E0693F8A33D03EA7096A3FCA7BCF3E1F
S3150201838052326A3FEAC3CE3ED95A6A3FEA0BCE3E21
S315020183903C836A3FCA53CD3E7BAB6A3F8B9BCC3E45
S315020183A095D36A3F2CE3CB3E8CFB6A3FAE2ACB3E8A
S315020183B05E236B3F1072CA3E0C4B6B3F53B9C93EEB
S315020183C095726B3F7700C93EFB996B3F7C47C83E6E
S315020183D03BC16B3F628EC73E58E86B3F29D5C63E0D
S315020183E0500F6C3FD21BC63E24366C3F5C62C53EC3
S315020183F0D45C6C3FC8A8C43E5E836C3F15EFC33E96
S31502018400C5A96C3F4435C33E07D06C3F557BC23E7E
S3150201841024F66C3F48C1C13E1D1C6D3F1E07C13E7D
S31502018420F2416D3FD54CC03EA1676D3F6F92BF3E93
S315020184302D8D6D3FEBD7BE3E93B26D3F4A1DBE3EBB
S31502018440D5D76D3F8B62BD3EF2FC6D3FAFA7BC3EF9
S31502018450EB216E3FB6ECBB3EBE466E3FA031BB3E44
S315020184606D6B6E3F6E76BA3EF88F6E3F1EBBB93E9E
S315020184705DB46E3FB2FFB83E9ED86E3F2A44B83E07
S31502018480BAFC6E3F8488B73EB0206F3FC3CCB63E7E
S3150201849083446F3FE610B63E30686F3FEC54B53EFB
S315020184A0B88B6F3FD698B43E1BAF6F3FA5DCB33E88
S315020184B05AD26F3F5820B33E73F56F3FEF63B23E18
S315020184C06718703F6BA7B13E373B703FCBEAB03EB0
S315020184D0E15D703F102EB03E6680703F3A71AF3E4D
S315020184E0C6A2703F49B4AE3E02C5703F3CF7AD3EEF
S315020184F017E7703F153AAD3E0809713FD47CAC3E91
S31502018500D42A713F77BFAB3E7A4C713F0102AB3E33
S31502018510FB6D713F6F44AA3E578F713FC486A93ED8
S315020185208EB0713FFEC8A83E9FD1713F1F0BA83E78
S315020185308CF2713F254DA73E5213723F128FA63E12
S31502018540F433723FE5D0A53E7054723F9F12A53EA9
S31502018550C774723F3F54A43EF894723FC595A33E39
S3150201856004B5723F33D7A23EEBD4723F8718A23EBF
S31502018570ACF4723FC259A13E4714733FE59AA03E3D
S31502018580BE33733FEEDB9F3E0E53733FDF1C9F3EAE
S315020185903972733FB85D9E3E3F91733F789E9D3E11
S315020185A01FB0733F20DF9C3ED9CE733FAF1F9C3E67
S315020185B06EED733F27609B3EDD0B743F86A09A3EAC
S315020185C0272A743FCEE0993E4B48743FFE20993EDE
S315020185D04966743F1661983E2284743F17A1973EFD
S315020185E0D5A1743F00E1963E62BF743FD220963E0A
S315020185F0C9DC743F8D60953E0BFA743F31A0943EFF
S315020186002717753FBFDF933E1D34753F351F933ED6
S31502018610ED50753F945E923E976D753FDD9D913E9D
S315020186201C8A753F10DD903E7BA6753F2C1C903E41
S31502018630B3C2753F325B8F3EC6DE753F229A8E3ECE
S31502018640B3FA753FFCD88D3E7A16763FC0178D3E3A
S315020186501B32763F6E568C3E974D763F07958B3E83
S31502018660EC68763F8AD38A3E1B84763FF8118A3EAE
S31502018670249F763F5050893E07BA763F938E883EB5
S31502018680C4D4763FC1CC873E5BEF763FDA0A873E9A
S31502018690CC09773FDF48863E1724773FCE86853E53
S315020186A03C3E773FAAC4843E3A58773F7002843EE5
S315020186B01372773F2240833EC58B773FC07D823E50
S315020186C051A5773F4ABB813EB7BE773FC0F8803E90
S315020186D0F7D7773F2236803E10F1773FE1E67E3EBD
S315020186E0040A783F56617D3ED122783FA4DB7B3E68
S315020186F0773B783FCB557A3EF853783FCCCF783EDD
S31502018700526C783FA649773E8684783F5AC3753EB6
S31502018710939C783FE83C743E7BB4783F51B6723EF7
S315020187203BCC783F942F713ED6E3783FB2A86F3E99
S315020187304AFB783FAB216E3E9812793F7F9A6C3E97
S31502018740BF29793F2F136B3EC040793FBA8B693EF1
S315020187509A57793F2204683E4E6E793F667C663EA1
S31502018760DC84793F86F4643E439B793F836C633EA6
S3150201877083B1793F5CE4613E9DC7793F135C603EFC
S3150201878091DD793FA8D35E3E5EF3793F1A4B5D3E9A
S3150201879004097A3F6AC25B3E841E7A3F97395A3E82
S315020187A0DD337A3FA4B0583E10497A3F8F27573EB0
S315020187B01C5E7A3F589E553E02737A3F0115543E1E
S315020187C0C1877A3F898B523E599C7A3FF101513ECC
S315020187D0CBB07A3F38784F3E16C57A3F60EE4D3EB2
S315020187E03AD97A3F67644C3E37ED7A3F4FDA4A3ED1
S315020187F00E017B3F1850493EBE147B3FC2C5473E20
S3150201880048287B3F4D3B463EAB3B7B3FB9B0443E9E
S31502018810E74E7B3F0726433EFC617B3F379B413E4A
S31502018820EA747B3F4910403EB2877B3F3E853E3E1E
S31502018830539A7B3F15FA3C3ECDAC7B3FCF6E3B3E16
S3150201884020BF7B3F6CE3393E4DD17B3FEC57383E2F
S3150201885053E37B3F50CC363E31F57B3F9840353E64
S31502018860E9067C3FC4B4333E7A187C3FD428323EB3
S31502018870E5297C3FC99C303E283B7C3FA2102F3E16
S31502018880444C7C3F61842D3E3A5D7C3F04F82B3E8D
S31502018890086E7C3F8D6B2A3EB07E7C3FFCDE283E15
S315020188A0318F7C3F5152273E8A9F7C3F8CC5253EA4
S315020188B0BDAF7C3FAD38243EC9BF7C3FB6AB223E3D
S315020188C0AECF7C3FA51E213E6CDF7C3F7B911F3ED6
S315020188D003EF7C3F38041E3E73FE7C3FDE761C3E70
S315020188E0BC0D7D3F6BE91A3EDD1C7D3FE05B193E07
S315020188F0D82B7D3F3DCE173EAC3A7D3F8340163E97
S3150201890059497D3FB2B2143EDE577D3FCA24133E1A
S315020189103D667D3FCC96113E74747D3FB708103E8D
S3150201892085827D3F8B7A0E3E6E907D3F4AEC0C3EF0
S31502018930309E7D3FF35D0B3ECCAB7D3F86CF093E3C
S3150201894040B97D3F0541083E8CC67D3F6EB2063E6B
S31502018950B2D37D3FC223053EB1E07D3F0295033E80
S3150201896088ED7D3F2E06023E38FA7D3F4577003E71
S31502018970C2067E3F92D0FD3D24137E3F73B2FA3D7D
S315020189805E1F7E3F2C94F73D722B7E3FC075F43DF0
S315020189905E377E3F2E57F13D23437E3F7638EE3DCD
S315020189A0C14E7E3F9A19EB3D385A7E3F9AFAE73D10
S315020189B088657E3F76DBE43DB0707E3F2EBCE13DAD
S315020189C0B17B7E3FC49CDE3D8B867E3F377DDB3DA0
S315020189D03D917E3F895DD83DC99B7E3FB93DD53DDF
S315020189E02DA67E3FC81DD23D69B07E3FB7FDCE3D65
S315020189F07FBA7E3F86DDCB3D6DC47E3F36BDC83D27
S31502018A0034CE7E3FC69CC53DD4D77E3F397CC23D1E
S31502018A104CE17E3F8D5BBF3D9DEA7E3FC33ABC3D45
S31502018A20C7F37E3FDD19B93DC9FC7E3FDAF8B53D94
S31502018A30A4057F3FBBD7B23D580E7F3F80B6AF3DFF
S31502018A40E4167F3F2B95AC3D491F7F3FBA73A93D83
S31502018A5087277F3F3052A63D9D2F7F3F8C30A33D16
S31502018A608D377F3FCF0EA03D543F7F3FF9EC9C3DB2
S31502018A70F4467F3F0ACB993D6D4E7F3F05A9963D50
S31502018A80BF557F3FE786933DE95C7F3FB464903DE6
S31502018A90EC637F3F6A428D3DC76A7F3F0A208A3D6A
S31502018AA07B717F3F94FD863D08787F3F0ADB833DDC
S31502018AB06D7E7F3F6CB8803DAB847F3F742B7B3DDF
S31502018AC0C28A7F3FE9E5743DB1907F3F38A06E3D92
S31502018AD078967F3F625A683D189C7F3F6814623DD3
S31502018AE091A17F3F4CCE5B3DE3A67F3F0E88553D6C
S31502018AF00DAC7F3FAF414F3D0FB17F3F2FFB483D4D
S31502018B00EAB57F3F91B4423D9EBA7F3FD56D3C3D6A
S31502018B102ABF7F3FFC26363D8FC37F3F07E02F3DAD
S31502018B20CCC77F3FF698293DE2CB7F3FCC51233D0F
S31502018B30D1CF7F3F880A1D3D98D37F3F2CC3163D77
S31502018B4037D77F3FB87B103DAFDA7F3F2F340A3DDF
S31502018B5000DE7F3F90EC033D29E17F3FB949FB3CB3
S31502018B602BE47F3F2DBAEE3C05E77F3F7B2AE23CB1
S31502018B70B8E97F3FA69AD53C43EC7F3FB00AC93C90
S31502018B80A7EE7F3F9B7ABC3CE3F07F3F69EAAF3CAD
S31502018B90F8F27F3F1C5AA33CE6F47F3FB6C9963CE6
S31502018BA0ACF67F3F38398A3C4AF87F3F4B517B3CD2
S31502018BB0C1F97F3F0030623C11FB7F3F900E493C79
S31502018BC039FC7F3F02ED2F3C39FD7F3F59CB163CE5
S31502018BD013FE7F3F3053FB3BC4FE7F3F890FC93BE8
S31502018BE04EFF7F3FC1CB963BB1FF7F3FC70F493B4C
S31502018BF0ECFF7F3FD40FC93A0000803F000000001E
S31502018C00ECFF7F3FD40FC9BAB1FF7F3FC70F49BB04
S31502018C104EFF7F3FC1CB96BBC4FE7F3F890FC9BBC7
S31502018C2013FE7F3F3053FBBB39FD7F3F59CB16BC49
S31502018C3039FC7F3F02ED2FBC11FB7F3F900E49BCF1
S31502018C40C1F97F3F003062BC4AF87F3F4B517BBC82
S31502018C50ACF67F3F38398ABCE6F47F3FB6C996BC8B
S31502018C60F8F27F3F1C5AA3BCE3F07F3F69EAAFBC2F
S31502018C70A7EE7F3F9B7ABCBC43EC7F3FB00AC9BCDF
S31502018C80B8E97F3FA69AD5BC05E77F3F7B2AE2BCBE
S31502018C902BE47F3F2DBAEEBC29E17F3FB949FBBCEC
S31502018CA000DE7F3F90EC03BDAFDA7F3F2F340ABD72
S31502018CB037D77F3FB87B10BD98D37F3F2CC316BDF4
S31502018CC0D1CF7F3F880A1DBDE2CB7F3FCC5123BD69
S31502018CD0CCC77F3FF69829BD8FC37F3F07E02FBDE3
S31502018CE02ABF7F3FFC2636BD9EBA7F3FD56D3CBD6E
S31502018CF0EAB57F3F91B442BD0FB17F3F2FFB48BD1D
S31502018D000DAC7F3FAF414FBDE3A67F3F0E8855BDF8
S31502018D1091A17F3F4CCE5BBD189C7F3F681462BD1B
S31502018D2078967F3F625A68BDB1907F3F38A06EBD8B
S31502018D30C28A7F3FE9E574BDAB847F3F742B7BBD5D
S31502018D406D7E7F3F6CB880BD08787F3F0ADB83BDAD
S31502018D507B717F3F94FD86BDC76A7F3F0A208ABD2C
S31502018D60EC637F3F6A428DBDE95C7F3FB46490BD8F
S31502018D70BF557F3FE78693BD6D4E7F3F05A996BDE1
S31502018D80F4467F3F0ACB99BD543F7F3FF9EC9CBD28
S31502018D908D377F3FCF0EA0BD9D2F7F3F8C30A3BD68
S31502018DA087277F3F3052A6BD491F7F3FBA73A9BDB0
S31502018DB0E4167F3F2B95ACBD580E7F3F80B6AFBD03
S31502018DC0A4057F3FBBD7B2BDC9FC7E3FDAF8B5BD6C
S31502018DD0C7F37E3FDD19B9BD9DEA7E3FC33ABCBDED
S31502018DE04CE17E3F8D5BBFBDD4D77E3F397CC2BD90
S31502018DF034CE7E3FC69CC5BD6DC47E3F36BDC8BD61
S31502018E007FBA7E3F86DDCBBD69B07E3FB7FDCEBD63
S31502018E102DA67E3FC81DD2BDC99B7E3FB93DD5BD9C
S31502018E203D917E3F895DD8BD8B867E3F377DDBBD19
S31502018E30B17B7E3FC49CDEBDB0707E3F2EBCE1BDE0
S31502018E4088657E3F76DBE4BD385A7E3F9AFAE7BDF6
S31502018E50C14E7E3F9A19EBBD23437E3F7638EEBD66
S31502018E605E377E3F2E57F1BD722B7E3FC075F4BD34
S31502018E705E1F7E3F2C94F7BD24137E3F73B2FABD6B
S31502018E80C2067E3F92D0FDBD38FA7D3F457700BED0
S31502018E9088ED7D3F2E0602BEB1E07D3F029503BEFF
S31502018EA0B2D37D3FC22305BE8CC67D3F6EB206BEDE
S31502018EB040B97D3F054108BECCAB7D3F86CF09BE99
S31502018EC0309E7D3FF35D0BBE6E907D3F4AEC0CBE3C
S31502018ED085827D3F8B7A0EBE74747D3FB70810BEC4
S31502018EE03D667D3FCC9611BEDE577D3FCA2413BE39
S31502018EF059497D3FB2B214BEAC3A7D3F834016BE9C
S31502018F00D82B7D3F3DCE17BEDD1C7D3FE05B19BEF2
S31502018F10BC0D7D3F6BE91ABE73FE7C3FDE761CBE3D
S31502018F2003EF7C3F38041EBE6CDF7C3F7B911FBE84
S31502018F30AECF7C3FA51E21BEC9BF7C3FB6AB22BECA
S31502018F40BDAF7C3FAD3824BE8A9F7C3F8CC525BE12
S31502018F50318F7C3F515227BEB07E7C3FFCDE28BE5C
S31502018F60086E7C3F8D6B2ABE3A5D7C3F04F82BBEB0
S31502018F70444C7C3F61842DBE283B7C3FA2102FBE10
S31502018F80E5297C3FC99C30BE7A187C3FD42832BE83
S31502018F90E9067C3FC4B433BE31F57B3F984035BE0A
S31502018FA053E37B3F50CC36BE4DD17B3FEC5738BEA7
S31502018FB020BF7B3F6CE339BECDAC7B3FCF6E3BBE60
S31502018FC0539A7B3F15FA3CBEB2877B3F3E853EBE36
S31502018FD0EA747B3F491040BEFC617B3F379B41BE31
S31502018FE0E74E7B3F072643BEAB3B7B3FB9B044BE50
S31502018FF048287B3F4D3B46BEBE147B3FC2C547BE9A
S315020190000E017B3F185049BE37ED7A3F4FDA4ABE11
S315020190103AD97A3F67644CBE16C57A3F60EE4DBEB9
S31502019020CBB07A3F38784FBE599C7A3FF10151BE97
S31502019030C1877A3F898B52BE02737A3F011554BEAC
S315020190401C5E7A3F589E55BE10497A3F8F2757BEFE
S31502019050DD337A3FA4B058BE841E7A3F97395ABE91
S3150201906004097A3F6AC25BBE5EF3793F1A4B5DBE63
S3150201907091DD793FA8D35EBE9DC7793F135C60BE81
S3150201908083B1793F5CE461BE439B793F836C63BEE6
S31502019090DC84793F86F464BE4E6E793F667C66BE99
S315020190A09A57793F220468BEC040793FBA8B69BE9E
S315020190B0BF29793F2F136BBE9812793F7F9A6CBEF7
S315020190C04AFB783FAB216EBED6E3783FB2A86FBEAC
S315020190D03BCC783F942F71BE7BB4783F51B672BEBA
S315020190E0939C783FE83C74BE8684783F5AC375BE2A
S315020190F0526C783FA64977BEF853783FCCCF78BEFB
S31502019100773B783FCB557ABED122783FA4DB7BBE33
S31502019110040A783F56617DBE10F1773FE1E67EBED5
S31502019120F7D7773F223680BEB7BE773FC0F880BEFB
S3150201913051A5773F4ABB81BEC58B773FC07D82BEB3
S315020191401372773F224083BE3A58773F700284BE3C
S315020191503C3E773FAAC484BE1724773FCE8685BE9E
S31502019160CC09773FDF4886BE5BEF763FDA0A87BED8
S31502019170C4D4763FC1CC87BE07BA763F938E88BEEA
S31502019180249F763F505089BE1B84763FF8118ABED2
S31502019190EC68763F8AD38ABE974D763F07958BBE9A
S315020191A01B32763F6E568CBE7A16763FC0178DBE3F
S315020191B0B3FA753FFCD88DBEC6DE753F229A8EBEC6
S315020191C0B3C2753F325B8FBE7BA6753F2C1C90BE28
S315020191D01C8A753F10DD90BE976D753FDD9D91BE70
S315020191E0ED50753F945E92BE1D34753F351F93BE99
S315020191F02717753FBFDF93BE0BFA743F31A094BEAA
S31502019200C9DC743F8D6095BE62BF743FD22096BEA3
S31502019210D5A1743F00E196BE2284743F17A197BE81
S315020192204966743F166198BE4B48743FFE2099BE4B
S31502019230272A743FCEE099BEDD0B743F86A09ABE03
S315020192406EED733F27609BBED9CE733FAF1F9CBEA7
S315020192501FB0733F20DF9CBE3F91733F789E9DBE38
S315020192603972733FB85D9EBE0E53733FDF1C9FBEBC
S31502019270BE33733FEEDB9FBE4714733FE59AA0BE32
S31502019280ACF4723FC259A1BEEBD4723F8718A2BE9B
S3150201929004B5723F33D7A2BEF894723FC595A3BEF9
S315020192A0C774723F3F54A4BE7054723F9F12A5BE4B
S315020192B0F433723FE5D0A5BE5213723F128FA6BE9A
S315020192C08CF2713F254DA7BE9FD1713F1F0BA8BEE0
S315020192D08EB0713FFEC8A8BE578F713FC486A9BE24
S315020192E0FB6D713F6F44AABE7A4C713F0102ABBE60
S315020192F0D42A713F77BFABBE0809713FD47CACBE9D
S3150201930017E7703F153AADBE02C5703F3CF7ADBED9
S31502019310C6A2703F49B4AEBE6680703F3A71AFBE17
S31502019320E15D703F102EB0BE373B703FCBEAB0BE57
S315020193306718703F6BA7B1BE73F56F3FEF63B2BE9D
S315020193405AD26F3F5820B3BE1BAF6F3FA5DCB3BEE7
S31502019350B88B6F3FD698B4BE30686F3FEC54B5BE3A
S3150201936083446F3FE610B6BEB0206F3FC3CCB6BE94
S31502019370BAFC6E3F8488B7BE9ED86E3F2A44B8BEF9
S315020193805DB46E3FB2FFB8BEF88F6E3F1EBBB9BE6B
S315020193906D6B6E3F6E76BABEBE466E3FA031BBBEE8
S315020193A0EB216E3FB6ECBBBEF2FC6D3FAFA7BCBE76
S315020193B0D5D76D3F8B62BDBE93B26D3F4A1DBEBE10
S315020193C02D8D6D3FEBD7BEBEA1676D3F6F92BFBEBE
S315020193D0F2416D3FD54CC0BE1D1C6D3F1E07C1BE7D
S315020193E024F66C3F48C1C1BE07D06C3F557BC2BE55
S315020193F0C5A96C3F4435C3BE5E836C3F15EFC3BE40
S31502019400D45C6C3FC8A8C4BE24366C3F5C62C5BE40
S31502019410500F6C3FD21BC6BE58E86B3F29D5C6BE5C
S315020194203BC16B3F628EC7BEFB996B3F7C47C8BE91
S3150201943095726B3F7700C9BE0C4B6B3F53B9C9BEE0
S315020194405E236B3F1072CABE8CFB6A3FAE2ACBBE4D
S3150201945095D36A3F2CE3CBBE7BAB6A3F8B9BCCBEDB
S315020194603C836A3FCA53CDBED95A6A3FEA0BCEBE86
S3150201947052326A3FEAC3CEBEA7096A3FCA7BCFBE52
S31502019480D7E0693F8A33D0BEE4B7693F2AEBD0BE43
S31502019490CC8E693FAAA2D1BE9165693F095AD2BE55
S315020194A0323C693F4811D3BEAE12693F67C8D3BE8B
S315020194B007E9683F647FD4BE3CBF683F4136D5BEEB
S315020194C04C95683FFDECD5BE396B683F99A3D6BE74
S315020194D00341683F135AD7BEA816683F6B10D8BE20
S315020194E02AEC673FA3C6D8BE87C1673FB97CD9BEFE
S315020194F0C196673FAD32DABED86B673F80E8DABE06
S31502019500CA40673F319EDBBE9915673FC153DCBE38
S3150201951045EA663F2E09DDBECCBE663F79BEDDBE9B
S315020195203093663FA273DEBE7167663FA928DFBE2E
S315020195308E3B663F8DDDDFBE880F663F4F92E0BEF2
S315020195405EE3653FEE46E1BE10B7653F6AFBE1BEEB
S31502019550A08A653FC4AFE2BE0B5E653FFA63E3BE16
S315020195605431653F0E18E4BE7904653FFECBE4BE75
S315020195707BD7643FCB7FE5BE59AA643F7533E6BE0E
S31502019580147D643FFBE6E6BEAC4F643F5D9AE7BEDF
S315020195902122643F9C4DE8BE73F4633FB700E9BEE6
S315020195A0A1C6633FAEB3E9BEAC98633F8166EABE2C
S315020195B0956A633F3019EBBE5A3C633FBBCBEBBEA8
S315020195C0FC0D633F217EECBE7BDF623F6330EDBE65
S315020195D0D7B0623F80E2EDBE1082623F7994EEBE61
S315020195E02653623F4C46EFBE1A24623FFBF7EFBE9B
S315020195F0EAF4613F85A9F0BE98C5613FEA5AF1BE18
S315020196002296613F290CF2BE8A66613F43BDF2BED4
S31502019610D036613F386EF3BEF206613F071FF4BED4
S31502019620F2D6603FB1CFF4BECFA6603F3580F5BE1C
S315020196308976603F9330F6BE2146603FCBE0F6BEA7
S315020196409615603FDC90F7BEE9E45F3FC840F8BE7D
S3150201965019B45F3F8EF0F8BE27835F3F2DA0F9BE96
S3150201966012525F3FA54FFABEDB205F3FF7FEFABEFD
S3150201967081EF5E3F22AEFBBE05BE5E3F275DFCBEAD
S31502019680678C5E3F040CFDBEA65A5E3FBBBAFDBEA9
S31502019690C3285E3F4A69FEBEBEF65D3FB217FFBEF4
S315020196A097C45D3FF3C5FFBE4D925D3F063A00BFCB
S315020196B0E15F5D3FFF9000BF532D5D3FE4E700BFD1
S315020196C0A3FA5C3FB53E01BFD1C75C3F739501BFAB
S315020196D0DD945C3F1CEC01BFC7615C3FB14202BF36
S315020196E08E2E5C3F329902BF34FB5B3F9FEF02BF76
S315020196F0B8C75B3FF84503BF1A945B3F3D9C03BF66
S315020197005A605B3F6DF203BF792C5B3F894804BF08
S3150201971075F85A3F919E04BF50C45A3F84F404BF60
S3150201972009905A3F624A05BFA05B5A3F2CA005BF6A
S3150201973016275A3FE2F505BF6AF2593F824B06BF29
S315020197409CBD593F0EA106BFAD88593F86F606BF9D
S315020197509C53593FE84B07BF6A1E593F36A107BFC3
S3150201976017E9583F6FF607BFA1B3583F924B08BF9F
S315020197700B7E583FA1A008BF5348583F9BF508BF2F
S315020197807912583F7F4A09BF7FDC573F4E9F09BF77
S3150201979063A6573F09F409BF2670573FAD480ABF72
S315020197A0C739573F3D9D0ABF4803573FB7F10ABF25
S315020197B0A7CC563F1C460BBFE595563F6B9A0BBF8E
S315020197C0025F563FA5EE0BBFFE27563FC9420CBFAD
S315020197D0D9F0553FD7960CBF93B9553FD0EA0CBF86
S315020197E02C82553FB33E0DBFA44A553F81920DBF10
S315020197F0FB12553F38E60DBF31DB543FDA390EBF56
S3150201980047A3543F658D0EBF3B6B543FDBE00EBF52
S315020198100F33543F3B340FBFC3FA533F84870FBF05
S3150201982055C2533FB8DA0FBFC789533FD52D10BF73
S315020198301851533FDC8010BF4918533FCDD310BF97
S3150201984059DF523FA72611BF49A6523F6B7911BF75
S31502019850186D523F19CC11BFC633523FB01E12BF0B
S3150201986054FA513F307112BFC2C0513F9AC312BF5F
S315020198701087513FEE1513BF3D4D513F2A6813BF65
S315020198804A13513F50BA13BF37D9503F5F0C14BF29
S31502019890039F503F585E14BFAF64503F39B014BFA7
S315020198A03B2A503F040215BFA8EF4F3FB75315BFDE
S315020198B0F4B44F3F54A515BF1F7A4F3FD9F615BFD2
S315020198C02B3F4F3F474816BF17044F3F9F9916BF7D
S315020198D0E4C84E3FDFEA16BF908D4E3F073C17BFE5
S315020198E01C524E3F188D17BF89164E3F12DE17BF07
S315020198F0D5DA4D3FF52E18BF029F4D3FC07F18BFE7
S3150201990010634D3F73D018BFFD264D3F0F2119BF7E
S31502019910CBEA4C3F947119BF79AE4C3F00C219BFD5
S3150201992008724C3F55121ABF78354C3F93621ABFE3
S31502019930C7F84B3FB8B21ABFF8BB4B3FC6021BBFB3
S31502019940097F4B3FBB521BBFFA414B3F99A21BBF3B
S31502019950CC044B3F5FF21BBF7FC74A3F0C421CBF81
S31502019960138A4A3FA2911CBF874C4A3F1FE11CBF83
S31502019970DC0E4A3F84301DBF12D1493FD17F1DBF44
S315020199802993493F06CF1DBF2155493F221E1EBFBE
S31502019990FA16493F266D1EBFB3D8483F12BC1EBFF9
S315020199A04E9A483FE50A1FBFCA5B483F9F591FBFF0
S315020199B0271D483F41A81FBF65DE473FCBF61FBFA4
S315020199C0849F473F3B4520BF8560473F939320BF16
S315020199D06721473FD2E120BF2AE2463FF92F21BF45
S315020199E0CEA2463F067E21BF5463463FFBCB21BF33
S315020199F0BB23463FD71922BF03E4453F996722BFDE
S31502019A002DA4453F43B522BF3964453FD30223BF47
S31502019A102624453F4B5023BFF5E3443FA99D23BF6F
S31502019A20A5A3443FEEEA23BF3763443F1A3824BF56
S31502019A30AB22443F2C8524BF00E2433F25D224BFFB
S31502019A4038A1433F041F25BF5160433FCB6B25BF5E
S31502019A504C1F433F77B825BF29DE423F0A0526BF81
S31502019A60E89C423F845126BF895B423FE39D26BF64
S31502019A700B1A423F2AEA26BF70D8413F563627BF04
S31502019A80B796413F688227BFE154413F61CE27BF66
S31502019A90EC12413F401A28BFDAD0403F056628BF83
S31502019AA0A98E403FB0B128BF5C4C403F41FD28BF63
S31502019AB0F009403FB84829BF67C73F3F159429BF00
S31502019AC0C0843F3F57DF29BFFC413F3F802A2ABF5F
S31502019AD01BFF3E3F8E752ABF1BBC3E3F82C02ABF7B
S31502019AE0FF783E3F5B0B2BBFC5353E3F1B562BBF57
S31502019AF06EF23D3FBFA02BBFF9AE3D3F4AEB2BBFF6
S31502019B00676B3D3FB9352CBFB8273D3F0F802CBF50
S31502019B10ECE33C3F49CA2CBF03A03C3F69142DBF6D
S31502019B20FC5B3C3F6F5E2DBFD9173C3F59A82DBF49
S31502019B3098D33B3F29F22DBF3B8F3B3FDE3B2EBFE6
S31502019B40C14A3B3F78852EBF29063B3FF7CE2EBF42
S31502019B5075C13A3F5B182FBFA47C3A3FA5612FBF5F
S31502019B60B7373A3FD3AA2FBFACF2393FE6F32FBF3D
S31502019B7085AD393FDE3C30BF4268393FBB8530BFD8
S31502019B80E122393F7CCE30BF65DD383F221731BF36
S31502019B90CB97383FAD5F31BF1652383F1DA831BF53
S31502019BA0430C383F71F031BF55C6373FAA3832BF31
S31502019BB04A80373FC78032BF233A373FC9C832BFCF
S31502019BC0DFF3363FAF1033BF7FAD363F7A5833BF2F
S31502019BD00467363F29A033BF6C20363FBCE733BF4B
S31502019BE0B8D9353F342F34BFE792353F8F7634BF2C
S31502019BF0FB4B353FCFBD34BFF304353FF30435BFCD
S31502019C00CFBD343FFB4B35BF8F76343FE79235BF2D
S31502019C10342F343FB8D935BFBCE7333F6C2036BF4A
S31502019C2029A0333F046736BF7A58333F7FAD36BF2B
S31502019C30AF10333FDFF336BFC9C8323F233A37BFCE
S31502019C40C780323F4A8037BFAA38323F55C637BF2F
S31502019C5071F0313F430C38BF1DA8313F165238BF50
S31502019C60AD5F313FCB9738BF2217313F65DD38BF34
S31502019C707CCE303FE12239BFBB85303F426839BFD6
S31502019C80DE3C303F85AD39BFE6F32F3FACF239BF3B
S31502019C90D3AA2F3FB7373ABFA5612F3FA47C3ABF5C
S31502019CA05B182F3F75C13ABFF7CE2E3F29063BBF40
S31502019CB078852E3FC14A3BBFDE3B2E3F3B8F3BBFE2
S31502019CC029F22D3F98D33BBF59A82D3FD9173CBF47
S31502019CD06F5E2D3FFC5B3CBF69142D3F03A03CBF69
S31502019CE049CA2C3FECE33CBF0F802C3FB8273DBF4E
S31502019CF0B9352C3F676B3DBF4AEB2B3FF9AE3DBFF2
S31502019D00BFA02B3F6EF23DBF1B562B3FC5353EBF53
S31502019D105B0B2B3FFF783EBF82C02A3F1BBC3EBF77
S31502019D208E752A3F1BFF3EBF802A2A3FFC413FBF59
S31502019D3057DF293FC0843FBF1594293F67C73FBFFD
S31502019D40B848293FF00940BF41FD283F5C4C40BF5E
S31502019D50B0B1283FA98E40BF0566283FDAD040BF81
S31502019D60401A283FEC1241BF61CE273FE15441BF61
S31502019D706882273FB79641BF5636273F70D841BF03
S31502019D802AEA263F0B1A42BFE39D263F895B42BF61
S31502019D908451263FE89C42BF0A05263F29DE42BF7F
S31502019DA077B8253F4C1F43BFCB6B253F516043BF5D
S31502019DB0041F253F38A143BF25D2243F00E243BFFA
S31502019DC02C85243FAB2244BF1A38243F376344BF54
S31502019DD0EEEA233FA5A344BFA99D233FF5E344BF72
S31502019DE04B50233F262445BFD302233F396445BF47
S31502019DF043B5223F2DA445BF9967223F03E445BFE0
S31502019E00D719223FBB2346BFFBCB213F546346BF33
S31502019E10067E213FCEA246BFF92F213F2AE246BF47
S31502019E20D2E1203F672147BF9393203F856047BF19
S31502019E303B45203F849F47BFCBF61F3F65DE47BFA9
S31502019E4041A81F3F271D48BF9F591F3FCA5B48BFF5
S31502019E50E50A1F3F4E9A48BF12BC1E3FB3D848BF00
S31502019E60266D1E3FFA1649BF221E1E3F215549BFC6
S31502019E7006CF1D3F299349BFD17F1D3F12D149BF4D
S31502019E8084301D3FDC0E4ABF1FE11C3F874C4ABF8F
S31502019E90A2911C3F138A4ABF0C421C3F7FC74ABF8D
S31502019EA05FF21B3FCC044BBF99A21B3FFA414BBF4A
S31502019EB0BB521B3F097F4BBFC6021B3FF8BB4BBFC1
S31502019EC0B8B21A3FC7F84BBF93621A3F78354CBFF7
S31502019ED055121A3F08724CBF00C2193F79AE4CBFE8
S31502019EE09471193FCBEA4CBF0F21193FFD264DBF95
S31502019EF073D0183F10634DBFC07F183F029F4DBFFD
S31502019F00F52E183FD5DA4DBF12DE173F89164EBF21
S31502019F10188D173F1C524EBF073C173F908D4EBFFF
S31502019F20DFEA163FE4C84EBF9F99163F17044FBF9B
S31502019F304748163F2B3F4FBFD9F6153F1F7A4FBFF2
S31502019F4054A5153FF4B44FBFB753153FA8EF4FBF02
S31502019F500402153F3B2A50BF39B0143FAF6450BFCC
S31502019F60585E143F039F50BF5F0C143F37D950BF51
S31502019F7050BA133F4A1351BF2A68133F3D4D51BF91
S31502019F80EE15133F108751BF9AC3123FC2C051BF8C
S31502019F903071123F54FA51BFB01E123FC63352BF3F
S31502019FA019CC113F186D52BF6B79113F49A652BFA9
S31502019FB0A726113F59DF52BFCDD3103F491853BFD0
S31502019FC0DC80103F185153BFD52D103FC78953BFAF
S31502019FD0B8DA0F3F55C253BF84870F3FC3FA53BF47
S31502019FE03B340F3F0F3354BFDBE00E3F3B6B54BF95
S31502019FF0658D0E3F47A354BFDA390E3F31DB54BF9D
S3150201A00038E60D3FFB1255BF81920D3FA44A55BF5B
S3150201A010B33E0D3F2C8255BFD0EA0C3F93B955BFD3
S3150201A020D7960C3FD9F055BFC9420C3FFE2756BF02
S3150201A030A5EE0B3F025F56BF6B9A0B3FE59556BFE6
S3150201A0401C460B3FA7CC56BFB7F10A3F480357BF81
S3150201A0503D9D0A3FC73957BFAD480A3F267057BFD4
S3150201A06009F4093F63A657BF4E9F093F7FDC57BFDD
S3150201A0707F4A093F791258BF9BF5083F534858BF9B
S3150201A080A1A0083F0B7E58BF924B083FA1B358BF10
S3150201A0906FF6073F17E958BF36A1073F6A1E59BF38
S3150201A0A0E84B073F9C5359BF86F6063FAD8859BF19
S3150201A0B00EA1063F9CBD59BF824B063F6AF259BFAC
S3150201A0C0E2F5053F16275ABF2CA0053FA05B5ABFF2
S3150201A0D0624A053F09905ABF84F4043F50C45ABFED
S3150201A0E0919E043F75F85ABF8948043F792C5BBF9C
S3150201A0F06DF2033F5A605BBF3D9C033F1A945BBFFF
S3150201A100F845033FB8C75BBF9FEF023F34FB5BBF16
S3150201A1103299023F8E2E5CBFB142023FC7615CBFDC
S3150201A1201CEC013FDD945CBF7395013FD1C75CBF57
S3150201A130B53E013FA3FA5CBFE4E7003F532D5DBF85
S3150201A140FF90003FE15F5DBF063A003F4D925DBF62
S3150201A150F3C5FF3E97C45DBFB217FF3EBEF65DBFB4
S3150201A1604A69FE3EC3285EBFBBBAFD3EA65A5EBF22
S3150201A170040CFD3E678C5EBF275DFC3E05BE5EBFDD
S3150201A18022AEFB3E81EF5EBFF7FEFA3EDB205FBFEA
S3150201A190A54FFA3E12525FBF2DA0F93E27835FBF3C
S3150201A1A08EF0F83E19B45FBFC840F83EE9E45FBFDE
S3150201A1B0DC90F73E961560BFCBE0F63E214660BFC6
S3150201A1C09330F63E897660BF3580F53ECFA660BFF5
S3150201A1D0B1CFF43EF2D660BF071FF43EF20661BF6D
S3150201A1E0386EF33ED03661BF43BDF23E8A6661BF29
S3150201A1F0290CF23E229661BFEA5AF13E98C561BF29
S3150201A20085A9F03EEAF461BFFBF7EF3E1A2462BF6D
S3150201A2104C46EF3E265362BF7994EE3E108262BFF0
S3150201A22080E2ED3ED7B062BF6330ED3E7BDF62BFB7
S3150201A230217EEC3EFC0D63BFBBCBEB3E5A3C63BFBA
S3150201A2403019EB3E956A63BF8166EA3EAC9863BFFD
S3150201A250AEB3E93EA1C663BFB700E93E73F463BF7D
S3150201A2609C4DE83E212264BF5D9AE73EAC4F64BF36
S3150201A270FBE6E63E147D64BF7533E63E59AA64BF2A
S3150201A280CB7FE53E7BD764BFFECBE43E790465BF57
S3150201A2900E18E43E543165BFFA63E33E0B5E65BFB9
S3150201A2A0C4AFE23EA08A65BF6AFBE13E10B765BF55
S3150201A2B0EE46E13E5EE365BF4F92E03E880F66BF22
S3150201A2C08DDDDF3E8E3B66BFA928DF3E716766BF25
S3150201A2D0A273DE3E309366BF79BEDD3ECCBE66BF5B
S3150201A2E02E09DD3E45EA66BFC153DC3E991567BFBD
S3150201A2F0319EDB3ECA4067BF80E8DA3ED86B67BF54
S3150201A300AD32DA3EC19667BFB97CD93E87C167BF16
S3150201A310A3C6D83E2AEC67BF6B10D83EA81668BF03
S3150201A320135AD73E034168BF99A3D63E396B68BF1C
S3150201A330FDECD53E4C9568BF4136D53E3CBF68BF64
S3150201A340647FD43E07E968BF67C8D33EAE1269BFD0
S3150201A3504811D33E323C69BF095AD23E916569BF63
S3150201A360AAA2D13ECC8E69BF2AEBD03EE4B769BF21
S3150201A3708A33D03ED7E069BFCA7BCF3EA7096ABFFF
S3150201A380EAC3CE3E52326ABFEA0BCE3ED95A6ABF01
S3150201A390CA53CD3E3C836ABF8B9BCC3E7BAB6ABF25
S3150201A3A02CE3CB3E95D36ABFAE2ACB3E8CFB6ABF6A
S3150201A3B01072CA3E5E236BBF53B9C93E0C4B6BBFCB
S3150201A3C07700C93E95726BBF7C47C83EFB996BBF4E
S3150201A3D0628EC73E3BC16BBF29D5C63E58E86BBFED
S3150201A3E0D21BC63E500F6CBF5C62C53E24366CBFA3
S3150201A3F0C8A8C43ED45C6CBF15EFC33E5E836CBF76
S3150201A4004435C33EC5A96CBF557BC23E07D06CBF5E
S3150201A41048C1C13E24F66CBF1E07C13E1D1C6DBF5D
S3150201A420D54CC03EF2416DBF6F92BF3EA1676DBF73
S3150201A430EBD7BE3E2D8D6DBF4A1DBE3E93B26DBF9B
S3150201A4408B62BD3ED5D76DBFAFA7BC3EF2FC6DBFD9
S3150201A450B6ECBB3EEB216EBFA031BB3EBE466EBF24
S3150201A4606E76BA3E6D6B6EBF1EBBB93EF88F6EBF7E
S3150201A470B2FFB83E5DB46EBF2A44B83E9ED86EBFE7
S3150201A4808488B73EBAFC6EBFC3CCB63EB0206FBF5E
S3150201A490E610B63E83446FBFEC54B53E30686FBFDB
S3150201A4A0D698B43EB88B6FBFA5DCB33E1BAF6FBF68
S3150201A4B05820B33E5AD26FBFEF63B23E73F56FBFF8
S3150201A4C06BA7B13E671870BFCBEAB03E373B70BF90
S3150201A4D0102EB03EE15D70BF3A71AF3E668070BF2D
S3150201A4E049B4AE3EC6A270BF3CF7AD3E02C570BFCF
S3150201A4F0153AAD3E17E770BFD47CAC3E080971BF71
S3150201A50077BFAB3ED42A71BF0102AB3E7A4C71BF13
S3150201A5106F44AA3EFB6D71BFC486A93E578F71BFB8
S3150201A520FEC8A83E8EB071BF1F0BA83E9FD171BF58
S3150201A530254DA73E8CF271BF128FA63E521372BFF2
S3150201A540E5D0A53EF43372BF9F12A53E705472BF89
S3150201A5503F54A43EC77472BFC595A33EF89472BF19
S3150201A56033D7A23E04B572BF8718A23EEBD472BF9F
S3150201A570C259A13EACF472BFE59AA03E471473BF1D
S3150201A580EEDB9F3EBE3373BFDF1C9F3E0E5373BF8E
S3150201A590B85D9E3E397273BF789E9D3E3F9173BFF1
S3150201A5A020DF9C3E1FB073BFAF1F9C3ED9CE73BF47
S3150201A5B027609B3E6EED73BF86A09A3EDD0B74BF8C
S3150201A5C0CEE0993E272A74BFFE20993E4B4874BFBE
S3150201A5D01661983E496674BF17A1973E228474BFDD
S3150201A5E000E1963ED5A174BFD220963E62BF74BFEA
S3150201A5F08D60953EC9DC74BF31A0943E0BFA74BFDF
S3150201A600BFDF933E271775BF351F933E1D3475BFB6
S3150201A610945E923EED5075BFDD9D913E976D75BF7D
S3150201A62010DD903E1C8A75BF2C1C903E7BA675BF21
S3150201A630325B8F3EB3C275BF229A8E3EC6DE75BFAE
S3150201A640FCD88D3EB3FA75BFC0178D3E7A1676BF1A
S3150201A6506E568C3E1B3276BF07958B3E974D76BF63
S3150201A6608AD38A3EEC6876BFF8118A3E1B8476BF8E
S3150201A6705050893E249F76BF938E883E07BA76BF95
S3150201A680C1CC873EC4D476BFDA0A873E5BEF76BF7A
S3150201A690DF48863ECC0977BFCE86853E172477BF33
S3150201A6A0AAC4843E3C3E77BF7002843E3A5877BFC5
S3150201A6B02240833E137277BFC07D823EC58B77BF30
S3150201A6C04ABB813E51A577BFC0F8803EB7BE77BF70
S3150201A6D02236803EF7D777BFE1E67E3E10F177BF9D
S3150201A6E056617D3E040A78BFA4DB7B3ED12278BF48
S3150201A6F0CB557A3E773B78BFCCCF783EF85378BFBD
S3150201A700A649773E526C78BF5AC3753E868478BF96
S3150201A710E83C743E939C78BF51B6723E7BB478BFD7
S3150201A720942F713E3BCC78BFB2A86F3ED6E378BF79
S3150201A730AB216E3E4AFB78BF7F9A6C3E981279BF77
S3150201A7402F136B3EBF2979BFBA8B693EC04079BFD1
S3150201A7502204683E9A5779BF667C663E4E6E79BF81
S3150201A76086F4643EDC8479BF836C633E439B79BF86
S3150201A7705CE4613E83B179BF135C603E9DC779BFDC
S3150201A780A8D35E3E91DD79BF1A4B5D3E5EF379BF7A
S3150201A7906AC25B3E04097ABF97395A3E841E7ABF62
S3150201A7A0A4B0583EDD337ABF8F27573E10497ABF90
S3150201A7B0589E553E1C5E7ABF0115543E02737ABFFE
S3150201A7C0898B523EC1877ABFF101513E599C7ABFAC
S3150201A7D038784F3ECBB07ABF60EE4D3E16C57ABF92
S3150201A7E067644C3E3AD97ABF4FDA4A3E37ED7ABFB1
S3150201A7F01850493E0E017BBFC2C5473EBE147BBF00
S3150201A8004D3B463E48287BBFB9B0443EAB3B7BBF7E
S3150201A8100726433EE74E7BBF379B413EFC617BBF2A
S3150201A8204910403EEA747BBF3E853E3EB2877BBFFE
S3150201A83015FA3C3E539A7BBFCF6E3B3ECDAC7BBFF6
S3150201A8406CE3393E20BF7BBFEC57383E4DD17BBF0F
S3150201A85050CC363E53E37BBF9840353E31F57BBF44
S3150201A860C4B4333EE9067CBFD428323E7A187CBF93
S3150201A870C99C303EE5297CBFA2102F3E283B7CBFF6
S3150201A88061842D3E444C7CBF04F82B3E3A5D7CBF6D
S3150201A8908D6B2A3E086E7CBFFCDE283EB07E7CBFF5
S3150201A8A05152273E318F7CBF8CC5253E8A9F7CBF84
S3150201A8B0AD38243EBDAF7CBFB6AB223EC9BF7CBF1D
S3150201A8C0A51E213EAECF7CBF7B911F3E6CDF7CBFB6
S3150201A8D038041E3E03EF7CBFDE761C3E73FE7CBF50
S3150201A8E06BE91A3EBC0D7DBFE05B193EDD1C7DBFE7
S3150201A8F03DCE173ED82B7DBF8340163EAC3A7DBF77
S3150201A900B2B2143E59497DBFCA24133EDE577DBFFA
S3150201A910CC96113E3D667DBFB708103E74747DBF6D
S3150201A9208B7A0E3E85827DBF4AEC0C3E6E907DBFD0
S3150201A930F35D0B3E309E7DBF86CF093ECCAB7DBF1C
S3150201A9400541083E40B97DBF6EB2063E8CC67DBF4B
S3150201A950C223053EB2D37DBF0295033EB1E07DBF60
S3150201A9602E06023E88ED7DBF4577003E38FA7DBF51
S3150201A97092D0FD3DC2067EBF73B2FA3D24137EBF5D
S3150201A9802C94F73D5E1F7EBFC075F43D722B7EBFD0
S3150201A9902E57F13D5E377EBF7638EE3D23437EBFAD
S3150201A9A09A19EB3DC14E7EBF9AFAE73D385A7EBFF0
S3150201A9B076DBE43D88657EBF2EBCE13DB0707EBF8D
S3150201A9C0C49CDE3DB17B7EBF377DDB3D8B867EBF80
S3150201A9D0895DD83D3D917EBFB93DD53DC99B7EBFBF
S3150201A9E0C81DD23D2DA67EBFB7FDCE3D69B07EBF45
S3150201A9F086DDCB3D7FBA7EBF36BDC83D6DC47EBF07
S3150201AA00C69CC53D34CE7EBF397CC23DD4D77EBFFE
S3150201AA108D5BBF3D4CE17EBFC33ABC3D9DEA7EBF25
S3150201AA20DD19B93DC7F37EBFDAF8B53DC9FC7EBF74
S3150201AA30BBD7B23DA4057FBF80B6AF3D580E7FBFDF
S3150201AA402B95AC3DE4167FBFBA73A93D491F7FBF63
S3150201AA503052A63D87277FBF8C30A33D9D2F7FBFF6
S3150201AA60CF0EA03D8D377FBFF9EC9C3D543F7FBF92
S3150201AA700ACB993DF4467FBF05A9963D6D4E7FBF30
S3150201AA80E786933DBF557FBFB464903DE95C7FBFC6
S3150201AA906A428D3DEC637FBF0A208A3DC76A7FBF4A
S3150201AAA094FD863D7B717FBF0ADB833D08787FBFBC
S3150201AAB06CB8803D6D7E7FBF742B7B3DAB847FBFBF
S3150201AAC0E9E5743DC28A7FBF38A06E3DB1907FBF72
S3150201AAD0625A683D78967FBF6814623D189C7FBFB3
S3150201AAE04CCE5B3D91A17FBF0E88553DE3A67FBF4C
S3150201AAF0AF414F3D0DAC7FBF2FFB483D0FB17FBF2D
S3150201AB0091B4423DEAB57FBFD56D3C3D9EBA7FBF4A
S3150201AB10FC26363D2ABF7FBF07E02F3D8FC37FBF8D
S3150201AB20F698293DCCC77FBFCC51233DE2CB7FBFEF
S3150201AB30880A1D3DD1CF7FBF2CC3163D98D37FBF57
S3150201AB40B87B103D37D77FBF2F340A3DAFDA7FBFBF
S3150201AB5090EC033D00DE7FBFB949FB3C29E17FBF93
S3150201AB602DBAEE3C2BE47FBF7B2AE23C05E77FBF91
S3150201AB70A69AD53CB8E97FBFB00AC93C43EC7FBF70
S3150201AB809B7ABC3CA7EE7FBF69EAAF3CE3F07FBF8D
S3150201AB901C5AA33CF8F27FBFB6C9963CE6F47FBFC6
S3150201ABA038398A3CACF67FBF4B517B3C4AF87FBFB2
S3150201ABB00030623CC1F97FBF900E493C11FB7FBF59
S3150201ABC002ED2F3C39FC7FBF59CB163C39FD7FBFC5
S3150201ABD03053FB3B13FE7FBF890FC93BC4FE7FBFC8
S3150201ABE0C1CB963B4EFF7FBFC70F493BB1FF7FBF2C
S3150201ABF0D40FC93AECFF7FBF000000000000803F7E
S3150201AC00C70F493BB1FF7F3F890FC93BC4FE7F3F57
S3150201AC1059CB163C39FD7F3F900E493C11FB7F3FD4
S3150201AC204B517B3C4AF87F3FB6C9963CE6F47F3FDF
S3150201AC3069EAAF3CE3F07F3FB00AC93C43EC7F3F90
S3150201AC407B2AE23C05E77F3FB949FB3C29E17F3F8D
S3150201AC502F340A3DAFDA7F3F2CC3163D98D37F3F8F
S3150201AC60CC51233DE2CB7F3F07E02F3D8FC37F3F90
S3150201AC70D56D3C3D9EBA7F3F2FFB483D0FB17F3FCD
S3150201AC800E88553DE3A67F3F6814623D189C7F3FBF
S3150201AC9038A06E3DB1907F3F742B7B3DAB847F3FE5
S3150201ACA00ADB833D08787F3F0A208A3DC76A7F3FD8
S3150201ACB0B464903DE95C7F3F05A9963D6D4E7F3FA9
S3150201ACC0F9EC9C3D543F7F3F8C30A33D9D2F7F3F46
S3150201ACD0BA73A93D491F7F3F80B6AF3D580E7F3FEC
S3150201ACE0DAF8B53DC9FC7E3FC33ABC3D9DEA7E3FDB
S3150201ACF0397CC23DD4D77E3F36BDC83D6DC47E3F49
S3150201AD00B7FDCE3D69B07E3FB93DD53DC99B7E3F7C
S3150201AD10377DDB3D8B867E3F2EBCE13DB0707E3FAB
S3150201AD209AFAE73D385A7E3F7638EE3D23437E3F17
S3150201AD30C075F43D722B7E3F73B2FA3D24137E3FFA
S3150201AD404577003E38FA7D3F0295033EB1E07D3FED
S3150201AD506EB2063E8CC67D3F86CF093ECCAB7D3FA9
S3150201AD604AEC0C3E6E907D3FB708103E74747D3FEF
S3150201AD70CA24133EDE577D3F8340163EAC3A7D3FE1
S3150201AD80E05B193EDD1C7D3FDE761C3E73FE7C3F99
S3150201AD907B911F3E6CDF7C3FB6AB223EC9BF7C3F37
S3150201ADA08CC5253E8A9F7C3FFCDE283EB07E7C3FD9
S3150201ADB004F82B3E3A5D7C3FA2102F3E283B7C3F96
S3150201ADC0D428323E7A187C3F9840353E31F57B3F96
S3150201ADD0EC57383E4DD17B3FCF6E3B3ECDAC7B3FF0
S3150201ADE03E853E3EB2877B3F379B413EFC617B3FC0
S3150201ADF0B9B0443EAB3B7B3FC2C5473EBE147B3F27
S3150201AE004FDA4A3E37ED7A3F60EE4D3E16C57A3F3E
S3150201AE10F101513E599C7A3F0115543E02737A3F24
S3150201AE208F27573E10497A3F97395A3E841E7A3FF9
S3150201AE301A4B5D3E5EF3793F135C603E9DC7793FD7
S3150201AE40836C633E439B793F667C663E4E6E793FD9
S3150201AE50BA8B693EC040793F7F9A6C3E9812793F20
S3150201AE60B2A86F3ED6E3783F51B6723E7BB4783FC5
S3150201AE705AC3753E8684783FCCCF783EF853783FE5
S3150201AE80A4DB7B3ED122783FE1E67E3E10F1773F9D
S3150201AE90C0F8803EB7BE773FC07D823EC58B773F05
S3150201AEA07002843E3A58773FCE86853E1724773F15
S3150201AEB0DA0A873E5BEF763F938E883E07BA763F84
S3150201AEC0F8118A3E1B84763F07958B3E974D763F56
S3150201AED0C0178D3E7A16763F229A8E3EC6DE753FA2
S3150201AEE02C1C903E7BA6753FDD9D913E976D753F6D
S3150201AEF0351F933E1D34753F31A0943E0BFA743FC4
S3150201AF00D220963E62BF743F17A1973E2284743FB8
S3150201AF10FE20993E4B48743F86A09A3EDD0B743F54
S3150201AF20AF1F9C3ED9CE733F789E9D3E3F91733FA4
S3150201AF30DF1C9F3E0E53733FE59AA03E4714733FB3
S3150201AF408718A23EEBD4723FC595A33EF894723F91
S3150201AF509F12A53E7054723F128FA63E5213723F44
S3150201AF601F0BA83E9FD1713FC486A93E578F713FE1
S3150201AF700102AB3E7A4C713FD47CAC3E0809713F6B
S3150201AF803CF7AD3E02C5703F3A71AF3E6680703FF7
S3150201AF90CBEAB03E373B703FEF63B23E73F56F3F8C
S3150201AFA0A5DCB33E1BAF6F3FEC54B53E30686F3F35
S3150201AFB0C3CCB63EB0206F3F2A44B83E9ED86E3F00
S3150201AFC01EBBB93EF88F6E3FA031BB3EBE466E3FF9
S3150201AFD0AFA7BC3EF2FC6D3F4A1DBE3E93B26D3F2A
S3150201AFE06F92BF3EA1676D3F1E07C13E1D1C6D3F9D
S3150201AFF0557BC23E07D06C3F15EFC33E5E836C3F65
S3150201B0005C62C53E24366C3F29D5C63E58E86B3F85
S3150201B0107C47C83EFB996B3F53B9C93E0C4B6B3F0C
S3150201B020AE2ACB3E8CFB6A3F8B9BCC3E7BAB6A3F07
S3150201B030EA0BCE3ED95A6A3FCA7BCF3EA7096A3F7F
S3150201B0402AEBD03EE4B7693F095AD23E9165693F80
S3150201B05067C8D33EAE12693F4136D53E3CBF683F13
S3150201B06099A3D63E396B683F6B10D83EA816683F46
S3150201B070B97CD93E87C1673F80E8DA3ED86B673F24
S3150201B080C153DC3E9915673F79BEDD3ECCBE663FB4
S3150201B090A928DF3E7167663F4F92E03E880F663F01
S3150201B0A06AFBE13E10B7653FFA63E33E0B5E653F1D
S3150201B0B0FECBE43E7904653F7533E63E59AA643F09
S3150201B0C05D9AE73EAC4F643FB700E93E73F4633FD6
S3150201B0D08166EA3EAC98633FBBCBEB3E5A3C633F8B
S3150201B0E06330ED3E7BDF623F7994EE3E1082623F32
S3150201B0F0FBF7EF3E1A24623FEA5AF13E98C5613FD9
S3150201B10043BDF23E8A66613F071FF43EF206613F86
S3150201B1103580F53ECFA6603FCBE0F63E2146603F45
S3150201B120C840F83EE9E45F3F2DA0F93E27835F3F21
S3150201B130F7FEFA3EDB205F3F275DFC3E05BE5E3F22
S3150201B140BBBAFD3EA65A5E3FB217FF3EBEF65D3F53
S3150201B150063A003F4D925D3FE4E7003F532D5D3FC6
S3150201B1607395013FD1C75C3FB142023FC7615C3F64
S3150201B1709FEF023F34FB5B3F3D9C033F1A945B3FCB
S3150201B1808948043F792C5B3F84F4043F50C45A3FFB
S3150201B1902CA0053FA05B5A3F824B063F6AF2593FFC
S3150201B1A086F6063FAD88593F36A1073F6A1E593FCB
S3150201B1B0924B083FA1B3583F9BF5083F5348583F6E
S3150201B1C04E9F093F7FDC573FAD480A3F2670573FE6
S3150201B1D0B7F10A3F4803573F6B9A0B3FE595563F36
S3150201B1E0C9420C3FFE27563FD0EA0C3F93B9553F61
S3150201B1F081920D3FA44A553FDA390E3F31DB543F66
S3150201B200DBE00E3F3B6B543F84870F3FC3FA533F4C
S3150201B210D52D103FC789533FCDD3103F4918533F10
S3150201B2206B79113F49A6523FB01E123FC633523FB8
S3150201B2309AC3123FC2C0513F2A68133F3D4D513F47
S3150201B2405F0C143F37D9503F39B0143FAF64503FBA
S3150201B250B753153FA8EF4F3FD9F6153F1F7A4F3F18
S3150201B2609F99163F17044F3F073C173F908D4E3F5C
S3150201B27012DE173F89164E3FC07F183F029F4D3F90
S3150201B2800F21193FFD264D3F00C2193F79AE4C3FB2
S3150201B29093621A3F78354C3FC6021B3FF8BB4B3FC0
S3150201B2A099A21B3FFA414B3F0C421C3F7FC74A3FC3
S3150201B2B01FE11C3F874C4A3FD17F1D3F12D1493FB7
S3150201B2C0221E1E3F2155493F12BC1E3FB3D8483F9D
S3150201B2D09F591F3FCA5B483FCBF61F3F65DE473F7B
S3150201B2E09393203F8560473FF92F213F2AE2463F4C
S3150201B2F0FBCB213F5463463F9967223F03E4453F17
S3150201B300D302233F3964453FA99D233FF5E3443FD9
S3150201B3101A38243F3763443F25D2243F00E2433F94
S3150201B320CB6B253F5160433F0A05263F29DE423F4B
S3150201B330E39D263F895B423F5636273F70D8413F00
S3150201B34061CE273FE154413F0566283FDAD0403FAF
S3150201B35041FD283F5C4C403F1594293F67C73F3F5B
S3150201B360802A2A3FFC413F3F82C02A3F1BBC3E3F07
S3150201B3701B562B3FC5353E3F4AEB2B3FF9AE3D3FB0
S3150201B3800F802C3FB8273D3F69142D3F03A03C3F58
S3150201B39059A82D3FD9173C3FDE3B2E3F3B8F3B3F02
S3150201B3A0F7CE2E3F29063B3FA5612F3FA47C3A3FAC
S3150201B3B0E6F32F3FACF2393FBB85303F4268393F56
S3150201B3C02217313F65DD383F1DA8313F1652383FFE
S3150201B3D0AA38323F55C6373FC9C8323F233A373FAB
S3150201B3E07A58333F7FAD363FBCE7333F6C20363F59
S3150201B3F08F76343FE792353FF304353FF304353F09
S3150201B400E792353F8F76343F6C20363FBCE7333FB8
S3150201B4107FAD363F7A58333F233A373FC9C8323F69
S3150201B42055C6373FAA38323F1652383F1DA8313F1B
S3150201B43065DD383F2217313F4268393FBB85303FD0
S3150201B440ACF2393FE6F32F3FA47C3A3FA5612F3F89
S3150201B45029063B3FF7CE2E3F3B8F3B3FDE3B2E3F3E
S3150201B460D9173C3F59A82D3F03A03C3F69142D3FF4
S3150201B470B8273D3F0F802C3FF9AE3D3F4AEB2B3FAC
S3150201B480C5353E3F1B562B3F1BBC3E3F82C02A3F62
S3150201B490FC413F3F802A2A3F67C73F3F1594293F18
S3150201B4A05C4C403F41FD283FDAD0403F0566283FCC
S3150201B4B0E154413F61CE273F70D8413F5636273F7F
S3150201B4C0895B423FE39D263F29DE423F0A05263F2D
S3150201B4D05160433FCB6B253F00E2433F25D2243FD8
S3150201B4E03763443F1A38243FF5E3443FA99D233F7E
S3150201B4F03964453FD302233F03E4453F9967223F1F
S3150201B5005463463FFBCB213F2AE2463FF92F213FB7
S3150201B5108560473F9393203F65DE473FCBF61F3F4A
S3150201B520CA5B483F9F591F3FB3D8483F12BC1E3FD3
S3150201B5302155493F221E1E3F12D1493FD17F1D3F50
S3150201B540874C4A3F1FE11C3F7FC74A3F0C421C3FC3
S3150201B550FA414B3F99A21B3FF8BB4B3FC6021B3F29
S3150201B56078354C3F93621A3F79AE4C3F00C2193F80
S3150201B570FD264D3F0F21193F029F4D3FC07F183FC8
S3150201B58089164E3F12DE173F908D4E3F073C173FFD
S3150201B59017044F3F9F99163F1F7A4F3FD9F6153F22
S3150201B5A0A8EF4F3FB753153FAF64503F39B0143F31
S3150201B5B037D9503F5F0C143F3D4D513F2A68133F27
S3150201B5C0C2C0513F9AC3123FC633523FB01E123F09
S3150201B5D049A6523F6B79113F4918533FCDD3103FCC
S3150201B5E0C789533FD52D103FC3FA533F84870F3F77
S3150201B5F03B6B543FDBE00E3F31DB543FDA390E3F02
S3150201B600A44A553F81920D3F93B9553FD0EA0C3F6B
S3150201B610FE27563FC9420C3FE595563F6B9A0B3FB3
S3150201B6204803573FB7F10A3F2670573FAD480A3FD5
S3150201B6307FDC573F4E9F093F5348583F9BF5083FD2
S3150201B640A1B3583F924B083F6A1E593F36A1073FA5
S3150201B650AD88593F86F6063F6AF2593F824B063F4D
S3150201B660A05B5A3F2CA0053F50C45A3F84F4043FC5
S3150201B670792C5B3F8948043F1A945B3F3D9C033F0B
S3150201B68034FB5B3F9FEF023FC7615C3FB142023F22
S3150201B690D1C75C3F7395013F532D5D3FE4E7003F00
S3150201B6A04D925D3F063A003FBEF65D3FB217FF3E41
S3150201B6B0A65A5E3FBBBAFD3E05BE5E3F275DFC3E16
S3150201B6C0DB205F3FF7FEFA3E27835F3F2DA0F93E5F
S3150201B6D0E9E45F3FC840F83E2146603FCBE0F63ED3
S3150201B6E0CFA6603F3580F53EF206613F071FF43E65
S3150201B6F08A66613F43BDF23E98C5613FEA5AF13E11
S3150201B7001A24623FFBF7EF3E1082623F7994EE3EC6
S3150201B7107BDF623F6330ED3E5A3C633FBBCBEB3E80
S3150201B720AC98633F8166EA3E73F4633FB700E93E34
S3150201B730AC4F643F5D9AE73E59AA643F7533E63ED4
S3150201B7407904653FFECBE43E0B5E653FFA63E33E59
S3150201B75010B7653F6AFBE13E880F663F4F92E03EB6
S3150201B7607167663FA928DF3ECCBE663F79BEDD3EE4
S3150201B7709915673FC153DC3ED86B673F80E8DA3ED5
S3150201B78087C1673FB97CD93EA816683F6B10D83E80
S3150201B790396B683F99A3D63E3CBF683F4136D53ED9
S3150201B7A0AE12693F67C8D33E9165693F095AD23ED7
S3150201B7B0E4B7693F2AEBD03EA7096A3FCA7BCF3E6F
S3150201B7C0D95A6A3FEA0BCE3E7BAB6A3F8B9BCC3E94
S3150201B7D08CFB6A3FAE2ACB3E0C4B6B3F53B9C93E3B
S3150201B7E0FB996B3F7C47C83E58E86B3F29D5C63E5D
S3150201B7F024366C3F5C62C53E5E836C3F15EFC33EE9
S3150201B80007D06C3F557BC23E1D1C6D3F1E07C13ED4
S3150201B810A1676D3F6F92BF3E93B26D3F4A1DBE3E19
S3150201B820F2FC6D3FAFA7BC3EBE466E3FA031BB3EAA
S3150201B830F88F6E3F1EBBB93E9ED86E3F2A44B83E74
S3150201B840B0206F3FC3CCB63E30686F3FEC54B53E75
S3150201B8501BAF6F3FA5DCB33E73F56F3FEF63B23E9D
S3150201B860373B703FCBEAB03E6680703F3A71AF3EDE
S3150201B87002C5703F3CF7AD3E0809713FD47CAC3E30
S3150201B8807A4C713F0102AB3E578F713FC486A93E86
S3150201B8909FD1713F1F0BA83E5213723F128FA63ED4
S3150201B8A07054723F9F12A53EF894723FC595A33E0E
S3150201B8B0EBD4723F8718A23E4714733FE59AA03E26
S3150201B8C00E53733FDF1C9F3E3F91733F789E9D3E11
S3150201B8D0D9CE733FAF1F9C3EDD0B743F86A09A3EC5
S3150201B8E04B48743FFE20993E2284743F17A1973E2E
S3150201B8F062BF743FD220963E0BFA743F31A0943E4A
S3150201B9001D34753F351F933E976D753FDD9D913E03
S3150201B9107BA6753F2C1C903EC6DE753F229A8E3E53
S3150201B9207A16763FC0178D3E974D763F07958B3E29
S3150201B9301B84763FF8118A3E07BA763F938E883E7C
S3150201B9405BEF763FDA0A873E1724773FCE86853E3E
S3150201B9503A58773F7002843EC58B773FC07D823E5F
S3150201B960B7BE773FC0F8803E10F1773FE1E67E3EF3
S3150201B970D122783FA4DB7B3EF853783FCCCF783E89
S3150201B9808684783F5AC3753E7BB4783F51B6723E80
S3150201B990D6E3783FB2A86F3E9812793F7F9A6C3E02
S3150201B9A0C040793FBA8B693E4E6E793F667C663EF0
S3150201B9B0439B793F836C633E9DC7793F135C603E2F
S3150201B9C05EF3793F1A4B5D3E841E7A3F97395A3EA2
S3150201B9D010497A3F8F27573E02737A3F0115543E2B
S3150201B9E0599C7A3FF101513E16C57A3F60EE4D3EB2
S3150201B9F037ED7A3F4FDA4A3EBE147B3FC2C5473E18
S3150201BA00AB3B7B3FB9B0443EFC617B3F379B413E3A
S3150201BA10B2877B3F3E853E3ECDAC7B3FCF6E3B3E02
S3150201BA204DD17B3FEC57383E31F57B3F9840353E51
S3150201BA307A187C3FD428323E283B7C3FA2102F3E07
S3150201BA403A5D7C3F04F82B3EB07E7C3FFCDE283E0D
S3150201BA508A9F7C3F8CC5253EC9BF7C3FB6AB223E41
S3150201BA606CDF7C3F7B911F3E73FE7C3FDE761C3E84
S3150201BA70DD1C7D3FE05B193EAC3A7D3F8340163EBD
S3150201BA80DE577D3FCA24133E74747D3FB708103ECC
S3150201BA906E907D3F4AEC0C3ECCAB7D3F86CF093E94
S3150201BAA08CC67D3F6EB2063EB1E07D3F0295033EF6
S3150201BAB038FA7D3F4577003E24137E3F73B2FA3D45
S3150201BAC0722B7E3FC075F43D23437E3F7638EE3DB1
S3150201BAD0385A7E3F9AFAE73DB0707E3F2EBCE13D71
S3150201BAE08B867E3F377DDB3DC99B7E3FB93DD53D8A
S3150201BAF069B07E3FB7FDCE3D6DC47E3F36BDC83DC2
S3150201BB00D4D77E3F397CC23D9DEA7E3FC33ABC3DD6
S3150201BB10C9FC7E3FDAF8B53D580E7F3F80B6AF3D90
S3150201BB20491F7F3FBA73A93D9D2F7F3F8C30A33DAD
S3150201BB30543F7F3FF9EC9C3D6D4E7F3F05A9963DF3
S3150201BB40E95C7F3FB464903DC76A7F3F0A208A3D24
S3150201BB5008787F3F0ADB833DAB847F3F742B7B3DB5
S3150201BB60B1907F3F38A06E3D189C7F3F6814623DBD
S3150201BB70E3A67F3F0E88553D0FB17F3F2FFB483D20
S3150201BB809EBA7F3FD56D3C3D8FC37F3F07E02F3D78
S3150201BB90E2CB7F3FCC51233D98D37F3F2CC3163D49
S3150201BBA0AFDA7F3F2F340A3D29E17F3FB949FB3C9A
S3150201BBB005E77F3F7B2AE23C43EC7F3FB00AC93C63
S3150201BBC0E3F07F3F69EAAF3CE6F47F3FB6C9963CB4
S3150201BBD04AF87F3F4B517B3C11FB7F3F900E493C1C
S3150201BBE039FD7F3F59CB163CC4FE7F3F890FC93BC6
S3150201BBF0B1FF7F3FC70F493B0000803F00000000B5
S3150201BC00B1FF7F3FC70F49BBC4FE7F3F890FC9BB47
S3150201BC1039FD7F3F59CB16BC11FB7F3F900E49BCC4
S3150201BC204AF87F3F4B517BBCE6F47F3FB6C996BCCF
S3150201BC30E3F07F3F69EAAFBC43EC7F3FB00AC9BC80
S3150201BC4005E77F3F7B2AE2BC29E17F3FB949FBBC7D
S3150201BC50AFDA7F3F2F340ABD98D37F3F2CC316BD7F
S3150201BC60E2CB7F3FCC5123BD8FC37F3F07E02FBD80
S3150201BC709EBA7F3FD56D3CBD0FB17F3F2FFB48BDBD
S3150201BC80E3A67F3F0E8855BD189C7F3F681462BDAF
S3150201BC90B1907F3F38A06EBDAB847F3F742B7BBDD5
S3150201BCA008787F3F0ADB83BDC76A7F3F0A208ABDC8
S3150201BCB0E95C7F3FB46490BD6D4E7F3F05A996BD99
S3150201BCC0543F7F3FF9EC9CBD9D2F7F3F8C30A3BD36
S3150201BCD0491F7F3FBA73A9BD580E7F3F80B6AFBDDC
S3150201BCE0C9FC7E3FDAF8B5BD9DEA7E3FC33ABCBDCB
S3150201BCF0D4D77E3F397CC2BD6DC47E3F36BDC8BD39
S3150201BD0069B07E3FB7FDCEBDC99B7E3FB93DD5BD6C
S3150201BD108B867E3F377DDBBDB0707E3F2EBCE1BD9B
S3150201BD20385A7E3F9AFAE7BD23437E3F7638EEBD07
S3150201BD30722B7E3FC075F4BD24137E3F73B2FABDEA
S3150201BD4038FA7D3F457700BEB1E07D3F029503BEDD
S3150201BD508CC67D3F6EB206BECCAB7D3F86CF09BE99
S3150201BD606E907D3F4AEC0CBE74747D3FB70810BEDF
S3150201BD70DE577D3FCA2413BEAC3A7D3F834016BED1
S3150201BD80DD1C7D3FE05B19BE73FE7C3FDE761CBE89
S3150201BD906CDF7C3F7B911FBEC9BF7C3FB6AB22BE27
S3150201BDA08A9F7C3F8CC525BEB07E7C3FFCDE28BEC9
S3150201BDB03A5D7C3F04F82BBE283B7C3FA2102FBE86
S3150201BDC07A187C3FD42832BE31F57B3F984035BE86
S3150201BDD04DD17B3FEC5738BECDAC7B3FCF6E3BBEE0
S3150201BDE0B2877B3F3E853EBEFC617B3F379B41BEB0
S3150201BDF0AB3B7B3FB9B044BEBE147B3FC2C547BE17
S3150201BE0037ED7A3F4FDA4ABE16C57A3F60EE4DBE2E
S3150201BE10599C7A3FF10151BE02737A3F011554BE14
S3150201BE2010497A3F8F2757BE841E7A3F97395ABEE9
S3150201BE305EF3793F1A4B5DBE9DC7793F135C60BEC7
S3150201BE40439B793F836C63BE4E6E793F667C66BEC9
S3150201BE50C040793FBA8B69BE9812793F7F9A6CBE10
S3150201BE60D6E3783FB2A86FBE7BB4783F51B672BEB5
S3150201BE708684783F5AC375BEF853783FCCCF78BED5
S3150201BE80D122783FA4DB7BBE10F1773FE1E67EBE8D
S3150201BE90B7BE773FC0F880BEC58B773FC07D82BEF5
S3150201BEA03A58773F700284BE1724773FCE8685BE05
S3150201BEB05BEF763FDA0A87BE07BA763F938E88BE74
S3150201BEC01B84763FF8118ABE974D763F07958BBE46
S3150201BED07A16763FC0178DBEC6DE753F229A8EBE92
S3150201BEE07BA6753F2C1C90BE976D753FDD9D91BE5D
S3150201BEF01D34753F351F93BE0BFA743F31A094BEB4
S3150201BF0062BF743FD22096BE2284743F17A197BEA8
S3150201BF104B48743FFE2099BEDD0B743F86A09ABE44
S3150201BF20D9CE733FAF1F9CBE3F91733F789E9DBE94
S3150201BF300E53733FDF1C9FBE4714733FE59AA0BEA3
S3150201BF40EBD4723F8718A2BEF894723FC595A3BE81
S3150201BF507054723F9F12A5BE5213723F128FA6BE34
S3150201BF609FD1713F1F0BA8BE578F713FC486A9BED1
S3150201BF707A4C713F0102ABBE0809713FD47CACBE5B
S3150201BF8002C5703F3CF7ADBE6680703F3A71AFBEE7
S3150201BF90373B703FCBEAB0BE73F56F3FEF63B2BE7C
S3150201BFA01BAF6F3FA5DCB3BE30686F3FEC54B5BE25
S3150201BFB0B0206F3FC3CCB6BE9ED86E3F2A44B8BEF0
S3150201BFC0F88F6E3F1EBBB9BEBE466E3FA031BBBEE9
S3150201BFD0F2FC6D3FAFA7BCBE93B26D3F4A1DBEBE1A
S3150201BFE0A1676D3F6F92BFBE1D1C6D3F1E07C1BE8D
S3150201BFF007D06C3F557BC2BE5E836C3F15EFC3BE55
S3150201C00024366C3F5C62C5BE58E86B3F29D5C6BE75
S3150201C010FB996B3F7C47C8BE0C4B6B3F53B9C9BEFC
S3150201C0208CFB6A3FAE2ACBBE7BAB6A3F8B9BCCBEF7
S3150201C030D95A6A3FEA0BCEBEA7096A3FCA7BCFBE6F
S3150201C040E4B7693F2AEBD0BE9165693F095AD2BE70
S3150201C050AE12693F67C8D3BE3CBF683F4136D5BE03
S3150201C060396B683F99A3D6BEA816683F6B10D8BE36
S3150201C07087C1673FB97CD9BED86B673F80E8DABE14
S3150201C0809915673FC153DCBECCBE663F79BEDDBEA4
S3150201C0907167663FA928DFBE880F663F4F92E0BEF1
S3150201C0A010B7653F6AFBE1BE0B5E653FFA63E3BE0D
S3150201C0B07904653FFECBE4BE59AA643F7533E6BEF9
S3150201C0C0AC4F643F5D9AE7BE73F4633FB700E9BEC6
S3150201C0D0AC98633F8166EABE5A3C633FBBCBEBBE7B
S3150201C0E07BDF623F6330EDBE1082623F7994EEBE22
S3150201C0F01A24623FFBF7EFBE98C5613FEA5AF1BEC9
S3150201C1008A66613F43BDF2BEF206613F071FF4BE76
S3150201C110CFA6603F3580F5BE2146603FCBE0F6BE35
S3150201C120E9E45F3FC840F8BE27835F3F2DA0F9BE11
S3150201C130DB205F3FF7FEFABE05BE5E3F275DFCBE12
S3150201C140A65A5E3FBBBAFDBEBEF65D3FB217FFBE43
S3150201C1504D925D3F063A00BF532D5D3FE4E700BFB6
S3150201C160D1C75C3F739501BFC7615C3FB14202BF54
S3150201C17034FB5B3F9FEF02BF1A945B3F3D9C03BFBB
S3150201C180792C5B3F894804BF50C45A3F84F404BFEB
S3150201C190A05B5A3F2CA005BF6AF2593F824B06BFEC
S3150201C1A0AD88593F86F606BF6A1E593F36A107BFBB
S3150201C1B0A1B3583F924B08BF5348583F9BF508BF5E
S3150201C1C07FDC573F4E9F09BF2670573FAD480ABFD6
S3150201C1D04803573FB7F10ABFE595563F6B9A0BBF26
S3150201C1E0FE27563FC9420CBF93B9553FD0EA0CBF51
S3150201C1F0A44A553F81920DBF31DB543FDA390EBF56
S3150201C2003B6B543FDBE00EBFC3FA533F84870FBF3C
S3150201C210C789533FD52D10BF4918533FCDD310BF00
S3150201C22049A6523F6B7911BFC633523FB01E12BFA8
S3150201C230C2C0513F9AC312BF3D4D513F2A6813BF37
S3150201C24037D9503F5F0C14BFAF64503F39B014BFAA
S3150201C250A8EF4F3FB75315BF1F7A4F3FD9F615BF08
S3150201C26017044F3F9F9916BF908D4E3F073C17BF4C
S3150201C27089164E3F12DE17BF029F4D3FC07F18BF80
S3150201C280FD264D3F0F2119BF79AE4C3F00C219BFA2
S3150201C29078354C3F93621ABFF8BB4B3FC6021BBFB0
S3150201C2A0FA414B3F99A21BBF7FC74A3F0C421CBFB3
S3150201C2B0874C4A3F1FE11CBF12D1493FD17F1DBFA7
S3150201C2C02155493F221E1EBFB3D8483F12BC1EBF8D
S3150201C2D0CA5B483F9F591FBF65DE473FCBF61FBF6B
S3150201C2E08560473F939320BF2AE2463FF92F21BF3C
S3150201C2F05463463FFBCB21BF03E4453F996722BF07
S3150201C3003964453FD30223BFF5E3443FA99D23BFC9
S3150201C3103763443F1A3824BF00E2433F25D224BF84
S3150201C3205160433FCB6B25BF29DE423F0A0526BF3B
S3150201C330895B423FE39D26BF70D8413F563627BFF0
S3150201C340E154413F61CE27BFDAD0403F056628BF9F
S3150201C3505C4C403F41FD28BF67C73F3F159429BF4B
S3150201C360FC413F3F802A2ABF1BBC3E3F82C02ABFF7
S3150201C370C5353E3F1B562BBFF9AE3D3F4AEB2BBFA0
S3150201C380B8273D3F0F802CBF03A03C3F69142DBF48
S3150201C390D9173C3F59A82DBF3B8F3B3FDE3B2EBFF2
S3150201C3A029063B3FF7CE2EBFA47C3A3FA5612FBF9C
S3150201C3B0ACF2393FE6F32FBF4268393FBB8530BF46
S3150201C3C065DD383F221731BF1652383F1DA831BFEE
S3150201C3D055C6373FAA3832BF233A373FC9C832BF9B
S3150201C3E07FAD363F7A5833BF6C20363FBCE733BF49
S3150201C3F0E792353F8F7634BFF304353FF30435BFF9
S3150201C4008F76343FE79235BFBCE7333F6C2036BFA8
S3150201C4107A58333F7FAD36BFC9C8323F233A37BF59
S3150201C420AA38323F55C637BF1DA8313F165238BF0B
S3150201C4302217313F65DD38BFBB85303F426839BFC0
S3150201C440E6F32F3FACF239BFA5612F3FA47C3ABF79
S3150201C450F7CE2E3F29063BBFDE3B2E3F3B8F3BBF2E
S3150201C46059A82D3FD9173CBF69142D3F03A03CBFE4
S3150201C4700F802C3FB8273DBF4AEB2B3FF9AE3DBF9C
S3150201C4801B562B3FC5353EBF82C02A3F1BBC3EBF52
S3150201C490802A2A3FFC413FBF1594293F67C73FBF08
S3150201C4A041FD283F5C4C40BF0566283FDAD040BFBC
S3150201C4B061CE273FE15441BF5636273F70D841BF6F
S3150201C4C0E39D263F895B42BF0A05263F29DE42BF1D
S3150201C4D0CB6B253F516043BF25D2243F00E243BFC8
S3150201C4E01A38243F376344BFA99D233FF5E344BF6E
S3150201C4F0D302233F396445BF9967223F03E445BF0F
S3150201C500FBCB213F546346BFF92F213F2AE246BFA7
S3150201C5109393203F856047BFCBF61F3F65DE47BF3A
S3150201C5209F591F3FCA5B48BF12BC1E3FB3D848BFC3
S3150201C530221E1E3F215549BFD17F1D3F12D149BF40
S3150201C5401FE11C3F874C4ABF0C421C3F7FC74ABFB3
S3150201C55099A21B3FFA414BBFC6021B3FF8BB4BBF19
S3150201C56093621A3F78354CBF00C2193F79AE4CBF70
S3150201C5700F21193FFD264DBFC07F183F029F4DBFB8
S3150201C58012DE173F89164EBF073C173F908D4EBFED
S3150201C5909F99163F17044FBFD9F6153F1F7A4FBF12
S3150201C5A0B753153FA8EF4FBF39B0143FAF6450BF21
S3150201C5B05F0C143F37D950BF2A68133F3D4D51BF17
S3150201C5C09AC3123FC2C051BFB01E123FC63352BFF9
S3150201C5D06B79113F49A652BFCDD3103F491853BFBC
S3150201C5E0D52D103FC78953BF84870F3FC3FA53BF67
S3150201C5F0DBE00E3F3B6B54BFDA390E3F31DB54BFF2
S3150201C60081920D3FA44A55BFD0EA0C3F93B955BF5B
S3150201C610C9420C3FFE2756BF6B9A0B3FE59556BFA3
S3150201C620B7F10A3F480357BFAD480A3F267057BFC5
S3150201C6304E9F093F7FDC57BF9BF5083F534858BFC2
S3150201C640924B083FA1B358BF36A1073F6A1E59BF95
S3150201C65086F6063FAD8859BF824B063F6AF259BF3D
S3150201C6602CA0053FA05B5ABF84F4043F50C45ABFB5
S3150201C6708948043F792C5BBF3D9C033F1A945BBFFB
S3150201C6809FEF023F34FB5BBFB142023FC7615CBF12
S3150201C6907395013FD1C75CBFE4E7003F532D5DBFF0
S3150201C6A0063A003F4D925DBFB217FF3EBEF65DBF31
S3150201C6B0BBBAFD3EA65A5EBF275DFC3E05BE5EBF06
S3150201C6C0F7FEFA3EDB205FBF2DA0F93E27835FBF4F
S3150201C6D0C840F83EE9E45FBFCBE0F63E214660BFC3
S3150201C6E03580F53ECFA660BF071FF43EF20661BF55
S3150201C6F043BDF23E8A6661BFEA5AF13E98C561BF01
S3150201C700FBF7EF3E1A2462BF7994EE3E108262BFB6
S3150201C7106330ED3E7BDF62BFBBCBEB3E5A3C63BF70
S3150201C7208166EA3EAC9863BFB700E93E73F463BF24
S3150201C7305D9AE73EAC4F64BF7533E63E59AA64BFC4
S3150201C740FECBE43E790465BFFA63E33E0B5E65BF49
S3150201C7506AFBE13E10B765BF4F92E03E880F66BFA6
S3150201C760A928DF3E716766BF79BEDD3ECCBE66BFD4
S3150201C770C153DC3E991567BF80E8DA3ED86B67BFC5
S3150201C780B97CD93E87C167BF6B10D83EA81668BF70
S3150201C79099A3D63E396B68BF4136D53E3CBF68BFC9
S3150201C7A067C8D33EAE1269BF095AD23E916569BFC7
S3150201C7B02AEBD03EE4B769BFCA7BCF3EA7096ABF5F
S3150201C7C0EA0BCE3ED95A6ABF8B9BCC3E7BAB6ABF84
S3150201C7D0AE2ACB3E8CFB6ABF53B9C93E0C4B6BBF2B
S3150201C7E07C47C83EFB996BBF29D5C63E58E86BBF4D
S3150201C7F05C62C53E24366CBF15EFC33E5E836CBFD9
S3150201C800557BC23E07D06CBF1E07C13E1D1C6DBFC4
S3150201C8106F92BF3EA1676DBF4A1DBE3E93B26DBF09
S3150201C820AFA7BC3EF2FC6DBFA031BB3EBE466EBF9A
S3150201C8301EBBB93EF88F6EBF2A44B83E9ED86EBF64
S3150201C840C3CCB63EB0206FBFEC54B53E30686FBF65
S3150201C850A5DCB33E1BAF6FBFEF63B23E73F56FBF8D
S3150201C860CBEAB03E373B70BF3A71AF3E668070BFCE
S3150201C8703CF7AD3E02C570BFD47CAC3E080971BF20
S3150201C8800102AB3E7A4C71BFC486A93E578F71BF76
S3150201C8901F0BA83E9FD171BF128FA63E521372BFC4
S3150201C8A09F12A53E705472BFC595A33EF89472BFFE
S3150201C8B08718A23EEBD472BFE59AA03E471473BF16
S3150201C8C0DF1C9F3E0E5373BF789E9D3E3F9173BF01
S3150201C8D0AF1F9C3ED9CE73BF86A09A3EDD0B74BFB5
S3150201C8E0FE20993E4B4874BF17A1973E228474BF1E
S3150201C8F0D220963E62BF74BF31A0943E0BFA74BF3A
S3150201C900351F933E1D3475BFDD9D913E976D75BFF3
S3150201C9102C1C903E7BA675BF229A8E3EC6DE75BF43
S3150201C920C0178D3E7A1676BF07958B3E974D76BF19
S3150201C930F8118A3E1B8476BF938E883E07BA76BF6C
S3150201C940DA0A873E5BEF76BFCE86853E172477BF2E
S3150201C9507002843E3A5877BFC07D823EC58B77BF4F
S3150201C960C0F8803EB7BE77BFE1E67E3E10F177BFE3
S3150201C970A4DB7B3ED12278BFCCCF783EF85378BF79
S3150201C9805AC3753E868478BF51B6723E7BB478BF70
S3150201C990B2A86F3ED6E378BF7F9A6C3E981279BFF2
S3150201C9A0BA8B693EC04079BF667C663E4E6E79BFE0
S3150201C9B0836C633E439B79BF135C603E9DC779BF1F
S3150201C9C01A4B5D3E5EF379BF97395A3E841E7ABF92
S3150201C9D08F27573E10497ABF0115543E02737ABF1B
S3150201C9E0F101513E599C7ABF60EE4D3E16C57ABFA2
S3150201C9F04FDA4A3E37ED7ABFC2C5473EBE147BBF08
S3150201CA00B9B0443EAB3B7BBF379B413EFC617BBF2A
S3150201CA103E853E3EB2877BBFCF6E3B3ECDAC7BBFF2
S3150201CA20EC57383E4DD17BBF9840353E31F57BBF41
S3150201CA30D428323E7A187CBFA2102F3E283B7CBFF7
S3150201CA4004F82B3E3A5D7CBFFCDE283EB07E7CBFFD
S3150201CA508CC5253E8A9F7CBFB6AB223EC9BF7CBF31
S3150201CA607B911F3E6CDF7CBFDE761C3E73FE7CBF74
S3150201CA70E05B193EDD1C7DBF8340163EAC3A7DBFAD
S3150201CA80CA24133EDE577DBFB708103E74747DBFBC
S3150201CA904AEC0C3E6E907DBF86CF093ECCAB7DBF84
S3150201CAA06EB2063E8CC67DBF0295033EB1E07DBFE6
S3150201CAB04577003E38FA7DBF73B2FA3D24137EBF35
S3150201CAC0C075F43D722B7EBF7638EE3D23437EBFA1
S3150201CAD09AFAE73D385A7EBF2EBCE13DB0707EBF61
S3150201CAE0377DDB3D8B867EBFB93DD53DC99B7EBF7A
S3150201CAF0B7FDCE3D69B07EBF36BDC83D6DC47EBFB2
S3150201CB00397CC23DD4D77EBFC33ABC3D9DEA7EBFC6
S3150201CB10DAF8B53DC9FC7EBF80B6AF3D580E7FBF80
S3150201CB20BA73A93D491F7FBF8C30A33D9D2F7FBF9D
S3150201CB30F9EC9C3D543F7FBF05A9963D6D4E7FBFE3
S3150201CB40B464903DE95C7FBF0A208A3DC76A7FBF14
S3150201CB500ADB833D08787FBF742B7B3DAB847FBFA5
S3150201CB6038A06E3DB1907FBF6814623D189C7FBFAD
S3150201CB700E88553DE3A67FBF2FFB483D0FB17FBF10
S3150201CB80D56D3C3D9EBA7FBF07E02F3D8FC37FBF68
S3150201CB90CC51233DE2CB7FBF2CC3163D98D37FBF39
S3150201CBA02F340A3DAFDA7FBFB949FB3C29E17FBF8A
S3150201CBB07B2AE23C05E77FBFB00AC93C43EC7FBF53
S3150201CBC069EAAF3CE3F07FBFB6C9963CE6F47FBFA4
S3150201CBD04B517B3C4AF87FBF900E493C11FB7FBF0C
S3150201CBE059CB163C39FD7FBF890FC93BC4FE7FBFB6
S3150201CBF0C70F493BB1FF7FBF000000000000803F25
S3150201CC00890FC93BC4FE7F3F900E493C11FB7F3F12
S3150201CC10B6C9963CE6F47F3FB00AC93C43EC7F3F76
S3150201CC20B949FB3C29E17F3F2CC3163D98D37F3F8F
S3150201CC3007E02F3D8FC37F3F2FFB483D0FB17F3F5B
S3150201CC406814623D189C7F3F742B7B3DAB847F3F0A
S3150201CC500A208A3DC76A7F3F05A9963D6D4E7F3FF1
S3150201CC608C30A33D9D2F7F3F80B6AF3D580E7F3F4F
S3150201CC70C33ABC3D9DEA7E3F36BDC83D6DC47E3F8B
S3150201CC80B93DD53DC99B7E3F2EBCE13DB0707E3F8D
S3150201CC907638EE3D23437E3F73B2FA3D24137E3F3F
S3150201CCA00295033EB1E07D3F86CF093ECCAB7D3F87
S3150201CCB0B708103E74747D3F8340163EAC3A7D3F01
S3150201CCC0DE761C3E73FE7C3FB6AB223EC9BF7C3F7D
S3150201CCD0FCDE283EB07E7C3FA2102F3E283B7C3FE5
S3150201CCE09840353E31F57B3FCF6E3B3ECDAC7B3F27
S3150201CCF0379B413EFC617B3FC2C5473EBE147B3F2B
S3150201CD0060EE4D3E16C57A3F0115543E02737A3FD7
S3150201CD1097395A3E841E7A3F135C603E9DC7793F1E
S3150201CD20667C663E4E6E793F7F9A6C3E9812793FDB
S3150201CD3051B6723E7BB4783FCCCF783EF853783FFA
S3150201CD40E1E67E3E10F1773FC07D823EC58B773F9D
S3150201CD50CE86853E1724773F938E883E07BA763F65
S3150201CD6007958B3E974D763F229A8E3EC6DE753FDC
S3150201CD70DD9D913E976D753F31A0943E0BFA743F4E
S3150201CD8017A1973E2284743F86A09A3EDD0B743F1B
S3150201CD90789E9D3E3F91733FE59AA03E4714733FAD
S3150201CDA0C595A33EF894723F128FA63E5213723F67
S3150201CDB0C486A93E578F713FD47CAC3E0809713FA8
S3150201CDC03A71AF3E6680703FEF63B23E73F56F3FD5
S3150201CDD0EC54B53E30686F3F2A44B83E9ED86E3F4A
S3150201CDE0A031BB3EBE466E3F4A1DBE3E93B26D3F6B
S3150201CDF01E07C13E1D1C6D3F15EFC33E5E836C3F90
S3150201CE0029D5C63E58E86B3F53B9C93E0C4B6B3F19
S3150201CE108B9BCC3E7BAB6A3FCA7BCF3EA7096A3F5F
S3150201CE20095AD23E9165693F4136D53E3CBF683FBC
S3150201CE306B10D83EA816683F80E8DA3ED86B673F8A
S3150201CE4079BEDD3ECCBE663F4F92E03E880F663F1D
S3150201CE50FA63E33E0B5E653F7533E63E59AA643FCC
S3150201CE60B700E93E73F4633FBBCBEB3E5A3C633FEB
S3150201CE707994EE3E1082623FEA5AF13E98C5613FCD
S3150201CE80071FF43EF206613FCBE0F63E2146603FC4
S3150201CE902DA0F93E27835F3F275DFC3E05BE5E3F1F
S3150201CEA0B217FF3EBEF65D3FE4E7003F532D5D3FFD
S3150201CEB0B142023FC7615C3F3D9C033F1A945B3F0F
S3150201CEC084F4043F50C45A3F824B063F6AF2593FEB
S3150201CED036A1073F6A1E593F9BF5083F5348583F03
S3150201CEE0AD480A3F2670573F6B9A0B3FE595563F71
S3150201CEF0D0EA0C3F93B9553FDA390E3F31DB543F45
S3150201CF0084870F3FC3FA533FCDD3103F4918533F8E
S3150201CF10B01E123FC633523F2A68133F3D4D513F61
S3150201CF2039B0143FAF64503FD9F6153F1F7A4F3FD0
S3150201CF30073C173F908D4E3FC07F183F029F4D3FE2
S3150201CF4000C2193F79AE4C3FC6021B3FF8BB4B3FAD
S3150201CF500C421C3F7FC74A3FD17F1D3F12D1493F39
S3150201CF6012BC1E3FB3D8483FCBF61F3F65DE473F93
S3150201CF70F92F213F2AE2463F9967223F03E4453FC3
S3150201CF80A99D233FF5E3443F25D2243F00E2433FD7
S3150201CF900A05263F29DE423F5636273F70D8413FD2
S3150201CFA00566283FDAD0403F1594293F67C73F3FC0
S3150201CFB082C02A3F1BBC3E3F4AEB2B3FF9AE3D3FA7
S3150201CFC069142D3F03A03C3FDE3B2E3F3B8F3B3F87
S3150201CFD0A5612F3FA47C3A3FBB85303F4268393F6A
S3150201CFE01DA8313F1652383FC9C8323F233A373F4F
S3150201CFF0BCE7333F6C20363FF304353FF304353F3C
S3150201D0006C20363FBCE7333F233A373FC9C8323F2C
S3150201D0101652383F1DA8313F4268393FBB85303F22
S3150201D020A47C3A3FA5612F3F3B8F3B3FDE3B2E3F20
S3150201D03003A03C3F69142D3FF9AE3D3F4AEB2B3F1E
S3150201D0401BBC3E3F82C02A3F67C73F3F1594293F1B
S3150201D050DAD0403F0566283F70D8413F5636273F12
S3150201D06029DE423F0A05263F00E2433F25D2243FFD
S3150201D070F5E3443FA99D233F03E4453F9967223FD8
S3150201D0802AE2463FF92F213F65DE473FCBF61F3F96
S3150201D090B3D8483F12BC1E3F12D1493FD17F1D3F33
S3150201D0A07FC74A3F0C421C3FF8BB4B3FC6021B3FA0
S3150201D0B079AE4C3F00C2193F029F4D3FC07F183FD8
S3150201D0C0908D4E3F073C173F1F7A4F3FD9F6153FCA
S3150201D0D0AF64503F39B0143F3D4D513F2A68133F6B
S3150201D0E0C633523FB01E123F4918533FCDD3103FAC
S3150201D0F0C3FA533F84870F3F31DB543FDA390E3F80
S3150201D10093B9553FD0EA0C3FE595563F6B9A0B3FD3
S3150201D1102670573FAD480A3F5348583F9BF5083F93
S3150201D1206A1E593F36A1073F6AF2593F824B063FB3
S3150201D13050C45A3F84F4043F1A945B3F3D9C033F1B
S3150201D140C7615C3FB142023F532D5D3FE4E7003FB9
S3150201D150BEF65D3FB217FF3E05BE5E3F275DFC3E52
S3150201D16027835F3F2DA0F93E2146603FCBE0F63E85
S3150201D170F206613F071FF43E98C5613FEA5AF13E46
S3150201D1801082623F7994EE3E5A3C633FBBCBEB3E43
S3150201D19073F4633FB700E93E59AA643F7533E63E2D
S3150201D1A00B5E653FFA63E33E880F663F4F92E03EB0
S3150201D1B0CCBE663F79BEDD3ED86B673F80E8DA3E7C
S3150201D1C0A816683F6B10D83E3CBF683F4136D53E34
S3150201D1D09165693F095AD23EA7096A3FCA7BCF3E8A
S3150201D1E07BAB6A3F8B9BCC3E0C4B6B3F53B9C93E23
S3150201D1F058E86B3F29D5C63E5E836C3F15EFC33EA9
S3150201D2001D1C6D3F1E07C13E93B26D3F4A1DBE3EB8
S3150201D210BE466E3FA031BB3E9ED86E3F2A44B83E03
S3150201D22030686F3FEC54B53E73F56F3FEF63B23E24
S3150201D2306680703F3A71AF3E0809713FD47CAC3EBD
S3150201D240578F713FC486A93E5213723F128FA63E73
S3150201D250F894723FC595A33E4714733FE59AA03EE3
S3150201D2603F91733F789E9D3EDD0B743F86A09A3EA9
S3150201D2702284743F17A1973E0BFA743F31A0943E64
S3150201D280976D753FDD9D913EC6DE753F229A8E3EB4
S3150201D290974D763F07958B3E07BA763F938E883E2A
S3150201D2A01724773FCE86853EC58B773FC07D823E6A
S3150201D2B010F1773FE1E67E3EF853783FCCCF783ED8
S3150201D2C07BB4783F51B6723E9812793F7F9A6C3E93
S3150201D2D04E6E793F667C663E9DC7793F135C603E22
S3150201D2E0841E7A3F97395A3E02737A3F0115543E9C
S3150201D2F016C57A3F60EE4D3EBE147B3FC2C5473E20
S3150201D300FC617B3F379B413ECDAC7B3FCF6E3B3EC3
S3150201D31031F57B3F9840353E283B7C3FA2102F3E9C
S3150201D320B07E7C3FFCDE283EC9BF7C3FB6AB223EC7
S3150201D33073FE7C3FDE761C3EAC3A7D3F8340163E51
S3150201D34074747D3FB708103ECCAB7D3F86CF093E54
S3150201D350B1E07D3F0295033E24137E3F73B2FA3D4F
S3150201D36023437E3F7638EE3DB0707E3F2EBCE13DD3
S3150201D370C99B7E3FB93DD53D6DC47E3F36BDC83D95
S3150201D3809DEA7E3FC33ABC3D580E7F3F80B6AF3D14
S3150201D3909D2F7F3F8C30A33D6D4E7F3F05A9963D64
S3150201D3A0C76A7F3F0A208A3DAB847F3F742B7B3D50
S3150201D3B0189C7F3F6814623D0FB17F3F2FFB483DAA
S3150201D3C08FC37F3F07E02F3D98D37F3F2CC3163D86
S3150201D3D029E17F3FB949FB3C43EC7F3FB00AC93C97
S3150201D3E0E6F47F3FB6C9963C11FB7F3F900E493C5E
S3150201D3F0C4FE7F3F890FC93B0000803F0000000049
S3150201D400C4FE7F3F890FC9BB11FB7F3F900E49BC0A
S3150201D410E6F47F3FB6C996BC43EC7F3FB00AC9BC6E
S3150201D42029E17F3FB949FBBC98D37F3F2CC316BD87
S3150201D4308FC37F3F07E02FBD0FB17F3F2FFB48BD53
S3150201D440189C7F3F681462BDAB847F3F742B7BBD02
S3150201D450C76A7F3F0A208ABD6D4E7F3F05A996BDE9
S3150201D4609D2F7F3F8C30A3BD580E7F3F80B6AFBD47
S3150201D4709DEA7E3FC33ABCBD6DC47E3F36BDC8BD83
S3150201D480C99B7E3FB93DD5BDB0707E3F2EBCE1BD85
S3150201D49023437E3F7638EEBD24137E3F73B2FABD37
S3150201D4A0B1E07D3F029503BECCAB7D3F86CF09BE7F
S3150201D4B074747D3FB70810BEAC3A7D3F834016BEF9
S3150201D4C073FE7C3FDE761CBEC9BF7C3FB6AB22BE75
S3150201D4D0B07E7C3FFCDE28BE283B7C3FA2102FBEDD
S3150201D4E031F57B3F984035BECDAC7B3FCF6E3BBE1F
S3150201D4F0FC617B3F379B41BEBE147B3FC2C547BE23
S3150201D50016C57A3F60EE4DBE02737A3F011554BECF
S3150201D510841E7A3F97395ABE9DC7793F135C60BE16
S3150201D5204E6E793F667C66BE9812793F7F9A6CBED3
S3150201D5307BB4783F51B672BEF853783FCCCF78BEF2
S3150201D54010F1773FE1E67EBEC58B773FC07D82BE95
S3150201D5501724773FCE8685BE07BA763F938E88BE5D
S3150201D560974D763F07958BBEC6DE753F229A8EBED4
S3150201D570976D753FDD9D91BE0BFA743F31A094BE46
S3150201D5802284743F17A197BEDD0B743F86A09ABE13
S3150201D5903F91733F789E9DBE4714733FE59AA0BEA5
S3150201D5A0F894723FC595A3BE5213723F128FA6BE5F
S3150201D5B0578F713FC486A9BE0809713FD47CACBEA0
S3150201D5C06680703F3A71AFBE73F56F3FEF63B2BECD
S3150201D5D030686F3FEC54B5BE9ED86E3F2A44B8BE42
S3150201D5E0BE466E3FA031BBBE93B26D3F4A1DBEBE63
S3150201D5F01D1C6D3F1E07C1BE5E836C3F15EFC3BE88
S3150201D60058E86B3F29D5C6BE0C4B6B3F53B9C9BE11
S3150201D6107BAB6A3F8B9BCCBEA7096A3FCA7BCFBE57
S3150201D6209165693F095AD2BE3CBF683F4136D5BEB4
S3150201D630A816683F6B10D8BED86B673F80E8DABE82
S3150201D640CCBE663F79BEDDBE880F663F4F92E0BE15
S3150201D6500B5E653FFA63E3BE59AA643F7533E6BEC4
S3150201D66073F4633FB700E9BE5A3C633FBBCBEBBEE3
S3150201D6701082623F7994EEBE98C5613FEA5AF1BEC5
S3150201D680F206613F071FF4BE2146603FCBE0F6BEBC
S3150201D69027835F3F2DA0F9BE05BE5E3F275DFCBE17
S3150201D6A0BEF65D3FB217FFBE532D5D3FE4E700BFF5
S3150201D6B0C7615C3FB14202BF1A945B3F3D9C03BF07
S3150201D6C050C45A3F84F404BF6AF2593F824B06BFE3
S3150201D6D06A1E593F36A107BF5348583F9BF508BFFB
S3150201D6E02670573FAD480ABFE595563F6B9A0BBF69
S3150201D6F093B9553FD0EA0CBF31DB543FDA390EBF3D
S3150201D700C3FA533F84870FBF4918533FCDD310BF86
S3150201D710C633523FB01E12BF3D4D513F2A6813BF59
S3150201D720AF64503F39B014BF1F7A4F3FD9F615BFC8
S3150201D730908D4E3F073C17BF029F4D3FC07F18BFDA
S3150201D74079AE4C3F00C219BFF8BB4B3FC6021BBFA5
S3150201D7507FC74A3F0C421CBF12D1493FD17F1DBF31
S3150201D760B3D8483F12BC1EBF65DE473FCBF61FBF8B
S3150201D7702AE2463FF92F21BF03E4453F996722BFBB
S3150201D780F5E3443FA99D23BF00E2433F25D224BFCF
S3150201D79029DE423F0A0526BF70D8413F563627BFCA
S3150201D7A0DAD0403F056628BF67C73F3F159429BFB8
S3150201D7B01BBC3E3F82C02ABFF9AE3D3F4AEB2BBF9F
S3150201D7C003A03C3F69142DBF3B8F3B3FDE3B2EBF7F
S3150201D7D0A47C3A3FA5612FBF4268393FBB8530BF62
S3150201D7E01652383F1DA831BF233A373FC9C832BF47
S3150201D7F06C20363FBCE733BFF304353FF30435BF34
S3150201D800BCE7333F6C2036BFC9C8323F233A37BF24
S3150201D8101DA8313F165238BFBB85303F426839BF1A
S3150201D820A5612F3FA47C3ABFDE3B2E3F3B8F3BBF18
S3150201D83069142D3F03A03CBF4AEB2B3FF9AE3DBF16
S3150201D84082C02A3F1BBC3EBF1594293F67C73FBF13
S3150201D8500566283FDAD040BF5636273F70D841BF0A
S3150201D8600A05263F29DE42BF25D2243F00E243BFF5
S3150201D870A99D233FF5E344BF9967223F03E445BFD0
S3150201D880F92F213F2AE246BFCBF61F3F65DE47BF8E
S3150201D89012BC1E3FB3D848BFD17F1D3F12D149BF2B
S3150201D8A00C421C3F7FC74ABFC6021B3FF8BB4BBF98
S3150201D8B000C2193F79AE4CBFC07F183F029F4DBFD0
S3150201D8C0073C173F908D4EBFD9F6153F1F7A4FBFC2
S3150201D8D039B0143FAF6450BF2A68133F3D4D51BF63
S3150201D8E0B01E123FC63352BFCDD3103F491853BFA4
S3150201D8F084870F3FC3FA53BFDA390E3F31DB54BF78
S3150201D900D0EA0C3F93B955BF6B9A0B3FE59556BFCB
S3150201D910AD480A3F267057BF9BF5083F534858BF8B
S3150201D92036A1073F6A1E59BF824B063F6AF259BFAB
S3150201D93084F4043F50C45ABF3D9C033F1A945BBF13
S3150201D940B142023FC7615CBFE4E7003F532D5DBFB1
S3150201D950B217FF3EBEF65DBF275DFC3E05BE5EBF4A
S3150201D9602DA0F93E27835FBFCBE0F63E214660BF7D
S3150201D970071FF43EF20661BFEA5AF13E98C561BF3E
S3150201D9807994EE3E108262BFBBCBEB3E5A3C63BF3B
S3150201D990B700E93E73F463BF7533E63E59AA64BF25
S3150201D9A0FA63E33E0B5E65BF4F92E03E880F66BFA8
S3150201D9B079BEDD3ECCBE66BF80E8DA3ED86B67BF74
S3150201D9C06B10D83EA81668BF4136D53E3CBF68BF2C
S3150201D9D0095AD23E916569BFCA7BCF3EA7096ABF82
S3150201D9E08B9BCC3E7BAB6ABF53B9C93E0C4B6BBF1B
S3150201D9F029D5C63E58E86BBF15EFC33E5E836CBFA1
S3150201DA001E07C13E1D1C6DBF4A1DBE3E93B26DBFB0
S3150201DA10A031BB3EBE466EBF2A44B83E9ED86EBFFB
S3150201DA20EC54B53E30686FBFEF63B23E73F56FBF1C
S3150201DA303A71AF3E668070BFD47CAC3E080971BFB5
S3150201DA40C486A93E578F71BF128FA63E521372BF6B
S3150201DA50C595A33EF89472BFE59AA03E471473BFDB
S3150201DA60789E9D3E3F9173BF86A09A3EDD0B74BFA1
S3150201DA7017A1973E228474BF31A0943E0BFA74BF5C
S3150201DA80DD9D913E976D75BF229A8E3EC6DE75BFAC
S3150201DA9007958B3E974D76BF938E883E07BA76BF22
S3150201DAA0CE86853E172477BFC07D823EC58B77BF62
S3150201DAB0E1E67E3E10F177BFCCCF783EF85378BFD0
S3150201DAC051B6723E7BB478BF7F9A6C3E981279BF8B
S3150201DAD0667C663E4E6E79BF135C603E9DC779BF1A
S3150201DAE097395A3E841E7ABF0115543E02737ABF94
S3150201DAF060EE4D3E16C57ABFC2C5473EBE147BBF18
S3150201DB00379B413EFC617BBFCF6E3B3ECDAC7BBFBB
S3150201DB109840353E31F57BBFA2102F3E283B7CBF94
S3150201DB20FCDE283EB07E7CBFB6AB223EC9BF7CBFBF
S3150201DB30DE761C3E73FE7CBF8340163EAC3A7DBF49
S3150201DB40B708103E74747DBF86CF093ECCAB7DBF4C
S3150201DB500295033EB1E07DBF73B2FA3D24137EBF47
S3150201DB607638EE3D23437EBF2EBCE13DB0707EBFCB
S3150201DB70B93DD53DC99B7EBF36BDC83D6DC47EBF8D
S3150201DB80C33ABC3D9DEA7EBF80B6AF3D580E7FBF0C
S3150201DB908C30A33D9D2F7FBF05A9963D6D4E7FBF5C
S3150201DBA00A208A3DC76A7FBF742B7B3DAB847FBF48
S3150201DBB06814623D189C7FBF2FFB483D0FB17FBFA2
S3150201DBC007E02F3D8FC37FBF2CC3163D98D37FBF7E
S3150201DBD0B949FB3C29E17FBFB00AC93C43EC7FBF8F
S3150201DBE0B6C9963CE6F47FBF900E493C11FB7FBF56
S3150201DBF0890FC93BC4FE7FBF000000000000803FC1
S3150201DC00900E493C11FB7F3FB00AC93C43EC7F3F72
S3150201DC102CC3163D98D37F3F2FFB483D0FB17F3F63
S3150201DC20742B7B3DAB847F3F05A9963D6D4E7F3FAD
S3150201DC3080B6AF3D580E7F3F36BDC83D6DC47E3FAF
S3150201DC402EBCE13DB0707E3F73B2FA3D24137E3F96
S3150201DC5086CF093ECCAB7D3F8340163EAC3A7D3F33
S3150201DC60B6AB223EC9BF7C3FA2102F3E283B7C3F6A
S3150201DC70CF6E3B3ECDAC7B3FC2C5473EBE147B3F1A
S3150201DC800115543E02737A3F135C603E9DC7793F8C
S3150201DC907F9A6C3E9812793FCCCF783EF853783F03
S3150201DCA0C07D823EC58B773F938E883E07BA763F0B
S3150201DCB0229A8E3EC6DE753F31A0943E0BFA743F20
S3150201DCC086A09A3EDD0B743FE59AA03E4714733F48
S3150201DCD0128FA63E5213723FD47CAC3E0809713FA5
S3150201DCE0EF63B23E73F56F3F2A44B83E9ED86E3F4C
S3150201DCF04A1DBE3E93B26D3F15EFC33E5E836C3F36
S3150201DD0053B9C93E0C4B6B3FCA7BCF3EA7096A3F4B
S3150201DD104136D53E3CBF683F80E8DA3ED86B673F65
S3150201DD204F92E03E880F663F7533E63E59AA643F3D
S3150201DD30BBCBEB3E5A3C633FEA5AF13E98C5613F83
S3150201DD40CBE0F63E2146603F275DFC3E05BE5E3FC7
S3150201DD50E4E7003F532D5D3F3D9C033F1A945B3F31
S3150201DD60824B063F6AF2593F9BF5083F5348583F9B
S3150201DD706B9A0B3FE595563FDA390E3F31DB543F3D
S3150201DD80CDD3103F4918533F2A68133F3D4D513FAA
S3150201DD90D9F6153F1F7A4F3FC07F183F029F4D3F6D
S3150201DDA0C6021B3FF8BB4B3FD17F1D3F12D1493FF4
S3150201DDB0CBF61F3F65DE473F9967223F03E4453FA6
S3150201DDC025D2243F00E2433F5636273F70D8413FD2
S3150201DDD01594293F67C73F3F4AEB2B3FF9AE3D3FBB
S3150201DDE0DE3B2E3F3B8F3B3FBB85303F4268393F8F
S3150201DDF0C9C8323F233A373FF304353FF304353F6F
S3150201DE00233A373FC9C8323F4268393FBB85303F63
S3150201DE103B8F3B3FDE3B2E3FF9AE3D3F4AEB2B3F6D
S3150201DE2067C73F3F1594293F70D8413F5636273F72
S3150201DE3000E2433F25D2243F03E4453F9967223F4F
S3150201DE4065DE473FCBF61F3F12D1493FD17F1D3FCA
S3150201DE50F8BB4B3FC6021B3F029F4D3FC07F183F97
S3150201DE601F7A4F3FD9F6153F3D4D513F2A68133F61
S3150201DE704918533FCDD3103F31DB543FDA390E3FB8
S3150201DE80E595563F6B9A0B3F5348583F9BF5083F22
S3150201DE906AF2593F824B063F1A945B3F3D9C033F10
S3150201DEA0532D5D3FE4E7003F05BE5E3F275DFC3E25
S3150201DEB02146603FCBE0F63E98C5613FEA5AF13E04
S3150201DEC05A3C633FBBCBEB3E59AA643F7533E63EF0
S3150201DED0880F663F4F92E03ED86B673F80E8DA3E95
S3150201DEE03CBF683F4136D53EA7096A3FCA7BCF3E52
S3150201DEF00C4B6B3F53B9C93E5E836C3F15EFC33E74
S3150201DF0093B26D3F4A1DBE3E9ED86E3F2A44B83E2D
S3150201DF1073F56F3FEF63B23E0809713FD47CAC3EA5
S3150201DF205213723F128FA63E4714733FE59AA03EE3
S3150201DF30DD0B743F86A09A3E0BFA743F31A0943EE4
S3150201DF40C6DE753F229A8E3E07BA763F938E883E8B
S3150201DF50C58B773FC07D823EF853783FCCCF783E62
S3150201DF609812793F7F9A6C3E9DC7793F135C603E5A
S3150201DF7002737A3F0115543EBE147B3FC2C5473E2A
S3150201DF80CDAC7B3FCF6E3B3E283B7C3FA2102F3E62
S3150201DF90C9BF7C3FB6AB223EAC3A7D3F8340163EBB
S3150201DFA0CCAB7D3F86CF093E24137E3F73B2FA3D49
S3150201DFB0B0707E3F2EBCE13D6DC47E3F36BDC83D8D
S3150201DFC0580E7F3F80B6AF3D6D4E7F3F05A9963D08
S3150201DFD0AB847F3F742B7B3D0FB17F3F2FFB483DC7
S3150201DFE098D37F3F2CC3163D43EC7F3FB00AC93C11
S3150201DFF011FB7F3F900E493C0000803F000000006C
S3150201E00011FB7F3F900E49BC43EC7F3FB00AC9BC6E
S3150201E01098D37F3F2CC316BD0FB17F3F2FFB48BD5F
S3150201E020AB847F3F742B7BBD6D4E7F3F05A996BDA9
S3150201E030580E7F3F80B6AFBD6DC47E3F36BDC8BDAB
S3150201E040B0707E3F2EBCE1BD24137E3F73B2FABD92
S3150201E050CCAB7D3F86CF09BEAC3A7D3F834016BE2F
S3150201E060C9BF7C3FB6AB22BE283B7C3FA2102FBE66
S3150201E070CDAC7B3FCF6E3BBEBE147B3FC2C547BE16
S3150201E08002737A3F011554BE9DC7793F135C60BE88
S3150201E0909812793F7F9A6CBEF853783FCCCF78BEFF
S3150201E0A0C58B773FC07D82BE07BA763F938E88BE07
S3150201E0B0C6DE753F229A8EBE0BFA743F31A094BE1C
S3150201E0C0DD0B743F86A09ABE4714733FE59AA0BE44
S3150201E0D05213723F128FA6BE0809713FD47CACBEA1
S3150201E0E073F56F3FEF63B2BE9ED86E3F2A44B8BE48
S3150201E0F093B26D3F4A1DBEBE5E836C3F15EFC3BE32
S3150201E1000C4B6B3F53B9C9BEA7096A3FCA7BCFBE47
S3150201E1103CBF683F4136D5BED86B673F80E8DABE61
S3150201E120880F663F4F92E0BE59AA643F7533E6BE39
S3150201E1305A3C633FBBCBEBBE98C5613FEA5AF1BE7F
S3150201E1402146603FCBE0F6BE05BE5E3F275DFCBEC3
S3150201E150532D5D3FE4E700BF1A945B3F3D9C03BF2D
S3150201E1606AF2593F824B06BF5348583F9BF508BF97
S3150201E170E595563F6B9A0BBF31DB543FDA390EBF39
S3150201E1804918533FCDD310BF3D4D513F2A6813BFA6
S3150201E1901F7A4F3FD9F615BF029F4D3FC07F18BF69
S3150201E1A0F8BB4B3FC6021BBF12D1493FD17F1DBFF0
S3150201E1B065DE473FCBF61FBF03E4453F996722BFA2
S3150201E1C000E2433F25D224BF70D8413F563627BFCE
S3150201E1D067C73F3F159429BFF9AE3D3F4AEB2BBFB7
S3150201E1E03B8F3B3FDE3B2EBF4268393FBB8530BF8B
S3150201E1F0233A373FC9C832BFF304353FF30435BF6B
S3150201E200C9C8323F233A37BFBB85303F426839BF5F
S3150201E210DE3B2E3F3B8F3BBF4AEB2B3FF9AE3DBF69
S3150201E2201594293F67C73FBF5636273F70D841BF6E
S3150201E23025D2243F00E243BF9967223F03E445BF4B
S3150201E240CBF61F3F65DE47BFD17F1D3F12D149BFC6
S3150201E250C6021B3FF8BB4BBFC07F183F029F4DBF93
S3150201E260D9F6153F1F7A4FBF2A68133F3D4D51BF5D
S3150201E270CDD3103F491853BFDA390E3F31DB54BFB4
S3150201E2806B9A0B3FE59556BF9BF5083F534858BF1E
S3150201E290824B063F6AF259BF3D9C033F1A945BBF0C
S3150201E2A0E4E7003F532D5DBF275DFC3E05BE5EBF21
S3150201E2B0CBE0F63E214660BFEA5AF13E98C561BF00
S3150201E2C0BBCBEB3E5A3C63BF7533E63E59AA64BFEC
S3150201E2D04F92E03E880F66BF80E8DA3ED86B67BF91
S3150201E2E04136D53E3CBF68BFCA7BCF3EA7096ABF4E
S3150201E2F053B9C93E0C4B6BBF15EFC33E5E836CBF70
S3150201E3004A1DBE3E93B26DBF2A44B83E9ED86EBF29
S3150201E310EF63B23E73F56FBFD47CAC3E080971BFA1
S3150201E320128FA63E521372BFE59AA03E471473BFDF
S3150201E33086A09A3EDD0B74BF31A0943E0BFA74BFE0
S3150201E340229A8E3EC6DE75BF938E883E07BA76BF87
S3150201E350C07D823EC58B77BFCCCF783EF85378BF5E
S3150201E3607F9A6C3E981279BF135C603E9DC779BF56
S3150201E3700115543E02737ABFC2C5473EBE147BBF26
S3150201E380CF6E3B3ECDAC7BBFA2102F3E283B7CBF5E
S3150201E390B6AB223EC9BF7CBF8340163EAC3A7DBFB7
S3150201E3A086CF093ECCAB7DBF73B2FA3D24137EBF45
S3150201E3B02EBCE13DB0707EBF36BDC83D6DC47EBF89
S3150201E3C080B6AF3D580E7FBF05A9963D6D4E7FBF04
S3150201E3D0742B7B3DAB847FBF2FFB483D0FB17FBFC3
S3150201E3E02CC3163D98D37FBFB00AC93C43EC7FBF0D
S3150201E3F0900E493C11FB7FBF000000000000803FE8
S3150201E400B00AC93C43EC7F3F2FFB483D0FB17F3F2A
S3150201E41005A9963D6D4E7F3F36BDC83D6DC47E3F13
S3150201E42073B2FA3D24137E3F8340163EAC3A7D3FDA
S3150201E430A2102F3E283B7C3FC2C5473EBE147B3FFE
S3150201E440135C603E9DC7793FCCCF783EF853783F47
S3150201E450938E883E07BA763F31A0943E0BFA743FFB
S3150201E460E59AA03E4714733FD47CAC3E0809713F3E
S3150201E4702A44B83E9ED86E3F15EFC33E5E836C3F7B
S3150201E480CA7BCF3EA7096A3F80E8DA3ED86B673F6F
S3150201E4907533E63E59AA643FEA5AF13E98C5613F91
S3150201E4A0275DFC3E05BE5E3F3D9C033F1A945B3FE2
S3150201E4B09BF5083F5348583FDA390E3F31DB543F4B
S3150201E4C02A68133F3D4D513FC07F183F029F4D3F82
S3150201E4D0D17F1D3F12D1493F9967223F03E4453F50
S3150201E4E05636273F70D8413F4AEB2B3FF9AE3D3FA7
S3150201E4F0BB85303F4268393FF304353FF304353F6C
S3150201E5004268393FBB85303FF9AE3D3F4AEB2B3F6F
S3150201E51070D8413F5636273F03E4453F9967223F6C
S3150201E52012D1493FD17F1D3F029F4D3FC07F183F08
S3150201E5303D4D513F2A68133F31DB543FDA390E3FD5
S3150201E5405348583F9BF5083F1A945B3F3D9C033F56
S3150201E55005BE5E3F275DFC3E98C5613FEA5AF13E24
S3150201E56059AA643F7533E63ED86B673F80E8DA3EC7
S3150201E570A7096A3FCA7BCF3E5E836C3F15EFC33E56
S3150201E5809ED86E3F2A44B83E0809713FD47CAC3E00
S3150201E5904714733FE59AA03E0BFA743F31A0943EAD
S3150201E5A007BA763F938E883EF853783FCCCF783EB2
S3150201E5B09DC7793F135C603EBE147B3FC2C5473E91
S3150201E5C0283B7C3FA2102F3EAC3A7D3F8340163E4C
S3150201E5D024137E3F73B2FA3D6DC47E3F36BDC83DFC
S3150201E5E06D4E7F3F05A9963D0FB17F3F2FFB483DFB
S3150201E5F043EC7F3FB00AC93C0000803F00000000A7
S3150201E60043EC7F3FB00AC9BC0FB17F3F2FFB48BD28
S3150201E6106D4E7F3F05A996BD6DC47E3F36BDC8BD11
S3150201E62024137E3F73B2FABDAC3A7D3F834016BED8
S3150201E630283B7C3FA2102FBEBE147B3FC2C547BEFC
S3150201E6409DC7793F135C60BEF853783FCCCF78BE45
S3150201E65007BA763F938E88BE0BFA743F31A094BEF9
S3150201E6604714733FE59AA0BE0809713FD47CACBE3C
S3150201E6709ED86E3F2A44B8BE5E836C3F15EFC3BE79
S3150201E680A7096A3FCA7BCFBED86B673F80E8DABE6D
S3150201E69059AA643F7533E6BE98C5613FEA5AF1BE8F
S3150201E6A005BE5E3F275DFCBE1A945B3F3D9C03BFE0
S3150201E6B05348583F9BF508BF31DB543FDA390EBF49
S3150201E6C03D4D513F2A6813BF029F4D3FC07F18BF80
S3150201E6D012D1493FD17F1DBF03E4453F996722BF4E
S3150201E6E070D8413F563627BFF9AE3D3F4AEB2BBFA5
S3150201E6F04268393FBB8530BFF304353FF30435BF6A
S3150201E700BB85303F426839BF4AEB2B3FF9AE3DBF6D
S3150201E7105636273F70D841BF9967223F03E445BF6A
S3150201E720D17F1D3F12D149BFC07F183F029F4DBF06
S3150201E7302A68133F3D4D51BFDA390E3F31DB54BFD3
S3150201E7409BF5083F534858BF3D9C033F1A945BBF54
S3150201E750275DFC3E05BE5EBFEA5AF13E98C561BF22
S3150201E7607533E63E59AA64BF80E8DA3ED86B67BFC5
S3150201E770CA7BCF3EA7096ABF15EFC33E5E836CBF54
S3150201E7802A44B83E9ED86EBFD47CAC3E080971BFFE
S3150201E790E59AA03E471473BF31A0943E0BFA74BFAB
S3150201E7A0938E883E07BA76BFCCCF783EF85378BFB0
S3150201E7B0135C603E9DC779BFC2C5473EBE147BBF8F
S3150201E7C0A2102F3E283B7CBF8340163EAC3A7DBF4A
S3150201E7D073B2FA3D24137EBF36BDC83D6DC47EBFFA
S3150201E7E005A9963D6D4E7FBF2FFB483D0FB17FBFF9
S3150201E7F0B00AC93C43EC7FBF000000000000803F25
S3150201E8002FFB483D0FB17F3F36BDC83D6DC47E3FEC
S3150201E8108340163EAC3A7D3FC2C5473EBE147B3F9E
S3150201E820CCCF783EF853783F31A0943E0BFA743F31
S3150201E830D47CAC3E0809713F15EFC33E5E836C3F43
S3150201E84080E8DA3ED86B673FEA5AF13E98C5613FE6
S3150201E8503D9C033F1A945B3FDA390E3F31DB543F4D
S3150201E860C07F183F029F4D3F9967223F03E4453F10
S3150201E8704AEB2B3FF9AE3D3FF304353FF304353FF7
S3150201E880F9AE3D3F4AEB2B3F03E4453F9967223FF1
S3150201E890029F4D3FC07F183F31DB543FDA390E3FAD
S3150201E8A01A945B3F3D9C033F98C5613FEA5AF13E8C
S3150201E8B0D86B673F80E8DA3E5E836C3F15EFC33E55
S3150201E8C00809713FD47CAC3E0BFA743F31A0943EE9
S3150201E8D0F853783FCCCF783EBE147B3FC2C5473E44
S3150201E8E0AC3A7D3F8340163E6DC47E3F36BDC83D80
S3150201E8F00FB17F3F2FFB483D0000803F0000000023
S3150201E9000FB17F3F2FFB48BD6DC47E3F36BDC8BDEB
S3150201E910AC3A7D3F834016BEBE147B3FC2C547BE9D
S3150201E920F853783FCCCF78BE0BFA743F31A094BE30
S3150201E9300809713FD47CACBE5E836C3F15EFC3BE42
S3150201E940D86B673F80E8DABE98C5613FEA5AF1BEE5
S3150201E9501A945B3F3D9C03BF31DB543FDA390EBF4C
S3150201E960029F4D3FC07F18BF03E4453F996722BF0F
S3150201E970F9AE3D3F4AEB2BBFF304353FF30435BFF6
S3150201E9804AEB2B3FF9AE3DBF9967223F03E445BFF0
S3150201E990C07F183F029F4DBFDA390E3F31DB54BFAC
S3150201E9A03D9C033F1A945BBFEA5AF13E98C561BF8B
S3150201E9B080E8DA3ED86B67BF15EFC33E5E836CBF54
S3150201E9C0D47CAC3E080971BF31A0943E0BFA74BFE8
S3150201E9D0CCCF783EF85378BFC2C5473EBE147BBF43
S3150201E9E08340163EAC3A7DBF36BDC83D6DC47EBF7F
S3150201E9F02FFB483D0FB17FBF000000000000803FA2
S3150201EA0036BDC83D6DC47E3FC2C5473EBE147B3F7F
S3150201EA1031A0943E0BFA743F15EFC33E5E836C3F01
S3150201EA20EA5AF13E98C5613FDA390E3F31DB543F6E
S3150201EA309967223F03E4453FF304353FF304353F2B
S3150201EA4003E4453F9967223F31DB543FDA390E3FF2
S3150201EA5098C5613FEA5AF13E5E836C3F15EFC33EAC
S3150201EA600BFA743F31A0943EBE147B3FC2C5473EAA
S3150201EA706DC47E3F36BDC83D0000803F00000000E8
S3150201EA806DC47E3F36BDC8BDBE147B3FC2C547BEFF
S3150201EA900BFA743F31A094BE5E836C3F15EFC3BE81
S3150201EAA098C5613FEA5AF1BE31DB543FDA390EBFEE
S3150201EAB003E4453F996722BFF304353FF30435BFAB
S3150201EAC09967223F03E445BFDA390E3F31DB54BF72
S3150201EAD0EA5AF13E98C561BF15EFC33E5E836CBF2C
S3150201EAE031A0943E0BFA74BFC2C5473EBE147BBF2A
S3150201EAF036BDC83D6DC47EBF000000000000803FE8
S3150201EB00C2C5473EBE147B3F15EFC33E5E836C3FD3
S3150201EB10DA390E3F31DB543FF304353FF304353F17
S3150201EB2031DB543FDA390E3F5E836C3F15EFC33E4C
S3150201EB30BE147B3FC2C5473E0000803F0000000075
S3150201EB40BE147B3FC2C547BE5E836C3F15EFC3BE93
S3150201EB5031DB543FDA390EBFF304353FF30435BFD7
S3150201EB60DA390E3F31DB54BF15EFC33E5E836CBF0C
S3150201EB70C2C5473EBE147BBF08000020100000102C
S3150201EB801800003020000008280000283000001874
S3150201EB9038000038400000044800002450000014E8
S3150201EBA0580000346000000C6800002C7000001C44
S3150201EBB07800003C800000028800002290000012CA
S3150201EBC098000032A000000AA800002AB000001A2C
S3150201EBD0B800003AC0000006C8000026D0000016A0
S3150201EBE0D8000036E000000EE800002EF000001EFC
S3150201EBF0F800003E08010021100100111801003140
S3150201EC0020010009280100293001001938010039C3
S3150201EC104001000548010025500100155801003543
S3150201EC206001000D6801002D7001001D7801003D93
S3150201EC30800100038801002390010013980100332B
S3150201EC40A001000BA801002BB001001BB801003B7B
S3150201EC50C0010007C8010027D0010017D8010037FB
S3150201EC60E001000FE801002FF001001FF801003F4B
S3150201EC7008028020100280101802803020028008CB
S3150201EC802802802830028018380280384002800427
S3150201EC904802802450028014580280346002800C9B
S3150201ECA06802802C7002801C7802803C88028022D5
S3150201ECB09002801298028032A002800AA802802A5B
S3150201ECC0B002801AB802803AC0028006C8028026C3
S3150201ECD0D0028016D8028036E002800EE802802E2B
S3150201ECE0F002801EF802803E080380211003801183
S3150201ECF018038031200380092803802930038019F3
S3150201ED003803803940038005480380255003801566
S3150201ED10580380356003800D6803802D7003801DC2
S3150201ED207803803D88038023900380139803803300
S3150201ED30A003800BA803802BB003801BB803803B82
S3150201ED40C0038007C8038027D0038017D803803702
S3150201ED50E003800FE803802FF003801FF803803F52
S3150201ED6008044020100440101804403020044008D2
S3150201ED702804402830044018380440384804402406
S3150201ED8050044014580440346004400C6804402C7A
S3150201ED907004401C7804403C8804402290044012CE
S3150201EDA098044032A004400AA804402AB004401A3A
S3150201EDB0B804403AC0044006C8044026D0044016AE
S3150201EDC0D8044036E004400EE804402EF004401E0A
S3150201EDD0F804403E0805402110054011180540314E
S3150201EDE020054009280540293005401938054039D2
S3150201EDF04805402550054015580540356005400D2A
S3150201EE006805402D7005401D7805403D8805402363
S3150201EE109005401398054033A005400BA805402BE9
S3150201EE20B005401BB805403BC0054007C805402751
S3150201EE30D0054017D8054037E005400FE805402FB9
S3150201EE40F005401FF805403F0806C0201006C01015
S3150201EE501806C0302006C0082806C0283006C01889
S3150201EE603806C0384806C0245006C0145806C034B5
S3150201EE706006C00C6806C02C7006C01C7806C03C31
S3150201EE808806C0229006C0129806C032A006C00AA1
S3150201EE90A806C02AB006C01AB806C03AC806C026D5
S3150201EEA0D006C016D806C036E006C00EE806C02E49
S3150201EEB0F006C01EF806C03E0807C0211007C011A1
S3150201EEC01807C0312007C0092807C0293007C01911
S3150201EED03807C0394807C0255007C0155807C0353D
S3150201EEE06007C00D6807C02D7007C01D7807C03DB9
S3150201EEF08807C0239007C0139807C033A007C00B29
S3150201EF00A807C02BB007C01BB807C03BC807C0275C
S3150201EF10D007C017D807C037E007C00FE807C02FD0
S3150201EF20F007C01FF807C03F08082020100820106C
S3150201EF3018082030280820283008201838082038D8
S3150201EF404808202450082014580820346008200C50
S3150201EF506808202C7008201C7808203C880820228A
S3150201EF609008201298082032A008200AA808202A10
S3150201EF70B008201AB808203AC8082026D008201658
S3150201EF80D8082036E008200EE808202EF008201EB8
S3150201EF90F808203E080920211009201118092031FC
S3150201EFA0280920293009201938092039480920253C
S3150201EFB050092015580920356009200D6809202DB0
S3150201EFC07009201D7809203D880920239009201304
S3150201EFD098092033A009200BA809202BB009201B70
S3150201EFE0B809203BC8092027D0092017D80920379C
S3150201EFF0E009200FE809202FF009201FF809203F18
S3150201F000080AA020100AA010180AA030280AA0286F
S3150201F010300AA018380AA038480AA024500AA014B7
S3150201F020580AA034600AA00C680AA02C700AA01C17
S3150201F030780AA03C880AA022900AA012980AA03255
S3150201F040A80AA02AB00AA01AB80AA03AC80AA02693
S3150201F050D00AA016D80AA036E00AA00EE80AA02E07
S3150201F060F00AA01EF80AA03E080BA021100BA0115F
S3150201F070180BA031280BA029300BA019380BA03987
S3150201F080480BA025500BA015580BA035600BA00DFF
S3150201F090680BA02D700BA01D780BA03D880BA02339
S3150201F0A0900BA013980BA033A80BA02BB00BA01B9F
S3150201F0B0B80BA03BC80BA027D00BA017D80BA037C3
S3150201F0C0E00BA00FE80BA02FF00BA01FF80BA03F3F
S3150201F0D0080C6020100C6010180C6030280C602897
S3150201F0E0300C6018380C6038480C6024500C6014DF
S3150201F0F0580C6034680C602C700C601C780C603CF7
S3150201F100880C6022900C6012980C6032A80C602A5E
S3150201F110B00C601AB80C603AC80C6026D00C6016A6
S3150201F120D80C6036E00C600EE80C602EF00C601E06
S3150201F130F80C603E080D6021100D6011180D60314A
S3150201F140280D6029300D6019380D6039480D60258A
S3150201F150500D6015580D6035680D602D700D601DDE
S3150201F160780D603D880D6023900D6013980D603314
S3150201F170A80D602BB00D601BB80D603BC80D602752
S3150201F180D00D6017D80D6037E00D600FE80D602FC6
S3150201F190F00D601FF80D603F080EE020100EE01022
S3150201F1A0180EE030280EE028300EE018380EE0384E
S3150201F1B0480EE024500EE014580EE034680EE02C9E
S3150201F1C0700EE01C780EE03C880EE022900EE012F2
S3150201F1D0980EE032A80EE02AB00EE01AB80EE03A16
S3150201F1E0C80EE026D00EE016D80EE036E80EE02E66
S3150201F1F0F00EE01EF80EE03E080FE021100FE011BE
S3150201F200180FE031280FE029300FE019380FE039E5
S3150201F210480FE025500FE015580FE035680FE02D35
S3150201F220700FE01D780FE03D880FE023900FE01389
S3150201F230980FE033A80FE02BB00FE01BB80FE03BAD
S3150201F240C80FE027D00FE017D80FE037E80FE02FFD
S3150201F250F00FE01FF80FE03F0810102018101030D1
S3150201F26028101028301010183810103848101024A1
S3150201F27050101014581010346810102C7010101CF5
S3150201F2807810103C8810102290101012981010322B
S3150201F290A810102AB010101AB810103AC810102669
S3150201F2A0D0101016D8101036E810102EF010101EBD
S3150201F2B0F810103E081110211811103128111029C9
S3150201F2C03011101938111039481110255011101525
S3150201F2D0581110356811102D7011101D7811103D3D
S3150201F2E0881110239011101398111033A811102BA5
S3150201F2F0B011101BB811103BC8111027D0111017ED
S3150201F300D8111037E811102FF011101FF811103F04
S3150201F3100812902018129030281290283012901854
S3150201F3203812903848129024501290145812903480
S3150201F3306812902C7012901C7812903C88129022BE
S3150201F34098129032A812902AB012901AB812903AD4
S3150201F350C8129026D0129016D8129036E812902E24
S3150201F360F012901EF812903E081390211813903154
S3150201F3702813902930139019381390394813902580
S3150201F38050139015581390356813902D7013901DD4
S3150201F3907813903D8813902398139033A813902BDA
S3150201F3A0B013901BB813903BC8139027D013901734
S3150201F3B0D8139037E813902FF013901FF813903F4C
S3150201F3C0081450201814503028145028301450189C
S3150201F3D03814503848145024581450346814502C98
S3150201F3E07014501C7814503C8814502298145032D0
S3150201F3F0A814502AB014501AB814503AC8145026F8
S3150201F400D0145016D8145036E814502EF014501E4B
S3150201F410F814503E08155021181550312815502957
S3150201F420301550193815503948155025581550358B
S3150201F4306815502D7015501D7815503D88155023AD
S3150201F44098155033A815502BB015501BB815503BC3
S3150201F450C8155027D0155017D8155037E815502F13
S3150201F460F015501FF815503F0816D0201816D03047
S3150201F4702816D0283016D0183816D0384816D02477
S3150201F4805816D0346816D02C7016D01C7816D03C7B
S3150201F4908816D0229816D032A816D02AB016D01ABB
S3150201F4A0B816D03AC816D026D816D036E816D02EB7
S3150201F4B0F016D01EF816D03E0817D0211817D031F3
S3150201F4C02817D0293017D0193817D0394817D0251F
S3150201F4D05817D0356817D02D7017D01D7817D03D23
S3150201F4E08817D0239817D033A817D02BB017D01B63
S3150201F4F0B817D03BC817D027D817D037E817D02F5F
S3150201F500F017D01FF817D03F0818302018183030DE
S3150201F510281830283818303848183024581830340A
S3150201F5206818302C7018301C7818303C8818302234
S3150201F53098183032A818302AB018301AB818303A4A
S3150201F540C8183026D8183036E818302EF018301E72
S3150201F550F818303E08193021181930312819302986
S3150201F5603819303948193025581930356819302D6E
S3150201F5707019301D7819303D8819302398193033A6
S3150201F580A819302BB019301BB819303BC8193027CE
S3150201F590D8193037E819302FF019301FF819303FD2
S3150201F5A0081AB020181AB030281AB028381AB038FA
S3150201F5B0481AB024581AB034681AB02C701AB01C02
S3150201F5C0781AB03C881AB022981AB032A81AB02A10
S3150201F5D0B81AB03AC81AB026D81AB036E81AB02EF6
S3150201F5E0F01AB01EF81AB03E081BB021181BB03132
S3150201F5F0281BB029381BB039481BB025581BB0351A
S3150201F600681BB02D701BB01D781BB03D881BB02343
S3150201F610981BB033A81BB02BB81BB03BC81BB02735
S3150201F620D81BB037E81BB02FF01BB01FF81BB03F39
S3150201F630081C7020181C7030281C7028381C703861
S3150201F640481C7024581C7034681C702C781C703C41
S3150201F650881C7022981C7032A81C702AB81C703A39
S3150201F660C81C7026D81C7036E81C702EF01C701E41
S3150201F670F81C703E081D7021181D7031281D702955
S3150201F680381D7039481D7025581D7035681D702D3D
S3150201F690781D703D881D7023981D7033A81D702B2F
S3150201F6A0B81D703BC81D7027D81D7037E81D702F15
S3150201F6B0F01D701FF81D703F081EF020181EF03055
S3150201F6C0281EF028381EF038481EF024581EF03441
S3150201F6D0681EF02C781EF03C881EF022981EF0322D
S3150201F6E0A81EF02AB81EF03AC81EF026D81EF03619
S3150201F6F0E81EF02EF81EF03E081FF021181FF03109
S3150201F700281FF029381FF039481FF025581FF035F8
S3150201F710681FF02D781FF03D881FF023981FF033E4
S3150201F720A81FF02BB81FF03BC81FF027D81FF037D0
S3150201F730E81FF02FF81FF03F18200830282008286C
S3150201F7403820083848200824582008346820082C14
S3150201F7507820083C8820082298200832A820082A06
S3150201F760B820083AC8200826D8200836E820082EEC
S3150201F770F820083E1821083128210829382108399C
S3150201F78048210825582108356821082D7821083D88
S3150201F7908821082398210833A821082BB821083B80
S3150201F7A0C8210827D8210837E821082FF821083F60
S3150201F7B01822883028228828382288384822882424
S3150201F7C0582288346822882C7822883C98228832EA
S3150201F7D0A822882AB822883AC8228826D8228836B8
S3150201F7E0E822882EF822883E182388312823882980
S3150201F7F03823883948238825582388356823882D54
S3150201F8007823883D98238833A823882BB823883BFD
S3150201F810C8238827D8238837E823882FF823883FE7
S3150201F820182448302824482838244838582448348B
S3150201F8306824482C7824483C98244832A824482A2B
S3150201F840B824483AC8244826D8244836E824482EFB
S3150201F850F824483E182548312825482938254839AB
S3150201F860582548356825482D7825483D9825483339
S3150201F870A825482BB825483BC8254827D825483707
S3150201F880E825482FF825483F1826C8302826C828D3
S3150201F8903826C8385826C8346826C82C7826C83C63
S3150201F8A09826C832A826C82AB826C83AD826C836FB
S3150201F8B0E826C82EF826C83E1827C8312827C8299F
S3150201F8C03827C8395827C8356827C82D7827C83D2B
S3150201F8D09827C833A827C82BB827C83BD827C837C3
S3150201F8E0E827C82FF827C83F18282830382828388B
S3150201F8F0582828346828282C7828283C9828283221
S3150201F900A828282AB828283AD8282836E828282EC6
S3150201F910F828283E1829283138292839582928351E
S3150201F9206829282D7829283D98292833A829282BA2
S3150201F930B829283BD8292837E829282FF829283F2A
S3150201F940182AA830382AA838582AA834682AA82C8E
S3150201F950782AA83C982AA832B82AA83AD82AA836D8
S3150201F960E82AA82EF82AA83E182BA831382BA8393E
S3150201F970582BA835682BA82D782BA83D982BA83390
S3150201F980B82BA83BD82BA837E82BA82FF82BA83FD2
S3150201F990182C6830382C6838582C6834782C683C16
S3150201F9A0982C6832B82C683AD82C6836E82C682E1E
S3150201F9B0F82C683E182D6831382D6839582D68356E
S3150201F9C0782D683D982D6833B82D683BD82D683758
S3150201F9D0E82D682FF82D683F182EE830382EE838C2
S3150201F9E0582EE834782EE83C982EE832B82EE83ABA
S3150201F9F0D82EE836F82EE83E182FE831382FE839A6
S3150201FA00582FE835782FE83D982FE833B82FE83B91
S3150201FA10D82FE837F82FE83F3830183858301834DD
S3150201FA207830183C98301832B830183AD83018362F
S3150201FA30F830183E38311839583118357831183DB1
S3150201FA4098311833B831183BD8311837F831183F85
S3150201FA5038329838583298347832983CB832983AD3
S3150201FA60D8329836F832983E383398395833983521
S3150201FA707833983DB833983BD8339837F833983F63
S3150201FA80383458387834583CB834583AD834583619
S3150201FA90F834583E383558397835583DB835583BDB
S3150201FAA0D8355837F835583F3836D8387836D83CAD
S3150201FAB0B836D83AF836D83E3837D8397837D83DB5
S3150201FAC0B837D83BF837D83F7838383CB838383A5F
S3150201FAD0F838383E7839383DB839383BF839383F45
S3150201FAE0783AB83CF83AB83E783BB83DF83BB83F6D
S3150201FAF0F83C783EF83D783F0800001010000008F7
S3150201FB001800001820000004280000143000000C20
S3150201FB103800001C40000002480000125000000A92
S3150201FB205800001A60000006680000167000000EF8
S3150201FB307800001E80000001880000119000000973
S3150201FB4098000019A0000005A8000015B000000DDC
S3150201FB50B800001DC0000003C8000013D000000B4E
S3150201FB60D800001BE0000007E8000017F000000FB4
S3150201FB70F800001F08018010100180081801801882
S3150201FB8020018004280180143001800C3801801C78
S3150201FB9040018002480180125001800A5801801AF0
S3150201FBA060018006680180167001800E7801801E50
S3150201FBB0880180119001800998018019A0018005B0
S3150201FBC0A8018015B001800DB801801DC001800316
S3150201FBD0C8018013D001800BD801801BE001800788
S3150201FBE0E8018017F001800FF801801F080240101A
S3150201FBF0100240081802401820024004280240144C
S3150201FC003002400C3802401C480240125002400A9F
S3150201FC105802401A60024006680240167002400EFF
S3150201FC207802401E8802401190024009980240194A
S3150201FC30A0024005A8024015B002400DB802401DBF
S3150201FC40C0024003C8024013D002400BD802401B37
S3150201FC50E0024007E8024017F002400FF802401F97
S3150201FC600803C0101003C0081803C0182003C004FB
S3150201FC702803C0143003C00C3803C01C4803C01249
S3150201FC805003C00A5803C01A6003C0066803C016AF
S3150201FC907003C00E7803C01E8803C0119003C00909
S3150201FCA09803C019A003C005A803C015B003C00D6F
S3150201FCB0B803C01DC803C013D003C00BD803C01BB1
S3150201FCC0E003C007E803C017F003C00FF803C01F23
S3150201FCD008042010100420081804201828042014EF
S3150201FCE03004200C3804201C480420125004200A37
S3150201FCF05804201A60042006680420167004200E97
S3150201FD007804201E880420119004200998042019E1
S3150201FD10A0042005A8042015B004200DB804201D56
S3150201FD20C8042013D004200BD804201BE0042007AA
S3150201FD30E8042017F004200FF804201F0805A0107C
S3150201FD401005A0081805A0182805A0143005A00C56
S3150201FD503805A01C4805A0125005A00A5805A01A8C
S3150201FD606005A0066805A0167005A00E7805A01EFE
S3150201FD708805A0119005A0099805A019A805A01546
S3150201FD80B005A00DB805A01DC805A013D005A00B8E
S3150201FD90D805A01BE005A007E805A017F005A00FEE
S3150201FDA0F805A01F080660101006600818066018FC
S3150201FDB0280660143006600C3806601C480660127C
S3150201FDC05006600A5806601A680660167006600ECA
S3150201FDD07806601E88066011900660099806601909
S3150201FDE0A8066015B006600DB806601DC806601348
S3150201FDF0D006600BD806601BE0066007E8066017AE
S3150201FE00F006600FF806601F0807E0101007E00809
S3150201FE101807E0182807E0143007E00C3807E01C41
S3150201FE204807E0125007E00A5807E01A6807E01689
S3150201FE307007E00E7807E01E8807E0119007E009D7
S3150201FE409807E019A807E015B007E00DB807E01D0D
S3150201FE50C807E013D007E00BD807E01BE807E01755
S3150201FE60F007E00FF807E01F08081010180810182D
S3150201FE70280810143008100C3808101C48081012F3
S3150201FE805008100A5808101A680810167008100E41
S3150201FE907808101E88081011900810099808101980
S3150201FEA0A8081015B008100DB808101DC8081013BF
S3150201FEB0D008100BD808101BE8081017F008100F0D
S3150201FEC0F808101F080990101809901828099014AB
S3150201FED03009900C3809901C480990125009900A71
S3150201FEE05809901A680990167009900E7809901EA1
S3150201FEF08809901198099019A8099015B009900DD1
S3150201FF00B809901DC8099013D009900BD809901B06
S3150201FF10E8099017F009900FF809901F080A501086
S3150201FF20180A5018280A5014300A500C380A501C64
S3150201FF30480A5012580A501A680A5016700A500E88
S3150201FF40780A501E880A5011980A5019A80A5015A3
S3150201FF50B00A500DB80A501DC80A5013D00A500BE8
S3150201FF60D80A501BE80A5017F00A500FF80A501F18
S3150201FF70080BD010180BD018280BD014300BD00C4C
S3150201FF80380BD01C480BD012580BD01A680BD0165E
S3150201FF90700BD00E780BD01E880BD011980BD0198E
S3150201FFA0A80BD015B00BD00DB80BD01DC80BD013B2
S3150201FFB0D80BD01BE80BD017F00BD00FF80BD01FC4
S3150201FFC0080C3010180C3018280C3014380C301C60
S3150201FFD0480C3012580C301A680C3016700C300E60
S3150201FFE0780C301E880C3011980C3019A80C30157B
S3150201FFF0B00C300DB80C301DC80C3013D80C301BA8
S31502020000E80C3017F00C300FF80C301F080DB01048
S31502020010180DB018280DB014380DB01C480DB012C8
S31502020020580DB01A680DB016700DB00E780DB01ECE
S31502020030880DB011980DB019A80DB015B80DB01DE6
S31502020040C80DB013D80DB01BE80DB017F00DB00FE6
S31502020050F80DB01F080E7010180E7018280E7014C4
S31502020060380E701C480E7012580E701A680E7016F0
S31502020070780E701E880E7011980E7019A80E7015E1
S31502020080B80E701DC80E7013D80E701BE80E7017CC
S31502020090F00E700FF80E701F080FF010180FF018FE
S315020200A0280FF014380FF01C480FF012580FF01AEE
S315020200B0680FF016780FF01E880FF011980FF019DC
S315020200C0A80FF015B80FF01DC80FF013D80FF01BCA
S315020200D0E80FF017F80FF01F181008182810081466
S315020200E03810081C481008125810081A6810081608
S315020200F07810081E8810081198100819A8100815F9
S31502020100B810081DC8100813D810081BE8100817E3
S31502020110F810081F18118818281188143811881C1B
S31502020120481188125811881A681188167811881E81
S3150202013098118819A8118815B811881DC811881333
S31502020140D811881BE8118817F811881F1812481847
S31502020150281248143812481C5812481A68124816AD
S315020201607812481E98124819A8124815B812481D44
S31502020170C8124813D812481BE8124817F812481F29
S315020201801813C8182813C8143813C81C5813C81AC7
S315020201906813C8167813C81E9813C819A813C81567
S315020201A0B813C81DD813C81BE813C817F813C81FFB
S315020201B0181428183814281C5814281A68142816D1
S315020201C07814281E98142819A8142815B814281D5C
S315020201D0D814281BE8142817F814281F1815A8186B
S315020201E03815A81C5815A81A6815A8167815A81E37
S315020201F09815A819B815A81DD815A81BE815A81789
S31502020200F815A81F181668183816681C5816681AA0
S315020202107816681E98166819B816681DD816681BCD
S31502020220E8166817F816681F1817E8183817E81C30
S315020202305817E81A7817E81E9817E819B817E81D2A
S31502020240D817E81BF817E81F3818181C5818181A76
S315020202507818181E98181819B818181DD818181BC5
S31502020260F818181F3819981C5819981A7819981ECE
S31502020270B819981DD819981BF819981F381A581CBC
S31502020280781A581EB81A581DD81A581BF81A581F27
S31502020290381BD81C781BD81EB81BD81DF81BD81FB2
S315020202A0781C381EB81C381DF81C381F781DB81E5B
S315020202B0F81DB81FF81E781F080000081000000477
S315020202C01800000C200000022800000A3000000676
S315020202D03800000E400000014800000950000005E7
S315020202E05800000D600000036800000B7000000752
S315020202F07800000F88008008900080049800800C25
S31502020300A0008002A800800AB0008006B800800E13
S31502020310C0008001C8008009D0008005D800800D87
S31502020320E0008003E800800BF0008007F800800FEF
S3150202033008014008100140041801400C2001400245
S315020203402801400A300140063801400E48014009A0
S31502020350500140055801400D600140036801400BFF
S31502020360700140077801400F8801C0089001C0045D
S315020203709801C00CA001C002A801C00AB001C006C1
S31502020380B801C00EC801C009D001C005D801C00D0E
S31502020390E001C003E801C00BF001C007F801C00F7B
S315020203A008022008100220041802200C2802200A41
S315020203B0300220063802200E480220095002200589
S315020203C05802200D600220036802200B70022007E9
S315020203D07802200F8802A0089002A0049802A00CBC
S315020203E0A802A00AB002A006B802A00EC802A0097C
S315020203F0D002A005D802A00DE002A003E802A00BDB
S31502020400F002A007F802A00F0803600810036004B6
S315020204101803600C2803600A300360063803600E74
S3150202042048036009500360055803600D6803600BB8
S31502020430700360077803600F8803E0089003E00404
S315020204409803E00CA803E00AB003E006B803E00E44
S31502020450C803E009D003E005D803E00DE803E00B88
S31502020460F003E007F803E00F080410081804100C62
S315020204702804100A300410063804100E4804100923
S31502020480500410055804100D6804100B700410076E
S315020204907804100F880490089804900CA804900A15
S315020204A0B0049006B804900EC8049009D0049005D0
S315020204B0D804900DE804900BF0049007F804900F0C
S315020204C0080550081805500C2805500A3005500632
S315020204D03805500E480550095805500D6805500B4F
S315020204E0700550077805500F8805D0089805D00C7C
S315020204F0A805D00AB005D006B805D00EC805D0099F
S31502020500D805D00DE805D00BF005D007F805D00FB7
S31502020510080630081806300C2806300A3806300E4D
S31502020520480630095806300D6806300B7006300749
S315020205307806300F8806B0089806B00CA806B00AEC
S31502020540B806B00EC806B009D806B00DE806B00B5A
S31502020550F006B007F806B00F080770081807700C05
S315020205602807700A3807700E480770095807700D77
S315020205706807700B7807700F8807F0089807F00C67
S31502020580A807F00AB807F00EC807F009D807F00D57
S31502020590E807F00BF807F00F1808080C2808080AF3
S315020205A03808080E480808095808080D6808080B92
S315020205B07808080F9808880CA808880AB808880ECE
S315020205C0C8088809D808880DE808880BF808880F31
S315020205D01809480C2809480A3809480E5809480DCC
S315020205E06809480B7809480F9809C80CA809C80A6D
S315020205F0B809C80ED809C80DE809C80BF809C80F08
S31502020600180A280C380A280E580A280D680A280BD6
S31502020610780A280F980AA80CB80AA80ED80AA80DB2
S31502020620E80AA80BF80AA80F180B680C380B680E12
S31502020630580B680D780B680F980BE80CB80BE80E8E
S31502020640D80BE80DF80BE80F380C180E580C180DDB
S31502020650780C180FB80C980ED80C980DF80C980F47
S31502020660380D580E780D580FB80DD80EF80DD80F52
S31502020670780E380FF80EB80F0800000410000002B8
S3150202068018000006200000012800000530000003C1
S3150202069038000007400080004800800450008002B3
S315020206A058008006600080016800800570008003A1
S315020206B078008007880040049000400298004006B5
S315020206C0A0004001A8004005B0004003B800400760
S315020206D0C800C004D000C002D800C006E000C001B3
S315020206E0E800C005F000C003F800C00708012004B4
S315020206F010012002180120062801200530012003DC
S31502020700380120074801A0045001A0025801A006A0
S315020207106001A0016801A0057001A0037801A0078B
S31502020720880160049001600298016006A8016005D2
S31502020730B0016003B8016007C801E004D001E0021B
S31502020740D801E006E801E005F001E003F801E0075E
S3150202075008021004180210062802100530021003BD
S31502020760380210074802900450029002580290067C
S31502020770680290057002900378029007880250047C
S3150202078098025006A8025005B0025003B80250075A
S31502020790C802D004D802D006E802D005F002D0037D
S315020207A0F802D0070803300418033006280330057E
S315020207B0380330074803B0045803B0066803B0058D
S315020207C07003B0037803B0078803700498037006B7
S315020207D0A8037005B8037007C803F004D803F0062D
S315020207E0E803F005F803F0071804080628040805CA
S315020207F038040807480488045804880668048805E9
S315020208007804880798044806A8044805B8044807E5
S31502020810D804C806E804C805F804C8071805280655
S31502020820380528075805A8066805A8057805A80701
S3150202083098056806B8056807D805E806F805E807C0
S31502020840380618075806980678069807B80658070B
S31502020850F806D8077807B807080000021000000158
S315020208601800000320008000280080023000800168
S3150202087038008003480040025000400158004003FD
S315020208806000C0006800C0027000C0017800C003A8
S31502020890880020029000200198002003A800A002EE
S315020208A0B000A001B800A003C8006002D000600137
S315020208B0D8006003E800E002F000E001F800E0037D
S315020208C0080110021801100328019002300190015A
S315020208D03801900348015002580150036801D002C0
S315020208E07001D0017801D0038801300298013003E9
S315020208F0A801B002B801B003C8017002D8017003A0
S31502020900E801F002F801F00318020803280288023D
S3150202091038028803580248036802C8027802C803EA
S3150202092098022803B802A803D8026803F802E80369
S31502020930380398037803D8030800000110008000E8
S315020209401800800120004000280040013000C0004B
S315020209503800C001480020015000A0005800A00142
S31502020960680060017000E0007800E0018800100172
S3150202097098009001A8005001B000D000B800D00142
S31502020980C8003001D800B001E8007001F800F00199
S3150202099018018801280148013801C8015801A80135
S315020209A07801E801B801D801080080001000400071
S315020209B01800C0002800A000300060003800E000E5
S315020209C0480090005800D0006800B0007800F0009D
S315020209D09800C800B800E800080040001000200095
S315020209E018006000280050003800700058006800A5
S315020209F00000803F00000000B1FF7F3FC70F493B66
S31502020A00C4FE7F3F890FC93B39FD7F3F59CB163C56
S31502020A1011FB7F3F900E493C4AF87F3F4B517B3C8C
S31502020A20E6F47F3FB6C9963CE3F07F3F69EAAF3C04
S31502020A3043EC7F3FB00AC93C05E77F3F7B2AE23C93
S31502020A4029E17F3FB949FB3CAFDA7F3F2F340A3DAA
S31502020A5098D37F3F2CC3163DE2CB7F3FCC51233D39
S31502020A608FC37F3F07E02F3D9EBA7F3FD56D3C3D48
S31502020A700FB17F3F2FFB483DE3A67F3F0E88553DD0
S31502020A80189C7F3F6814623DB1907F3F38A06E3D4D
S31502020A90AB847F3F742B7B3D08787F3F0ADB833D25
S31502020AA0C76A7F3F0A208A3DE95C7F3FB464903D74
S31502020AB06D4E7F3F05A9963D543F7F3FF9EC9C3D23
S31502020AC09D2F7F3F8C30A33D491F7F3FBA73A93DBD
S31502020AD0580E7F3F80B6AF3DC9FC7E3FDAF8B53D80
S31502020AE09DEA7E3FC33ABC3DD4D77E3F397CC23DA6
S31502020AF06DC47E3F36BDC83D69B07E3FB7FDCE3D71
S31502020B00C99B7E3FB93DD53D8B867E3F377DDB3D18
S31502020B10B0707E3F2EBCE13D385A7E3F9AFAE73DDF
S31502020B2023437E3F7638EE3D722B7E3FC075F43DFF
S31502020B3024137E3F73B2FA3D38FA7D3F4577003E73
S31502020B40B1E07D3F0295033E8CC67D3F6EB2063E04
S31502020B50CCAB7D3F86CF093E6E907D3F4AEC0C3E82
S31502020B6074747D3FB708103EDE577D3FCA24133E9A
S31502020B70AC3A7D3F8340163EDD1C7D3FE05B193E6B
S31502020B8073FE7C3FDE761C3E6CDF7C3F7B911F3E12
S31502020B90C9BF7C3FB6AB223E8A9F7C3F8CC5253EAF
S31502020BA0B07E7C3FFCDE283E3A5D7C3F04F82B3E5B
S31502020BB0283B7C3FA2102F3E7A187C3FD428323E35
S31502020BC031F57B3F9840353E4DD17B3FEC57383E5F
S31502020BD0CDAC7B3FCF6E3B3EB2877B3F3E853E3EF0
S31502020BE0FC617B3F379B413EAB3B7B3FB9B0443E08
S31502020BF0BE147B3FC2C5473E37ED7A3F4FDA4A3EC5
S31502020C0016C57A3F60EE4D3E599C7A3FF101513E3E
S31502020C1002737A3F0115543E10497A3F8F27573E97
S31502020C20841E7A3F97395A3E5EF3793F1A4B5D3EEE
S31502020C309DC7793F135C603E439B793F836C633E5B
S31502020C404E6E793F667C663EC040793FBA8B693EFC
S31502020C509812793F7F9A6C3ED6E3783FB2A86F3EEE
S31502020C607BB4783F51B6723E8684783F5AC3753E4C
S31502020C70F853783FCCCF783ED122783FA4DB7B3E35
S31502020C8010F1773FE1E67E3EB7BE773FC0F8803E7F
S31502020C90C58B773FC07D823E3A58773F7002843ECB
S31502020CA01724773FCE86853E5BEF763FDA0A873E8A
S31502020CB007BA763F938E883E1B84763FF8118A3EA8
S31502020CC0974D763F07958B3E7A16763FC0178D3E35
S31502020CD0C6DE753F229A8E3E7BA6753F2C1C903E3F
S31502020CE0976D753FDD9D913E1D34753F351F933ECF
S31502020CF00BFA743F31A0943E62BF743FD220963EF5
S31502020D002284743F17A1973E4B48743FFE20993EB8
S31502020D10DD0B743F86A09A3ED9CE733FAF1F9C3E2F
S31502020D203F91733F789E9D3E0E53733FDF1C9F3E5B
S31502020D304714733FE59AA03EEBD4723F8718A23E50
S31502020D40F894723FC595A33E7054723F9F12A53E18
S31502020D505213723F128FA63E9FD1713F1F0BA83EBE
S31502020D60578F713FC486A93E7A4C713F0102AB3E50
S31502020D700809713FD47CAC3E02C5703F3CF7AD3EDA
S31502020D806680703F3A71AF3E373B703FCBEAB03E68
S31502020D9073F56F3FEF63B23E1BAF6F3FA5DCB33E07
S31502020DA030686F3FEC54B53EB0206F3FC3CCB63EBF
S31502020DB09ED86E3F2A44B83EF88F6E3F1EBBB93E9E
S31502020DC0BE466E3FA031BB3EF2FC6D3FAFA7BC3EB4
S31502020DD093B26D3F4A1DBE3EA1676D3F6F92BF3E03
S31502020DE01D1C6D3F1E07C13E07D06C3F557BC23E9E
S31502020DF05E836C3F15EFC33E24366C3F5C62C53E92
S31502020E0058E86B3F29D5C63EFB996B3F7C47C83EE5
S31502020E100C4B6B3F53B9C93E8CFB6A3FAE2ACB3EA3
S31502020E207BAB6A3F8B9BCC3ED95A6A3FEA0BCE3EDC
S31502020E30A7096A3FCA7BCF3EE4B7693F2AEBD03E97
S31502020E409165693F095AD23EAE12693F67C8D33EDF
S31502020E503CBF683F4136D53E396B683F99A3D63EC1
S31502020E60A816683F6B10D83E87C1673FB97CD93E48
S31502020E70D86B673F80E8DA3E9915673FC153DC3E7D
S31502020E80CCBE663F79BEDD3E7167663FA928DF3E6C
S31502020E90880F663F4F92E03E10B7653F6AFBE13E1E
S31502020EA00B5E653FFA63E33E7904653FFECBE43EA1
S31502020EB059AA643F7533E63EAC4F643F5D9AE73EFC
S31502020EC073F4633FB700E93EAC98633F8166EA3E3C
S31502020ED05A3C633FBBCBEB3E7BDF623F6330ED3E68
S31502020EE01082623F7994EE3E1A24623FFBF7EF3E8E
S31502020EF098C5613FEA5AF13E8A66613F43BDF23EB8
S31502020F00F206613F071FF43ECFA6603F3580F53EEB
S31502020F102146603FCBE0F63EE9E45F3FC840F83E39
S31502020F2027835F3F2DA0F93EDB205F3FF7FEFA3EA5
S31502020F3005BE5E3F275DFC3EA65A5E3FBBBAFD3E3C
S31502020F40BEF65D3FB217FF3E4D925D3F063A003F47
S31502020F50532D5D3FE4E7003FD1C75C3F7395013FE6
S31502020F60C7615C3FB142023F34FB5B3F9FEF023FE8
S31502020F701A945B3F3D9C033F792C5B3F8948043FB1
S31502020F8050C45A3F84F4043FA05B5A3F2CA0053F4B
S31502020F906AF2593F824B063FAD88593F86F6063FB3
S31502020FA06A1E593F36A1073FA1B3583F924B083FEB
S31502020FB05348583F9BF5083F7FDC573F4E9F093FF8
S31502020FC02670573FAD480A3F4803573FB7F10A3FDB
S31502020FD0E595563F6B9A0B3FFE27563FC9420C3F99
S31502020FE093B9553FD0EA0C3FA44A553F81920D3F31
S31502020FF031DB543FDA390E3F3B6B543FDBE00E3FA7
S31502021000C3FA533F84870F3FC789533FD52D103FFB
S315020210104918533FCDD3103F49A6523F6B79113F30
S31502021020C633523FB01E123FC2C0513F9AC3123F4D
S315020210303D4D513F2A68133F37D9503F5F0C143F4B
S31502021040AF64503F39B0143FA8EF4F3FB753153F35
S315020210501F7A4F3FD9F6153F17044F3F9F99163F06
S31502021060908D4E3F073C173F89164E3F12DE173FC1
S31502021070029F4D3FC07F183FFD264D3F0F21193F6C
S3150202108079AE4C3F00C2193F78354C3F93621A3F04
S31502021090F8BB4B3FC6021B3FFA414B3F99A21B3F8D
S315020210A07FC74A3F0C421C3F874C4A3F1FE11C3F07
S315020210B012D1493FD17F1D3F2155493F221E1E3F74
S315020210C0B3D8483F12BC1E3FCA5B483F9F591F3FD7
S315020210D065DE473FCBF61F3F8560473F9393203F2E
S315020210E02AE2463FF92F213F5463463FFBCB213F7B
S315020210F003E4453F9967223F3964453FD302233FC2
S31502021100F5E3443FA99D233F3763443F1A38243F00
S3150202111000E2433F25D2243F5160433FCB6B253F3A
S3150202112029DE423F0A05263F895B423FE39D263F6F
S3150202113070D8413F5636273FE154413F61CE273FA1
S31502021140DAD0403F0566283F5C4C403F41FD283FCE
S3150202115067C73F3F1594293FFC413F3F802A2A3FFA
S315020211601BBC3E3F82C02A3FC5353E3F1B562B3F24
S31502021170F9AE3D3F4AEB2B3FB8273D3F0F802C3F4E
S3150202118003A03C3F69142D3FD9173C3F59A82D3F76
S315020211903B8F3B3FDE3B2E3F29063B3FF7CE2E3FA0
S315020211A0A47C3A3FA5612F3FACF2393FE6F32F3FCB
S315020211B04268393FBB85303F65DD383F2217313FF2
S315020211C01652383F1DA8313F55C6373FAA38323F1D
S315020211D0233A373FC9C8323F7FAD363F7A58333F4B
S315020211E06C20363FBCE7333FE792353F8F76343F7A
S315020211F0F304353FF304353F8F76343FE792353FAA
S31502021200BCE7333F6C20363F7A58333F7FAD363FD9
S31502021210C9C8323F233A373FAA38323F55C6373F0B
S315020212201DA8313F1652383F2217313F65DD383F3E
S31502021230BB85303F4268393FE6F32F3FACF2393F76
S31502021240A5612F3FA47C3A3FF7CE2E3F29063B3FAC
S31502021250DE3B2E3F3B8F3B3F59A82D3FD9173C3FE2
S3150202126069142D3F03A03C3F0F802C3FB8273D3F18
S315020212704AEB2B3FF9AE3D3F1B562B3FC5353E3F50
S3150202128082C02A3F1BBC3E3F802A2A3FFC413F3F87
S315020212901594293F67C73F3F41FD283F5C4C403FBB
S315020212A00566283FDAD0403F61CE273FE154413FEF
S315020212B05636273F70D8413FE39D263F895B423F20
S315020212C00A05263F29DE423FCB6B253F5160433F4B
S315020212D025D2243F00E2433F1A38243F3763443F74
S315020212E0A99D233FF5E3443FD302233F3964453F99
S315020212F09967223F03E4453FFBCB213F5463463FB6
S31502021300F92F213F2AE2463F9393203F8560473FCA
S31502021310CBF61F3F65DE473F9F591F3FCA5B483FD9
S3150202132012BC1E3FB3D8483F221E1E3F2155493FDB
S31502021330D17F1D3F12D1493F1FE11C3F874C4A3FD5
S315020213400C421C3F7FC74A3F99A21B3FFA414B3FC1
S31502021350C6021B3FF8BB4B3F93621A3F78354C3F9E
S3150202136000C2193F79AE4C3F0F21193FFD264D3F70
S31502021370C07F183F029F4D3F12DE173F89164E3F2E
S31502021380073C173F908D4E3F9F99163F17044F3FDA
S31502021390D9F6153F1F7A4F3FB753153FA8EF4F3F76
S315020213A039B0143FAF64503F5F0C143F37D9503FF8
S315020213B02A68133F3D4D513F9AC3123FC2C0513F65
S315020213C0B01E123FC633523F6B79113F49A6523FB6
S315020213D0CDD3103F4918533FD52D103FC789533FEE
S315020213E084870F3FC3FA533FDBE00E3F3B6B543F0A
S315020213F0DA390E3F31DB543F81920D3FA44A553F03
S31502021400D0EA0C3F93B9553FC9420C3FFE27563FDD
S315020214106B9A0B3FE595563FB7F10A3F4803573F92
S31502021420AD480A3F2670573F4E9F093F7FDC573F22
S315020214309BF5083F5348583F924B083FA1B3583F8A
S3150202144036A1073F6A1E593F86F6063FAD88593FC7
S31502021450824B063F6AF2593F2CA0053FA05B5A3FD8
S3150202146084F4043F50C45A3F8948043F792C5B3FB7
S315020214703D9C033F1A945B3F9FEF023F34FB5B3F67
S31502021480B142023FC7615C3F7395013FD1C75C3FE0
S31502021490E4E7003F532D5D3F063A003F4D925D3F22
S315020214A0B217FF3EBEF65D3FBBBAFD3EA65A5E3F8F
S315020214B0275DFC3E05BE5E3FF7FEFA3EDB205F3F3E
S315020214C02DA0F93E27835F3FC840F83EE9E45F3F1D
S315020214D0CBE0F63E2146603F3580F53ECFA6603F21
S315020214E0071FF43EF206613F43BDF23E8A66613F42
S315020214F0EA5AF13E98C5613FFBF7EF3E1A24623F74
S315020215007994EE3E1082623F6330ED3E7BDF623FAC
S31502021510BBCBEB3E5A3C633F8166EA3EAC98633FE5
S31502021520B700E93E73F4633F5D9AE73EAC4F643F10
S315020215307533E63E59AA643FFECBE43E7904653F23
S31502021540FA63E33E0B5E653F6AFBE13E10B7653F17
S315020215504F92E03E880F663FA928DF3E7167663FDB
S3150202156079BEDD3ECCBE663FC153DC3E9915673F6E
S3150202157080E8DA3ED86B673FB97CD93E87C1673FBE
S315020215806B10D83EA816683F99A3D63E396B683FC0
S315020215904136D53E3CBF683F67C8D33EAE12693F6D
S315020215A0095AD23E9165693F2AEBD03EE4B7693FBA
S315020215B0CA7BCF3EA7096A3FEA0BCE3ED95A6A3F99
S315020215C08B9BCC3E7BAB6A3FAE2ACB3E8CFB6A3F01
S315020215D053B9C93E0C4B6B3F7C47C83EFB996B3FE6
S315020215E029D5C63E58E86B3F5C62C53E24366C3F3F
S315020215F015EFC33E5E836C3F557BC23E07D06C3FFE
S315020216001E07C13E1D1C6D3F6F92BF3EA1676D3F15
S315020216104A1DBE3E93B26D3FAFA7BC3EF2FC6D3F82
S31502021620A031BB3EBE466E3F1EBBB93EF88F6E3F31
S315020216302A44B83E9ED86E3FC3CCB63EB0206F3F18
S31502021640EC54B53E30686F3FA5DCB33E1BAF6F3F2D
S31502021650EF63B23E73F56F3FCBEAB03E373B703F64
S315020216603A71AF3E6680703F3CF7AD3E02C5703FAF
S31502021670D47CAC3E0809713F0102AB3E7A4C713F03
S31502021680C486A93E578F713F1F0BA83E9FD1713F59
S31502021690128FA63E5213723F9F12A53E7054723F9C
S315020216A0C595A33EF894723F8718A23EEBD4723FC9
S315020216B0E59AA03E4714733FDF1C9F3E0E53733FCB
S315020216C0789E9D3E3F91733FAF1F9C3ED9CE733F9C
S315020216D086A09A3EDD0B743FFE20993E4B48743F2C
S315020216E017A1973E2284743FD220963E62BF743F70
S315020216F031A0943E0BFA743F351F933E1D34753F5B
S31502021700DD9D913E976D753F2C1C903E7BA6753FE3
S31502021710229A8E3EC6DE753FC0178D3E7A16763FF8
S3150202172007958B3E974D763FF8118A3E1B84763F8C
S31502021730938E883E07BA763FDA0A873E5BEF763F9A
S31502021740CE86853E1724773F7002843E3A58773F0B
S31502021750C07D823EC58B773FC0F8803EB7BE773FDB
S31502021760E1E67E3E10F1773FA4DB7B3ED122783F53
S31502021770CCCF783EF853783F5AC3753E8684783F7B
S3150202178051B6723E7BB4783FB2A86F3ED6E3783F3B
S315020217907F9A6C3E9812793FBA8B693EC040793F76
S315020217A0667C663E4E6E793F836C633E439B793F0F
S315020217B0135C603E9DC7793F1A4B5D3E5EF3793FED
S315020217C097395A3E841E7A3F8F27573E10497A3FEF
S315020217D00115543E02737A3FF101513E599C7A3FFA
S315020217E060EE4D3E16C57A3F4FDA4A3E37ED7A3FF4
S315020217F0C2C5473EBE147B3FB9B0443EAB3B7B3FBC
S31502021800379B413EFC617B3F3E853E3EB2877B3F34
S31502021810CF6E3B3ECDAC7B3FEC57383E4DD17B3F44
S315020218209840353E31F57B3FD428323E7A187C3FCA
S31502021830A2102F3E283B7C3F04F82B3E3A5D7C3FAA
S31502021840FCDE283EB07E7C3F8CC5253E8A9F7C3FCD
S31502021850B6AB223EC9BF7C3F7B911F3E6CDF7C3F0B
S31502021860DE761C3E73FE7C3FE05B193EDD1C7D3F4D
S315020218708340163EAC3A7D3FCA24133EDE577D3F75
S31502021880B708103E74747D3F4AEC0C3E6E907D3F63
S3150202189086CF093ECCAB7D3F6EB2063E8CC67D3FFD
S315020218A00295033EB1E07D3F4577003E38FA7D3F21
S315020218B073B2FA3D24137E3FC075F43D722B7E3F0E
S315020218C07638EE3D23437E3F9AFAE73D385A7E3F0B
S315020218D02EBCE13DB0707E3F377DDB3D8B867E3F7F
S315020218E0B93DD53DC99B7E3FB7FDCE3D69B07E3F30
S315020218F036BDC83D6DC47E3F397CC23DD4D77E3FDC
S31502021900C33ABC3D9DEA7E3FDAF8B53DC9FC7E3F4D
S3150202191080B6AF3D580E7F3FBA73A93D491F7F3F3E
S315020219208C30A33D9D2F7F3FF9EC9C3D543F7F3F78
S3150202193005A9963D6D4E7F3FB464903DE95C7F3FBB
S315020219400A208A3DC76A7F3F0ADB833D08787F3FCA
S31502021950742B7B3DAB847F3F38A06E3DB1907F3FB7
S315020219606814623D189C7F3F0E88553DE3A67F3F71
S315020219702FFB483D0FB17F3FD56D3C3D9EBA7F3F5F
S3150202198007E02F3D8FC37F3FCC51233DE2CB7F3F02
S315020219902CC3163D98D37F3F2F340A3DAFDA7F3FE1
S315020219A0B949FB3C29E17F3F7B2AE23C05E77F3FBF
S315020219B0B00AC93C43EC7F3F69EAAF3CE3F07F3FA2
S315020219C0B6C9963CE6F47F3F4B517B3C4AF87F3FD1
S315020219D0900E493C11FB7F3F59CB163C39FD7F3FA6
S315020219E0890FC93BC4FE7F3FC70F493BB1FF7F3F09
S315020219F0000000000000803FC70F49BBB1FF7F3FD6
S31502021A00890FC9BBC4FE7F3F59CB16BC39FD7F3F46
S31502021A10900E49BC11FB7F3F4B517BBC4AF87F3F7C
S31502021A20B6C996BCE6F47F3F69EAAFBCE3F07F3FF4
S31502021A30B00AC9BC43EC7F3F7B2AE2BC05E77F3F83
S31502021A40B949FBBC29E17F3F2F340ABDAFDA7F3F9A
S31502021A502CC316BD98D37F3FCC5123BDE2CB7F3F29
S31502021A6007E02FBD8FC37F3FD56D3CBD9EBA7F3F38
S31502021A702FFB48BD0FB17F3F0E8855BDE3A67F3FC0
S31502021A80681462BD189C7F3F38A06EBDB1907F3F3D
S31502021A90742B7BBDAB847F3F0ADB83BD08787F3F15
S31502021AA00A208ABDC76A7F3FB46490BDE95C7F3F64
S31502021AB005A996BD6D4E7F3FF9EC9CBD543F7F3F13
S31502021AC08C30A3BD9D2F7F3FBA73A9BD491F7F3FAD
S31502021AD080B6AFBD580E7F3FDAF8B5BDC9FC7E3F70
S31502021AE0C33ABCBD9DEA7E3F397CC2BDD4D77E3F96
S31502021AF036BDC8BD6DC47E3FB7FDCEBD69B07E3F61
S31502021B00B93DD5BDC99B7E3F377DDBBD8B867E3F08
S31502021B102EBCE1BDB0707E3F9AFAE7BD385A7E3FCF
S31502021B207638EEBD23437E3FC075F4BD722B7E3FEF
S31502021B3073B2FABD24137E3F457700BE38FA7D3F63
S31502021B40029503BEB1E07D3F6EB206BE8CC67D3FF4
S31502021B5086CF09BECCAB7D3F4AEC0CBE6E907D3F72
S31502021B60B70810BE74747D3FCA2413BEDE577D3F8A
S31502021B70834016BEAC3A7D3FE05B19BEDD1C7D3F5B
S31502021B80DE761CBE73FE7C3F7B911FBE6CDF7C3F02
S31502021B90B6AB22BEC9BF7C3F8CC525BE8A9F7C3F9F
S31502021BA0FCDE28BEB07E7C3F04F82BBE3A5D7C3F4B
S31502021BB0A2102FBE283B7C3FD42832BE7A187C3F25
S31502021BC0984035BE31F57B3FEC5738BE4DD17B3F4F
S31502021BD0CF6E3BBECDAC7B3F3E853EBEB2877B3FE0
S31502021BE0379B41BEFC617B3FB9B044BEAB3B7B3FF8
S31502021BF0C2C547BEBE147B3F4FDA4ABE37ED7A3FB5
S31502021C0060EE4DBE16C57A3FF10151BE599C7A3F2E
S31502021C10011554BE02737A3F8F2757BE10497A3F87
S31502021C2097395ABE841E7A3F1A4B5DBE5EF3793FDE
S31502021C30135C60BE9DC7793F836C63BE439B793F4B
S31502021C40667C66BE4E6E793FBA8B69BEC040793FEC
S31502021C507F9A6CBE9812793FB2A86FBED6E3783FDE
S31502021C6051B672BE7BB4783F5AC375BE8684783F3C
S31502021C70CCCF78BEF853783FA4DB7BBED122783F25
S31502021C80E1E67EBE10F1773FC0F880BEB7BE773F6F
S31502021C90C07D82BEC58B773F700284BE3A58773FBB
S31502021CA0CE8685BE1724773FDA0A87BE5BEF763F7A
S31502021CB0938E88BE07BA763FF8118ABE1B84763F98
S31502021CC007958BBE974D763FC0178DBE7A16763F25
S31502021CD0229A8EBEC6DE753F2C1C90BE7BA6753F2F
S31502021CE0DD9D91BE976D753F351F93BE1D34753FBF
S31502021CF031A094BE0BFA743FD22096BE62BF743FE5
S31502021D0017A197BE2284743FFE2099BE4B48743FA8
S31502021D1086A09ABEDD0B743FAF1F9CBED9CE733F1F
S31502021D20789E9DBE3F91733FDF1C9FBE0E53733F4B
S31502021D30E59AA0BE4714733F8718A2BEEBD4723F40
S31502021D40C595A3BEF894723F9F12A5BE7054723F08
S31502021D50128FA6BE5213723F1F0BA8BE9FD1713FAE
S31502021D60C486A9BE578F713F0102ABBE7A4C713F40
S31502021D70D47CACBE0809713F3CF7ADBE02C5703FCA
S31502021D803A71AFBE6680703FCBEAB0BE373B703F58
S31502021D90EF63B2BE73F56F3FA5DCB3BE1BAF6F3FF7
S31502021DA0EC54B5BE30686F3FC3CCB6BEB0206F3FAF
S31502021DB02A44B8BE9ED86E3F1EBBB9BEF88F6E3F8E
S31502021DC0A031BBBEBE466E3FAFA7BCBEF2FC6D3FA4
S31502021DD04A1DBEBE93B26D3F6F92BFBEA1676D3FF3
S31502021DE01E07C1BE1D1C6D3F557BC2BE07D06C3F8E
S31502021DF015EFC3BE5E836C3F5C62C5BE24366C3F82
S31502021E0029D5C6BE58E86B3F7C47C8BEFB996B3FD5
S31502021E1053B9C9BE0C4B6B3FAE2ACBBE8CFB6A3F93
S31502021E208B9BCCBE7BAB6A3FEA0BCEBED95A6A3FCC
S31502021E30CA7BCFBEA7096A3F2AEBD0BEE4B7693F87
S31502021E40095AD2BE9165693F67C8D3BEAE12693FCF
S31502021E504136D5BE3CBF683F99A3D6BE396B683FB1
S31502021E606B10D8BEA816683FB97CD9BE87C1673F38
S31502021E7080E8DABED86B673FC153DCBE9915673F6D
S31502021E8079BEDDBECCBE663FA928DFBE7167663F5C
S31502021E904F92E0BE880F663F6AFBE1BE10B7653F0E
S31502021EA0FA63E3BE0B5E653FFECBE4BE7904653F91
S31502021EB07533E6BE59AA643F5D9AE7BEAC4F643FEC
S31502021EC0B700E9BE73F4633F8166EABEAC98633F2C
S31502021ED0BBCBEBBE5A3C633F6330EDBE7BDF623F58
S31502021EE07994EEBE1082623FFBF7EFBE1A24623F7E
S31502021EF0EA5AF1BE98C5613F43BDF2BE8A66613FA8
S31502021F00071FF4BEF206613F3580F5BECFA6603FDB
S31502021F10CBE0F6BE2146603FC840F8BEE9E45F3F29
S31502021F202DA0F9BE27835F3FF7FEFABEDB205F3F95
S31502021F30275DFCBE05BE5E3FBBBAFDBEA65A5E3F2C
S31502021F40B217FFBEBEF65D3F063A00BF4D925D3F37
S31502021F50E4E700BF532D5D3F739501BFD1C75C3FD6
S31502021F60B14202BFC7615C3F9FEF02BF34FB5B3FD8
S31502021F703D9C03BF1A945B3F894804BF792C5B3FA1
S31502021F8084F404BF50C45A3F2CA005BFA05B5A3F3B
S31502021F90824B06BF6AF2593F86F606BFAD88593FA3
S31502021FA036A107BF6A1E593F924B08BFA1B3583FDB
S31502021FB09BF508BF5348583F4E9F09BF7FDC573FE8
S31502021FC0AD480ABF2670573FB7F10ABF4803573FCB
S31502021FD06B9A0BBFE595563FC9420CBFFE27563F89
S31502021FE0D0EA0CBF93B9553F81920DBFA44A553F21
S31502021FF0DA390EBF31DB543FDBE00EBF3B6B543F97
S3150202200084870FBFC3FA533FD52D10BFC789533FEB
S31502022010CDD310BF4918533F6B7911BF49A6523F20
S31502022020B01E12BFC633523F9AC312BFC2C0513F3D
S315020220302A6813BF3D4D513F5F0C14BF37D9503F3B
S3150202204039B014BFAF64503FB75315BFA8EF4F3F25
S31502022050D9F615BF1F7A4F3F9F9916BF17044F3FF6
S31502022060073C17BF908D4E3F12DE17BF89164E3FB1
S31502022070C07F18BF029F4D3F0F2119BFFD264D3F5C
S3150202208000C219BF79AE4C3F93621ABF78354C3FF4
S31502022090C6021BBFF8BB4B3F99A21BBFFA414B3F7D
S315020220A00C421CBF7FC74A3F1FE11CBF874C4A3FF7
S315020220B0D17F1DBF12D1493F221E1EBF2155493F64
S315020220C012BC1EBFB3D8483F9F591FBFCA5B483FC7
S315020220D0CBF61FBF65DE473F939320BF8560473F1E
S315020220E0F92F21BF2AE2463FFBCB21BF5463463F6B
S315020220F0996722BF03E4453FD30223BF3964453FB2
S31502022100A99D23BFF5E3443F1A3824BF3763443FF0
S3150202211025D224BF00E2433FCB6B25BF5160433F2A
S315020221200A0526BF29DE423FE39D26BF895B423F5F
S31502022130563627BF70D8413F61CE27BFE154413F91
S31502022140056628BFDAD0403F41FD28BF5C4C403FBE
S31502022150159429BF67C73F3F802A2ABFFC413F3FEA
S3150202216082C02ABF1BBC3E3F1B562BBFC5353E3F14
S315020221704AEB2BBFF9AE3D3F0F802CBFB8273D3F3E
S3150202218069142DBF03A03C3F59A82DBFD9173C3F66
S31502022190DE3B2EBF3B8F3B3FF7CE2EBF29063B3F90
S315020221A0A5612FBFA47C3A3FE6F32FBFACF2393FBB
S315020221B0BB8530BF4268393F221731BF65DD383FE2
S315020221C01DA831BF1652383FAA3832BF55C6373F0D
S315020221D0C9C832BF233A373F7A5833BF7FAD363F3B
S315020221E0BCE733BF6C20363F8F7634BFE792353F6A
S315020221F0F30435BFF304353FE79235BF8F76343F9A
S315020222006C2036BFBCE7333F7FAD36BF7A58333FC9
S31502022210233A37BFC9C8323F55C637BFAA38323FFB
S31502022220165238BF1DA8313F65DD38BF2217313F2E
S31502022230426839BFBB85303FACF239BFE6F32F3F66
S31502022240A47C3ABFA5612F3F29063BBFF7CE2E3F9C
S315020222503B8F3BBFDE3B2E3FD9173CBF59A82D3FD2
S3150202226003A03CBF69142D3FB8273DBF0F802C3F08
S31502022270F9AE3DBF4AEB2B3FC5353EBF1B562B3F40
S315020222801BBC3EBF82C02A3FFC413FBF802A2A3F77
S3150202229067C73FBF1594293F5C4C40BF41FD283FAB
S315020222A0DAD040BF0566283FE15441BF61CE273FDF
S315020222B070D841BF5636273F895B42BFE39D263F10
S315020222C029DE42BF0A05263F516043BFCB6B253F3B
S315020222D000E243BF25D2243F376344BF1A38243F64
S315020222E0F5E344BFA99D233F396445BFD302233F89
S315020222F003E445BF9967223F546346BFFBCB213FA6
S315020223002AE246BFF92F213F856047BF9393203FBA
S3150202231065DE47BFCBF61F3FCA5B48BF9F591F3FC9
S31502022320B3D848BF12BC1E3F215549BF221E1E3FCB
S3150202233012D149BFD17F1D3F874C4ABF1FE11C3FC5
S315020223407FC74ABF0C421C3FFA414BBF99A21B3FB1
S31502022350F8BB4BBFC6021B3F78354CBF93621A3F8E
S3150202236079AE4CBF00C2193FFD264DBF0F21193F60
S31502022370029F4DBFC07F183F89164EBF12DE173F1E
S31502022380908D4EBF073C173F17044FBF9F99163FCA
S315020223901F7A4FBFD9F6153FA8EF4FBFB753153F66
S315020223A0AF6450BF39B0143F37D950BF5F0C143FE8
S315020223B03D4D51BF2A68133FC2C051BF9AC3123F55
S315020223C0C63352BFB01E123F49A652BF6B79113FA6
S315020223D0491853BFCDD3103FC78953BFD52D103FDE
S315020223E0C3FA53BF84870F3F3B6B54BFDBE00E3FFA
S315020223F031DB54BFDA390E3FA44A55BF81920D3FF3
S3150202240093B955BFD0EA0C3FFE2756BFC9420C3FCD
S31502022410E59556BF6B9A0B3F480357BFB7F10A3F82
S31502022420267057BFAD480A3F7FDC57BF4E9F093F12
S31502022430534858BF9BF5083FA1B358BF924B083F7A
S315020224406A1E59BF36A1073FAD8859BF86F6063FB7
S315020224506AF259BF824B063FA05B5ABF2CA0053FC8
S3150202246050C45ABF84F4043F792C5BBF8948043FA7
S315020224701A945BBF3D9C033F34FB5BBF9FEF023F57
S31502022480C7615CBFB142023FD1C75CBF7395013FD0
S31502022490532D5DBFE4E7003F4D925DBF063A003F12
S315020224A0BEF65DBFB217FF3EA65A5EBFBBBAFD3E7F
S315020224B005BE5EBF275DFC3EDB205FBFF7FEFA3E2E
S315020224C027835FBF2DA0F93EE9E45FBFC840F83E0D
S315020224D0214660BFCBE0F63ECFA660BF3580F53E11
S315020224E0F20661BF071FF43E8A6661BF43BDF23E32
S315020224F098C561BFEA5AF13E1A2462BFFBF7EF3E64
S31502022500108262BF7994EE3E7BDF62BF6330ED3E9C
S315020225105A3C63BFBBCBEB3EAC9863BF8166EA3ED5
S3150202252073F463BFB700E93EAC4F64BF5D9AE73E00
S3150202253059AA64BF7533E63E790465BFFECBE43E13
S315020225400B5E65BFFA63E33E10B765BF6AFBE13E07
S31502022550880F66BF4F92E03E716766BFA928DF3ECB
S31502022560CCBE66BF79BEDD3E991567BFC153DC3E5E
S31502022570D86B67BF80E8DA3E87C167BFB97CD93EAE
S31502022580A81668BF6B10D83E396B68BF99A3D63EB0
S315020225903CBF68BF4136D53EAE1269BF67C8D33E5D
S315020225A0916569BF095AD23EE4B769BF2AEBD03EAA
S315020225B0A7096ABFCA7BCF3ED95A6ABFEA0BCE3E89
S315020225C07BAB6ABF8B9BCC3E8CFB6ABFAE2ACB3EF1
S315020225D00C4B6BBF53B9C93EFB996BBF7C47C83ED6
S315020225E058E86BBF29D5C63E24366CBF5C62C53E2F
S315020225F05E836CBF15EFC33E07D06CBF557BC23EEE
S315020226001D1C6DBF1E07C13EA1676DBF6F92BF3E05
S3150202261093B26DBF4A1DBE3EF2FC6DBFAFA7BC3E72
S31502022620BE466EBFA031BB3EF88F6EBF1EBBB93E21
S315020226309ED86EBF2A44B83EB0206FBFC3CCB63E08
S3150202264030686FBFEC54B53E1BAF6FBFA5DCB33E1D
S3150202265073F56FBFEF63B23E373B70BFCBEAB03E54
S31502022660668070BF3A71AF3E02C570BF3CF7AD3E9F
S31502022670080971BFD47CAC3E7A4C71BF0102AB3EF3
S31502022680578F71BFC486A93E9FD171BF1F0BA83E49
S31502022690521372BF128FA63E705472BF9F12A53E8C
S315020226A0F89472BFC595A33EEBD472BF8718A23EB9
S315020226B0471473BFE59AA03E0E5373BFDF1C9F3EBB
S315020226C03F9173BF789E9D3ED9CE73BFAF1F9C3E8C
S315020226D0DD0B74BF86A09A3E4B4874BFFE20993E1C
S315020226E0228474BF17A1973E62BF74BFD220963E60
S315020226F00BFA74BF31A0943E1D3475BF351F933E4B
S31502022700976D75BFDD9D913E7BA675BF2C1C903ED3
S31502022710C6DE75BF229A8E3E7A1676BFC0178D3EE8
S31502022720974D76BF07958B3E1B8476BFF8118A3E7C
S3150202273007BA76BF938E883E5BEF76BFDA0A873E8A
S31502022740172477BFCE86853E3A5877BF7002843EFB
S31502022750C58B77BFC07D823EB7BE77BFC0F8803ECB
S3150202276010F177BFE1E67E3ED12278BFA4DB7B3E43
S31502022770F85378BFCCCF783E868478BF5AC3753E6B
S315020227807BB478BF51B6723ED6E378BFB2A86F3E2B
S31502022790981279BF7F9A6C3EC04079BFBA8B693E66
S315020227A04E6E79BF667C663E439B79BF836C633EFF
S315020227B09DC779BF135C603E5EF379BF1A4B5D3EDD
S315020227C0841E7ABF97395A3E10497ABF8F27573EDF
S315020227D002737ABF0115543E599C7ABFF101513EEA
S315020227E016C57ABF60EE4D3E37ED7ABF4FDA4A3EE4
S315020227F0BE147BBFC2C5473EAB3B7BBFB9B0443EAC
S31502022800FC617BBF379B413EB2877BBF3E853E3E24
S31502022810CDAC7BBFCF6E3B3E4DD17BBFEC57383E34
S3150202282031F57BBF9840353E7A187CBFD428323EBA
S31502022830283B7CBFA2102F3E3A5D7CBF04F82B3E9A
S31502022840B07E7CBFFCDE283E8A9F7CBF8CC5253EBD
S31502022850C9BF7CBFB6AB223E6CDF7CBF7B911F3EFB
S3150202286073FE7CBFDE761C3EDD1C7DBFE05B193E3D
S31502022870AC3A7DBF8340163EDE577DBFCA24133E65
S3150202288074747DBFB708103E6E907DBF4AEC0C3E53
S31502022890CCAB7DBF86CF093E8CC67DBF6EB2063EED
S315020228A0B1E07DBF0295033E38FA7DBF4577003E11
S315020228B024137EBF73B2FA3D722B7EBFC075F43DFE
S315020228C023437EBF7638EE3D385A7EBF9AFAE73DFB
S315020228D0B0707EBF2EBCE13D8B867EBF377DDB3D6F
S315020228E0C99B7EBFB93DD53D69B07EBFB7FDCE3D20
S315020228F06DC47EBF36BDC83DD4D77EBF397CC23DCC
S315020229009DEA7EBFC33ABC3DC9FC7EBFDAF8B53D3D
S31502022910580E7FBF80B6AF3D491F7FBFBA73A93D2E
S315020229209D2F7FBF8C30A33D543F7FBFF9EC9C3D68
S315020229306D4E7FBF05A9963DE95C7FBFB464903DAB
S31502022940C76A7FBF0A208A3D08787FBF0ADB833DBA
S31502022950AB847FBF742B7B3DB1907FBF38A06E3DA7
S31502022960189C7FBF6814623DE3A67FBF0E88553D61
S315020229700FB17FBF2FFB483D9EBA7FBFD56D3C3D4F
S315020229808FC37FBF07E02F3DE2CB7FBFCC51233DF2
S3150202299098D37FBF2CC3163DAFDA7FBF2F340A3DD1
S315020229A029E17FBFB949FB3C05E77FBF7B2AE23CAF
S315020229B043EC7FBFB00AC93CE3F07FBF69EAAF3C92
S315020229C0E6F47FBFB6C9963C4AF87FBF4B517B3CC1
S315020229D011FB7FBF900E493C39FD7FBF59CB163C96
S315020229E0C4FE7FBF890FC93BB1FF7FBFC70F493BF9
S315020229F0000080BF00000000B1FF7FBFC70F49BBC6
S31502022A00C4FE7FBF890FC9BB39FD7FBF59CB16BC36
S31502022A1011FB7FBF900E49BC4AF87FBF4B517BBC6C
S31502022A20E6F47FBFB6C996BCE3F07FBF69EAAFBCE4
S31502022A3043EC7FBFB00AC9BC05E77FBF7B2AE2BC73
S31502022A4029E17FBFB949FBBCAFDA7FBF2F340ABD8A
S31502022A5098D37FBF2CC316BDE2CB7FBFCC5123BD19
S31502022A608FC37FBF07E02FBD9EBA7FBFD56D3CBD28
S31502022A700FB17FBF2FFB48BDE3A67FBF0E8855BDB0
S31502022A80189C7FBF681462BDB1907FBF38A06EBD2D
S31502022A90AB847FBF742B7BBD08787FBF0ADB83BD05
S31502022AA0C76A7FBF0A208ABDE95C7FBFB46490BD54
S31502022AB06D4E7FBF05A996BD543F7FBFF9EC9CBD03
S31502022AC09D2F7FBF8C30A3BD491F7FBFBA73A9BD9D
S31502022AD0580E7FBF80B6AFBDC9FC7EBFDAF8B5BD60
S31502022AE09DEA7EBFC33ABCBDD4D77EBF397CC2BD86
S31502022AF06DC47EBF36BDC8BD69B07EBFB7FDCEBD51
S31502022B00C99B7EBFB93DD5BD8B867EBF377DDBBDF8
S31502022B10B0707EBF2EBCE1BD385A7EBF9AFAE7BDBF
S31502022B2023437EBF7638EEBD722B7EBFC075F4BDDF
S31502022B3024137EBF73B2FABD38FA7DBF457700BE53
S31502022B40B1E07DBF029503BE8CC67DBF6EB206BEE4
S31502022B50CCAB7DBF86CF09BE6E907DBF4AEC0CBE62
S31502022B6074747DBFB70810BEDE577DBFCA2413BE7A
S31502022B70AC3A7DBF834016BEDD1C7DBFE05B19BE4B
S31502022B8073FE7CBFDE761CBE6CDF7CBF7B911FBEF2
S31502022B90C9BF7CBFB6AB22BE8A9F7CBF8CC525BE8F
S31502022BA0B07E7CBFFCDE28BE3A5D7CBF04F82BBE3B
S31502022BB0283B7CBFA2102FBE7A187CBFD42832BE15
S31502022BC031F57BBF984035BE4DD17BBFEC5738BE3F
S31502022BD0CDAC7BBFCF6E3BBEB2877BBF3E853EBED0
S31502022BE0FC617BBF379B41BEAB3B7BBFB9B044BEE8
S31502022BF0BE147BBFC2C547BE37ED7ABF4FDA4ABEA5
S31502022C0016C57ABF60EE4DBE599C7ABFF10151BE1E
S31502022C1002737ABF011554BE10497ABF8F2757BE77
S31502022C20841E7ABF97395ABE5EF379BF1A4B5DBECE
S31502022C309DC779BF135C60BE439B79BF836C63BE3B
S31502022C404E6E79BF667C66BEC04079BFBA8B69BEDC
S31502022C50981279BF7F9A6CBED6E378BFB2A86FBECE
S31502022C607BB478BF51B672BE868478BF5AC375BE2C
S31502022C70F85378BFCCCF78BED12278BFA4DB7BBE15
S31502022C8010F177BFE1E67EBEB7BE77BFC0F880BE5F
S31502022C90C58B77BFC07D82BE3A5877BF700284BEAB
S31502022CA0172477BFCE8685BE5BEF76BFDA0A87BE6A
S31502022CB007BA76BF938E88BE1B8476BFF8118ABE88
S31502022CC0974D76BF07958BBE7A1676BFC0178DBE15
S31502022CD0C6DE75BF229A8EBE7BA675BF2C1C90BE1F
S31502022CE0976D75BFDD9D91BE1D3475BF351F93BEAF
S31502022CF00BFA74BF31A094BE62BF74BFD22096BED5
S31502022D00228474BF17A197BE4B4874BFFE2099BE98
S31502022D10DD0B74BF86A09ABED9CE73BFAF1F9CBE0F
S31502022D203F9173BF789E9DBE0E5373BFDF1C9FBE3B
S31502022D30471473BFE59AA0BEEBD472BF8718A2BE30
S31502022D40F89472BFC595A3BE705472BF9F12A5BEF8
S31502022D50521372BF128FA6BE9FD171BF1F0BA8BE9E
S31502022D60578F71BFC486A9BE7A4C71BF0102ABBE30
S31502022D70080971BFD47CACBE02C570BF3CF7ADBEBA
S31502022D80668070BF3A71AFBE373B70BFCBEAB0BE48
S31502022D9073F56FBFEF63B2BE1BAF6FBFA5DCB3BEE7
S31502022DA030686FBFEC54B5BEB0206FBFC3CCB6BE9F
S31502022DB09ED86EBF2A44B8BEF88F6EBF1EBBB9BE7E
S31502022DC0BE466EBFA031BBBEF2FC6DBFAFA7BCBE94
S31502022DD093B26DBF4A1DBEBEA1676DBF6F92BFBEE3
S31502022DE01D1C6DBF1E07C1BE07D06CBF557BC2BE7E
S31502022DF05E836CBF15EFC3BE24366CBF5C62C5BE72
S31502022E0058E86BBF29D5C6BEFB996BBF7C47C8BEC5
S31502022E100C4B6BBF53B9C9BE8CFB6ABFAE2ACBBE83
S31502022E207BAB6ABF8B9BCCBED95A6ABFEA0BCEBEBC
S31502022E30A7096ABFCA7BCFBEE4B769BF2AEBD0BE77
S31502022E40916569BF095AD2BEAE1269BF67C8D3BEBF
S31502022E503CBF68BF4136D5BE396B68BF99A3D6BEA1
S31502022E60A81668BF6B10D8BE87C167BFB97CD9BE28
S31502022E70D86B67BF80E8DABE991567BFC153DCBE5D
S31502022E80CCBE66BF79BEDDBE716766BFA928DFBE4C
S31502022E90880F66BF4F92E0BE10B765BF6AFBE1BEFE
S31502022EA00B5E65BFFA63E3BE790465BFFECBE4BE81
S31502022EB059AA64BF7533E6BEAC4F64BF5D9AE7BEDC
S31502022EC073F463BFB700E9BEAC9863BF8166EABE1C
S31502022ED05A3C63BFBBCBEBBE7BDF62BF6330EDBE48
S31502022EE0108262BF7994EEBE1A2462BFFBF7EFBE6E
S31502022EF098C561BFEA5AF1BE8A6661BF43BDF2BE98
S31502022F00F20661BF071FF4BECFA660BF3580F5BECB
S31502022F10214660BFCBE0F6BEE9E45FBFC840F8BE19
S31502022F2027835FBF2DA0F9BEDB205FBFF7FEFABE85
S31502022F3005BE5EBF275DFCBEA65A5EBFBBBAFDBE1C
S31502022F40BEF65DBFB217FFBE4D925DBF063A00BF27
S31502022F50532D5DBFE4E700BFD1C75CBF739501BFC6
S31502022F60C7615CBFB14202BF34FB5BBF9FEF02BFC8
S31502022F701A945BBF3D9C03BF792C5BBF894804BF91
S31502022F8050C45ABF84F404BFA05B5ABF2CA005BF2B
S31502022F906AF259BF824B06BFAD8859BF86F606BF93
S31502022FA06A1E59BF36A107BFA1B358BF924B08BFCB
S31502022FB0534858BF9BF508BF7FDC57BF4E9F09BFD8
S31502022FC0267057BFAD480ABF480357BFB7F10ABFBB
S31502022FD0E59556BF6B9A0BBFFE2756BFC9420CBF79
S31502022FE093B955BFD0EA0CBFA44A55BF81920DBF11
S31502022FF031DB54BFDA390EBF3B6B54BFDBE00EBF87
S31502023000C3FA53BF84870FBFC78953BFD52D10BFDB
S31502023010491853BFCDD310BF49A652BF6B7911BF10
S31502023020C63352BFB01E12BFC2C051BF9AC312BF2D
S315020230303D4D51BF2A6813BF37D950BF5F0C14BF2B
S31502023040AF6450BF39B014BFA8EF4FBFB75315BF15
S315020230501F7A4FBFD9F615BF17044FBF9F9916BFE6
S31502023060908D4EBF073C17BF89164EBF12DE17BFA1
S31502023070029F4DBFC07F18BFFD264DBF0F2119BF4C
S3150202308079AE4CBF00C219BF78354CBF93621ABFE4
S31502023090F8BB4BBFC6021BBFFA414BBF99A21BBF6D
S315020230A07FC74ABF0C421CBF874C4ABF1FE11CBFE7
S315020230B012D149BFD17F1DBF215549BF221E1EBF54
S315020230C0B3D848BF12BC1EBFCA5B48BF9F591FBFB7
S315020230D065DE47BFCBF61FBF856047BF939320BF0E
S315020230E02AE246BFF92F21BF546346BFFBCB21BF5B
S315020230F003E445BF996722BF396445BFD30223BFA2
S31502023100F5E344BFA99D23BF376344BF1A3824BFE0
S3150202311000E243BF25D224BF516043BFCB6B25BF1A
S3150202312029DE42BF0A0526BF895B42BFE39D26BF4F
S3150202313070D841BF563627BFE15441BF61CE27BF81
S31502023140DAD040BF056628BF5C4C40BF41FD28BFAE
S3150202315067C73FBF159429BFFC413FBF802A2ABFDA
S315020231601BBC3EBF82C02ABFC5353EBF1B562BBF04
S31502023170F9AE3DBF4AEB2BBFB8273DBF0F802CBF2E
S3150202318003A03CBF69142DBFD9173CBF59A82DBF56
S315020231903B8F3BBFDE3B2EBF29063BBFF7CE2EBF80
S315020231A0A47C3ABFA5612FBFACF239BFE6F32FBFAB
S315020231B0426839BFBB8530BF65DD38BF221731BFD2
S315020231C0165238BF1DA831BF55C637BFAA3832BFFD
S315020231D0233A37BFC9C832BF7FAD36BF7A5833BF2B
S315020231E06C2036BFBCE733BFE79235BF8F7634BF5A
S315020231F0F30435BFF30435BF8F7634BFE79235BF8A
S31502023200BCE733BF6C2036BF7A5833BF7FAD36BFB9
S31502023210C9C832BF233A37BFAA3832BF55C637BFEB
S315020232201DA831BF165238BF221731BF65DD38BF1E
S31502023230BB8530BF426839BFE6F32FBFACF239BF56
S31502023240A5612FBFA47C3ABFF7CE2EBF29063BBF8C
S31502023250DE3B2EBF3B8F3BBF59A82DBFD9173CBFC2
S3150202326069142DBF03A03CBF0F802CBFB8273DBFF8
S315020232704AEB2BBFF9AE3DBF1B562BBFC5353EBF30
S3150202328082C02ABF1BBC3EBF802A2ABFFC413FBF67
S31502023290159429BF67C73FBF41FD28BF5C4C40BF9B
S315020232A0056628BFDAD040BF61CE27BFE15441BFCF
S315020232B0563627BF70D841BFE39D26BF895B42BF00
S315020232C00A0526BF29DE42BFCB6B25BF516043BF2B
S315020232D025D224BF00E243BF1A3824BF376344BF54
S315020232E0A99D23BFF5E344BFD30223BF396445BF79
S315020232F0996722BF03E445BFFBCB21BF546346BF96
S31502023300F92F21BF2AE246BF939320BF856047BFAA
S31502023310CBF61FBF65DE47BF9F591FBFCA5B48BFB9
S3150202332012BC1EBFB3D848BF221E1EBF215549BFBB
S31502023330D17F1DBF12D149BF1FE11CBF874C4ABFB5
S315020233400C421CBF7FC74ABF99A21BBFFA414BBFA1
S31502023350C6021BBFF8BB4BBF93621ABF78354CBF7E
S3150202336000C219BF79AE4CBF0F2119BFFD264DBF50
S31502023370C07F18BF029F4DBF12DE17BF89164EBF0E
S31502023380073C17BF908D4EBF9F9916BF17044FBFBA
S31502023390D9F615BF1F7A4FBFB75315BFA8EF4FBF56
S315020233A039B014BFAF6450BF5F0C14BF37D950BFD8
S315020233B02A6813BF3D4D51BF9AC312BFC2C051BF45
S315020233C0B01E12BFC63352BF6B7911BF49A652BF96
S315020233D0CDD310BF491853BFD52D10BFC78953BFCE
S315020233E084870FBFC3FA53BFDBE00EBF3B6B54BFEA
S315020233F0DA390EBF31DB54BF81920DBFA44A55BFE3
S31502023400D0EA0CBF93B955BFC9420CBFFE2756BFBD
S315020234106B9A0BBFE59556BFB7F10ABF480357BF72
S31502023420AD480ABF267057BF4E9F09BF7FDC57BF02
S315020234309BF508BF534858BF924B08BFA1B358BF6A
S3150202344036A107BF6A1E59BF86F606BFAD8859BFA7
S31502023450824B06BF6AF259BF2CA005BFA05B5ABFB8
S3150202346084F404BF50C45ABF894804BF792C5BBF97
S315020234703D9C03BF1A945BBF9FEF02BF34FB5BBF47
S31502023480B14202BFC7615CBF739501BFD1C75CBFC0
S31502023490E4E700BF532D5DBF063A00BF4D925DBF02
S315020234A0B217FFBEBEF65DBFBBBAFDBEA65A5EBF6F
S315020234B0275DFCBE05BE5EBFF7FEFABEDB205FBF1E
S315020234C02DA0F9BE27835FBFC840F8BEE9E45FBFFD
S315020234D0CBE0F6BE214660BF3580F5BECFA660BF01
S315020234E0071FF4BEF20661BF43BDF2BE8A6661BF22
S315020234F0EA5AF1BE98C561BFFBF7EFBE1A2462BF54
S315020235007994EEBE108262BF6330EDBE7BDF62BF8C
S31502023510BBCBEBBE5A3C63BF8166EABEAC9863BFC5
S31502023520B700E9BE73F463BF5D9AE7BEAC4F64BFF0
S315020235307533E6BE59AA64BFFECBE4BE790465BF03
S31502023540FA63E3BE0B5E65BF6AFBE1BE10B765BFF7
S315020235504F92E0BE880F66BFA928DFBE716766BFBB
S3150202356079BEDDBECCBE66BFC153DCBE991567BF4E
S3150202357080E8DABED86B67BFB97CD9BE87C167BF9E
S315020235806B10D8BEA81668BF99A3D6BE396B68BFA0
S315020235904136D5BE3CBF68BF67C8D3BEAE1269BF4D
S315020235A0095AD2BE916569BF2AEBD0BEE4B769BF9A
S315020235B0CA7BCFBEA7096ABFEA0BCEBED95A6ABF79
S315020235C08B9BCCBE7BAB6ABFAE2ACBBE8CFB6ABFE1
S315020235D053B9C9BE0C4B6BBF7C47C8BEFB996BBFC6
S315020235E029D5C6BE58E86BBF5C62C5BE24366CBF1F
S315020235F015EFC3BE5E836CBF557BC2BE07D06CBFDE
S315020236001E07C1BE1D1C6DBF6F92BFBEA1676DBFF5
S315020236104A1DBEBE93B26DBFAFA7BCBEF2FC6DBF62
S31502023620A031BBBEBE466EBF1EBBB9BEF88F6EBF11
S315020236302A44B8BE9ED86EBFC3CCB6BEB0206FBFF8
S31502023640EC54B5BE30686FBFA5DCB3BE1BAF6FBF0D
S31502023650EF63B2BE73F56FBFCBEAB0BE373B70BF44
S315020236603A71AFBE668070BF3CF7ADBE02C570BF8F
S31502023670D47CACBE080971BF0102ABBE7A4C71BFE3
S31502023680C486A9BE578F71BF1F0BA8BE9FD171BF39
S31502023690128FA6BE521372BF9F12A5BE705472BF7C
S315020236A0C595A3BEF89472BF8718A2BEEBD472BFA9
S315020236B0E59AA0BE471473BFDF1C9FBE0E5373BFAB
S315020236C0789E9DBE3F9173BFAF1F9CBED9CE73BF7C
S315020236D086A09ABEDD0B74BFFE2099BE4B4874BF0C
S315020236E017A197BE228474BFD22096BE62BF74BF50
S315020236F031A094BE0BFA74BF351F93BE1D3475BF3B
S31502023700DD9D91BE976D75BF2C1C90BE7BA675BFC3
S31502023710229A8EBEC6DE75BFC0178DBE7A1676BFD8
S3150202372007958BBE974D76BFF8118ABE1B8476BF6C
S31502023730938E88BE07BA76BFDA0A87BE5BEF76BF7A
S31502023740CE8685BE172477BF700284BE3A5877BFEB
S31502023750C07D82BEC58B77BFC0F880BEB7BE77BFBB
S31502023760E1E67EBE10F177BFA4DB7BBED12278BF33
S31502023770CCCF78BEF85378BF5AC375BE868478BF5B
S3150202378051B672BE7BB478BFB2A86FBED6E378BF1B
S315020237907F9A6CBE981279BFBA8B69BEC04079BF56
S315020237A0667C66BE4E6E79BF836C63BE439B79BFEF
S315020237B0135C60BE9DC779BF1A4B5DBE5EF379BFCD
S315020237C097395ABE841E7ABF8F2757BE10497ABFCF
S315020237D0011554BE02737ABFF10151BE599C7ABFDA
S315020237E060EE4DBE16C57ABF4FDA4ABE37ED7ABFD4
S315020237F0C2C547BEBE147BBFB9B044BEAB3B7BBF9C
S31502023800379B41BEFC617BBF3E853EBEB2877BBF14
S31502023810CF6E3BBECDAC7BBFEC5738BE4DD17BBF24
S31502023820984035BE31F57BBFD42832BE7A187CBFAA
S31502023830A2102FBE283B7CBF04F82BBE3A5D7CBF8A
S31502023840FCDE28BEB07E7CBF8CC525BE8A9F7CBFAD
S31502023850B6AB22BEC9BF7CBF7B911FBE6CDF7CBFEB
S31502023860DE761CBE73FE7CBFE05B19BEDD1C7DBF2D
S31502023870834016BEAC3A7DBFCA2413BEDE577DBF55
S31502023880B70810BE74747DBF4AEC0CBE6E907DBF43
S3150202389086CF09BECCAB7DBF6EB206BE8CC67DBFDD
S315020238A0029503BEB1E07DBF457700BE38FA7DBF01
S315020238B073B2FABD24137EBFC075F4BD722B7EBFEE
S315020238C07638EEBD23437EBF9AFAE7BD385A7EBFEB
S315020238D02EBCE1BDB0707EBF377DDBBD8B867EBF5F
S315020238E0B93DD5BDC99B7EBFB7FDCEBD69B07EBF10
S315020238F036BDC8BD6DC47EBF397CC2BDD4D77EBFBC
S31502023900C33ABCBD9DEA7EBFDAF8B5BDC9FC7EBF2D
S3150202391080B6AFBD580E7FBFBA73A9BD491F7FBF1E
S315020239208C30A3BD9D2F7FBFF9EC9CBD543F7FBF58
S3150202393005A996BD6D4E7FBFB46490BDE95C7FBF9B
S315020239400A208ABDC76A7FBF0ADB83BD08787FBFAA
S31502023950742B7BBDAB847FBF38A06EBDB1907FBF97
S31502023960681462BD189C7FBF0E8855BDE3A67FBF51
S315020239702FFB48BD0FB17FBFD56D3CBD9EBA7FBF3F
S3150202398007E02FBD8FC37FBFCC5123BDE2CB7FBFE2
S315020239902CC316BD98D37FBF2F340ABDAFDA7FBFC1
S315020239A0B949FBBC29E17FBF7B2AE2BC05E77FBF9F
S315020239B0B00AC9BC43EC7FBF69EAAFBCE3F07FBF82
S315020239C0B6C996BCE6F47FBF4B517BBC4AF87FBFB1
S315020239D0900E49BC11FB7FBF59CB16BC39FD7FBF86
S315020239E0890FC9BBC4FE7FBFC70F49BBB1FF7FBFE9
S315020239F000000080000080BFC70F493BB1FF7FBFB6
S31502023A00890FC93BC4FE7FBF59CB163C39FD7FBF26
S31502023A10900E493C11FB7FBF4B517B3C4AF87FBF5C
S31502023A20B6C9963CE6F47FBF69EAAF3CE3F07FBFD4
S31502023A30B00AC93C43EC7FBF7B2AE23C05E77FBF63
S31502023A40B949FB3C29E17FBF2F340A3DAFDA7FBF7A
S31502023A502CC3163D98D37FBFCC51233DE2CB7FBF09
S31502023A6007E02F3D8FC37FBFD56D3C3D9EBA7FBF18
S31502023A702FFB483D0FB17FBF0E88553DE3A67FBFA0
S31502023A806814623D189C7FBF38A06E3DB1907FBF1D
S31502023A90742B7B3DAB847FBF0ADB833D08787FBFF5
S31502023AA00A208A3DC76A7FBFB464903DE95C7FBF44
S31502023AB005A9963D6D4E7FBFF9EC9C3D543F7FBFF3
S31502023AC08C30A33D9D2F7FBFBA73A93D491F7FBF8D
S31502023AD080B6AF3D580E7FBFDAF8B53DC9FC7EBF50
S31502023AE0C33ABC3D9DEA7EBF397CC23DD4D77EBF76
S31502023AF036BDC83D6DC47EBFB7FDCE3D69B07EBF41
S31502023B00B93DD53DC99B7EBF377DDB3D8B867EBFE8
S31502023B102EBCE13DB0707EBF9AFAE73D385A7EBFAF
S31502023B207638EE3D23437EBFC075F43D722B7EBFCF
S31502023B3073B2FA3D24137EBF4577003E38FA7DBF43
S31502023B400295033EB1E07DBF6EB2063E8CC67DBFD4
S31502023B5086CF093ECCAB7DBF4AEC0C3E6E907DBF52
S31502023B60B708103E74747DBFCA24133EDE577DBF6A
S31502023B708340163EAC3A7DBFE05B193EDD1C7DBF3B
S31502023B80DE761C3E73FE7CBF7B911F3E6CDF7CBFE2
S31502023B90B6AB223EC9BF7CBF8CC5253E8A9F7CBF7F
S31502023BA0FCDE283EB07E7CBF04F82B3E3A5D7CBF2B
S31502023BB0A2102F3E283B7CBFD428323E7A187CBF05
S31502023BC09840353E31F57BBFEC57383E4DD17BBF2F
S31502023BD0CF6E3B3ECDAC7BBF3E853E3EB2877BBFC0
S31502023BE0379B413EFC617BBFB9B0443EAB3B7BBFD8
S31502023BF0C2C5473EBE147BBF4FDA4A3E37ED7ABF95
S31502023C0060EE4D3E16C57ABFF101513E599C7ABF0E
S31502023C100115543E02737ABF8F27573E10497ABF67
S31502023C2097395A3E841E7ABF1A4B5D3E5EF379BFBE
S31502023C30135C603E9DC779BF836C633E439B79BF2B
S31502023C40667C663E4E6E79BFBA8B693EC04079BFCC
S31502023C507F9A6C3E981279BFB2A86F3ED6E378BFBE
S31502023C6051B6723E7BB478BF5AC3753E868478BF1C
S31502023C70CCCF783EF85378BFA4DB7B3ED12278BF05
S31502023C80E1E67E3E10F177BFC0F8803EB7BE77BF4F
S31502023C90C07D823EC58B77BF7002843E3A5877BF9B
S31502023CA0CE86853E172477BFDA0A873E5BEF76BF5A
S31502023CB0938E883E07BA76BFF8118A3E1B8476BF78
S31502023CC007958B3E974D76BFC0178D3E7A1676BF05
S31502023CD0229A8E3EC6DE75BF2C1C903E7BA675BF0F
S31502023CE0DD9D913E976D75BF351F933E1D3475BF9F
S31502023CF031A0943E0BFA74BFD220963E62BF74BFC5
S31502023D0017A1973E228474BFFE20993E4B4874BF88
S31502023D1086A09A3EDD0B74BFAF1F9C3ED9CE73BFFF
S31502023D20789E9D3E3F9173BFDF1C9F3E0E5373BF2B
S31502023D30E59AA03E471473BF8718A23EEBD472BF20
S31502023D40C595A33EF89472BF9F12A53E705472BFE8
S31502023D50128FA63E521372BF1F0BA83E9FD171BF8E
S31502023D60C486A93E578F71BF0102AB3E7A4C71BF20
S31502023D70D47CAC3E080971BF3CF7AD3E02C570BFAA
S31502023D803A71AF3E668070BFCBEAB03E373B70BF38
S31502023D90EF63B23E73F56FBFA5DCB33E1BAF6FBFD7
S31502023DA0EC54B53E30686FBFC3CCB63EB0206FBF8F
S31502023DB02A44B83E9ED86EBF1EBBB93EF88F6EBF6E
S31502023DC0A031BB3EBE466EBFAFA7BC3EF2FC6DBF84
S31502023DD04A1DBE3E93B26DBF6F92BF3EA1676DBFD3
S31502023DE01E07C13E1D1C6DBF557BC23E07D06CBF6E
S31502023DF015EFC33E5E836CBF5C62C53E24366CBF62
S31502023E0029D5C63E58E86BBF7C47C83EFB996BBFB5
S31502023E1053B9C93E0C4B6BBFAE2ACB3E8CFB6ABF73
S31502023E208B9BCC3E7BAB6ABFEA0BCE3ED95A6ABFAC
S31502023E30CA7BCF3EA7096ABF2AEBD03EE4B769BF67
S31502023E40095AD23E916569BF67C8D33EAE1269BFAF
S31502023E504136D53E3CBF68BF99A3D63E396B68BF91
S31502023E606B10D83EA81668BFB97CD93E87C167BF18
S31502023E7080E8DA3ED86B67BFC153DC3E991567BF4D
S31502023E8079BEDD3ECCBE66BFA928DF3E716766BF3C
S31502023E904F92E03E880F66BF6AFBE13E10B765BFEE
S31502023EA0FA63E33E0B5E65BFFECBE43E790465BF71
S31502023EB07533E63E59AA64BF5D9AE73EAC4F64BFCC
S31502023EC0B700E93E73F463BF8166EA3EAC9863BF0C
S31502023ED0BBCBEB3E5A3C63BF6330ED3E7BDF62BF38
S31502023EE07994EE3E108262BFFBF7EF3E1A2462BF5E
S31502023EF0EA5AF13E98C561BF43BDF23E8A6661BF88
S31502023F00071FF43EF20661BF3580F53ECFA660BFBB
S31502023F10CBE0F63E214660BFC840F83EE9E45FBF09
S31502023F202DA0F93E27835FBFF7FEFA3EDB205FBF75
S31502023F30275DFC3E05BE5EBFBBBAFD3EA65A5EBF0C
S31502023F40B217FF3EBEF65DBF063A003F4D925DBF17
S31502023F50E4E7003F532D5DBF7395013FD1C75CBFB6
S31502023F60B142023FC7615CBF9FEF023F34FB5BBFB8
S31502023F703D9C033F1A945BBF8948043F792C5BBF81
S31502023F8084F4043F50C45ABF2CA0053FA05B5ABF1B
S31502023F90824B063F6AF259BF86F6063FAD8859BF83
S31502023FA036A1073F6A1E59BF924B083FA1B358BFBB
S31502023FB09BF5083F534858BF4E9F093F7FDC57BFC8
S31502023FC0AD480A3F267057BFB7F10A3F480357BFAB
S31502023FD06B9A0B3FE59556BFC9420C3FFE2756BF69
S31502023FE0D0EA0C3F93B955BF81920D3FA44A55BF01
S31502023FF0DA390E3F31DB54BFDBE00E3F3B6B54BF77
S3150202400084870F3FC3FA53BFD52D103FC78953BFCB
S31502024010CDD3103F491853BF6B79113F49A652BF00
S31502024020B01E123FC63352BF9AC3123FC2C051BF1D
S315020240302A68133F3D4D51BF5F0C143F37D950BF1B
S3150202404039B0143FAF6450BFB753153FA8EF4FBF05
S31502024050D9F6153F1F7A4FBF9F99163F17044FBFD6
S31502024060073C173F908D4EBF12DE173F89164EBF91
S31502024070C07F183F029F4DBF0F21193FFD264DBF3C
S3150202408000C2193F79AE4CBF93621A3F78354CBFD4
S31502024090C6021B3FF8BB4BBF99A21B3FFA414BBF5D
S315020240A00C421C3F7FC74ABF1FE11C3F874C4ABFD7
S315020240B0D17F1D3F12D149BF221E1E3F215549BF44
S315020240C012BC1E3FB3D848BF9F591F3FCA5B48BFA7
S315020240D0CBF61F3F65DE47BF9393203F856047BFFE
S315020240E0F92F213F2AE246BFFBCB213F546346BF4B
S315020240F09967223F03E445BFD302233F396445BF92
S31502024100A99D233FF5E344BF1A38243F376344BFD0
S3150202411025D2243F00E243BFCB6B253F516043BF0A
S315020241200A05263F29DE42BFE39D263F895B42BF3F
S315020241305636273F70D841BF61CE273FE15441BF71
S315020241400566283FDAD040BF41FD283F5C4C40BF9E
S315020241501594293F67C73FBF802A2A3FFC413FBFCA
S3150202416082C02A3F1BBC3EBF1B562B3FC5353EBFF4
S315020241704AEB2B3FF9AE3DBF0F802C3FB8273DBF1E
S3150202418069142D3F03A03CBF59A82D3FD9173CBF46
S31502024190DE3B2E3F3B8F3BBFF7CE2E3F29063BBF70
S315020241A0A5612F3FA47C3ABFE6F32F3FACF239BF9B
S315020241B0BB85303F426839BF2217313F65DD38BFC2
S315020241C01DA8313F165238BFAA38323F55C637BFED
S315020241D0C9C8323F233A37BF7A58333F7FAD36BF1B
S315020241E0BCE7333F6C2036BF8F76343FE79235BF4A
S315020241F0F304353FF30435BFE792353F8F7634BF7A
S315020242006C20363FBCE733BF7FAD363F7A5833BFA9
S31502024210233A373FC9C832BF55C6373FAA3832BFDB
S315020242201652383F1DA831BF65DD383F221731BF0E
S315020242304268393FBB8530BFACF2393FE6F32FBF46
S31502024240A47C3A3FA5612FBF29063B3FF7CE2EBF7C
S315020242503B8F3B3FDE3B2EBFD9173C3F59A82DBFB2
S3150202426003A03C3F69142DBFB8273D3F0F802CBFE8
S31502024270F9AE3D3F4AEB2BBFC5353E3F1B562BBF20
S315020242801BBC3E3F82C02ABFFC413F3F802A2ABF57
S3150202429067C73F3F159429BF5C4C403F41FD28BF8B
S315020242A0DAD0403F056628BFE154413F61CE27BFBF
S315020242B070D8413F563627BF895B423FE39D26BFF0
S315020242C029DE423F0A0526BF5160433FCB6B25BF1B
S315020242D000E2433F25D224BF3763443F1A3824BF44
S315020242E0F5E3443FA99D23BF3964453FD30223BF69
S315020242F003E4453F996722BF5463463FFBCB21BF86
S315020243002AE2463FF92F21BF8560473F939320BF9A
S3150202431065DE473FCBF61FBFCA5B483F9F591FBFA9
S31502024320B3D8483F12BC1EBF2155493F221E1EBFAB
S3150202433012D1493FD17F1DBF874C4A3F1FE11CBFA5
S315020243407FC74A3F0C421CBFFA414B3F99A21BBF91
S31502024350F8BB4B3FC6021BBF78354C3F93621ABF6E
S3150202436079AE4C3F00C219BFFD264D3F0F2119BF40
S31502024370029F4D3FC07F18BF89164E3F12DE17BFFE
S31502024380908D4E3F073C17BF17044F3F9F9916BFAA
S315020243901F7A4F3FD9F615BFA8EF4F3FB75315BF46
S315020243A0AF64503F39B014BF37D9503F5F0C14BFC8
S315020243B03D4D513F2A6813BFC2C0513F9AC312BF35
S315020243C0C633523FB01E12BF49A6523F6B7911BF86
S315020243D04918533FCDD310BFC789533FD52D10BFBE
S315020243E0C3FA533F84870FBF3B6B543FDBE00EBFDA
S315020243F031DB543FDA390EBFA44A553F81920DBFD3
S3150202440093B9553FD0EA0CBFFE27563FC9420CBFAD
S31502024410E595563F6B9A0BBF4803573FB7F10ABF62
S315020244202670573FAD480ABF7FDC573F4E9F09BFF2
S315020244305348583F9BF508BFA1B3583F924B08BF5A
S315020244406A1E593F36A107BFAD88593F86F606BF97
S315020244506AF2593F824B06BFA05B5A3F2CA005BFA8
S3150202446050C45A3F84F404BF792C5B3F894804BF87
S315020244701A945B3F3D9C03BF34FB5B3F9FEF02BF37
S31502024480C7615C3FB14202BFD1C75C3F739501BFB0
S31502024490532D5D3FE4E700BF4D925D3F063A00BFF2
S315020244A0BEF65D3FB217FFBEA65A5E3FBBBAFDBE5F
S315020244B005BE5E3F275DFCBEDB205F3FF7FEFABE0E
S315020244C027835F3F2DA0F9BEE9E45F3FC840F8BEED
S315020244D02146603FCBE0F6BECFA6603F3580F5BEF1
S315020244E0F206613F071FF4BE8A66613F43BDF2BE12
S315020244F098C5613FEA5AF1BE1A24623FFBF7EFBE44
S315020245001082623F7994EEBE7BDF623F6330EDBE7C
S315020245105A3C633FBBCBEBBEAC98633F8166EABEB5
S3150202452073F4633FB700E9BEAC4F643F5D9AE7BEE0
S3150202453059AA643F7533E6BE7904653FFECBE4BEF3
S315020245400B5E653FFA63E3BE10B7653F6AFBE1BEE7
S31502024550880F663F4F92E0BE7167663FA928DFBEAB
S31502024560CCBE663F79BEDDBE9915673FC153DCBE3E
S31502024570D86B673F80E8DABE87C1673FB97CD9BE8E
S31502024580A816683F6B10D8BE396B683F99A3D6BE90
S315020245903CBF683F4136D5BEAE12693F67C8D3BE3D
S315020245A09165693F095AD2BEE4B7693F2AEBD0BE8A
S315020245B0A7096A3FCA7BCFBED95A6A3FEA0BCEBE69
S315020245C07BAB6A3F8B9BCCBE8CFB6A3FAE2ACBBED1
S315020245D00C4B6B3F53B9C9BEFB996B3F7C47C8BEB6
S315020245E058E86B3F29D5C6BE24366C3F5C62C5BE0F
S315020245F05E836C3F15EFC3BE07D06C3F557BC2BECE
S315020246001D1C6D3F1E07C1BEA1676D3F6F92BFBEE5
S3150202461093B26D3F4A1DBEBEF2FC6D3FAFA7BCBE52
S31502024620BE466E3FA031BBBEF88F6E3F1EBBB9BE01
S315020246309ED86E3F2A44B8BEB0206F3FC3CCB6BEE8
S3150202464030686F3FEC54B5BE1BAF6F3FA5DCB3BEFD
S3150202465073F56F3FEF63B2BE373B703FCBEAB0BE34
S315020246606680703F3A71AFBE02C5703F3CF7ADBE7F
S315020246700809713FD47CACBE7A4C713F0102ABBED3
S31502024680578F713FC486A9BE9FD1713F1F0BA8BE29
S315020246905213723F128FA6BE7054723F9F12A5BE6C
S315020246A0F894723FC595A3BEEBD4723F8718A2BE99
S315020246B04714733FE59AA0BE0E53733FDF1C9FBE9B
S315020246C03F91733F789E9DBED9CE733FAF1F9CBE6C
S315020246D0DD0B743F86A09ABE4B48743FFE2099BEFC
S315020246E02284743F17A197BE62BF743FD22096BE40
S315020246F00BFA743F31A094BE1D34753F351F93BE2B
S31502024700976D753FDD9D91BE7BA6753F2C1C90BEB3
S31502024710C6DE753F229A8EBE7A16763FC0178DBEC8
S31502024720974D763F07958BBE1B84763FF8118ABE5C
S3150202473007BA763F938E88BE5BEF763FDA0A87BE6A
S315020247401724773FCE8685BE3A58773F700284BEDB
S31502024750C58B773FC07D82BEB7BE773FC0F880BEAB
S3150202476010F1773FE1E67EBED122783FA4DB7BBE23
S31502024770F853783FCCCF78BE8684783F5AC375BE4B
S315020247807BB4783F51B672BED6E3783FB2A86FBE0B
S315020247909812793F7F9A6CBEC040793FBA8B69BE46
S315020247A04E6E793F667C66BE439B793F836C63BEDF
S315020247B09DC7793F135C60BE5EF3793F1A4B5DBEBD
S315020247C0841E7A3F97395ABE10497A3F8F2757BEBF
S315020247D002737A3F011554BE599C7A3FF10151BECA
S315020247E016C57A3F60EE4DBE37ED7A3F4FDA4ABEC4
S315020247F0BE147B3FC2C547BEAB3B7B3FB9B044BE8C
S31502024800FC617B3F379B41BEB2877B3F3E853EBE04
S31502024810CDAC7B3FCF6E3BBE4DD17B3FEC5738BE14
S3150202482031F57B3F984035BE7A187C3FD42832BE9A
S31502024830283B7C3FA2102FBE3A5D7C3F04F82BBE7A
S31502024840B07E7C3FFCDE28BE8A9F7C3F8CC525BE9D
S31502024850C9BF7C3FB6AB22BE6CDF7C3F7B911FBEDB
S3150202486073FE7C3FDE761CBEDD1C7D3FE05B19BE1D
S31502024870AC3A7D3F834016BEDE577D3FCA2413BE45
S3150202488074747D3FB70810BE6E907D3F4AEC0CBE33
S31502024890CCAB7D3F86CF09BE8CC67D3F6EB206BECD
S315020248A0B1E07D3F029503BE38FA7D3F457700BEF1
S315020248B024137E3F73B2FABD722B7E3FC075F4BDDE
S315020248C023437E3F7638EEBD385A7E3F9AFAE7BDDB
S315020248D0B0707E3F2EBCE1BD8B867E3F377DDBBD4F
S315020248E0C99B7E3FB93DD5BD69B07E3FB7FDCEBD00
S315020248F06DC47E3F36BDC8BDD4D77E3F397CC2BDAC
S315020249009DEA7E3FC33ABCBDC9FC7E3FDAF8B5BD1D
S31502024910580E7F3F80B6AFBD491F7F3FBA73A9BD0E
S315020249209D2F7F3F8C30A3BD543F7F3FF9EC9CBD48
S315020249306D4E7F3F05A996BDE95C7F3FB46490BD8B
S31502024940C76A7F3F0A208ABD08787F3F0ADB83BD9A
S31502024950AB847F3F742B7BBDB1907F3F38A06EBD87
S31502024960189C7F3F681462BDE3A67F3F0E8855BD41
S315020249700FB17F3F2FFB48BD9EBA7F3FD56D3CBD2F
S315020249808FC37F3F07E02FBDE2CB7F3FCC5123BDD2
S3150202499098D37F3F2CC316BDAFDA7F3F2F340ABDB1
S315020249A029E17F3FB949FBBC05E77F3F7B2AE2BC8F
S315020249B043EC7F3FB00AC9BCE3F07F3F69EAAFBC72
S315020249C0E6F47F3FB6C996BC4AF87F3F4B517BBCA1
S315020249D011FB7F3F900E49BC39FD7F3F59CB16BC76
S315020249E0C4FE7F3F890FC9BBB1FF7F3FC70F49BBD9
S315020249F00000803F00000000C4FE7F3F890FC93BD2
S31502024A0011FB7F3F900E493CE6F47F3FB6C9963CC6
S31502024A1043EC7F3FB00AC93C29E17F3FB949FB3CDF
S31502024A2098D37F3F2CC3163D8FC37F3F07E02F3DAE
S31502024A300FB17F3F2FFB483D189C7F3F6814623DB2
S31502024A40AB847F3F742B7B3DC76A7F3F0A208A3D38
S31502024A506D4E7F3F05A9963D9D2F7F3F8C30A33D2C
S31502024A60580E7F3F80B6AF3D9DEA7E3FC33ABC3DBC
S31502024A706DC47E3F36BDC83DC99B7E3FB93DD53D1D
S31502024A80B0707E3F2EBCE13D23437E3F7638EE3D3B
S31502024A9024137E3F73B2FA3DB1E07D3F0295033E97
S31502024AA0CCAB7D3F86CF093E74747D3FB708103E7C
S31502024AB0AC3A7D3F8340163E73FE7C3FDE761C3E59
S31502024AC0C9BF7C3FB6AB223EB07E7C3FFCDE283EAF
S31502024AD0283B7C3FA2102F3E31F57B3F9840353E64
S31502024AE0CDAC7B3FCF6E3B3EFC617B3F379B413E6B
S31502024AF0BE147B3FC2C5473E16C57A3F60EE4D3EA7
S31502024B0002737A3F0115543E841E7A3F97395A3E02
S31502024B109DC7793F135C603E4E6E793F667C663E68
S31502024B209812793F7F9A6C3E7BB4783F51B6723EB9
S31502024B30F853783FCCCF783E10F1773FE1E67E3EDE
S31502024B40C58B773FC07D823E1724773FCE86853E50
S31502024B5007BA763F938E883E974D763F07958B3EF0
S31502024B60C6DE753F229A8E3E976D753FDD9D913E5A
S31502024B700BFA743F31A0943E2284743F17A1973EEA
S31502024B80DD0B743F86A09A3E3F91733F789E9D3E0F
S31502024B904714733FE59AA03EF894723FC595A33E29
S31502024BA05213723F128FA63E578F713FC486A93E99
S31502024BB00809713FD47CAC3E6680703F3A71AF3EC3
S31502024BC073F56F3FEF63B23E30686F3FEC54B53E0A
S31502024BD09ED86E3F2A44B83EBE466E3FA031BB3EC9
S31502024BE093B26D3F4A1DBE3E1D1C6D3F1E07C13E5E
S31502024BF05E836C3F15EFC33E58E86B3F29D5C63E2E
S31502024C000C4B6B3F53B9C93E7BAB6A3F8B9BCC3E87
S31502024C10A7096A3FCA7BCF3E9165693F095AD23ECE
S31502024C203CBF683F4136D53EA816683F6B10D83E58
S31502024C30D86B673F80E8DA3ECCBE663F79BEDD3E80
S31502024C40880F663F4F92E03E0B5E653FFA63E33E94
S31502024C5059AA643F7533E63E73F4633FB700E93EF1
S31502024C605A3C633FBBCBEB3E1082623F7994EE3EE7
S31502024C7098C5613FEA5AF13EF206613F071FF43ECA
S31502024C802146603FCBE0F63E27835F3F2DA0F93EE9
S31502024C9005BE5E3F275DFC3EBEF65D3FB217FF3E96
S31502024CA0532D5D3FE4E7003FC7615C3FB142023FDD
S31502024CB01A945B3F3D9C033F50C45A3F84F4043F1F
S31502024CC06AF2593F824B063F6A1E593F36A1073F97
S31502024CD05348583F9BF5083F2670573FAD480A3F57
S31502024CE0E595563F6B9A0B3F93B9553FD0EA0C3F77
S31502024CF031DB543FDA390E3FC3FA533F84870F3F03
S31502024D004918533FCDD3103FC633523FB01E123F0E
S31502024D103D4D513F2A68133FAF64503F39B0143FAD
S31502024D201F7A4F3FD9F6153F908D4E3F073C173FEC
S31502024D30029F4D3FC07F183F79AE4C3F00C2193FDA
S31502024D40F8BB4B3FC6021B3F7FC74A3F0C421C3F82
S31502024D5012D1493FD17F1D3FB3D8483F12BC1E3FF5
S31502024D6065DE473FCBF61F3F2AE2463FF92F213F38
S31502024D7003E4453F9967223FF5E3443FA99D233F5A
S31502024D8000E2433F25D2243F29DE423F0A05263F5F
S31502024D9070D8413F5636273FDAD0403F0566283F54
S31502024DA067C73F3F1594293F1BBC3E3F82C02A3F3D
S31502024DB0F9AE3D3F4AEB2B3F03A03C3F69142D3F20
S31502024DC03B8F3B3FDE3B2E3FA47C3A3FA5612F3F02
S31502024DD04268393FBB85303F1652383F1DA8313FE4
S31502024DE0233A373FC9C8323F6C20363FBCE7333FCE
S31502024DF0F304353FF304353FBCE7333F6C20363FBD
S31502024E00C9C8323F233A373F1DA8313F1652383FAF
S31502024E10BB85303F4268393FA5612F3FA47C3A3FAA
S31502024E20DE3B2E3F3B8F3B3F69142D3F03A03C3FA7
S31502024E304AEB2B3FF9AE3D3F82C02A3F1BBC3E3FA7
S31502024E401594293F67C73F3F0566283FDAD0403FA0
S31502024E505636273F70D8413F0A05263F29DE423F92
S31502024E6025D2243F00E2433FA99D233FF5E3443F77
S31502024E709967223F03E4453FF92F213F2AE2463F43
S31502024E80CBF61F3F65DE473F12BC1E3FB3D8483FF3
S31502024E90D17F1D3F12D1493F0C421C3F7FC74A3F79
S31502024EA0C6021B3FF8BB4B3F00C2193F79AE4C3FCD
S31502024EB0C07F183F029F4D3F073C173F908D4E3FE2
S31502024EC0D9F6153F1F7A4F3F39B0143FAF64503FB0
S31502024ED02A68133F3D4D513FB01E123FC633523F21
S31502024EE0CDD3103F4918533F84870F3FC3FA533F2E
S31502024EF0DA390E3F31DB543FD0EA0C3F93B9553FC4
S31502024F006B9A0B3FE595563FAD480A3F2670573FCF
S31502024F109BF5083F5348583F36A1073F6A1E593F41
S31502024F20824B063F6AF2593F84F4043F50C45A3F09
S31502024F303D9C033F1A945B3FB142023FC7615C3F0D
S31502024F40E4E7003F532D5D3FB217FF3EBEF65D3FDB
S31502024F50275DFC3E05BE5E3F2DA0F93E27835F3FDD
S31502024F60CBE0F63E2146603F071FF43EF206613F62
S31502024F70EA5AF13E98C5613F7994EE3E1082623F4B
S31502024F80BBCBEB3E5A3C633FB700E93E73F4633F49
S31502024F907533E63E59AA643FFA63E33E0B5E653F0A
S31502024FA04F92E03E880F663F79BEDD3ECCBE663F3B
S31502024FB080E8DA3ED86B673F6B10D83EA816683F88
S31502024FC04136D53E3CBF683F095AD23E9165693F9A
S31502024FD0CA7BCF3EA7096A3F8B9BCC3E7BAB6A3F1D
S31502024FE053B9C93E0C4B6B3F29D5C63E58E86B3FB7
S31502024FF015EFC33E5E836C3F1E07C13E1D1C6D3F0D
S315020250004A1DBE3E93B26D3FA031BB3EBE466E3FC7
S315020250102A44B83E9ED86E3FEC54B53E30686F3F86
S31502025020EF63B23E73F56F3F3A71AF3E6680703FF1
S31502025030D47CAC3E0809713FC486A93E578F713FA4
S31502025040128FA63E5213723FC595A33EF894723F43
S31502025050E59AA03E4714733F789E9D3E3F91733F69
S3150202506086A09A3EDD0B743F17A1973E2284743FB7
S3150202507031A0943E0BFA743FDD9D913E976D753FCA
S31502025080229A8E3EC6DE753F07958B3E974D763F38
S31502025090938E883E07BA763FCE86853E1724773FA1
S315020250A0C07D823EC58B773FE1E67E3E10F1773FB9
S315020250B0CCCF783EF853783F51B6723E7BB4783FF6
S315020250C07F9A6C3E9812793F667C663E4E6E793FB7
S315020250D0135C603E9DC7793F97395A3E841E7A3FDA
S315020250E00115543E02737A3F60EE4D3E16C57A3F73
S315020250F0C2C5473EBE147B3F379B413EFC617B3FA6
S31502025100CF6E3B3ECDAC7B3F9840353E31F57B3F81
S31502025110A2102F3E283B7C3FFCDE283EB07E7C3F1F
S31502025120B6AB223EC9BF7C3FDE761C3E73FE7C3F97
S315020251308340163EAC3A7D3FB708103E74747D3FFB
S3150202514086CF093ECCAB7D3F0295033EB1E07D3F61
S3150202515073B2FA3D24137E3F7638EE3D23437E3FF9
S315020251602EBCE13DB0707E3FB93DD53DC99B7E3F27
S3150202517036BDC83D6DC47E3FC33ABC3D9DEA7E3F05
S3150202518080B6AF3D580E7F3F8C30A33D9D2F7F3FA9
S3150202519005A9963D6D4E7F3F0A208A3DC76A7F3F2B
S315020251A0742B7B3DAB847F3F6814623D189C7F3F24
S315020251B02FFB483D0FB17F3F07E02F3D8FC37F3F55
S315020251C02CC3163D98D37F3FB949FB3C29E17F3F69
S315020251D0B00AC93C43EC7F3FB6C9963CE6F47F3F30
S315020251E0900E493C11FB7F3F890FC93BC4FE7F3FAC
S315020251F0000000000000803F890FC9BBC4FE7F3F4A
S31502025200900E49BC11FB7F3FB6C996BCE6F47F3FBE
S31502025210B00AC9BC43EC7F3FB949FBBC29E17F3FD7
S315020252202CC316BD98D37F3F07E02FBD8FC37F3FA6
S315020252302FFB48BD0FB17F3F681462BD189C7F3FAA
S31502025240742B7BBDAB847F3F0A208ABDC76A7F3F30
S3150202525005A996BD6D4E7F3F8C30A3BD9D2F7F3F24
S3150202526080B6AFBD580E7F3FC33ABCBD9DEA7E3FB4
S3150202527036BDC8BD6DC47E3FB93DD5BDC99B7E3F15
S315020252802EBCE1BDB0707E3F7638EEBD23437E3F33
S3150202529073B2FABD24137E3F029503BEB1E07D3F8F
S315020252A086CF09BECCAB7D3FB70810BE74747D3F74
S315020252B0834016BEAC3A7D3FDE761CBE73FE7C3F51
S315020252C0B6AB22BEC9BF7C3FFCDE28BEB07E7C3FA7
S315020252D0A2102FBE283B7C3F984035BE31F57B3F5C
S315020252E0CF6E3BBECDAC7B3F379B41BEFC617B3F63
S315020252F0C2C547BEBE147B3F60EE4DBE16C57A3F9F
S31502025300011554BE02737A3F97395ABE841E7A3FFA
S31502025310135C60BE9DC7793F667C66BE4E6E793F60
S315020253207F9A6CBE9812793F51B672BE7BB4783FB1
S31502025330CCCF78BEF853783FE1E67EBE10F1773FD6
S31502025340C07D82BEC58B773FCE8685BE1724773F48
S31502025350938E88BE07BA763F07958BBE974D763FE8
S31502025360229A8EBEC6DE753FDD9D91BE976D753F52
S3150202537031A094BE0BFA743F17A197BE2284743FE2
S3150202538086A09ABEDD0B743F789E9DBE3F91733F07
S31502025390E59AA0BE4714733FC595A3BEF894723F21
S315020253A0128FA6BE5213723FC486A9BE578F713F91
S315020253B0D47CACBE0809713F3A71AFBE6680703FBB
S315020253C0EF63B2BE73F56F3FEC54B5BE30686F3F02
S315020253D02A44B8BE9ED86E3FA031BBBEBE466E3FC1
S315020253E04A1DBEBE93B26D3F1E07C1BE1D1C6D3F56
S315020253F015EFC3BE5E836C3F29D5C6BE58E86B3F26
S3150202540053B9C9BE0C4B6B3F8B9BCCBE7BAB6A3F7F
S31502025410CA7BCFBEA7096A3F095AD2BE9165693FC6
S315020254204136D5BE3CBF683F6B10D8BEA816683F50
S3150202543080E8DABED86B673F79BEDDBECCBE663F78
S315020254404F92E0BE880F663FFA63E3BE0B5E653F8C
S315020254507533E6BE59AA643FB700E9BE73F4633FE9
S31502025460BBCBEBBE5A3C633F7994EEBE1082623FDF
S31502025470EA5AF1BE98C5613F071FF4BEF206613FC2
S31502025480CBE0F6BE2146603F2DA0F9BE27835F3FE1
S31502025490275DFCBE05BE5E3FB217FFBEBEF65D3F8E
S315020254A0E4E700BF532D5D3FB14202BFC7615C3FD5
S315020254B03D9C03BF1A945B3F84F404BF50C45A3F17
S315020254C0824B06BF6AF2593F36A107BF6A1E593F8F
S315020254D09BF508BF5348583FAD480ABF2670573F4F
S315020254E06B9A0BBFE595563FD0EA0CBF93B9553F6F
S315020254F0DA390EBF31DB543F84870FBFC3FA533FFB
S31502025500CDD310BF4918533FB01E12BFC633523F06
S315020255102A6813BF3D4D513F39B014BFAF64503FA5
S31502025520D9F615BF1F7A4F3F073C17BF908D4E3FE4
S31502025530C07F18BF029F4D3F00C219BF79AE4C3FD2
S31502025540C6021BBFF8BB4B3F0C421CBF7FC74A3F7A
S31502025550D17F1DBF12D1493F12BC1EBFB3D8483FED
S31502025560CBF61FBF65DE473FF92F21BF2AE2463F30
S31502025570996722BF03E4453FA99D23BFF5E3443F52
S3150202558025D224BF00E2433F0A0526BF29DE423F57
S31502025590563627BF70D8413F056628BFDAD0403F4C
S315020255A0159429BF67C73F3F82C02ABF1BBC3E3F35
S315020255B04AEB2BBFF9AE3D3F69142DBF03A03C3F18
S315020255C0DE3B2EBF3B8F3B3FA5612FBFA47C3A3FFA
S315020255D0BB8530BF4268393F1DA831BF1652383FDC
S315020255E0C9C832BF233A373FBCE733BF6C20363FC6
S315020255F0F30435BFF304353F6C2036BFBCE7333FB5
S31502025600233A37BFC9C8323F165238BF1DA8313FA7
S31502025610426839BFBB85303FA47C3ABFA5612F3FA2
S315020256203B8F3BBFDE3B2E3F03A03CBF69142D3F9F
S31502025630F9AE3DBF4AEB2B3F1BBC3EBF82C02A3F9F
S3150202564067C73FBF1594293FDAD040BF0566283F98
S3150202565070D841BF5636273F29DE42BF0A05263F8A
S3150202566000E243BF25D2243FF5E344BFA99D233F6F
S3150202567003E445BF9967223F2AE246BFF92F213F3B
S3150202568065DE47BFCBF61F3FB3D848BF12BC1E3FEB
S3150202569012D149BFD17F1D3F7FC74ABF0C421C3F71
S315020256A0F8BB4BBFC6021B3F79AE4CBF00C2193FC5
S315020256B0029F4DBFC07F183F908D4EBF073C173FDA
S315020256C01F7A4FBFD9F6153FAF6450BF39B0143FA8
S315020256D03D4D51BF2A68133FC63352BFB01E123F19
S315020256E0491853BFCDD3103FC3FA53BF84870F3F26
S315020256F031DB54BFDA390E3F93B955BFD0EA0C3FBC
S31502025700E59556BF6B9A0B3F267057BFAD480A3FC7
S31502025710534858BF9BF5083F6A1E59BF36A1073F39
S315020257206AF259BF824B063F50C45ABF84F4043F01
S315020257301A945BBF3D9C033FC7615CBFB142023F05
S31502025740532D5DBFE4E7003FBEF65DBFB217FF3ED3
S3150202575005BE5EBF275DFC3E27835FBF2DA0F93ED5
S31502025760214660BFCBE0F63EF20661BF071FF43E5A
S3150202577098C561BFEA5AF13E108262BF7994EE3E43
S315020257805A3C63BFBBCBEB3E73F463BFB700E93E41
S3150202579059AA64BF7533E63E0B5E65BFFA63E33E02
S315020257A0880F66BF4F92E03ECCBE66BF79BEDD3E33
S315020257B0D86B67BF80E8DA3EA81668BF6B10D83E80
S315020257C03CBF68BF4136D53E916569BF095AD23E92
S315020257D0A7096ABFCA7BCF3E7BAB6ABF8B9BCC3E15
S315020257E00C4B6BBF53B9C93E58E86BBF29D5C63EAF
S315020257F05E836CBF15EFC33E1D1C6DBF1E07C13E05
S3150202580093B26DBF4A1DBE3EBE466EBFA031BB3EBF
S315020258109ED86EBF2A44B83E30686FBFEC54B53E7E
S3150202582073F56FBFEF63B23E668070BF3A71AF3EE9
S31502025830080971BFD47CAC3E578F71BFC486A93E9C
S31502025840521372BF128FA63EF89472BFC595A33E3B
S31502025850471473BFE59AA03E3F9173BF789E9D3E61
S31502025860DD0B74BF86A09A3E228474BF17A1973EAF
S315020258700BFA74BF31A0943E976D75BFDD9D913EC2
S31502025880C6DE75BF229A8E3E974D76BF07958B3E30
S3150202589007BA76BF938E883E172477BFCE86853E99
S315020258A0C58B77BFC07D823E10F177BFE1E67E3EB1
S315020258B0F85378BFCCCF783E7BB478BF51B6723EEE
S315020258C0981279BF7F9A6C3E4E6E79BF667C663EAF
S315020258D09DC779BF135C603E841E7ABF97395A3ED2
S315020258E002737ABF0115543E16C57ABF60EE4D3E6B
S315020258F0BE147BBFC2C5473EFC617BBF379B413E9E
S31502025900CDAC7BBFCF6E3B3E31F57BBF9840353E79
S31502025910283B7CBFA2102F3EB07E7CBFFCDE283E17
S31502025920C9BF7CBFB6AB223E73FE7CBFDE761C3E8F
S31502025930AC3A7DBF8340163E74747DBFB708103EF3
S31502025940CCAB7DBF86CF093EB1E07DBF0295033E59
S3150202595024137EBF73B2FA3D23437EBF7638EE3DF1
S31502025960B0707EBF2EBCE13DC99B7EBFB93DD53D1F
S315020259706DC47EBF36BDC83D9DEA7EBFC33ABC3DFD
S31502025980580E7FBF80B6AF3D9D2F7FBF8C30A33DA1
S315020259906D4E7FBF05A9963DC76A7FBF0A208A3D23
S315020259A0AB847FBF742B7B3D189C7FBF6814623D1C
S315020259B00FB17FBF2FFB483D8FC37FBF07E02F3D4D
S315020259C098D37FBF2CC3163D29E17FBFB949FB3C61
S315020259D043EC7FBFB00AC93CE6F47FBFB6C9963C28
S315020259E011FB7FBF900E493CC4FE7FBF890FC93BA4
S315020259F0000080BF00000000C4FE7FBF890FC9BB42
S31502025A0011FB7FBF900E49BCE6F47FBFB6C996BCB6
S31502025A1043EC7FBFB00AC9BC29E17FBFB949FBBCCF
S31502025A2098D37FBF2CC316BD8FC37FBF07E02FBD9E
S31502025A300FB17FBF2FFB48BD189C7FBF681462BDA2
S31502025A40AB847FBF742B7BBDC76A7FBF0A208ABD28
S31502025A506D4E7FBF05A996BD9D2F7FBF8C30A3BD1C
S31502025A60580E7FBF80B6AFBD9DEA7EBFC33ABCBDAC
S31502025A706DC47EBF36BDC8BDC99B7EBFB93DD5BD0D
S31502025A80B0707EBF2EBCE1BD23437EBF7638EEBD2B
S31502025A9024137EBF73B2FABDB1E07DBF029503BE87
S31502025AA0CCAB7DBF86CF09BE74747DBFB70810BE6C
S31502025AB0AC3A7DBF834016BE73FE7CBFDE761CBE49
S31502025AC0C9BF7CBFB6AB22BEB07E7CBFFCDE28BE9F
S31502025AD0283B7CBFA2102FBE31F57BBF984035BE54
S31502025AE0CDAC7BBFCF6E3BBEFC617BBF379B41BE5B
S31502025AF0BE147BBFC2C547BE16C57ABF60EE4DBE97
S31502025B0002737ABF011554BE841E7ABF97395ABEF2
S31502025B109DC779BF135C60BE4E6E79BF667C66BE58
S31502025B20981279BF7F9A6CBE7BB478BF51B672BEA9
S31502025B30F85378BFCCCF78BE10F177BFE1E67EBECE
S31502025B40C58B77BFC07D82BE172477BFCE8685BE40
S31502025B5007BA76BF938E88BE974D76BF07958BBEE0
S31502025B60C6DE75BF229A8EBE976D75BFDD9D91BE4A
S31502025B700BFA74BF31A094BE228474BF17A197BEDA
S31502025B80DD0B74BF86A09ABE3F9173BF789E9DBEFF
S31502025B90471473BFE59AA0BEF89472BFC595A3BE19
S31502025BA0521372BF128FA6BE578F71BFC486A9BE89
S31502025BB0080971BFD47CACBE668070BF3A71AFBEB3
S31502025BC073F56FBFEF63B2BE30686FBFEC54B5BEFA
S31502025BD09ED86EBF2A44B8BEBE466EBFA031BBBEB9
S31502025BE093B26DBF4A1DBEBE1D1C6DBF1E07C1BE4E
S31502025BF05E836CBF15EFC3BE58E86BBF29D5C6BE1E
S31502025C000C4B6BBF53B9C9BE7BAB6ABF8B9BCCBE77
S31502025C10A7096ABFCA7BCFBE916569BF095AD2BEBE
S31502025C203CBF68BF4136D5BEA81668BF6B10D8BE48
S31502025C30D86B67BF80E8DABECCBE66BF79BEDDBE70
S31502025C40880F66BF4F92E0BE0B5E65BFFA63E3BE84
S31502025C5059AA64BF7533E6BE73F463BFB700E9BEE1
S31502025C605A3C63BFBBCBEBBE108262BF7994EEBED7
S31502025C7098C561BFEA5AF1BEF20661BF071FF4BEBA
S31502025C80214660BFCBE0F6BE27835FBF2DA0F9BED9
S31502025C9005BE5EBF275DFCBEBEF65DBFB217FFBE86
S31502025CA0532D5DBFE4E700BFC7615CBFB14202BFCD
S31502025CB01A945BBF3D9C03BF50C45ABF84F404BF0F
S31502025CC06AF259BF824B06BF6A1E59BF36A107BF87
S31502025CD0534858BF9BF508BF267057BFAD480ABF47
S31502025CE0E59556BF6B9A0BBF93B955BFD0EA0CBF67
S31502025CF031DB54BFDA390EBFC3FA53BF84870FBFF3
S31502025D00491853BFCDD310BFC63352BFB01E12BFFE
S31502025D103D4D51BF2A6813BFAF6450BF39B014BF9D
S31502025D201F7A4FBFD9F615BF908D4EBF073C17BFDC
S31502025D30029F4DBFC07F18BF79AE4CBF00C219BFCA
S31502025D40F8BB4BBFC6021BBF7FC74ABF0C421CBF72
S31502025D5012D149BFD17F1DBFB3D848BF12BC1EBFE5
S31502025D6065DE47BFCBF61FBF2AE246BFF92F21BF28
S31502025D7003E445BF996722BFF5E344BFA99D23BF4A
S31502025D8000E243BF25D224BF29DE42BF0A0526BF4F
S31502025D9070D841BF563627BFDAD040BF056628BF44
S31502025DA067C73FBF159429BF1BBC3EBF82C02ABF2D
S31502025DB0F9AE3DBF4AEB2BBF03A03CBF69142DBF10
S31502025DC03B8F3BBFDE3B2EBFA47C3ABFA5612FBFF2
S31502025DD0426839BFBB8530BF165238BF1DA831BFD4
S31502025DE0233A37BFC9C832BF6C2036BFBCE733BFBE
S31502025DF0F30435BFF30435BFBCE733BF6C2036BFAD
S31502025E00C9C832BF233A37BF1DA831BF165238BF9F
S31502025E10BB8530BF426839BFA5612FBFA47C3ABF9A
S31502025E20DE3B2EBF3B8F3BBF69142DBF03A03CBF97
S31502025E304AEB2BBFF9AE3DBF82C02ABF1BBC3EBF97
S31502025E40159429BF67C73FBF056628BFDAD040BF90
S31502025E50563627BF70D841BF0A0526BF29DE42BF82
S31502025E6025D224BF00E243BFA99D23BFF5E344BF67
S31502025E70996722BF03E445BFF92F21BF2AE246BF33
S31502025E80CBF61FBF65DE47BF12BC1EBFB3D848BFE3
S31502025E90D17F1DBF12D149BF0C421CBF7FC74ABF69
S31502025EA0C6021BBFF8BB4BBF00C219BF79AE4CBFBD
S31502025EB0C07F18BF029F4DBF073C17BF908D4EBFD2
S31502025EC0D9F615BF1F7A4FBF39B014BFAF6450BFA0
S31502025ED02A6813BF3D4D51BFB01E12BFC63352BF11
S31502025EE0CDD310BF491853BF84870FBFC3FA53BF1E
S31502025EF0DA390EBF31DB54BFD0EA0CBF93B955BFB4
S31502025F006B9A0BBFE59556BFAD480ABF267057BFBF
S31502025F109BF508BF534858BF36A107BF6A1E59BF31
S31502025F20824B06BF6AF259BF84F404BF50C45ABFF9
S31502025F303D9C03BF1A945BBFB14202BFC7615CBFFD
S31502025F40E4E700BF532D5DBFB217FFBEBEF65DBFCB
S31502025F50275DFCBE05BE5EBF2DA0F9BE27835FBFCD
S31502025F60CBE0F6BE214660BF071FF4BEF20661BF52
S31502025F70EA5AF1BE98C561BF7994EEBE108262BF3B
S31502025F80BBCBEBBE5A3C63BFB700E9BE73F463BF39
S31502025F907533E6BE59AA64BFFA63E3BE0B5E65BFFA
S31502025FA04F92E0BE880F66BF79BEDDBECCBE66BF2B
S31502025FB080E8DABED86B67BF6B10D8BEA81668BF78
S31502025FC04136D5BE3CBF68BF095AD2BE916569BF8A
S31502025FD0CA7BCFBEA7096ABF8B9BCCBE7BAB6ABF0D
S31502025FE053B9C9BE0C4B6BBF29D5C6BE58E86BBFA7
S31502025FF015EFC3BE5E836CBF1E07C1BE1D1C6DBFFD
S315020260004A1DBEBE93B26DBFA031BBBEBE466EBFB7
S315020260102A44B8BE9ED86EBFEC54B5BE30686FBF76
S31502026020EF63B2BE73F56FBF3A71AFBE668070BFE1
S31502026030D47CACBE080971BFC486A9BE578F71BF94
S31502026040128FA6BE521372BFC595A3BEF89472BF33
S31502026050E59AA0BE471473BF789E9DBE3F9173BF59
S3150202606086A09ABEDD0B74BF17A197BE228474BFA7
S3150202607031A094BE0BFA74BFDD9D91BE976D75BFBA
S31502026080229A8EBEC6DE75BF07958BBE974D76BF28
S31502026090938E88BE07BA76BFCE8685BE172477BF91
S315020260A0C07D82BEC58B77BFE1E67EBE10F177BFA9
S315020260B0CCCF78BEF85378BF51B672BE7BB478BFE6
S315020260C07F9A6CBE981279BF667C66BE4E6E79BFA7
S315020260D0135C60BE9DC779BF97395ABE841E7ABFCA
S315020260E0011554BE02737ABF60EE4DBE16C57ABF63
S315020260F0C2C547BEBE147BBF379B41BEFC617BBF96
S31502026100CF6E3BBECDAC7BBF984035BE31F57BBF71
S31502026110A2102FBE283B7CBFFCDE28BEB07E7CBF0F
S31502026120B6AB22BEC9BF7CBFDE761CBE73FE7CBF87
S31502026130834016BEAC3A7DBFB70810BE74747DBFEB
S3150202614086CF09BECCAB7DBF029503BEB1E07DBF51
S3150202615073B2FABD24137EBF7638EEBD23437EBFE9
S315020261602EBCE1BDB0707EBFB93DD5BDC99B7EBF17
S3150202617036BDC8BD6DC47EBFC33ABCBD9DEA7EBFF5
S3150202618080B6AFBD580E7FBF8C30A3BD9D2F7FBF99
S3150202619005A996BD6D4E7FBF0A208ABDC76A7FBF1B
S315020261A0742B7BBDAB847FBF681462BD189C7FBF14
S315020261B02FFB48BD0FB17FBF07E02FBD8FC37FBF45
S315020261C02CC316BD98D37FBFB949FBBC29E17FBF59
S315020261D0B00AC9BC43EC7FBFB6C996BCE6F47FBF20
S315020261E0900E49BC11FB7FBF890FC9BBC4FE7FBF9C
S315020261F000000080000080BF890FC93BC4FE7FBF3A
S31502026200900E493C11FB7FBFB6C9963CE6F47FBFAE
S31502026210B00AC93C43EC7FBFB949FB3C29E17FBFC7
S315020262202CC3163D98D37FBF07E02F3D8FC37FBF96
S315020262302FFB483D0FB17FBF6814623D189C7FBF9A
S31502026240742B7B3DAB847FBF0A208A3DC76A7FBF20
S3150202625005A9963D6D4E7FBF8C30A33D9D2F7FBF14
S3150202626080B6AF3D580E7FBFC33ABC3D9DEA7EBFA4
S3150202627036BDC83D6DC47EBFB93DD53DC99B7EBF05
S315020262802EBCE13DB0707EBF7638EE3D23437EBF23
S3150202629073B2FA3D24137EBF0295033EB1E07DBF7F
S315020262A086CF093ECCAB7DBFB708103E74747DBF64
S315020262B08340163EAC3A7DBFDE761C3E73FE7CBF41
S315020262C0B6AB223EC9BF7CBFFCDE283EB07E7CBF97
S315020262D0A2102F3E283B7CBF9840353E31F57BBF4C
S315020262E0CF6E3B3ECDAC7BBF379B413EFC617BBF53
S315020262F0C2C5473EBE147BBF60EE4D3E16C57ABF8F
S315020263000115543E02737ABF97395A3E841E7ABFEA
S31502026310135C603E9DC779BF667C663E4E6E79BF50
S315020263207F9A6C3E981279BF51B6723E7BB478BFA1
S31502026330CCCF783EF85378BFE1E67E3E10F177BFC6
S31502026340C07D823EC58B77BFCE86853E172477BF38
S31502026350938E883E07BA76BF07958B3E974D76BFD8
S31502026360229A8E3EC6DE75BFDD9D913E976D75BF42
S3150202637031A0943E0BFA74BF17A1973E228474BFD2
S3150202638086A09A3EDD0B74BF789E9D3E3F9173BFF7
S31502026390E59AA03E471473BFC595A33EF89472BF11
S315020263A0128FA63E521372BFC486A93E578F71BF81
S315020263B0D47CAC3E080971BF3A71AF3E668070BFAB
S315020263C0EF63B23E73F56FBFEC54B53E30686FBFF2
S315020263D02A44B83E9ED86EBFA031BB3EBE466EBFB1
S315020263E04A1DBE3E93B26DBF1E07C13E1D1C6DBF46
S315020263F015EFC33E5E836CBF29D5C63E58E86BBF16
S3150202640053B9C93E0C4B6BBF8B9BCC3E7BAB6ABF6F
S31502026410CA7BCF3EA7096ABF095AD23E916569BFB6
S315020264204136D53E3CBF68BF6B10D83EA81668BF40
S3150202643080E8DA3ED86B67BF79BEDD3ECCBE66BF68
S315020264404F92E03E880F66BFFA63E33E0B5E65BF7C
S315020264507533E63E59AA64BFB700E93E73F463BFD9
S31502026460BBCBEB3E5A3C63BF7994EE3E108262BFCF
S31502026470EA5AF13E98C561BF071FF43EF20661BFB2
S31502026480CBE0F63E214660BF2DA0F93E27835FBFD1
S31502026490275DFC3E05BE5EBFB217FF3EBEF65DBF7E
S315020264A0E4E7003F532D5DBFB142023FC7615CBFC5
S315020264B03D9C033F1A945BBF84F4043F50C45ABF07
S315020264C0824B063F6AF259BF36A1073F6A1E59BF7F
S315020264D09BF5083F534858BFAD480A3F267057BF3F
S315020264E06B9A0B3FE59556BFD0EA0C3F93B955BF5F
S315020264F0DA390E3F31DB54BF84870F3FC3FA53BFEB
S31502026500CDD3103F491853BFB01E123FC63352BFF6
S315020265102A68133F3D4D51BF39B0143FAF6450BF95
S31502026520D9F6153F1F7A4FBF073C173F908D4EBFD4
S31502026530C07F183F029F4DBF00C2193F79AE4CBFC2
S31502026540C6021B3FF8BB4BBF0C421C3F7FC74ABF6A
S31502026550D17F1D3F12D149BF12BC1E3FB3D848BFDD
S31502026560CBF61F3F65DE47BFF92F213F2AE246BF20
S315020265709967223F03E445BFA99D233FF5E344BF42
S3150202658025D2243F00E243BF0A05263F29DE42BF47
S315020265905636273F70D841BF0566283FDAD040BF3C
S315020265A01594293F67C73FBF82C02A3F1BBC3EBF25
S315020265B04AEB2B3FF9AE3DBF69142D3F03A03CBF08
S315020265C0DE3B2E3F3B8F3BBFA5612F3FA47C3ABFEA
S315020265D0BB85303F426839BF1DA8313F165238BFCC
S315020265E0C9C8323F233A37BFBCE7333F6C2036BFB6
S315020265F0F304353FF30435BF6C20363FBCE733BFA5
S31502026600233A373FC9C832BF1652383F1DA831BF97
S315020266104268393FBB8530BFA47C3A3FA5612FBF92
S315020266203B8F3B3FDE3B2EBF03A03C3F69142DBF8F
S31502026630F9AE3D3F4AEB2BBF1BBC3E3F82C02ABF8F
S3150202664067C73F3F159429BFDAD0403F056628BF88
S3150202665070D8413F563627BF29DE423F0A0526BF7A
S3150202666000E2433F25D224BFF5E3443FA99D23BF5F
S3150202667003E4453F996722BF2AE2463FF92F21BF2B
S3150202668065DE473FCBF61FBFB3D8483F12BC1EBFDB
S3150202669012D1493FD17F1DBF7FC74A3F0C421CBF61
S315020266A0F8BB4B3FC6021BBF79AE4C3F00C219BFB5
S315020266B0029F4D3FC07F18BF908D4E3F073C17BFCA
S315020266C01F7A4F3FD9F615BFAF64503F39B014BF98
S315020266D03D4D513F2A6813BFC633523FB01E12BF09
S315020266E04918533FCDD310BFC3FA533F84870FBF16
S315020266F031DB543FDA390EBF93B9553FD0EA0CBFAC
S31502026700E595563F6B9A0BBF2670573FAD480ABFB7
S315020267105348583F9BF508BF6A1E593F36A107BF29
S315020267206AF2593F824B06BF50C45A3F84F404BFF1
S315020267301A945B3F3D9C03BFC7615C3FB14202BFF5
S31502026740532D5D3FE4E700BFBEF65D3FB217FFBEC3
S3150202675005BE5E3F275DFCBE27835F3F2DA0F9BEC5
S315020267602146603FCBE0F6BEF206613F071FF4BE4A
S3150202677098C5613FEA5AF1BE1082623F7994EEBE33
S315020267805A3C633FBBCBEBBE73F4633FB700E9BE31
S3150202679059AA643F7533E6BE0B5E653FFA63E3BEF2
S315020267A0880F663F4F92E0BECCBE663F79BEDDBE23
S315020267B0D86B673F80E8DABEA816683F6B10D8BE70
S315020267C03CBF683F4136D5BE9165693F095AD2BE82
S315020267D0A7096A3FCA7BCFBE7BAB6A3F8B9BCCBE05
S315020267E00C4B6B3F53B9C9BE58E86B3F29D5C6BE9F
S315020267F05E836C3F15EFC3BE1D1C6D3F1E07C1BEF5
S3150202680093B26D3F4A1DBEBEBE466E3FA031BBBEAF
S315020268109ED86E3F2A44B8BE30686F3FEC54B5BE6E
S3150202682073F56F3FEF63B2BE6680703F3A71AFBED9
S315020268300809713FD47CACBE578F713FC486A9BE8C
S315020268405213723F128FA6BEF894723FC595A3BE2B
S315020268504714733FE59AA0BE3F91733F789E9DBE51
S31502026860DD0B743F86A09ABE2284743F17A197BE9F
S315020268700BFA743F31A094BE976D753FDD9D91BEB2
S31502026880C6DE753F229A8EBE974D763F07958BBE20
S3150202689007BA763F938E88BE1724773FCE8685BE89
S315020268A0C58B773FC07D82BE10F1773FE1E67EBEA1
S315020268B0F853783FCCCF78BE7BB4783F51B672BEDE
S315020268C09812793F7F9A6CBE4E6E793F667C66BE9F
S315020268D09DC7793F135C60BE841E7A3F97395ABEC2
S315020268E002737A3F011554BE16C57A3F60EE4DBE5B
S315020268F0BE147B3FC2C547BEFC617B3F379B41BE8E
S31502026900CDAC7B3FCF6E3BBE31F57B3F984035BE69
S31502026910283B7C3FA2102FBEB07E7C3FFCDE28BE07
S31502026920C9BF7C3FB6AB22BE73FE7C3FDE761CBE7F
S31502026930AC3A7D3F834016BE74747D3FB70810BEE3
S31502026940CCAB7D3F86CF09BEB1E07D3F029503BE49
S3150202695024137E3F73B2FABD23437E3F7638EEBDE1
S31502026960B0707E3F2EBCE1BDC99B7E3FB93DD5BD0F
S315020269706DC47E3F36BDC8BD9DEA7E3FC33ABCBDED
S31502026980580E7F3F80B6AFBD9D2F7F3F8C30A3BD91
S315020269906D4E7F3F05A996BDC76A7F3F0A208ABD13
S315020269A0AB847F3F742B7BBD189C7F3F681462BD0C
S315020269B00FB17F3F2FFB48BD8FC37F3F07E02FBD3D
S315020269C098D37F3F2CC316BD29E17F3FB949FBBC51
S315020269D043EC7F3FB00AC9BCE6F47F3FB6C996BC18
S315020269E011FB7F3F900E49BCC4FE7F3F890FC9BB94
S315020269F00000803F0000000011FB7F3F900E493CE1
S31502026A0043EC7F3FB00AC93C98D37F3F2CC3163D65
S31502026A100FB17F3F2FFB483DAB847F3F742B7B3DFB
S31502026A206D4E7F3F05A9963D580E7F3F80B6AF3D1C
S31502026A306DC47E3F36BDC83DB0707E3F2EBCE13D81
S31502026A4024137E3F73B2FA3DCCAB7D3F86CF093E1D
S31502026A50AC3A7D3F8340163EC9BF7C3FB6AB223E6F
S31502026A60283B7C3FA2102F3ECDAC7B3FCF6E3B3EF6
S31502026A70BE147B3FC2C5473E02737A3F0115543E9E
S31502026A809DC7793F135C603E9812793F7F9A6C3EAE
S31502026A90F853783FCCCF783EC58B773FC07D823E96
S31502026AA007BA763F938E883EC6DE753F229A8E3E9F
S31502026AB00BFA743F31A0943EDD0B743F86A09A3ED8
S31502026AC04714733FE59AA03E5213723F128FA63EB7
S31502026AD00809713FD47CAC3E73F56F3FEF63B23E59
S31502026AE09ED86E3F2A44B83E93B26D3F4A1DBE3EC1
S31502026AF05E836C3F15EFC33E0C4B6B3F53B9C93EE7
S31502026B00A7096A3FCA7BCF3E3CBF683F4136D53EA4
S31502026B10D86B673F80E8DA3E880F663F4F92E03EC7
S31502026B2059AA643F7533E63E5A3C633FBBCBEB3E02
S31502026B3098C5613FEA5AF13E2146603FCBE0F63EF6
S31502026B4005BE5E3F275DFC3E532D5D3FE4E7003FF7
S31502026B501A945B3F3D9C033F6AF2593F824B063FC2
S31502026B605348583F9BF5083FE595563F6B9A0B3FB4
S31502026B7031DB543FDA390E3F4918533FCDD3103F2A
S31502026B803D4D513F2A68133F1F7A4F3FD9F6153FB3
S31502026B90029F4D3FC07F183FF8BB4B3FC6021B3FC9
S31502026BA012D1493FD17F1D3F65DE473FCBF61F3FDC
S31502026BB003E4453F9967223F00E2433F25D2243F41
S31502026BC070D8413F5636273F67C73F3F1594293F44
S31502026BD0F9AE3D3F4AEB2B3F3B8F3B3FDE3B2E3F1F
S31502026BE04268393FBB85303F233A373FC9C8323FF5
S31502026BF0F304353FF304353FC9C8323F233A373FE0
S31502026C00BB85303F4268393FDE3B2E3F3B8F3B3FDF
S31502026C104AEB2B3FF9AE3D3F1594293F67C73F3FEB
S31502026C205636273F70D8413F25D2243F00E2433FE2
S31502026C309967223F03E4453FCBF61F3F65DE473F96
S31502026C40D17F1D3F12D1493FC6021B3FF8BB4B3FC4
S31502026C50C07F183F029F4D3FD9F6153F1F7A4F3F1D
S31502026C602A68133F3D4D513FCDD3103F4918533F3A
S31502026C70DA390E3F31DB543F6B9A0B3FE595563FAD
S31502026C809BF5083F5348583F824B063F6AF2593FEB
S31502026C903D9C033F1A945B3FE4E7003F532D5D3F61
S31502026CA0275DFC3E05BE5E3FCBE0F63E2146603FD7
S31502026CB0EA5AF13E98C5613FBBCBEB3E5A3C633F73
S31502026CC07533E63E59AA643F4F92E03E880F663F0D
S31502026CD080E8DA3ED86B673F4136D53E3CBF683F15
S31502026CE0CA7BCF3EA7096A3F53B9C93E0C4B6B3FDB
S31502026CF015EFC33E5E836C3F4A1DBE3E93B26D3FA5
S31502026D002A44B83E9ED86E3FEF63B23E73F56F3F9A
S31502026D10D47CAC3E0809713F128FA63E5213723FD3
S31502026D20E59AA03E4714733F86A09A3EDD0B743F56
S31502026D3031A0943E0BFA743F229A8E3EC6DE753F0E
S31502026D40938E883E07BA763FC07D823EC58B773FD9
S31502026D50CCCF783EF853783F7F9A6C3E9812793FB1
S31502026D60135C603E9DC7793F0115543E02737A3F1A
S31502026D70C2C5473EBE147B3FCF6E3B3ECDAC7B3F88
S31502026D80A2102F3E283B7C3FB6AB223EC9BF7C3FB8
S31502026D908340163EAC3A7D3F86CF093ECCAB7D3F61
S31502026DA073B2FA3D24137E3F2EBCE13DB0707E3FA4
S31502026DB036BDC83D6DC47E3F80B6AF3D580E7F3F9D
S31502026DC005A9963D6D4E7F3F742B7B3DAB847F3F7B
S31502026DD02FFB483D0FB17F3F2CC3163D98D37F3F11
S31502026DE0B00AC93C43EC7F3F900E493C11FB7F3F00
S31502026DF0000000000000803F900E49BC11FB7F3F5D
S31502026E00B00AC9BC43EC7F3F2CC316BD98D37F3F61
S31502026E102FFB48BD0FB17F3F742B7BBDAB847F3FF7
S31502026E2005A996BD6D4E7F3F80B6AFBD580E7F3F18
S31502026E3036BDC8BD6DC47E3F2EBCE1BDB0707E3F7D
S31502026E4073B2FABD24137E3F86CF09BECCAB7D3F19
S31502026E50834016BEAC3A7D3FB6AB22BEC9BF7C3F6B
S31502026E60A2102FBE283B7C3FCF6E3BBECDAC7B3FF2
S31502026E70C2C547BEBE147B3F011554BE02737A3F9A
S31502026E80135C60BE9DC7793F7F9A6CBE9812793FAA
S31502026E90CCCF78BEF853783FC07D82BEC58B773F92
S31502026EA0938E88BE07BA763F229A8EBEC6DE753F9B
S31502026EB031A094BE0BFA743F86A09ABEDD0B743FD4
S31502026EC0E59AA0BE4714733F128FA6BE5213723FB3
S31502026ED0D47CACBE0809713FEF63B2BE73F56F3F55
S31502026EE02A44B8BE9ED86E3F4A1DBEBE93B26D3FBD
S31502026EF015EFC3BE5E836C3F53B9C9BE0C4B6B3FE3
S31502026F00CA7BCFBEA7096A3F4136D5BE3CBF683FA0
S31502026F1080E8DABED86B673F4F92E0BE880F663FC3
S31502026F207533E6BE59AA643FBBCBEBBE5A3C633FFE
S31502026F30EA5AF1BE98C5613FCBE0F6BE2146603FF2
S31502026F40275DFCBE05BE5E3FE4E700BF532D5D3FF3
S31502026F503D9C03BF1A945B3F824B06BF6AF2593FBE
S31502026F609BF508BF5348583F6B9A0BBFE595563FB0
S31502026F70DA390EBF31DB543FCDD310BF4918533F26
S31502026F802A6813BF3D4D513FD9F615BF1F7A4F3FAF
S31502026F90C07F18BF029F4D3FC6021BBFF8BB4B3FC5
S31502026FA0D17F1DBF12D1493FCBF61FBF65DE473FD8
S31502026FB0996722BF03E4453F25D224BF00E2433F3D
S31502026FC0563627BF70D8413F159429BF67C73F3F40
S31502026FD04AEB2BBFF9AE3D3FDE3B2EBF3B8F3B3F1B
S31502026FE0BB8530BF4268393FC9C832BF233A373FF1
S31502026FF0F30435BFF304353F233A37BFC9C8323FDC
S31502027000426839BFBB85303F3B8F3BBFDE3B2E3FDB
S31502027010F9AE3DBF4AEB2B3F67C73FBF1594293FE7
S3150202702070D841BF5636273F00E243BF25D2243FDE
S3150202703003E445BF9967223F65DE47BFCBF61F3F92
S3150202704012D149BFD17F1D3FF8BB4BBFC6021B3FC0
S31502027050029F4DBFC07F183F1F7A4FBFD9F6153F19
S315020270603D4D51BF2A68133F491853BFCDD3103F36
S3150202707031DB54BFDA390E3FE59556BF6B9A0B3FA9
S31502027080534858BF9BF5083F6AF259BF824B063FE7
S315020270901A945BBF3D9C033F532D5DBFE4E7003F5D
S315020270A005BE5EBF275DFC3E214660BFCBE0F63ED3
S315020270B098C561BFEA5AF13E5A3C63BFBBCBEB3E6F
S315020270C059AA64BF7533E63E880F66BF4F92E03E09
S315020270D0D86B67BF80E8DA3E3CBF68BF4136D53E11
S315020270E0A7096ABFCA7BCF3E0C4B6BBF53B9C93ED7
S315020270F05E836CBF15EFC33E93B26DBF4A1DBE3EA1
S315020271009ED86EBF2A44B83E73F56FBFEF63B23E96
S31502027110080971BFD47CAC3E521372BF128FA63ECF
S31502027120471473BFE59AA03EDD0B74BF86A09A3E52
S315020271300BFA74BF31A0943EC6DE75BF229A8E3E0A
S3150202714007BA76BF938E883EC58B77BFC07D823ED5
S31502027150F85378BFCCCF783E981279BF7F9A6C3EAD
S315020271609DC779BF135C603E02737ABF0115543E16
S31502027170BE147BBFC2C5473ECDAC7BBFCF6E3B3E84
S31502027180283B7CBFA2102F3EC9BF7CBFB6AB223EB4
S31502027190AC3A7DBF8340163ECCAB7DBF86CF093E5D
S315020271A024137EBF73B2FA3DB0707EBF2EBCE13DA0
S315020271B06DC47EBF36BDC83D580E7FBF80B6AF3D99
S315020271C06D4E7FBF05A9963DAB847FBF742B7B3D77
S315020271D00FB17FBF2FFB483D98D37FBF2CC3163D0D
S315020271E043EC7FBFB00AC93C11FB7FBF900E493CFC
S315020271F0000080BF0000000011FB7FBF900E49BC59
S3150202720043EC7FBFB00AC9BC98D37FBF2CC316BD5D
S315020272100FB17FBF2FFB48BDAB847FBF742B7BBDF3
S315020272206D4E7FBF05A996BD580E7FBF80B6AFBD14
S315020272306DC47EBF36BDC8BDB0707EBF2EBCE1BD79
S3150202724024137EBF73B2FABDCCAB7DBF86CF09BE15
S31502027250AC3A7DBF834016BEC9BF7CBFB6AB22BE67
S31502027260283B7CBFA2102FBECDAC7BBFCF6E3BBEEE
S31502027270BE147BBFC2C547BE02737ABF011554BE96
S315020272809DC779BF135C60BE981279BF7F9A6CBEA6
S31502027290F85378BFCCCF78BEC58B77BFC07D82BE8E
S315020272A007BA76BF938E88BEC6DE75BF229A8EBE97
S315020272B00BFA74BF31A094BEDD0B74BF86A09ABED0
S315020272C0471473BFE59AA0BE521372BF128FA6BEAF
S315020272D0080971BFD47CACBE73F56FBFEF63B2BE51
S315020272E09ED86EBF2A44B8BE93B26DBF4A1DBEBEB9
S315020272F05E836CBF15EFC3BE0C4B6BBF53B9C9BEDF
S31502027300A7096ABFCA7BCFBE3CBF68BF4136D5BE9C
S31502027310D86B67BF80E8DABE880F66BF4F92E0BEBF
S3150202732059AA64BF7533E6BE5A3C63BFBBCBEBBEFA
S3150202733098C561BFEA5AF1BE214660BFCBE0F6BEEE
S3150202734005BE5EBF275DFCBE532D5DBFE4E700BFEF
S315020273501A945BBF3D9C03BF6AF259BF824B06BFBA
S31502027360534858BF9BF508BFE59556BF6B9A0BBFAC
S3150202737031DB54BFDA390EBF491853BFCDD310BF22
S315020273803D4D51BF2A6813BF1F7A4FBFD9F615BFAB
S31502027390029F4DBFC07F18BFF8BB4BBFC6021BBFC1
S315020273A012D149BFD17F1DBF65DE47BFCBF61FBFD4
S315020273B003E445BF996722BF00E243BF25D224BF39
S315020273C070D841BF563627BF67C73FBF159429BF3C
S315020273D0F9AE3DBF4AEB2BBF3B8F3BBFDE3B2EBF17
S315020273E0426839BFBB8530BF233A37BFC9C832BFED
S315020273F0F30435BFF30435BFC9C832BF233A37BFD8
S31502027400BB8530BF426839BFDE3B2EBF3B8F3BBFD7
S315020274104AEB2BBFF9AE3DBF159429BF67C73FBFE3
S31502027420563627BF70D841BF25D224BF00E243BFDA
S31502027430996722BF03E445BFCBF61FBF65DE47BF8E
S31502027440D17F1DBF12D149BFC6021BBFF8BB4BBFBC
S31502027450C07F18BF029F4DBFD9F615BF1F7A4FBF15
S315020274602A6813BF3D4D51BFCDD310BF491853BF32
S31502027470DA390EBF31DB54BF6B9A0BBFE59556BFA5
S315020274809BF508BF534858BF824B06BF6AF259BFE3
S315020274903D9C03BF1A945BBFE4E700BF532D5DBF59
S315020274A0275DFCBE05BE5EBFCBE0F6BE214660BFCF
S315020274B0EA5AF1BE98C561BFBBCBEBBE5A3C63BF6B
S315020274C07533E6BE59AA64BF4F92E0BE880F66BF05
S315020274D080E8DABED86B67BF4136D5BE3CBF68BF0D
S315020274E0CA7BCFBEA7096ABF53B9C9BE0C4B6BBFD3
S315020274F015EFC3BE5E836CBF4A1DBEBE93B26DBF9D
S315020275002A44B8BE9ED86EBFEF63B2BE73F56FBF92
S31502027510D47CACBE080971BF128FA6BE521372BFCB
S31502027520E59AA0BE471473BF86A09ABEDD0B74BF4E
S3150202753031A094BE0BFA74BF229A8EBEC6DE75BF06
S31502027540938E88BE07BA76BFC07D82BEC58B77BFD1
S31502027550CCCF78BEF85378BF7F9A6CBE981279BFA9
S31502027560135C60BE9DC779BF011554BE02737ABF12
S31502027570C2C547BEBE147BBFCF6E3BBECDAC7BBF80
S31502027580A2102FBE283B7CBFB6AB22BEC9BF7CBFB0
S31502027590834016BEAC3A7DBF86CF09BECCAB7DBF59
S315020275A073B2FABD24137EBF2EBCE1BDB0707EBF9C
S315020275B036BDC8BD6DC47EBF80B6AFBD580E7FBF95
S315020275C005A996BD6D4E7FBF742B7BBDAB847FBF73
S315020275D02FFB48BD0FB17FBF2CC316BD98D37FBF09
S315020275E0B00AC9BC43EC7FBF900E49BC11FB7FBFF8
S315020275F000000080000080BF900E493C11FB7FBF55
S31502027600B00AC93C43EC7FBF2CC3163D98D37FBF59
S315020276102FFB483D0FB17FBF742B7B3DAB847FBFEF
S3150202762005A9963D6D4E7FBF80B6AF3D580E7FBF10
S3150202763036BDC83D6DC47EBF2EBCE13DB0707EBF75
S3150202764073B2FA3D24137EBF86CF093ECCAB7DBF11
S315020276508340163EAC3A7DBFB6AB223EC9BF7CBF63
S31502027660A2102F3E283B7CBFCF6E3B3ECDAC7BBFEA
S31502027670C2C5473EBE147BBF0115543E02737ABF92
S31502027680135C603E9DC779BF7F9A6C3E981279BFA2
S31502027690CCCF783EF85378BFC07D823EC58B77BF8A
S315020276A0938E883E07BA76BF229A8E3EC6DE75BF93
S315020276B031A0943E0BFA74BF86A09A3EDD0B74BFCC
S315020276C0E59AA03E471473BF128FA63E521372BFAB
S315020276D0D47CAC3E080971BFEF63B23E73F56FBF4D
S315020276E02A44B83E9ED86EBF4A1DBE3E93B26DBFB5
S315020276F015EFC33E5E836CBF53B9C93E0C4B6BBFDB
S31502027700CA7BCF3EA7096ABF4136D53E3CBF68BF98
S3150202771080E8DA3ED86B67BF4F92E03E880F66BFBB
S315020277207533E63E59AA64BFBBCBEB3E5A3C63BFF6
S31502027730EA5AF13E98C561BFCBE0F63E214660BFEA
S31502027740275DFC3E05BE5EBFE4E7003F532D5DBFEB
S315020277503D9C033F1A945BBF824B063F6AF259BFB6
S315020277609BF5083F534858BF6B9A0B3FE59556BFA8
S31502027770DA390E3F31DB54BFCDD3103F491853BF1E
S315020277802A68133F3D4D51BFD9F6153F1F7A4FBFA7
S31502027790C07F183F029F4DBFC6021B3FF8BB4BBFBD
S315020277A0D17F1D3F12D149BFCBF61F3F65DE47BFD0
S315020277B09967223F03E445BF25D2243F00E243BF35
S315020277C05636273F70D841BF1594293F67C73FBF38
S315020277D04AEB2B3FF9AE3DBFDE3B2E3F3B8F3BBF13
S315020277E0BB85303F426839BFC9C8323F233A37BFE9
S315020277F0F304353FF30435BF233A373FC9C832BFD4
S315020278004268393FBB8530BF3B8F3B3FDE3B2EBFD3
S31502027810F9AE3D3F4AEB2BBF67C73F3F159429BFDF
S3150202782070D8413F563627BF00E2433F25D224BFD6
S3150202783003E4453F996722BF65DE473FCBF61FBF8A
S3150202784012D1493FD17F1DBFF8BB4B3FC6021BBFB8
S31502027850029F4D3FC07F18BF1F7A4F3FD9F615BF11
S315020278603D4D513F2A6813BF4918533FCDD310BF2E
S3150202787031DB543FDA390EBFE595563F6B9A0BBFA1
S315020278805348583F9BF508BF6AF2593F824B06BFDF
S315020278901A945B3F3D9C03BF532D5D3FE4E700BF55
S315020278A005BE5E3F275DFCBE2146603FCBE0F6BECB
S315020278B098C5613FEA5AF1BE5A3C633FBBCBEBBE67
S315020278C059AA643F7533E6BE880F663F4F92E0BE01
S315020278D0D86B673F80E8DABE3CBF683F4136D5BE09
S315020278E0A7096A3FCA7BCFBE0C4B6B3F53B9C9BECF
S315020278F05E836C3F15EFC3BE93B26D3F4A1DBEBE99
S315020279009ED86E3F2A44B8BE73F56F3FEF63B2BE8E
S315020279100809713FD47CACBE5213723F128FA6BEC7
S315020279204714733FE59AA0BEDD0B743F86A09ABE4A
S315020279300BFA743F31A094BEC6DE753F229A8EBE02
S3150202794007BA763F938E88BEC58B773FC07D82BECD
S31502027950F853783FCCCF78BE9812793F7F9A6CBEA5
S315020279609DC7793F135C60BE02737A3F011554BE0E
S31502027970BE147B3FC2C547BECDAC7B3FCF6E3BBE7C
S31502027980283B7C3FA2102FBEC9BF7C3FB6AB22BEAC
S31502027990AC3A7D3F834016BECCAB7D3F86CF09BE55
S315020279A024137E3F73B2FABDB0707E3F2EBCE1BD98
S315020279B06DC47E3F36BDC8BD580E7F3F80B6AFBD91
S315020279C06D4E7F3F05A996BDAB847F3F742B7BBD6F
S315020279D00FB17F3F2FFB48BD98D37F3F2CC316BD05
S315020279E043EC7F3FB00AC9BC11FB7F3F900E49BCF4
S315020279F00000803F0000000043EC7F3FB00AC93C12
S31502027A000FB17F3F2FFB483D6D4E7F3F05A9963D45
S31502027A106DC47E3F36BDC83D24137E3F73B2FA3D26
S31502027A20AC3A7D3F8340163E283B7C3FA2102F3E56
S31502027A30BE147B3FC2C5473E9DC7793F135C603E7B
S31502027A40F853783FCCCF783E07BA763F938E883E7C
S31502027A500BFA743F31A0943E4714733FE59AA03E57
S31502027A600809713FD47CAC3E9ED86E3F2A44B83E8A
S31502027A705E836C3F15EFC33EA7096A3FCA7BCF3EC0
S31502027A80D86B673F80E8DA3E59AA643F7533E63E11
S31502027A9098C5613FEA5AF13E05BE5E3F275DFC3E4E
S31502027AA01A945B3F3D9C033F5348583F9BF5083F60
S31502027AB031DB543FDA390E3F3D4D513F2A68133FBF
S31502027AC0029F4D3FC07F183F12D1493FD17F1D3FD2
S31502027AD003E4453F9967223F70D8413F5636273F16
S31502027AE0F9AE3D3F4AEB2B3F4268393FBB85303FF9
S31502027AF0F304353FF304353FBB85303F4268393FD5
S31502027B004AEB2B3FF9AE3D3F5636273F70D8413FEF
S31502027B109967223F03E4453FD17F1D3F12D1493F78
S31502027B20C07F183F029F4D3F2A68133F3D4D513F8A
S31502027B30DA390E3F31DB543F9BF5083F5348583F33
S31502027B403D9C033F1A945B3F275DFC3E05BE5E3FAA
S31502027B50EA5AF13E98C5613F7533E63E59AA643F39
S31502027B6080E8DA3ED86B673FCA7BCF3EA7096A3FF7
S31502027B7015EFC33E5E836C3F2A44B83E9ED86E3FE3
S31502027B80D47CAC3E0809713FE59AA03E4714733F86
S31502027B9031A0943E0BFA743F938E883E07BA763F23
S31502027BA0CCCF783EF853783F135C603E9DC7793F4F
S31502027BB0C2C5473EBE147B3FA2102F3E283B7C3FE6
S31502027BC08340163EAC3A7D3F73B2FA3D24137E3FA2
S31502027BD036BDC83D6DC47E3F05A9963D6D4E7F3FBB
S31502027BE02FFB483D0FB17F3FB00AC93C43EC7F3FB2
S31502027BF0000000000000803FB00AC9BC43EC7F3F90
S31502027C002FFB48BD0FB17F3F05A996BD6D4E7F3F43
S31502027C1036BDC8BD6DC47E3F73B2FABD24137E3F24
S31502027C20834016BEAC3A7D3FA2102FBE283B7C3F54
S31502027C30C2C547BEBE147B3F135C60BE9DC7793F79
S31502027C40CCCF78BEF853783F938E88BE07BA763F7A
S31502027C5031A094BE0BFA743FE59AA0BE4714733F55
S31502027C60D47CACBE0809713F2A44B8BE9ED86E3F88
S31502027C7015EFC3BE5E836C3FCA7BCFBEA7096A3FBE
S31502027C8080E8DABED86B673F7533E6BE59AA643F0F
S31502027C90EA5AF1BE98C5613F275DFCBE05BE5E3F4C
S31502027CA03D9C03BF1A945B3F9BF508BF5348583F5E
S31502027CB0DA390EBF31DB543F2A6813BF3D4D513FBD
S31502027CC0C07F18BF029F4D3FD17F1DBF12D1493FD0
S31502027CD0996722BF03E4453F563627BF70D8413F14
S31502027CE04AEB2BBFF9AE3D3FBB8530BF4268393FF7
S31502027CF0F30435BFF304353F426839BFBB85303FD3
S31502027D00F9AE3DBF4AEB2B3F70D841BF5636273FED
S31502027D1003E445BF9967223F12D149BFD17F1D3F76
S31502027D20029F4DBFC07F183F3D4D51BF2A68133F88
S31502027D3031DB54BFDA390E3F534858BF9BF5083F31
S31502027D401A945BBF3D9C033F05BE5EBF275DFC3EA8
S31502027D5098C561BFEA5AF13E59AA64BF7533E63E37
S31502027D60D86B67BF80E8DA3EA7096ABFCA7BCF3EF5
S31502027D705E836CBF15EFC33E9ED86EBF2A44B83EE1
S31502027D80080971BFD47CAC3E471473BFE59AA03E84
S31502027D900BFA74BF31A0943E07BA76BF938E883E21
S31502027DA0F85378BFCCCF783E9DC779BF135C603E4D
S31502027DB0BE147BBFC2C5473E283B7CBFA2102F3EE4
S31502027DC0AC3A7DBF8340163E24137EBF73B2FA3DA0
S31502027DD06DC47EBF36BDC83D6D4E7FBF05A9963DB9
S31502027DE00FB17FBF2FFB483D43EC7FBFB00AC93CB0
S31502027DF0000080BF0000000043EC7FBFB00AC9BC8E
S31502027E000FB17FBF2FFB48BD6D4E7FBF05A996BD41
S31502027E106DC47EBF36BDC8BD24137EBF73B2FABD22
S31502027E20AC3A7DBF834016BE283B7CBFA2102FBE52
S31502027E30BE147BBFC2C547BE9DC779BF135C60BE77
S31502027E40F85378BFCCCF78BE07BA76BF938E88BE78
S31502027E500BFA74BF31A094BE471473BFE59AA0BE53
S31502027E60080971BFD47CACBE9ED86EBF2A44B8BE86
S31502027E705E836CBF15EFC3BEA7096ABFCA7BCFBEBC
S31502027E80D86B67BF80E8DABE59AA64BF7533E6BE0D
S31502027E9098C561BFEA5AF1BE05BE5EBF275DFCBE4A
S31502027EA01A945BBF3D9C03BF534858BF9BF508BF5C
S31502027EB031DB54BFDA390EBF3D4D51BF2A6813BFBB
S31502027EC0029F4DBFC07F18BF12D149BFD17F1DBFCE
S31502027ED003E445BF996722BF70D841BF563627BF12
S31502027EE0F9AE3DBF4AEB2BBF426839BFBB8530BFF5
S31502027EF0F30435BFF30435BFBB8530BF426839BFD1
S31502027F004AEB2BBFF9AE3DBF563627BF70D841BFEB
S31502027F10996722BF03E445BFD17F1DBF12D149BF74
S31502027F20C07F18BF029F4DBF2A6813BF3D4D51BF86
S31502027F30DA390EBF31DB54BF9BF508BF534858BF2F
S31502027F403D9C03BF1A945BBF275DFCBE05BE5EBFA6
S31502027F50EA5AF1BE98C561BF7533E6BE59AA64BF35
S31502027F6080E8DABED86B67BFCA7BCFBEA7096ABFF3
S31502027F7015EFC3BE5E836CBF2A44B8BE9ED86EBFDF
S31502027F80D47CACBE080971BFE59AA0BE471473BF82
S31502027F9031A094BE0BFA74BF938E88BE07BA76BF1F
S31502027FA0CCCF78BEF85378BF135C60BE9DC779BF4B
S31502027FB0C2C547BEBE147BBFA2102FBE283B7CBFE2
S31502027FC0834016BEAC3A7DBF73B2FABD24137EBF9E
S31502027FD036BDC8BD6DC47EBF05A996BD6D4E7FBFB7
S31502027FE02FFB48BD0FB17FBFB00AC9BC43EC7FBFAE
S31502027FF000000080000080BFB00AC93C43EC7FBF8C
S315020280002FFB483D0FB17FBF05A9963D6D4E7FBF3F
S3150202801036BDC83D6DC47EBF73B2FA3D24137EBF20
S315020280208340163EAC3A7DBFA2102F3E283B7CBF50
S31502028030C2C5473EBE147BBF135C603E9DC779BF75
S31502028040CCCF783EF85378BF938E883E07BA76BF76
S3150202805031A0943E0BFA74BFE59AA03E471473BF51
S31502028060D47CAC3E080971BF2A44B83E9ED86EBF84
S3150202807015EFC33E5E836CBFCA7BCF3EA7096ABFBA
S3150202808080E8DA3ED86B67BF7533E63E59AA64BF0B
S31502028090EA5AF13E98C561BF275DFC3E05BE5EBF48
S315020280A03D9C033F1A945BBF9BF5083F534858BF5A
S315020280B0DA390E3F31DB54BF2A68133F3D4D51BFB9
S315020280C0C07F183F029F4DBFD17F1D3F12D149BFCC
S315020280D09967223F03E445BF5636273F70D841BF10
S315020280E04AEB2B3FF9AE3DBFBB85303F426839BFF3
S315020280F0F304353FF30435BF4268393FBB8530BFCF
S31502028100F9AE3D3F4AEB2BBF70D8413F563627BFE9
S3150202811003E4453F996722BF12D1493FD17F1DBF72
S31502028120029F4D3FC07F18BF3D4D513F2A6813BF84
S3150202813031DB543FDA390EBF5348583F9BF508BF2D
S315020281401A945B3F3D9C03BF05BE5E3F275DFCBEA4
S3150202815098C5613FEA5AF1BE59AA643F7533E6BE33
S31502028160D86B673F80E8DABEA7096A3FCA7BCFBEF1
S315020281705E836C3F15EFC3BE9ED86E3F2A44B8BEDD
S315020281800809713FD47CACBE4714733FE59AA0BE80
S315020281900BFA743F31A094BE07BA763F938E88BE1D
S315020281A0F853783FCCCF78BE9DC7793F135C60BE49
S315020281B0BE147B3FC2C547BE283B7C3FA2102FBEE0
S315020281C0AC3A7D3F834016BE24137E3F73B2FABD9C
S315020281D06DC47E3F36BDC8BD6D4E7F3F05A996BDB5
S315020281E00FB17F3F2FFB48BD43EC7F3FB00AC9BCAC
S315020281F00000803F000000000FB17F3F2FFB483D89
S315020282006DC47E3F36BDC83DAC3A7D3F8340163EC5
S31502028210BE147B3FC2C5473EF853783FCCCF783E69
S315020282200BFA743F31A0943E0809713FD47CAC3EEE
S315020282305E836C3F15EFC33ED86B673F80E8DA3E3A
S3150202824098C5613FEA5AF13E1A945B3F3D9C033F51
S3150202825031DB543FDA390E3F029F4D3FC07F183F52
S3150202826003E4453F9967223FF9AE3D3F4AEB2B3F76
S31502028270F304353FF304353F4AEB2B3FF9AE3D3F5C
S315020282809967223F03E4453FC07F183F029F4D3F55
S31502028290DA390E3F31DB543F3D9C033F1A945B3F72
S315020282A0EA5AF13E98C5613F80E8DA3ED86B673FEB
S315020282B015EFC33E5E836C3FD47CAC3E0809713F28
S315020282C031A0943E0BFA743FCCCF783EF853783FF6
S315020282D0C2C5473EBE147B3F8340163EAC3A7D3F43
S315020282E036BDC83D6DC47E3F2FFB483D0FB17F3F71
S315020282F0000000000000803F2FFB48BD0FB17F3F08
S3150202830036BDC8BD6DC47E3F834016BEAC3A7D3FC4
S31502028310C2C547BEBE147B3FCCCF78BEF853783F68
S3150202832031A094BE0BFA743FD47CACBE0809713FED
S3150202833015EFC3BE5E836C3F80E8DABED86B673F39
S31502028340EA5AF1BE98C5613F3D9C03BF1A945B3F50
S31502028350DA390EBF31DB543FC07F18BF029F4D3F51
S31502028360996722BF03E4453F4AEB2BBFF9AE3D3F75
S31502028370F30435BFF304353FF9AE3DBF4AEB2B3F5B
S3150202838003E445BF9967223F029F4DBFC07F183F54
S3150202839031DB54BFDA390E3F1A945BBF3D9C033F71
S315020283A098C561BFEA5AF13ED86B67BF80E8DA3EEA
S315020283B05E836CBF15EFC33E080971BFD47CAC3E27
S315020283C00BFA74BF31A0943EF85378BFCCCF783EF5
S315020283D0BE147BBFC2C5473EAC3A7DBF8340163E42
S315020283E06DC47EBF36BDC83D0FB17FBF2FFB483D70
S315020283F0000080BF000000000FB17FBF2FFB48BD07
S315020284006DC47EBF36BDC8BDAC3A7DBF834016BEC3
S31502028410BE147BBFC2C547BEF85378BFCCCF78BE67
S315020284200BFA74BF31A094BE080971BFD47CACBEEC
S315020284305E836CBF15EFC3BED86B67BF80E8DABE38
S3150202844098C561BFEA5AF1BE1A945BBF3D9C03BF4F
S3150202845031DB54BFDA390EBF029F4DBFC07F18BF50
S3150202846003E445BF996722BFF9AE3DBF4AEB2BBF74
S31502028470F30435BFF30435BF4AEB2BBFF9AE3DBF5A
S31502028480996722BF03E445BFC07F18BF029F4DBF53
S31502028490DA390EBF31DB54BF3D9C03BF1A945BBF70
S315020284A0EA5AF1BE98C561BF80E8DABED86B67BFE9
S315020284B015EFC3BE5E836CBFD47CACBE080971BF26
S315020284C031A094BE0BFA74BFCCCF78BEF85378BFF4
S315020284D0C2C547BEBE147BBF834016BEAC3A7DBF41
S315020284E036BDC8BD6DC47EBF2FFB48BD0FB17FBF6F
S315020284F000000080000080BF2FFB483D0FB17FBF06
S3150202850036BDC83D6DC47EBF8340163EAC3A7DBFC2
S31502028510C2C5473EBE147BBFCCCF783EF85378BF66
S3150202852031A0943E0BFA74BFD47CAC3E080971BFEB
S3150202853015EFC33E5E836CBF80E8DA3ED86B67BF37
S31502028540EA5AF13E98C561BF3D9C033F1A945BBF4E
S31502028550DA390E3F31DB54BFC07F183F029F4DBF4F
S315020285609967223F03E445BF4AEB2B3FF9AE3DBF73
S31502028570F304353FF30435BFF9AE3D3F4AEB2BBF59
S3150202858003E4453F996722BF029F4D3FC07F18BF52
S3150202859031DB543FDA390EBF1A945B3F3D9C03BF6F
S315020285A098C5613FEA5AF1BED86B673F80E8DABEE8
S315020285B05E836C3F15EFC3BE0809713FD47CACBE25
S315020285C00BFA743F31A094BEF853783FCCCF78BEF3
S315020285D0BE147B3FC2C547BEAC3A7D3F834016BE40
S315020285E06DC47E3F36BDC8BD0FB17F3F2FFB48BD6E
S315020285F00000803F000000006DC47E3F36BDC83DCC
S31502028600BE147B3FC2C5473E0BFA743F31A0943E6D
S315020286105E836C3F15EFC33E98C5613FEA5AF13E4F
S3150202862031DB543FDA390E3F03E4453F9967223F75
S31502028630F304353FF304353F9967223F03E4453F8E
S31502028640DA390E3F31DB543FEA5AF13E98C5613FB1
S3150202865015EFC33E5E836C3F31A0943E0BFA743F24
S31502028660C2C5473EBE147B3F36BDC83D6DC47E3F82
S31502028670000000000000803F36BDC8BD6DC47E3FCB
S31502028680C2C547BEBE147B3F31A094BE0BFA743FED
S3150202869015EFC3BE5E836C3FEA5AF1BE98C5613FCF
S315020286A0DA390EBF31DB543F996722BF03E4453FF5
S315020286B0F30435BFF304353F03E445BF9967223F0E
S315020286C031DB54BFDA390E3F98C561BFEA5AF13E31
S315020286D05E836CBF15EFC33E0BFA74BF31A0943EA4
S315020286E0BE147BBFC2C5473E6DC47EBF36BDC83D02
S315020286F0000080BF000000006DC47EBF36BDC8BD4B
S31502028700BE147BBFC2C547BE0BFA74BF31A094BE6C
S315020287105E836CBF15EFC3BE98C561BFEA5AF1BE4E
S3150202872031DB54BFDA390EBF03E445BF996722BF74
S31502028730F30435BFF30435BF996722BF03E445BF8D
S31502028740DA390EBF31DB54BFEA5AF1BE98C561BFB0
S3150202875015EFC3BE5E836CBF31A094BE0BFA74BF23
S31502028760C2C547BEBE147BBF36BDC8BD6DC47EBF81
S3150202877000000080000080BF36BDC83D6DC47EBFCA
S31502028780C2C5473EBE147BBF31A0943E0BFA74BFEC
S3150202879015EFC33E5E836CBFEA5AF13E98C561BFCE
S315020287A0DA390E3F31DB54BF9967223F03E445BFF4
S315020287B0F304353FF30435BF03E4453F996722BF0D
S315020287C031DB543FDA390EBF98C5613FEA5AF1BE30
S315020287D05E836C3F15EFC3BE0BFA743F31A094BEA3
S315020287E0BE147B3FC2C547BE6DC47E3F36BDC8BD01
S315020287F00000803F00000000BE147B3FC2C5473E18
S315020288005E836C3F15EFC33E31DB543FDA390E3FCE
S31502028810F304353FF304353FDA390E3F31DB543F79
S3150202882015EFC33E5E836C3FC2C5473EBE147B3F15
S31502028830000000000000803FC2C547BEBE147B3F57
S3150202884015EFC3BE5E836C3FDA390EBF31DB543F8E
S31502028850F30435BFF304353F31DB54BFDA390E3F39
S315020288605E836CBF15EFC33EBE147BBFC2C5473ED5
S31502028870000080BF00000000BE147BBFC2C547BE17
S315020288805E836CBF15EFC3BE31DB54BFDA390EBF4E
S31502028890F30435BFF30435BFDA390EBF31DB54BFF9
S315020288A015EFC3BE5E836CBFC2C547BEBE147BBF95
S315020288B000000080000080BFC2C5473EBE147BBFD7
S315020288C015EFC33E5E836CBFDA390E3F31DB54BF0E
S315020288D0F304353FF30435BF31DB543FDA390EBFB9
S315020288E05E836C3F15EFC3BEBE147B3FC2C547BE55
S315020288F00000803F000000005E836C3F15EFC33E1E
S31502028900F304353FF304353F15EFC33E5E836C3FF6
S31502028910000000000000803F15EFC3BE5E836C3F7D
S31502028920F30435BFF304353F5E836CBF15EFC33ED6
S31502028930000080BF000000005E836CBF15EFC3BE5D
S31502028940F30435BFF30435BF15EFC3BE5E836CBFB6
S3150202895000000080000080BF15EFC33E5E836CBF3D
S31502028960F304353FF30435BF5E836C3F15EFC3BE96
S315020289700000803F00000000E6F47F3FB6C9963C45
S3150202898097D37F3F2CC3163D189C7F3F6914623DE5
S315020289906D4E7F3F05A9963D9DEA7E3FC33ABC3D99
S315020289A0B0707E3F2EBCE13DB1E07D3F0295033EB3
S315020289B0AC3A7D3F8340163EB07E7C3FFCDE283ECB
S315020289C0CDAC7B3FCF6E3B3E16C57A3F60EE4D3E47
S315020289D09DC7793F135C603E7BB4783F51B6723EC7
S315020289E0C58B773FC07D823E974D763F07958B3E7C
S315020289F00BFA743F31A0943E3F91733F789E9D3E9F
S31502028A005213723F128FA63E6680703F3A71AF3E94
S31502028A109ED86E3F2A44B83E1D1C6D3F1E07C13EBC
S31502028A200C4B6B3F53B9C93E9165693F095AD23E17
S31502028A30D86B673F80E8DA3E0B5E653FFA63E33E38
S31502028A405A3C633FBBCBEB3EF206613F071FF43E45
S31502028A5005BE5E3F275DFC3EC7615C3FB142023FF7
S31502028A606AF2593F824B063F2670573FAD480A3F8C
S31502028A7031DB543FDA390E3FC633523FB01E123F44
S31502028A801F7A4F3FD9F6153F79AE4C3F00C2193FC6
S31502028A9012D1493FD17F1D3F2AE2463FF92F213F9C
S31502028AA000E2433F25D2243FDAD0403F0566283F03
S31502028AB0F9AE3D3F4AEB2B3FA47C3A3FA5612F3FDD
S31502028AC0233A373FC9C8323FBCE7333F6C20363FB1
S31502028AD0BB85303F4268393F69142D3F03A03C3FB4
S31502028AE01594293F67C73F3F0A05263F29DE423FC3
S31502028AF09967223F03E4453F12BC1E3FB3D8483F63
S31502028B00C6021B3FF8BB4B3F073C173F908D4E3FB9
S31502028B102A68133F3D4D513F84870F3FC3FA533FA5
S31502028B206B9A0B3FE595563F36A1073F6A1E593FA0
S31502028B303D9C033F1A945B3FB217FF3EBEF65D3F72
S31502028B40CBE0F63E2146603F7994EE3E1082623FCA
S31502028B507533E63E59AA643F79BEDD3ECCBE663F18
S31502028B604136D53E3CBF683F8B9BCC3E7BAB6A3FD0
S31502028B7015EFC33E5E836C3FA031BB3EBE466E3FDF
S31502028B80EF63B23E73F56F3FC486A93E578F713FBC
S31502028B90E59AA03E4714733F17A1973E2284743F7B
S31502028BA0229A8E3EC6DE753FCE86853E1724773FD3
S31502028BB0CCCF783EF853783F667C663E4E6E793F5E
S31502028BC00115543E02737A3F379B413EFC617B3F5D
S31502028BD0A2102F3E283B7C3FDE761C3E73FE7C3F74
S31502028BE086CF093ECCAB7D3F7638EE3D23437E3FB0
S31502028BF036BDC83D6DC47E3F8C30A33D9D2F7F3F5F
S31502028C00742B7B3DAB847F3F07E02F3D8FC37F3FB3
S31502028C10B00AC93C43EC7F3F880FC93BC4FE7F3F83
S31502028C20900E49BC11FB7F3FBA49FBBC29E17F3F4B
S31502028C3030FB48BD0FB17F3F0A208ABDC76A7F3F1C
S31502028C4080B6AFBD580E7F3FB93DD5BDC99B7E3FAB
S31502028C5073B2FABD24137E3FB70810BE74747D3F09
S31502028C60B6AB22BEC9BF7C3F984035BE31F57B3FCB
S31502028C70C2C547BEBE147B3F97395ABE841E7A3F8F
S31502028C807F9A6CBE9812793FE1E67EBE10F1773F7B
S31502028C90938E88BE07BA763FDD9D91BE976D753F6C
S31502028CA086A09ABEDD0B743FC595A3BEF894723FA9
S31502028CB0D47CACBE0809713FEC54B5BE30686F3F36
S31502028CC04A1DBEBE93B26D3F29D5C6BE58E86B3F5A
S31502028CD0CA7BCFBEA7096A3F6B10D8BEA816683FE9
S31502028CE04F92E0BE880F663FB700E9BE73F4633F58
S31502028CF0EA5AF1BE98C5613F2DA0F9BE27835F3FAE
S31502028D00E4E700BF532D5D3F84F404BF50C45A3FCB
S31502028D109BF508BF5348583FD0EA0CBF93B9553F5B
S31502028D20CDD310BF4918533F39B014BFAF64503F79
S31502028D30C07F18BF029F4D3F0C421CBF7FC74A3FEE
S31502028D40CBF61FBF65DE473FA99D23BFF5E3443F2E
S31502028D50563627BF70D8413F82C02ABF1BBC3E3F50
S31502028D60DE3B2EBF3B8F3B3F1DA831BF1652383F1B
S31502028D70F30435BFF304353F165238BF1DA8313FFF
S31502028D803B8F3BBFDE3B2E3F1BBC3EBF82C02A3F10
S31502028D9070D841BF5636273FF5E344BFA99D233F0C
S31502028DA065DE47BFCBF61F3F7FC74ABF0C421C3F59
S31502028DB0029F4DBFC07F183FAF6450BF39B0143F08
S31502028DC0491853BFCDD3103F93B955BFD0EA0C3FD2
S31502028DD0534858BF9BF5083F50C45ABF84F4043F18
S31502028DE0532D5DBFE4E7003F27835FBF2DA0F93E07
S31502028DF098C561BFEA5AF13E73F463BFB700E93E12
S31502028E00880F66BF4F92E03EA81668BF6B10D83E27
S31502028E10A7096ABFCA7BCF3E58E86BBF29D5C63EB1
S31502028E2093B26DBF4A1DBE3E30686FBFEC54B53E6B
S31502028E30080971BFD47CAC3EF89472BFC595A33EB5
S31502028E40DD0B74BF86A09A3E976D75BFDD9D913E7E
S31502028E5007BA76BF938E883E10F177BFE1E67E3E71
S31502028E60981279BF7F9A6C3E841E7ABF97395A3E10
S31502028E70BE147BBFC2C5473E31F57BBF9840353E25
S31502028E80C9BF7CBFB6AB223E74747DBFB708103E23
S31502028E9024137EBF73B2FA3DC99B7EBFB93DD53D4F
S31502028EA0580E7FBF80B6AF3DC76A7FBF0A208A3D92
S31502028EB00FB17FBF30FB483D29E17FBFBA49FB3C78
S31502028EC011FB7FBF900E493CC4FE7FBF880FC9BB10
S31502028ED043EC7FBFB00AC9BC8FC37FBF07E02FBD79
S31502028EE0AB847FBF742B7BBD9D2F7FBF8C30A3BD0E
S31502028EF06DC47EBF36BDC8BD23437EBF7638EEBD86
S31502028F00CCAB7DBF86CF09BE73FE7CBFDE761CBEAE
S31502028F10283B7CBFA2102FBEFC617BBF379B41BEA2
S31502028F2002737ABF011554BE4E6E79BF667C66BE67
S31502028F30F85378BFCCCF78BE172477BFCE8685BECC
S31502028F40C6DE75BF229A8EBE228474BF17A197BE51
S31502028F50471473BFE59AA0BE578F71BFC486A9BED6
S31502028F6073F56FBFEF63B2BEBE466EBFA031BBBE24
S31502028F705E836CBF15EFC3BE7BAB6ABF8B9BCCBE57
S31502028F803CBF68BF4136D5BECCBE66BF79BEDDBE2A
S31502028F9059AA64BF7533E6BE108262BF7994EEBEE9
S31502028FA0214660BFCBE0F6BEBEF65DBFB217FFBE7C
S31502028FB01A945BBF3D9C03BF6A1E59BF36A107BF07
S31502028FC0E59556BF6B9A0BBFC3FA53BF84870FBF91
S31502028FD03D4D51BF2A6813BF908D4EBF073C17BF46
S31502028FE0F8BB4BBFC6021BBFB3D848BF12BC1EBFDB
S31502028FF003E445BF996722BF29DE42BF0A0526BF9F
S3150202900067C73FBF159429BF03A03CBF69142DBF92
S31502029010426839BFBB8530BF6C2036BFBCE733BF5F
S31502029020C9C832BF233A37BFA5612FBFA47C3ABF54
S315020290304AEB2BBFF9AE3DBF056628BFDAD040BF69
S3150202904025D224BF00E243BFF92F21BF2AE246BF3F
S31502029050D17F1DBF12D149BF00C219BF79AE4CBF23
S31502029060D9F615BF1F7A4FBFB01E12BFC63352BF03
S31502029070DA390EBF31DB54BFAD480ABF267057BF7D
S31502029080824B06BF6AF259BFB14202BFC7615CBFD9
S31502029090275DFCBE05BE5EBF071FF4BEF20661BFB8
S315020290A0BBCBEBBE5A3C63BFFA63E3BE0B5E65BF44
S315020290B080E8DABED86B67BF095AD2BE916569BF2C
S315020290C053B9C9BE0C4B6BBF1E07C1BE1D1C6DBF79
S315020290D02A44B8BE9ED86EBF3A71AFBE668070BFD2
S315020290E0128FA6BE521372BF789E9DBE3F9173BF68
S315020290F031A094BE0BFA74BF07958BBE974D76BF0D
S31502029100C07D82BEC58B77BF51B672BE7BB478BFB5
S31502029110135C60BE9DC779BF60EE4DBE16C57ABFAF
S31502029120CF6E3BBECDAC7BBFFCDE28BEB07E7CBF23
S31502029130834016BEAC3A7DBF029503BEB1E07DBF47
S315020291402EBCE1BDB0707EBFC33ABCBD9DEA7EBFF6
S3150202915005A996BD6D4E7FBF691462BD189C7FBF7D
S315020291602CC316BD97D37FBFB6C996BCE6F47FBFA2
S315020291700000803F000000006D4E7F3F05A9963D2C
S31502029180AC3A7D3F8340163E9DC7793F135C603EF3
S315020291900BFA743F31A0943E9ED86E3F2A44B83EE3
S315020291A0D86B673F80E8DA3E05BE5E3F275DFC3E2E
S315020291B031DB543FDA390E3F12D1493FD17F1D3F8F
S315020291C0F9AE3D3F4AEB2B3FBB85303F4268393F02
S315020291D09967223F03E4453F2A68133F3D4D513FBB
S315020291E03D9C033F1A945B3F7533E63E59AA643FA0
S315020291F015EFC33E5E836C3FE59AA03E4714733F6A
S31502029200CCCF783EF853783FA2102F3E283B7C3FC4
S3150202921036BDC83D6DC47E3FB00AC93C43EC7F3FB2
S3150202922030FB48BD0FB17F3F73B2FABD24137E3FB6
S31502029230C2C547BEBE147B3F938E88BE07BA763F2F
S31502029240D47CACBE0809713FCA7BCFBEA7096A3F6E
S31502029250EA5AF1BE98C5613F9BF508BF5348583F8B
S31502029260C07F18BF029F4D3F563627BF70D8413F77
S31502029270F30435BFF304353F70D841BF5636273F54
S31502029280029F4DBFC07F183F534858BF9BF5083F08
S3150202929098C561BFEA5AF13EA7096ABFCA7BCF3EA9
S315020292A0080971BFD47CAC3E07BA76BF938E883E5C
S315020292B0BE147BBFC2C5473E24137EBF73B2FA3DBC
S315020292C00FB17FBF30FB483D43EC7FBFB00AC9BC3A
S315020292D06DC47EBF36BDC8BD283B7CBFA2102FBE61
S315020292E0F85378BFCCCF78BE471473BFE59AA0BEB7
S315020292F05E836CBF15EFC3BE59AA64BF7533E6BE61
S315020293001A945BBF3D9C03BF3D4D51BF2A6813BFF2
S3150202931003E445BF996722BF426839BFBB8530BFA6
S315020293204AEB2BBFF9AE3DBFD17F1DBF12D149BF5A
S31502029330DA390EBF31DB54BF275DFCBE05BE5EBF06
S3150202934080E8DABED86B67BF2A44B8BE9ED86EBF23
S3150202935031A094BE0BFA74BF135C60BE9DC779BF7F
S31502029360834016BEAC3A7DBF05A996BD6D4E7FBF40
S315020293700000803F000000000BFA743F31A0943EC9
S3150202938031DB543FDA390E3F9967223F03E4453F08
S3150202939015EFC33E5E836C3F36BDC83D6DC47E3F4C
S315020293A0C2C547BEBE147B3FEA5AF1BE98C5613FAB
S315020293B0F30435BFF304353F98C561BFEA5AF13E5D
S315020293C0BE147BBFC2C5473E6DC47EBF36BDC8BD95
S315020293D05E836CBF15EFC3BE03E445BF996722BF26
S315020293E0DA390EBF31DB54BF31A094BE0BFA74BF19
S315020293F00000803F0000000015EFC33E5E836C3F13
S31502029400F30435BFF304353F5E836CBF15EFC3BE6B
S315020294100000803F0000000011FB7F3F900E493C96
S3150202942043EC7F3FB00AC93C97D37F3F2CC3163D1C
S315020294300FB17F3F30FB483DAB847F3F742B7B3DB0
S315020294406D4E7F3F05A9963D580E7F3F80B6AF3DD2
S315020294506DC47E3F36BDC83DB0707E3F2EBCE13D37
S3150202946024137E3F73B2FA3DCCAB7D3F86CF093ED3
S31502029470AC3A7D3F8340163EC9BF7C3FB6AB223E25
S31502029480283B7C3FA2102F3ECDAC7B3FCF6E3B3EAC
S31502029490BE147B3FC2C5473E02737A3F0115543E54
S315020294A09DC7793F135C603E9812793F7F9A6C3E64
S315020294B0F853783FCCCF783EC58B773FC07D823E4C
S315020294C007BA763F938E883EC6DE753F229A8E3E55
S315020294D00BFA743F31A0943EDD0B743F86A09A3E8E
S315020294E04714733FE59AA03E5213723F128FA63E6D
S315020294F00809713FD47CAC3E73F56F3FEF63B23E0F
S315020295009ED86E3F2A44B83E93B26D3F4A1DBE3E76
S315020295105E836C3F15EFC33E0C4B6B3F53B9C93E9C
S31502029520A7096A3FCA7BCF3E3CBF683F4136D53E5A
S31502029530D86B673F80E8DA3E880F663F4F92E03E7D
S3150202954059AA643F7533E63E5A3C633FBBCBEB3EB8
S3150202955098C5613FEA5AF13E2146603FCBE0F63EAC
S3150202956005BE5E3F275DFC3E532D5D3FE4E7003FAD
S315020295701A945B3F3D9C033F6AF2593F824B063F78
S315020295805348583F9BF5083FE595563F6B9A0B3F6A
S3150202959031DB543FDA390E3F4918533FCDD3103FE0
S315020295A03D4D513F2A68133F1F7A4F3FD9F6153F69
S315020295B0029F4D3FC07F183FF8BB4B3FC6021B3F7F
S315020295C012D1493FD17F1D3F65DE473FCBF61F3F92
S315020295D003E4453F9967223F00E2433F25D2243FF7
S315020295E070D8413F5636273F67C73F3F1594293FFA
S315020295F0F9AE3D3F4AEB2B3F3B8F3B3FDE3B2E3FD5
S315020296004268393FBB85303F233A373FC9C8323FAA
S31502029610F304353FF304353FC9C8323F233A373F95
S31502029620BB85303F4268393FDE3B2E3F3B8F3B3F95
S315020296304AEB2B3FF9AE3D3F1594293F67C73F3FA1
S315020296405636273F70D8413F25D2243F00E2433F98
S315020296509967223F03E4453FCBF61F3F65DE473F4C
S31502029660D17F1D3F12D1493FC6021B3FF8BB4B3F7A
S31502029670C07F183F029F4D3FD9F6153F1F7A4F3FD3
S315020296802A68133F3D4D513FCDD3103F4918533FF0
S31502029690DA390E3F31DB543F6B9A0B3FE595563F63
S315020296A09BF5083F5348583F824B063F6AF2593FA1
S315020296B03D9C033F1A945B3FE4E7003F532D5D3F17
S315020296C0275DFC3E05BE5E3FCBE0F63E2146603F8D
S315020296D0EA5AF13E98C5613FBBCBEB3E5A3C633F29
S315020296E07533E63E59AA643F4F92E03E880F663FC3
S315020296F080E8DA3ED86B673F4136D53E3CBF683FCB
S31502029700CA7BCF3EA7096A3F53B9C93E0C4B6B3F90
S3150202971015EFC33E5E836C3F4A1DBE3E93B26D3F5A
S315020297202A44B83E9ED86E3FEF63B23E73F56F3F50
S31502029730D47CAC3E0809713F128FA63E5213723F89
S31502029740E59AA03E4714733F86A09A3EDD0B743F0C
S3150202975031A0943E0BFA743F229A8E3EC6DE753FC4
S31502029760938E883E07BA763FC07D823EC58B773F8F
S31502029770CCCF783EF853783F7F9A6C3E9812793F67
S31502029780135C603E9DC7793F0115543E02737A3FD0
S31502029790C2C5473EBE147B3FCF6E3B3ECDAC7B3F3E
S315020297A0A2102F3E283B7C3FB6AB223EC9BF7C3F6E
S315020297B08340163EAC3A7D3F86CF093ECCAB7D3F17
S315020297C073B2FA3D24137E3F2EBCE13DB0707E3F5A
S315020297D036BDC83D6DC47E3F80B6AF3D580E7F3F53
S315020297E005A9963D6D4E7F3F742B7B3DAB847F3F31
S315020297F030FB483D0FB17F3F2CC3163D97D37F3FC7
S31502029800B00AC93C43EC7F3F900E493C11FB7F3FB5
S31502029810D02F8D240000803F900E49BC11FB7F3F62
S31502029820B00AC9BC43EC7F3F2CC316BD97D37F3F18
S3150202983030FB48BD0FB17F3F742B7BBDAB847F3FAC
S3150202984005A996BD6D4E7F3F80B6AFBD580E7F3FCE
S3150202985036BDC8BD6DC47E3F2EBCE1BDB0707E3F33
S3150202986073B2FABD24137E3F86CF09BECCAB7D3FCF
S31502029870834016BEAC3A7D3FB6AB22BEC9BF7C3F21
S31502029880A2102FBE283B7C3FCF6E3BBECDAC7B3FA8
S31502029890C2C547BEBE147B3F011554BE02737A3F50
S315020298A0135C60BE9DC7793F7F9A6CBE9812793F60
S315020298B0CCCF78BEF853783FC07D82BEC58B773F48
S315020298C0938E88BE07BA763F229A8EBEC6DE753F51
S315020298D031A094BE0BFA743F86A09ABEDD0B743F8A
S315020298E0E59AA0BE4714733F128FA6BE5213723F69
S315020298F0D47CACBE0809713FEF63B2BE73F56F3F0B
S315020299002A44B8BE9ED86E3F4A1DBEBE93B26D3F72
S3150202991015EFC3BE5E836C3F53B9C9BE0C4B6B3F98
S31502029920CA7BCFBEA7096A3F4136D5BE3CBF683F56
S3150202993080E8DABED86B673F4F92E0BE880F663F79
S315020299407533E6BE59AA643FBBCBEBBE5A3C633FB4
S31502029950EA5AF1BE98C5613FCBE0F6BE2146603FA8
S31502029960275DFCBE05BE5E3FE4E700BF532D5D3FA9
S315020299703D9C03BF1A945B3F824B06BF6AF2593F74
S315020299809BF508BF5348583F6B9A0BBFE595563F66
S31502029990DA390EBF31DB543FCDD310BF4918533FDC
S315020299A02A6813BF3D4D513FD9F615BF1F7A4F3F65
S315020299B0C07F18BF029F4D3FC6021BBFF8BB4B3F7B
S315020299C0D17F1DBF12D1493FCBF61FBF65DE473F8E
S315020299D0996722BF03E4453F25D224BF00E2433FF3
S315020299E0563627BF70D8413F159429BF67C73F3FF6
S315020299F04AEB2BBFF9AE3D3FDE3B2EBF3B8F3B3FD1
S31502029A00BB8530BF4268393FC9C832BF233A373FA6
S31502029A10F30435BFF304353F233A37BFC9C8323F91
S31502029A20426839BFBB85303F3B8F3BBFDE3B2E3F91
S31502029A30F9AE3DBF4AEB2B3F67C73FBF1594293F9D
S31502029A4070D841BF5636273F00E243BF25D2243F94
S31502029A5003E445BF9967223F65DE47BFCBF61F3F48
S31502029A6012D149BFD17F1D3FF8BB4BBFC6021B3F76
S31502029A70029F4DBFC07F183F1F7A4FBFD9F6153FCF
S31502029A803D4D51BF2A68133F491853BFCDD3103FEC
S31502029A9031DB54BFDA390E3FE59556BF6B9A0B3F5F
S31502029AA0534858BF9BF5083F6AF259BF824B063F9D
S31502029AB01A945BBF3D9C033F532D5DBFE4E7003F13
S31502029AC005BE5EBF275DFC3E214660BFCBE0F63E89
S31502029AD098C561BFEA5AF13E5A3C63BFBBCBEB3E25
S31502029AE059AA64BF7533E63E880F66BF4F92E03EBF
S31502029AF0D86B67BF80E8DA3E3CBF68BF4136D53EC7
S31502029B00A7096ABFCA7BCF3E0C4B6BBF53B9C93E8C
S31502029B105E836CBF15EFC33E93B26DBF4A1DBE3E56
S31502029B209ED86EBF2A44B83E73F56FBFEF63B23E4C
S31502029B30080971BFD47CAC3E521372BF128FA63E85
S31502029B40471473BFE59AA03EDD0B74BF86A09A3E08
S31502029B500BFA74BF31A0943EC6DE75BF229A8E3EC0
S31502029B6007BA76BF938E883EC58B77BFC07D823E8B
S31502029B70F85378BFCCCF783E981279BF7F9A6C3E63
S31502029B809DC779BF135C603E02737ABF0115543ECC
S31502029B90BE147BBFC2C5473ECDAC7BBFCF6E3B3E3A
S31502029BA0283B7CBFA2102F3EC9BF7CBFB6AB223E6A
S31502029BB0AC3A7DBF8340163ECCAB7DBF86CF093E13
S31502029BC024137EBF73B2FA3DB0707EBF2EBCE13D56
S31502029BD06DC47EBF36BDC83D580E7FBF80B6AF3D4F
S31502029BE06D4E7FBF05A9963DAB847FBF742B7B3D2D
S31502029BF00FB17FBF30FB483D97D37FBF2CC3163DC3
S31502029C0043EC7FBFB00AC93C11FB7FBF900E493CB1
S31502029C100000803F000000000FB17F3F30FB483D4D
S31502029C206DC47E3F36BDC83DAC3A7D3F8340163E8B
S31502029C30BE147B3FC2C5473EF853783FCCCF783E2F
S31502029C400BFA743F31A0943E0809713FD47CAC3EB4
S31502029C505E836C3F15EFC33ED86B673F80E8DA3E00
S31502029C6098C5613FEA5AF13E1A945B3F3D9C033F17
S31502029C7031DB543FDA390E3F029F4D3FC07F183F18
S31502029C8003E4453F9967223FF9AE3D3F4AEB2B3F3C
S31502029C90F304353FF304353F4AEB2B3FF9AE3D3F22
S31502029CA09967223F03E4453FC07F183F029F4D3F1B
S31502029CB0DA390E3F31DB543F3D9C033F1A945B3F38
S31502029CC0EA5AF13E98C5613F80E8DA3ED86B673FB1
S31502029CD015EFC33E5E836C3FD47CAC3E0809713FEE
S31502029CE031A0943E0BFA743FCCCF783EF853783FBC
S31502029CF0C2C5473EBE147B3F8340163EAC3A7D3F09
S31502029D0036BDC83D6DC47E3F30FB483D0FB17F3F35
S31502029D10D02F8D240000803F30FB48BD0FB17F3F1C
S31502029D2036BDC8BD6DC47E3F834016BEAC3A7D3F8A
S31502029D30C2C547BEBE147B3FCCCF78BEF853783F2E
S31502029D4031A094BE0BFA743FD47CACBE0809713FB3
S31502029D5015EFC3BE5E836C3F80E8DABED86B673FFF
S31502029D60EA5AF1BE98C5613F3D9C03BF1A945B3F16
S31502029D70DA390EBF31DB543FC07F18BF029F4D3F17
S31502029D80996722BF03E4453F4AEB2BBFF9AE3D3F3B
S31502029D90F30435BFF304353FF9AE3DBF4AEB2B3F21
S31502029DA003E445BF9967223F029F4DBFC07F183F1A
S31502029DB031DB54BFDA390E3F1A945BBF3D9C033F37
S31502029DC098C561BFEA5AF13ED86B67BF80E8DA3EB0
S31502029DD05E836CBF15EFC33E080971BFD47CAC3EED
S31502029DE00BFA74BF31A0943EF85378BFCCCF783EBB
S31502029DF0BE147BBFC2C5473EAC3A7DBF8340163E08
S31502029E006DC47EBF36BDC83D0FB17FBF30FB483D34
S31502029E100000803F00000000BE147B3FC2C5473EE1
S31502029E205E836C3F15EFC33E31DB543FDA390E3F98
S31502029E30F304353FF304353FDA390E3F31DB543F43
S31502029E4015EFC33E5E836C3FC2C5473EBE147B3FDF
S31502029E50D02F8D240000803FC2C547BEBE147B3F71
S31502029E6015EFC3BE5E836C3FDA390EBF31DB543F58
S31502029E70F30435BFF304353F31DB54BFDA390E3F03
S31502029E805E836CBF15EFC33EBE147BBFC2C5473E9F
S31502029E900000803F00000000F304353FF304353F23
S31502029EA0D02F8D240000803FF30435BFF304353FE3
S31502029EB00000803F00000000C4FE7F3F880FC93BBE
S31502029EC011FB7F3F900E493CE6F47F3FB6C9963CB2
S31502029ED043EC7F3FB00AC93C29E17F3FBA49FB3CCA
S31502029EE097D37F3F2CC3163D8FC37F3F07E02F3D9B
S31502029EF00FB17F3F30FB483D189C7F3F6914623D9C
S31502029F00AB847F3F742B7B3DC76A7F3F0A208A3D23
S31502029F106D4E7F3F05A9963D9D2F7F3F8C30A33D17
S31502029F20580E7F3F80B6AF3D9DEA7E3FC33ABC3DA7
S31502029F306DC47E3F36BDC83DC99B7E3FB93DD53D08
S31502029F40B0707E3F2EBCE13D23437E3F7638EE3D26
S31502029F5024137E3F73B2FA3DB1E07D3F0295033E82
S31502029F60CCAB7D3F86CF093E74747D3FB708103E67
S31502029F70AC3A7D3F8340163E73FE7C3FDE761C3E44
S31502029F80C9BF7C3FB6AB223EB07E7C3FFCDE283E9A
S31502029F90283B7C3FA2102F3E31F57B3F9840353E4F
S31502029FA0CDAC7B3FCF6E3B3EFC617B3F379B413E56
S31502029FB0BE147B3FC2C5473E16C57A3F60EE4D3E92
S31502029FC002737A3F0115543E841E7A3F97395A3EEE
S31502029FD09DC7793F135C603E4E6E793F667C663E54
S31502029FE09812793F7F9A6C3E7BB4783F51B6723EA5
S31502029FF0F853783FCCCF783E10F1773FE1E67E3ECA
S3150202A000C58B773FC07D823E1724773FCE86853E3B
S3150202A01007BA763F938E883E974D763F07958B3EDB
S3150202A020C6DE753F229A8E3E976D753FDD9D913E45
S3150202A0300BFA743F31A0943E2284743F17A1973ED5
S3150202A040DD0B743F86A09A3E3F91733F789E9D3EFA
S3150202A0504714733FE59AA03EF894723FC595A33E14
S3150202A0605213723F128FA63E578F713FC486A93E84
S3150202A0700809713FD47CAC3E6680703F3A71AF3EAE
S3150202A08073F56F3FEF63B23E30686F3FEC54B53EF5
S3150202A0909ED86E3F2A44B83EBE466E3FA031BB3EB4
S3150202A0A093B26D3F4A1DBE3E1D1C6D3F1E07C13E49
S3150202A0B05E836C3F15EFC33E58E86B3F29D5C63E19
S3150202A0C00C4B6B3F53B9C93E7BAB6A3F8B9BCC3E73
S3150202A0D0A7096A3FCA7BCF3E9165693F095AD23EBA
S3150202A0E03CBF683F4136D53EA816683F6B10D83E44
S3150202A0F0D86B673F80E8DA3ECCBE663F79BEDD3E6C
S3150202A100880F663F4F92E03E0B5E653FFA63E33E7F
S3150202A11059AA643F7533E63E73F4633FB700E93EDC
S3150202A1205A3C633FBBCBEB3E1082623F7994EE3ED2
S3150202A13098C5613FEA5AF13EF206613F071FF43EB5
S3150202A1402146603FCBE0F63E27835F3F2DA0F93ED4
S3150202A15005BE5E3F275DFC3EBEF65D3FB217FF3E81
S3150202A160532D5D3FE4E7003FC7615C3FB142023FC8
S3150202A1701A945B3F3D9C033F50C45A3F84F4043F0A
S3150202A1806AF2593F824B063F6A1E593F36A1073F82
S3150202A1905348583F9BF5083F2670573FAD480A3F42
S3150202A1A0E595563F6B9A0B3F93B9553FD0EA0C3F62
S3150202A1B031DB543FDA390E3FC3FA533F84870F3FEE
S3150202A1C04918533FCDD3103FC633523FB01E123FFA
S3150202A1D03D4D513F2A68133FAF64503F39B0143F99
S3150202A1E01F7A4F3FD9F6153F908D4E3F073C173FD8
S3150202A1F0029F4D3FC07F183F79AE4C3F00C2193FC6
S3150202A200F8BB4B3FC6021B3F7FC74A3F0C421C3F6D
S3150202A21012D1493FD17F1D3FB3D8483F12BC1E3FE0
S3150202A22065DE473FCBF61F3F2AE2463FF92F213F23
S3150202A23003E4453F9967223FF5E3443FA99D233F45
S3150202A24000E2433F25D2243F29DE423F0A05263F4A
S3150202A25070D8413F5636273FDAD0403F0566283F3F
S3150202A26067C73F3F1594293F1BBC3E3F82C02A3F28
S3150202A270F9AE3D3F4AEB2B3F03A03C3F69142D3F0B
S3150202A2803B8F3B3FDE3B2E3FA47C3A3FA5612F3FED
S3150202A2904268393FBB85303F1652383F1DA8313FCF
S3150202A2A0233A373FC9C8323F6C20363FBCE7333FB9
S3150202A2B0F304353FF304353FBCE7333F6C20363FA8
S3150202A2C0C9C8323F233A373F1DA8313F1652383F9B
S3150202A2D0BB85303F4268393FA5612F3FA47C3A3F96
S3150202A2E0DE3B2E3F3B8F3B3F69142D3F03A03C3F93
S3150202A2F04AEB2B3FF9AE3D3F82C02A3F1BBC3E3F93
S3150202A3001594293F67C73F3F0566283FDAD0403F8B
S3150202A3105636273F70D8413F0A05263F29DE423F7D
S3150202A32025D2243F00E2433FA99D233FF5E3443F62
S3150202A3309967223F03E4453FF92F213F2AE2463F2E
S3150202A340CBF61F3F65DE473F12BC1E3FB3D8483FDE
S3150202A350D17F1D3F12D1493F0C421C3F7FC74A3F64
S3150202A360C6021B3FF8BB4B3F00C2193F79AE4C3FB8
S3150202A370C07F183F029F4D3F073C173F908D4E3FCD
S3150202A380D9F6153F1F7A4F3F39B0143FAF64503F9B
S3150202A3902A68133F3D4D513FB01E123FC633523F0C
S3150202A3A0CDD3103F4918533F84870F3FC3FA533F19
S3150202A3B0DA390E3F31DB543FD0EA0C3F93B9553FAF
S3150202A3C06B9A0B3FE595563FAD480A3F2670573FBB
S3150202A3D09BF5083F5348583F36A1073F6A1E593F2D
S3150202A3E0824B063F6AF2593F84F4043F50C45A3FF5
S3150202A3F03D9C033F1A945B3FB142023FC7615C3FF9
S3150202A400E4E7003F532D5D3FB217FF3EBEF65D3FC6
S3150202A410275DFC3E05BE5E3F2DA0F93E27835F3FC8
S3150202A420CBE0F63E2146603F071FF43EF206613F4D
S3150202A430EA5AF13E98C5613F7994EE3E1082623F36
S3150202A440BBCBEB3E5A3C633FB700E93E73F4633F34
S3150202A4507533E63E59AA643FFA63E33E0B5E653FF5
S3150202A4604F92E03E880F663F79BEDD3ECCBE663F26
S3150202A47080E8DA3ED86B673F6B10D83EA816683F73
S3150202A4804136D53E3CBF683F095AD23E9165693F85
S3150202A490CA7BCF3EA7096A3F8B9BCC3E7BAB6A3F08
S3150202A4A053B9C93E0C4B6B3F29D5C63E58E86B3FA2
S3150202A4B015EFC33E5E836C3F1E07C13E1D1C6D3FF8
S3150202A4C04A1DBE3E93B26D3FA031BB3EBE466E3FB3
S3150202A4D02A44B83E9ED86E3FEC54B53E30686F3F72
S3150202A4E0EF63B23E73F56F3F3A71AF3E6680703FDD
S3150202A4F0D47CAC3E0809713FC486A93E578F713F90
S3150202A500128FA63E5213723FC595A33EF894723F2E
S3150202A510E59AA03E4714733F789E9D3E3F91733F54
S3150202A52086A09A3EDD0B743F17A1973E2284743FA2
S3150202A53031A0943E0BFA743FDD9D913E976D753FB5
S3150202A540229A8E3EC6DE753F07958B3E974D763F23
S3150202A550938E883E07BA763FCE86853E1724773F8C
S3150202A560C07D823EC58B773FE1E67E3E10F1773FA4
S3150202A570CCCF783EF853783F51B6723E7BB4783FE1
S3150202A5807F9A6C3E9812793F667C663E4E6E793FA2
S3150202A590135C603E9DC7793F97395A3E841E7A3FC5
S3150202A5A00115543E02737A3F60EE4D3E16C57A3F5E
S3150202A5B0C2C5473EBE147B3F379B413EFC617B3F91
S3150202A5C0CF6E3B3ECDAC7B3F9840353E31F57B3F6D
S3150202A5D0A2102F3E283B7C3FFCDE283EB07E7C3F0B
S3150202A5E0B6AB223EC9BF7C3FDE761C3E73FE7C3F83
S3150202A5F08340163EAC3A7D3FB708103E74747D3FE7
S3150202A60086CF093ECCAB7D3F0295033EB1E07D3F4C
S3150202A61073B2FA3D24137E3F7638EE3D23437E3FE4
S3150202A6202EBCE13DB0707E3FB93DD53DC99B7E3F12
S3150202A63036BDC83D6DC47E3FC33ABC3D9DEA7E3FF0
S3150202A64080B6AF3D580E7F3F8C30A33D9D2F7F3F94
S3150202A65005A9963D6D4E7F3F0A208A3DC76A7F3F16
S3150202A660742B7B3DAB847F3F6914623D189C7F3F0E
S3150202A67030FB483D0FB17F3F07E02F3D8FC37F3F3F
S3150202A6802CC3163D97D37F3FBA49FB3C29E17F3F54
S3150202A690B00AC93C43EC7F3FB6C9963CE6F47F3F1B
S3150202A6A0900E493C11FB7F3F880FC93BC4FE7F3F98
S3150202A6B00000803F0000000043EC7F3FB00AC93C25
S3150202A6C00FB17F3F30FB483D6D4E7F3F05A9963D58
S3150202A6D06DC47E3F36BDC83D24137E3F73B2FA3D3A
S3150202A6E0AC3A7D3F8340163E283B7C3FA2102F3E6A
S3150202A6F0BE147B3FC2C5473E9DC7793F135C603E8F
S3150202A700F853783FCCCF783E07BA763F938E883E8F
S3150202A7100BFA743F31A0943E4714733FE59AA03E6A
S3150202A7200809713FD47CAC3E9ED86E3F2A44B83E9D
S3150202A7305E836C3F15EFC33EA7096A3FCA7BCF3ED3
S3150202A740D86B673F80E8DA3E59AA643F7533E63E24
S3150202A75098C5613FEA5AF13E05BE5E3F275DFC3E61
S3150202A7601A945B3F3D9C033F5348583F9BF5083F73
S3150202A77031DB543FDA390E3F3D4D513F2A68133FD2
S3150202A780029F4D3FC07F183F12D1493FD17F1D3FE5
S3150202A79003E4453F9967223F70D8413F5636273F29
S3150202A7A0F9AE3D3F4AEB2B3F4268393FBB85303F0C
S3150202A7B0F304353FF304353FBB85303F4268393FE8
S3150202A7C04AEB2B3FF9AE3D3F5636273F70D8413F03
S3150202A7D09967223F03E4453FD17F1D3F12D1493F8C
S3150202A7E0C07F183F029F4D3F2A68133F3D4D513F9E
S3150202A7F0DA390E3F31DB543F9BF5083F5348583F47
S3150202A8003D9C033F1A945B3F275DFC3E05BE5E3FBD
S3150202A810EA5AF13E98C5613F7533E63E59AA643F4C
S3150202A82080E8DA3ED86B673FCA7BCF3EA7096A3F0A
S3150202A83015EFC33E5E836C3F2A44B83E9ED86E3FF6
S3150202A840D47CAC3E0809713FE59AA03E4714733F99
S3150202A85031A0943E0BFA743F938E883E07BA763F36
S3150202A860CCCF783EF853783F135C603E9DC7793F62
S3150202A870C2C5473EBE147B3FA2102F3E283B7C3FF9
S3150202A8808340163EAC3A7D3F73B2FA3D24137E3FB5
S3150202A89036BDC83D6DC47E3F05A9963D6D4E7F3FCE
S3150202A8A030FB483D0FB17F3FB00AC93C43EC7F3FC4
S3150202A8B00000803F000000006DC47E3F36BDC83DE9
S3150202A8C0BE147B3FC2C5473E0BFA743F31A0943E8B
S3150202A8D05E836C3F15EFC33E98C5613FEA5AF13E6D
S3150202A8E031DB543FDA390E3F03E4453F9967223F93
S3150202A8F0F304353FF304353F9967223F03E4453FAC
S3150202A900DA390E3F31DB543FEA5AF13E98C5613FCE
S3150202A91015EFC33E5E836C3F31A0943E0BFA743F41
S3150202A920C2C5473EBE147B3F36BDC83D6DC47E3F9F
S3150202A9300000803F000000005E836C3F15EFC33EBD
S3150202A940F304353FF304353F15EFC33E5E836C3F96
S3150202A950000000000002000080020000A0020000C7
S3150202A96000000000000000000000000000020000DB
S3150202A97080020000A00200000000000000000000A9
S3150202A980000000000002000080020000A002000097
S3150202A99000000000000000000000803F00000000EE
S3150202A9A06D4E7F3F05A9963DAC3A7D3F8340163EEA
S3150202A9B09DC7793F135C603E0BFA743F31A0943E09
S3150202A9C09ED86E3F2A44B83ED86B673F80E8DA3E8D
S3150202A9D005BE5E3F275DFC3E31DB543FDA390E3F50
S3150202A9E012D1493FD17F1D3FF9AE3D3F4AEB2B3F84
S3150202A9F0BB85303F4268393F9967223F03E4453FB0
S3150202AA002A68133F3D4D513F3D9C033F1A945B3FDB
S3150202AA107533E63E59AA643F15EFC33E5E836C3F29
S3150202AA20E59AA03E4714733FCCCF783EF853783F5F
S3150202AA30A2102F3E283B7C3F36BDC83D6DC47E3FE9
S3150202AA40B00AC93C43EC7F3F30FB48BD0FB17F3FA2
S3150202AA5073B2FABD24137E3FC2C547BEBE147B3F04
S3150202AA60938E88BE07BA763FD47CACBE0809713F84
S3150202AA70CA7BCFBEA7096A3FEA5AF1BE98C5613FB1
S3150202AA809BF508BF5348583FC07F18BF029F4D3FF0
S3150202AA90563627BF70D8413FF30435BFF304353F1C
S3150202AAA070D841BF5636273F029F4DBFC07F183F1F
S3150202AAB0534858BF9BF5083F98C561BFEA5AF13E13
S3150202AAC0A7096ABFCA7BCF3E080971BFD47CAC3ED6
S3150202AAD007BA76BF938E883EBE147BBFC2C5473E77
S3150202AAE024137EBF73B2FA3D0FB17FBF30FB483DDE
S3150202AAF043EC7FBFB00AC9BC6DC47EBF36BDC8BDBA
S3150202AB00283B7CBFA2102FBEF85378BFCCCF78BEAB
S3150202AB10471473BFE59AA0BE5E836CBF15EFC3BE30
S3150202AB2059AA64BF7533E6BE1A945BBF3D9C03BF46
S3150202AB303D4D51BF2A6813BF03E445BF996722BF41
S3150202AB40426839BFBB8530BF4AEB2BBFF9AE3DBF68
S3150202AB50D17F1DBF12D149BFDA390EBF31DB54BFD5
S3150202AB60275DFCBE05BE5EBF80E8DABED86B67BF54
S3150202AB702A44B8BE9ED86EBF31A094BE0BFA74BFE9
S3150202AB80135C60BE9DC779BF834016BEAC3A7DBFD9
S3150202AB9005A996BD6D4E7FBF0000803F00000000F2
S3150202ABA00BFA743F31A0943E31DB543FDA390E3F41
S3150202ABB09967223F03E4453F15EFC33E5E836C3F2E
S3150202ABC036BDC83D6DC47E3FC2C547BEBE147B3F7D
S3150202ABD0EA5AF1BE98C5613FF30435BFF304353F25
S3150202ABE098C561BFEA5AF13EBE147BBFC2C5473E53
S3150202ABF06DC47EBF36BDC8BD5E836CBF15EFC3BED4
S3150202AC0003E445BF996722BFDA390EBF31DB54BF6F
S3150202AC1031A094BE0BFA74BF0000803F0000000010
S3150202AC2015EFC33E5E836C3FF30435BFF304353F33
S3150202AC305E836CBF15EFC3BE0000803F00000000BA
S3150202AC400FB17F3F30FB483D6DC47E3F36BDC83DE6
S3150202AC50AC3A7D3F8340163EBE147B3FC2C5473E99
S3150202AC60F853783FCCCF783E0BFA743F31A0943E2C
S3150202AC700809713FD47CAC3E5E836C3F15EFC33E3E
S3150202AC80D86B673F80E8DA3E98C5613FEA5AF13EE1
S3150202AC901A945B3F3D9C033F31DB543FDA390E3F48
S3150202ACA0029F4D3FC07F183F03E4453F9967223F0B
S3150202ACB0F9AE3D3F4AEB2B3FF304353FF304353FF2
S3150202ACC04AEB2B3FF9AE3D3F9967223F03E4453FEC
S3150202ACD0C07F183F029F4D3FDA390E3F31DB543FA8
S3150202ACE03D9C033F1A945B3FEA5AF13E98C5613F87
S3150202ACF080E8DA3ED86B673F15EFC33E5E836C3F50
S3150202AD00D47CAC3E0809713F31A0943E0BFA743FE3
S3150202AD10CCCF783EF853783FC2C5473EBE147B3F3E
S3150202AD208340163EAC3A7D3F36BDC83D6DC47E3F7A
S3150202AD3030FB483D0FB17F3FD02F8D240000803F6C
S3150202AD4030FB48BD0FB17F3F36BDC8BD6DC47E3FE5
S3150202AD50834016BEAC3A7D3FC2C547BEBE147B3F98
S3150202AD60CCCF78BEF853783F31A094BE0BFA743F2B
S3150202AD70D47CACBE0809713F15EFC3BE5E836C3F3D
S3150202AD8080E8DABED86B673FEA5AF1BE98C5613FE0
S3150202AD903D9C03BF1A945B3FDA390EBF31DB543F47
S3150202ADA0C07F18BF029F4D3F996722BF03E4453F0A
S3150202ADB04AEB2BBFF9AE3D3FF30435BFF304353FF1
S3150202ADC0F9AE3DBF4AEB2B3F03E445BF9967223FEB
S3150202ADD0029F4DBFC07F183F31DB54BFDA390E3FA7
S3150202ADE01A945BBF3D9C033F98C561BFEA5AF13E86
S3150202ADF0D86B67BF80E8DA3E5E836CBF15EFC33E4F
S3150202AE00080971BFD47CAC3E0BFA74BF31A0943EE2
S3150202AE10F85378BFCCCF783EBE147BBFC2C5473E3D
S3150202AE20AC3A7DBF8340163E6DC47EBF36BDC83D79
S3150202AE300FB17FBF30FB483D0000803F000000009B
S3150202AE40BE147B3FC2C5473E5E836C3F15EFC33ECF
S3150202AE5031DB543FDA390E3FF304353FF304353F13
S3150202AE60DA390E3F31DB543F15EFC33E5E836C3F48
S3150202AE70C2C5473EBE147B3FD02F8D240000803FC1
S3150202AE80C2C547BEBE147B3F15EFC3BE5E836C3F8F
S3150202AE90DA390EBF31DB543FF30435BFF304353FD3
S3150202AEA031DB54BFDA390E3F5E836CBF15EFC33E08
S3150202AEB0BE147BBFC2C5473E0000803F00000000B1
S3150202AEC0F304353FF304353FD02F8D240000803F33
S3150202AED0F30435BFF304353F0000803F0000000053
S3150202AEE043EC7F3FB00AC93C0FB17F3F30FB483D7E
S3150202AEF06D4E7F3F05A9963D6DC47E3F36BDC83D68
S3150202AF0024137E3F73B2FA3DAC3A7D3F8340163E2E
S3150202AF10283B7C3FA2102F3EBE147B3FC2C5473E52
S3150202AF209DC7793F135C603EF853783FCCCF783E9B
S3150202AF3007BA763F938E883E0BFA743F31A0943E4F
S3150202AF404714733FE59AA03E0809713FD47CAC3E92
S3150202AF509ED86E3F2A44B83E5E836C3F15EFC33ECF
S3150202AF60A7096A3FCA7BCF3ED86B673F80E8DA3EC3
S3150202AF7059AA643F7533E63E98C5613FEA5AF13EE5
S3150202AF8005BE5E3F275DFC3E1A945B3F3D9C033F36
S3150202AF905348583F9BF5083F31DB543FDA390E3F9F
S3150202AFA03D4D513F2A68133F029F4D3FC07F183FD6
S3150202AFB012D1493FD17F1D3F03E4453F9967223FA4
S3150202AFC070D8413F5636273FF9AE3D3F4AEB2B3FFB
S3150202AFD04268393FBB85303FF304353FF304353FC0
S3150202AFE0BB85303F4268393F4AEB2B3FF9AE3D3FC4
S3150202AFF05636273F70D8413F9967223F03E4453FC1
S3150202B000D17F1D3F12D1493FC07F183F029F4D3F5C
S3150202B0102A68133F3D4D513FDA390E3F31DB543F29
S3150202B0209BF5083F5348583F3D9C033F1A945B3FAA
S3150202B030275DFC3E05BE5E3FEA5AF13E98C5613F78
S3150202B0407533E63E59AA643F80E8DA3ED86B673F1B
S3150202B050CA7BCF3EA7096A3F15EFC33E5E836C3FAA
S3150202B0602A44B83E9ED86E3FD47CAC3E0809713F54
S3150202B070E59AA03E4714733F31A0943E0BFA743F01
S3150202B080938E883E07BA763FCCCF783EF853783F06
S3150202B090135C603E9DC7793FC2C5473EBE147B3FE5
S3150202B0A0A2102F3E283B7C3F8340163EAC3A7D3FA0
S3150202B0B073B2FA3D24137E3F36BDC83D6DC47E3F50
S3150202B0C005A9963D6D4E7F3F30FB483D0FB17F3F4E
S3150202B0D0B00AC93C43EC7F3F0000803F00000000FB
S3150202B0E06DC47E3F36BDC83DBE147B3FC2C5473ED8
S3150202B0F00BFA743F31A0943E5E836C3F15EFC33E5A
S3150202B10098C5613FEA5AF13E31DB543FDA390E3FC6
S3150202B11003E4453F9967223FF304353FF304353F83
S3150202B1209967223F03E4453FDA390E3F31DB543F4A
S3150202B130EA5AF13E98C5613F15EFC33E5E836C3F04
S3150202B14031A0943E0BFA743FC2C5473EBE147B3F02
S3150202B15036BDC83D6DC47E3F0000803F0000000040
S3150202B1605E836C3F15EFC33EF304353FF304353F6E
S3150202B17015EFC33E5E836C3F0000000080000000B4
S3150202B180A000000000000000000000008000000095
S3150202B190A000000000000000000000008000000085
S3150202B1A0A0000000000000000000803F0000000036
S3150202B1B00BFA743F31A0943E31DB543FDA390E3F2B
S3150202B1C09967223F03E4453F15EFC33E5E836C3F18
S3150202B1D036BDC83D6DC47E3FC2C547BEBE147B3F67
S3150202B1E0EA5AF1BE98C5613FF30435BFF304353F0F
S3150202B1F098C561BFEA5AF13EBE147BBFC2C5473E3D
S3150202B2006DC47EBF36BDC8BD5E836CBF15EFC3BEBD
S3150202B21003E445BF996722BFDA390EBF31DB54BF59
S3150202B22031A094BE0BFA74BF0000803F00000000FA
S3150202B23015EFC33E5E836C3FF30435BFF304353F1D
S3150202B2405E836CBF15EFC3BE0000803F00000000A4
S3150202B250BE147B3FC2C5473E5E836C3F15EFC33EBB
S3150202B26031DB543FDA390E3FF304353FF304353FFF
S3150202B270DA390E3F31DB543F15EFC33E5E836C3F34
S3150202B280C2C5473EBE147B3FD02F8D240000803FAD
S3150202B290C2C547BEBE147B3F15EFC3BE5E836C3F7B
S3150202B2A0DA390EBF31DB543FF30435BFF304353FBF
S3150202B2B031DB54BFDA390E3F5E836CBF15EFC33EF4
S3150202B2C0BE147BBFC2C5473E0000803F000000009D
S3150202B2D0F304353FF304353FD02F8D240000803F1F
S3150202B2E0F30435BFF304353F0000803F000000003F
S3150202B2F06DC47E3F36BDC83DBE147B3FC2C5473EC6
S3150202B3000BFA743F31A0943E5E836C3F15EFC33E47
S3150202B31098C5613FEA5AF13E31DB543FDA390E3FB4
S3150202B32003E4453F9967223FF304353FF304353F71
S3150202B3309967223F03E4453FDA390E3F31DB543F38
S3150202B340EA5AF13E98C5613F15EFC33E5E836C3FF2
S3150202B35031A0943E0BFA743FC2C5473EBE147B3FF0
S3150202B36036BDC83D6DC47E3F0000803F000000002E
S3150202B3705E836C3F15EFC33EF304353FF304353F5C
S3150202B38015EFC33E5E836C3F000000002000000002
S3150202B3900000000000000000200000000000000083
S3150202B3A00000000020000000000000000000000073
S3150202B3B00000803F0000000015EFC33E5E836C3F33
S3150202B3C0F30435BFF304353F5E836CBF15EFC3BE8C
S3150202B3D00000803F00000000F304353FF304353FCE
S3150202B3E0D02F8D240000803FF30435BFF304353F8E
S3150202B3F00000803F000000005E836C3F15EFC33EF3
S3150202B400F304353FF304353F15EFC33E5E836C3FCB
S3150202B4100000000000000000000000000000000022
S3150202B42000000000000000000D0000000000000005
S3150202B43030313233343536373839616263646566A0
S3150202B4403031323334353637383941424344454650
S3150202B4500800000085C50002000000000800000086
S3150202B46000000000000000000400000081CC00027F
S3150202B470E5CC00020400000000000000E5CC000258
S3150202B48002000000000000000000000001000000AF
S3150202B49000000000000000000000000001000000A1
S3150202B4A059DA000201000000000400000000000058
S3150202B4B0BCB4020290B502020000000001000000C4
S3150202B4C00000803BD8B40202D0B40202000000009F
S3150202B4D0010000003D000000010000003B2C6A3E14
S3150202B4E00200000001000000050000000200000048
S3150202B4F001000000D000000004000000010000006C
S3150202B5000D0000000100000010000000040000000F
S3150202B51001000000190000000100000010000000F6
S3150202B5202CB5020290B502020000000001000000E2
S3150202B530AD8C1B3D0400000001000000010000006A
S3150202B54019000000100000000400000001000000C3
S3150202B55001000000190000000800000004000000BB
S3150202B56001000000190000000100000008000000AE
S3150202B5700400000001000000320000000100000089
S3150202B5800800000098B5020290B50202000000000F
S3150202B5900100000080FFFFFF010000007E2A663DD7
S3150202B5A00400000001000000010000003200000059
S3150202B5B00800000004000000010000000100000073
S3150202B5C0320000000D000000D4B5020254B7020296
S3150202B5D00000000008000000D8EB113C48349C3CF5
S3150202B5E064B0D13B63692B3C0450E93BF92C533CD2
S3150202B5F0A5C6C43B9C84BC3B0400000008000000B4
S3150202B60001000000030000000D000000000000001F
S3150202B61081DB4BF20711EF06F50E04FAF8E982ED29
S3150202B620041B030AFC26F3F3092310FF00EF0CEFB7
S3150202B6300F18F60810EFFA81CD011408FAF8FD0583
S3150202B6400AFCFF00F41600E9FB0D0C02F5F50A04EA
S3150202B6500F4A050704FFFCF50406FFF8010273E927
S3150202B6601B45D721FCFDF016FC05E44FEC0F1FE942
S3150202B670E3E3F10D0E09ECE87F25E429CBCDD41CD8
S3150202B680351BEEE60CE816CE1111D8F22226F4EBA1
S3150202B690F10D0ADEF50403F0F1002200F9EBF27F66
S3150202B6A0B0FD1302F4FE030708FBF602BAB2B5F8BE
S3150202B6B05EFFD63622F70AFBFD1FE6293CE8AFE11A
S3150202B6C0130720011220C2042A6381A9DABF07F9ED
S3150202B6D0212910E9DFE5F119100100010702FCFD3B
S3150202B6E01206E5FAFD0F04FAFAFFFBF3F87F16F1EA
S3150202B6F0F5F1011809F4F60807F5F1412819C923EB
S3150202B7000CD3D8F70917F2234F3CEBDA03F7DCEA3C
S3150202B710F70625112F7FFBCADFFA00D4170D231273
S3150202B7200A8115455F18B6C5E6D9E51A27ED53F221
S3150202B730462F13F5ECF2C8C028F919A87914670A3C
S3150202B740C5C1E7DDF5F3E6F178B7020254B70202A4
S3150202B75000000000080000000000000000000000D7
S3150202B76000000000000000000000000000000000CF
S3150202B770000000000000000008000000B2E7FD39E8
S3150202B78016E6873A516EB6391E21153ACBFBCA39ED
S3150202B7906DB9373A4C32AB391203A43901000000B3
S3150202B7A00800000000000000000000000000000087
S3150202B7B0720A00007E020000B4E1FFFFC8FAFFFF30
S3150202B7C053F2FFFF29F2FFFF2BE8FFFF48FFFFFFBD
S3150202B7D0DCB70202CCB9020200000000100000002F
S3150202B7E08A198A3C8753763CE0FFA33C4C95A93CD6
S3150202B7F081C0173C1394B53CB987393CA1E57A3C22
S3150202B8004DDF633C9785563CBCA3963C69A31B3C21
S3150202B810D990893CACA6523C75EE033CAB46083C39
S3150202B82004000000100000000100000003000000F6
S3150202B83008000000000000000000000000000000F6
S3150202B840ECDB0412D701F9D0E3C9F3EF81030090CE
S3150202B850E4EEE5ECA1001FE5FC07F0DD0FBC030FE9
S3150202B860E5F6F6EC09D4050481F03103FBF8000093
S3150202B87091A2EE00DD0800C1A589FAFFFDFB01DEF9
S3150202B880B481130516FAF119D481FA010611F2E10D
S3150202B890DFBA02060BF9D90AE8E40AF613A3F0099B
S3150202B8A01417EA00C80DF4E4DE02EC00970B0585D4
S3150202B8B081CE4003E30608A202FF81F7FE8FDD0175
S3150202B8C00303CFF605EEEF05F700FCFEFB2CF2F5BD
S3150202B8D0838135F3D11B08E4D5A4F0FFD4FB06E33A
S3150202B8E010DDF002CDDDF0CCDEF407E8CF0D03E584
S3150202B8F0F1EA068FDD000FF7FFFCF281FDD70D0696
S3150202B90004FA290417E4FE10E5F0FB12F1FEE5E261
S3150202B910E681F20EEF13E7D0A9CFF20C17EFF0F899
S3150202B92081AFF505F5F3F5F2DCDAEAFAFF2BFA2F27
S3150202B930B9E0F6D1EB0409F8EBEBECDAE9DBFE004F
S3150202B940F4E9E3E8FB810113FB24F72EF10BDEEFA8
S3150202B950F7F4F7ECFDC6BFFDFEF781051285CE02AE
S3150202B960E1810502FB0DF8D9EAE4ED01E9EEE4B85C
S3150202B97018ECAF0A02D69BE3FD0281CDF887E5FFFA
S3150202B9800000DEB80CC4F106F7FAF9A606E741FA98
S3150202B990B783F8EE9E0F0181D4AB16141B0097D221
S3150202B9A00ADD172D14CDB40B120D9495F6BA2B0798
S3150202B9B0E600E281F3F40302A4F71304BA1A37E5A6
S3150202B9C010BA0202CCB90202000000001000000006
S3150202B9D0000000000000000000000000000000005D
S3150202B9E0000000000000000000000000000000004D
S3150202B9F0000000000000000000000000000000003D
S3150202BA00000000000000000000000000000000002C
S3150202BA1010000000BC53783AEE775D3A1C73933AF3
S3150202BA204878983A2470083A2D41A33ABCCE263A6F
S3150202BA30F493613A72E04C3AA1DF403A1C70873ABB
S3150202BA40A6EE0B3AF15D773AB6643D3A463CED39DB
S3150202BA50390CF53901000000100000000000000058
S3150202BA6094000000C5FBFFFF7BFFFFFFB3FDFFFF54
S3150202BA7007F8FFFF48FEFFFF16FFFFFFD90200008D
S3150202BA8094FAFFFF460200004403000022FDFFFF74
S3150202BA90F6000000ACFBFFFFE3FCFFFF60F9FFFFCD
S3150202BAA0ACBA0202DCBE0202000000000100000083
S3150202BAB02D508D3C0200000005000000D00000005F
S3150202BAC0EE07F9FEE90201FA16F50D03FDF607E5A0
S3150202BAD01501D0FEF4FCF2FB0F03F8F702EFF2C9EE
S3150202BAE01A01F0FC01F8FA171B070302FCEBF9DA5A
S3150202BAF01304FFF7F4F4FE101B101208E6EAF4D957
S3150202BB001D000AFCEFF1FF14160E19FDDDE9F6E23D
S3150202BB101D0704F4F5F5FE0B1D141DEEE6F4F1EB1A
S3150202BB20210A12F6ECF8FE12150F1FFDEDE4F1E8FA
S3150202BB301B070E07F100FE1511191BEFE7F5F3DEDF
S3150202BB401A0B01F6F6FEFF141D131BF4E5F6F4E0DA
S3150202BB501B0611FAE5F3F91C0E131AF4EFFFF0F3C2
S3150202BB6016FE16FBEE01F50C11121EDCFB00DEF1CF
S3150202BB70120BF8F7F40A0B0F0A0B1CE4F3EBECF8C0
S3150202BB8012FB00FD0612010C0AEF0A040714F40264
S3150202BB90FC11F308D9F0FD07060404FB0510EA0FAF
S3150202BBA0EB10FD05E1F60504FFFBF9FBFB0D000BAD
S3150202BBB0E912F6EEEEEC16F90B0BF2FB121407047F
S3150202BBC0ED1AF5F2ECFF05EE0CFBF1FC1B100A076F
S3150202BBD0E312E8F7FBF112F80703DE0D280F09124A
S3150202BBE0E80EE6F3F4F60AF50EFBE3FE220D070D66
S3150202BBF0F110F3F3F5F614E90CF4E207141409133F
S3150202BC00F217E6F3F7F711F403FFEB0A1F0802092C
S3150202BC10F70BF8EFEFEF08EC04ECEA0A1A10040A43
S3150202BC20FA0FF1F6FAFC12EF03F0E6060705060C26
S3150202BC30F608F3F2FBF20AE90AF6FB07060A0BFD1D
S3150202BC40FD0CE9FCF6F008F602F9F810080E060EEB
S3150202BC50FF09D3F0F70601FBFFF6EC0304F6100721
S3150202BC60E4BFFCF6ED0713FC110BFE13FCCAFBC87C
S3150202BC70DEDEEA02F919DDF1F8FB0A0BD9D8F0F297
S3150202BC80ADB9D2FBF605F9DCEAF4F20ED2DBF7B471
S3150202BC90E6C3BAE0D813D9CAD2EBE01AEAF3DDC692
S3150202BCA0B3C699BCEC1AADDCDED9F615EDDBD1BC16
S3150202BCB09EC4D2D3E715C9ACE4C8BD0FEFEECCCD14
S3150202BCC0ABDAD1F1EE06BEC3CFF8F315FBEDCDDE4C
S3150202BCD0ADC7B5F0EB0CCEBFE8E1E919E0C9E6F46F
S3150202BCE081D6D6DBEB1FC0B2D7E3D114C9F9D6D0BF
S3150202BCF0BFDCD4F9EB0AEECBDDFFD715E4F4F7E3AA
S3150202BD009EE798D3F6FDC0C2DEE4DE14E9EEDFF466
S3150202BD10D8DAD7E6E5FFDDE2E2F7D125E0E2F4D3AF
S3150202BD20E6E7C7C7E19D97ABE70EFC0FE9B6E7C0A8
S3150202BD300C00F2F3F80BF903EFFDF1FE0310EB1818
S3150202BD40FFFF260F0AF2CFF6E8FD0303070B030FE6
S3150202BD50F4FE2B160BF6DCE4F10CF3F2F3111A0BDA
S3150202BD60E10421210300DBF1FA0BEFFEEE0F130DC4
S3150202BD70DFFC1C1C03FCE2F4F70CE1F0E5141410E0
S3150202BD80F0002215FDF1E400FF0EF3F8F60C110F96
S3150202BD90E700191907F7E5F7F60DE506FA0A18118B
S3150202BDA0D6FD1D1F03FAE9EF000BE5FBF00E171194
S3150202BDB0E9FB171B04FBEBE7FB0DE60A000F101269
S3150202BDC0EEFB1C130903E4F0F60EEFFFF30C161A50
S3150202BDD0EBF1100D0D02EEE7F005E300FF0A190B77
S3150202BDE0DF07090F09FEE6EEFB06DE030103131166
S3150202BDF0EAF43019FA0AF50300F5E4FDE30314FE48
S3150202BE0010FAFB08160EFFEAEF04F603FEFC05EE35
S3150202BE1009EEF6ED170F1A1CF0020BFEFFE3F7F21C
S3150202BE2001F1F5FA14081019F0EF18FDF8DEFBF02D
S3150202BE3004F0E5F112151219E8E509FF03EDF2F134
S3150202BE400DE5F6FA17130C16F2E600F6F8E0EDF82F
S3150202BE500CE2DEF81B0F0A16F2EC0AF205EAF4F617
S3150202BE600EECEA0210100A13E2F30AFDFEF3F2F2F4
S3150202BE700AF5F3000A16171BEFEC05F6FFF2EFF6C8
S3150202BE800DF8F4FC130C1018F8F0090102F7F3F896
S3150202BE9006F3F5ED15091A17EAF601F2FFEAF0F6CC
S3150202BEA00FF0FCF70D0C1508ECEAF5F302F0EDF1D2
S3150202BEB0F7F8FBF903091408F2F7FCF7FCF7F0FDB1
S3150202BEC00C13F505011CFE03E9070EEF01FDE8F866
S3150202BED0E4BE0202DCBE0202000000000100000013
S3150202BEE0000000000100000065BA2B3A01000000C2
S3150202BEF00500000000000000000000000000000033
S3150202BF00FEFAFFFFD9FFFFFF5A090000F5FBFFFF0A
S3150202BF102C040000010000000200000000000000E4
S3150202BF20FFFFFFFFD000000000000000000000003B
S3150202BF3001000000190000000100000010000000CC
S3150202BF4001000000010000001900000008000000C4
S3150202BF50010000003200000001000000080000009B
S3150202BF6001000000040000000000000000000000C2
S3150202BF700100000001000000320000000D00000076
S3150202BF8094BF02028CBF0202000000000100000000
S3150202BF900100000001000000C8B85E3D0200000078
S3150202BFA0010000008A0200000000000000000000FA
S3150202BFB0434F503101001000083000000000061005
S3150202BFC005000000050000000500000002006802EC
S3150202BFD00F010100004000000000000001400000C5
S3150202BFE000000000024000000000000003400000C2
S3150202BFF0000000000B0100000C0100000A013100E2
S3150202C00004010C0006400000010000000540000089
S3150202C0108A020000044000000D000000090101002E
S3150202C02005010100070100000001000001010100F3
S3150202C03003010000020101001F010100104000007D
S3150202C04090020000114000000000000012400000B1
S3150202C0500000000013400000000000001B01000067
S3150202C0601C0100001A013100120100001101310007
S3150202C07013010700164000000100000015400000EF
S3150202C080900100001440000008000000180180FF21
S3150202C0901401010021010000200102002201040014
S3150202C0A02801000020400000200600002140000076
S3150202C0B0800100002901000022400000D005000094
S3150202C0C0234000005000000025010000260180FFE7
S3150202C0D027017F0016010100150131001701070031
S3150202C0E00D010A002D011E00240100002F0100008D
S3150202C0F00200000000400000900200000B01310025
S3150202C1000C0131000A01000004010700054000008B
S3150202C110080000000440000008000000090180FF38
S3150202C12001010000020100001040000000000000B0
S3150202C1301B0118001C0118001A0100001201180046
S3150202C1401101000015400000080000002101010053
S3150202C150200100002201020016010700150101005A
S3150202C1600500000000400000000000000B01000074
S3150202C1700C0100000A01180005400000C800000078
S3150202C180010101000201010010400000D00000007E
S3150202C1901B0100001C0100001A0118001201000016
S3150202C1A01101180013010F00154000009001000052
S3150202C1B014400000100000002101000020010200CC
S3150202C1C02201040020400000400800002140000035
S3150202C1D0B001000022400000A00700002340000038
S3150202C1E0A0000000160101001501190017010F0037
S3150202C1F00200000000400000D00000000B011800FF
S3150202C2000C0118000A01000004010F00054000009B
S3150202C21010000000044000001000000001010000AE
S3150202C22003010100020100001040000000000000AC
S3150202C2301B010C001C010C001A01000012010C0069
S3150202C240110100001540000010000000210101004A
S3150202C250200100002201020016010300150101005D
S3150202C2600500000000400000000000000B01000073
S3150202C2700C0100000401CF0005400000D0000000BE
S3150202C28004400000D000000003010000104000003C
S3150202C290D00000001B0100001C0100001201000078
S3150202C2A013010400154000000500000014400000BE
S3150202C2B005000000180144002101000022010000CD
S3150202C2C020400000300A0000214000003004000035
S3150202C2D022400000F0090000234000004000000056
S3150202C2E016010100170107002F01030002000000D8
S3150202C2F000400000D00000000A0104000401000010
S3150202C3000540000005000000044000000100000094
S3150202C3100901440010400000400000001301000021
S3150202C3201640000010000000154000001000000038
S3150202C3301440000010000000140141002001040014
S3150202C3402F0100000500000030010000304000000D
S3150202C35030010000310103013140000000B8000043
S3150202C36032400000000400001000000025400000D8
S3150202C37001000000264000000100000024400000E7
S3150202C380010000000A01000004010400044000004A
S3150202C3900500000010400000000000001301040026
S3150202C3A01640000040000000154000004000000058
S3150202C3B0144000004000000018017F0014014501EC
S3150202C3C0250110300D012E002D012E008D010A00CD
S3150202C3D08F01010080400000400000008140000001
S3150202C3E000000000824000000000000083400000BE
S3150202C3F0000000008B0100008C0100008A0100008F
S3150202C4008640000010000000854000001000000077
S3150202C41084400000100000008901440085014100A9
S3150202C4208001040011000000060002000040000024
S3150202C4300000000006400000400000000540000027
S3150202C4404000000004400000400000000901000014
S3150202C450050149001040000040000000164000009D
S3150202C4600400000015400000140000001440000001
S3150202C4701400000018014400140105802501000081
S3150202C4802601C4FF2701C3008D0112008F0100009D
S3150202C49080400000300500008640000004000000D3
S3150202C4A085400000040000008440000004000000F1
S3150202C4B0890100008501090006000800004000000B
S3150202C4C04000000006400000040000000540000093
S3150202C4D014000000044000001400000005010900D7
S3150202C4E01040000060000000130100001640000028
S3150202C4F04000000015400000400000001440000009
S3150202C5004000000014014501200100000D01120045
S3150202C5102D011E000500020000400000600000001E
S3150202C5200401000006400000400000000540000031
S3150202C53040000000044000004000000005014900DE
S3150202C54010400000A0000000140145000D012E005B
S3150202C5502D012E000600070000400000A000000088
S3150202C56010400000400000001640000004000000D7
S3150202C5701540000004000000144000000400000000
S3150202C58014010501804000004005000080014000C0
S3150202C5900600020010400000500000008040000029
S3150202C5A050050000800100002F0103000600020070
S3150202C5B00040000060000000140105008F01010026
S3150202C5C080400000500000002F0100000600090012
S3150202C5D00040000050000000064000000400000077
S3150202C5E005400000040000000440000004000000B0
S3150202C5F005010900140105018F01000080400000B7
S3150202C60060050000060002001401050080400000D9
S3150202C6105005000006000900244001000100000046
S3150202C6201801000014010501260180FF27017F007F
S3150202C63080400000700500000600010024401F0031
S3150202C6400000004010400000700000008040000020
S3150202C65080050000060000002440000001000000E0
S3150202C66000400000700000008040000090050000BB
S3150202C6700600010024401F00000000401040000096
S3150202C680600000008F01010080400000500000009F
S3150202C69006000000244000000100000000400000E5
S3150202C6A0600000008F01000080400000A00500002B
S3150202C6B0800140000600020024401F0000000040E4
S3150202C6C000400000700000008F010100804000005F
S3150202C6D06000000080010000060000002440000005
S3150202C6E00100000000400000600000001801440042
S3150202C6F02601C4FF2701C3008F010000804000000B
S3150202C700B0050000060000000040000070000000B4
S3150202C71018010000260180FF27017F008F01010018
S3150202C72080400000600000000600010024401F0055
S3150202C73000000040004000006000000010400000BF
S3150202C7407000000080400000500000000600000059
S3150202C75024400000010000000040000070000000BA
S3150202C7608F01000080400000A00500008001400009
S3150202C7700600020024401F000000004000400000A4
S3150202C780600000008F01010080400000700000007E
S3150202C79080010000060000002440000001000000A3
S3150202C7A00040000070000000180144002601C4FF88
S3150202C7B02701C3008F01000080400000B00500007F
S3150202C7C006000000004000006000000018010000A0
S3150202C7D0260180FF27017F008F01010080400000B1
S3150202C7E0700000000600010024401F000000004005
S3150202C7F000400000700000001040000060000000CF
S3150202C80080400000500000000600000024400000A4
S3150202C8100100000000400000600000008F010000DD
S3150202C82080400000A00500008001400006000200D0
S3150202C83024401F000000004000400000700000007B
S3150202C8408F010100804000006000000080010000AC
S3150202C8500600000024400000010000000040000023
S3150202C86060000000180144002601C4FF2701C3002C
S3150202C8708F01000080400000B005000006000000A3
S3150202C880004000007000000018010000260180FF2F
S3150202C89027017F008F010100804000006000000036
S3150202C8A00600010000400000600000008F01000047
S3150202C8B080400000C00500000600000024401F0060
S3150202C8C000000040004000000000000004010400D5
S3150202C8D00640000040000000054000004000000043
S3150202C8E0044000004000000005014900104000001B
S3150202C8F07000000013010400164000004000000010
S3150202C90015400000400000001440000040000000F4
S3150202C910140145018F010100804000006000000001
S3150202C920800104000600000024400000010000000D
S3150202C93000400000700000001040000000000000ED
S3150202C940164000000100000015400000050000002C
S3150202C9501440000005000000180180FF1401018046
S3150202C9608040000040000000060008000000FFFFB1
S3150202C970C0090000000000000000000000000000E4
S3150202C980000000000000000000000000000000009D
S3150202C990000000000000000000000000000000008D
S3150202C9A0000000000000000000000000000000007D
S3150202C9B0000000000000000000000000000000006D
S3150202C9C0000000000000000000000000000000005D
S3150202C9D0000000000000000000000000000000004D
S3150202C9E0000000000000000000000000000000003D
S3150202C9F0000000000000000000000000000000002D
S3150202CA00000000000000000000000000000000001C
S3150202CA10000000000000000000000000000000000C
S3150202CA2000000000000000000000000000000000FC
S3150202CA3000000000000000000000000000000000EC
S3150202CA4000000000000000000000000000000000DC
S3150202CA5000000000000000000000000000000000CC
S3150202CA6000000000000000000000000000000000BC
S3150202CA7000000000000000000000000000000000AC
S3150202CA80000000000000000000000000000000009C
S3150202CA90000000000000000000000000000000008C
S3150202CAA0000000000000000000000000000000007C
S3150202CAB0000000000000000000000000000000006C
S3150202CAC0000000000000000000000000000000005C
S3150202CAD0000000000000000000000000000000004C
S3150202CAE0000000000000000000000000000000003C
S3150202CAF0000000000000000000000000000000002C
S3150202CB00000000000000000000000000000000001B
S3150202CB10000000000000000000000000000000000B
S3150202CB2000000000000000000000000000000000FB
S3150202CB3000000000000000000000000000000000EB
S3150202CB4000000000000000000000000000000000DB
S3150202CB5000000000000000000000000000000000CB
S3150202CB6000000000000000000000000000000000BB
S3150202CB7000000000000000000000000000000000AB
S3150202CB80000000000000000000000000000000009B
S3150202CB90000000000000000000000000000000008B
S3150202CBA0000000000000000000000000000000007B
S3150202CBB0000000000000000000000000000000006B
S3150202CBC0000000000000000000000000000000005B
S3150202CBD0000000000000000000000000000000004B
S3150202CBE0000000000000000000000000000000003B
S3150202CBF0000000000000000000000000000000002B
S3150202CC00000000000000000000000000000000001A
S3150202CC10000000000000000000000000000000000A
S3150202CC2000000000000000000000000000000000FA
S3150202CC3000000000000000000000000000000000EA
S3150202CC4000000000000000000000000000000000DA
S3150202CC5000000000000000000000000000000000CA
S3150202CC6000000000000000000000000000000000BA
S3150202CC7000000000000000000000000000000000AA
S3150202CC80000000000000000000000000000000009A
S3150202CC90000000000000000000000000000000008A
S3150202CCA0000000000000000000000000000000007A
S3150202CCB0000000000000000000000000000000006A
S3150202CCC0000000000000000000000000000000005A
S3150202CCD0000000000000000000000000000000004A
S3150202CCE0000000000000000000000000000000003A
S3150202CCF0000000000000000000000000000000002A
S3150202CD000000000000000000000000000000000019
S3150202CD100000000000000000000000000000000009
S3150202CD2000000000000000000000000000000000F9
S3150202CD3000000000000000000000000000000000E9
S3150202CD4000000000000000000000000000000000D9
S3150202CD5000000000000000000000000000000000C9
S3150202CD6000000000000000000000000000000000B9
S3150202CD7000000000000000000000000000000000A9
S3150202CD800000000000000000000000000000000099
S3150202CD900000000000000000000000000000000089
S3150202CDA00000000000000000000000000000000079
S3150202CDB0000000001701000068010000D201000015
S3150202CDC05902000008030000EB0300000F050000F1
S3150202CDD0880600006F080000E50A0000110E000036
S3150202CDE02B120000761700004C1E000021270000BD
S3150202CDF0883200004141000046540000D56C000012
S3150202CE008C8C000081B5000066EA0000B42E010097
S3150202CE10EB860100D6F80100F58B0200F349030006
S3150202CE204F3F04002B7C05005E150700D125090041
S3150202CE3042D00B0095410F00BDB313009371190046
S3150202CE40C0DB2000156F2A00C7CC360004C5460097
S3150202CE50A3645B00D6067600FB6B98001AD7C40061
S3150202CE60F933FE00474848011EF3A701077F230252
S3150202CE70E00BC302A51791030F2F9B04B0D1F20553
S3150202CE808898AE0772B2EB096ACFCF0C079B8B105A
S3150202CE90D2EF5D1565F9971BE78AA223B803052E21
S3150202CEA071366E3BEAE7BF4C09A81D63FFFFFF7F9F
S3150202CEB00C0000000000000000000000000000005C
S3150202CEC02300000000000000000000000000000035
S3150202CED00100000000000000000000000000000047
S3150202CEE000000040000000000000000000000000F8
S3150202CEF0FFFFFF7F000000000000000000000000AC
S3150202CF00C4C3C3C30000000000000000000000000A
S3150202CF105A5A5A5A0000000000000000000000009F
S3150202CF2000000020000000000000000000000000D7
S3150202CF3004000000000000000000000000000000E3
S3150202CF4002000000000000000000000000000000D5
S3150202CF508FFFFFFFFF9660A44325CCFEFFFFFFB9BA
S3150202CF602C9B4C2415E6FFFFFF93DFB67D26E6F6E1
S3150202CF70FFFFFF092C497C2621CAFFFFFF21291E3A
S3150202CF8042260CF9FFFFFFBBB7656C2593E8FFFF4C
S3150202CF90FFF1C5CD62267AEBFFFFFF675370492682
S3150202CFA0780954F12D41C0E014817030A02403B2F5
S3150202CFB061E1A0905020F0EFDF041443322212F214
S3150202CFC0714101F1F05700505D5646CE222FF6CE40
S3150202CFD00070EB2E39383E8B8870FBB14B7EC1A9AD
S3150202CFE007807F55D018C7F7FA5390959D01C05F07
S3150202CFF027253C3297ED86B73000D0F25D667FB2C6
S3150202D000FD7D5E76234DAC9BEA21406020253308E6
S3150202D0103C002CB23F682E24E0964D8F6339A04D18
S3150202D02055951D00EE7B25C17C883B00F80BC4E8B2
S3150202D0301D7F72AB33731D1B797E6FDE06000F9A5C
S3150202D040C90F4696F6B7FF1B005D5FCFBCC899674C
S3150202D050C9CB3F260C00D77F54027B847E0800C8C8
S3150202D060EC62C001F4E91CFF921F6C5C93E97A013F
S3150202D070E0BF279DA98C50A95F3903C00FEE186A3B
S3150202D080B55787457F53B9C49CB30D007EB9A597A0
S3150202D090E30087A5339CFCFFEFC0E07509C5DEFFFE
S3150202D0A0FFFFFFFFFF07477C70580DC0C57DD1A663
S3150202D0B08EC20317B25D1E237DE239113AF82505A7
S3150202D0C01CA200A34457D5C5AC83CBD2F019B4EE49
S3150202D0D0510070E0B16CF9F11A25E6E0071CC22193
S3150202D0E0069F44C1BC4B401C7CCB48369B8C4100FC
S3150202D0F03A782CDE0A11C60E710EAE2D000E0F966E
S3150202D100B9A92983953538B8AA9DF51022068796BC
S3150202D110A8FE5B23050003001400F80720FBFFFFAD
S3150202D12049FFFFFFFF727AE7582308FDFFFFFF0E52
S3150202D13036DB46238EFEFFFFFF78A6AC752553FE2D
S3150202D140FFFFFF65BE31562325EDFFFFFFAC3C43D1
S3150202D1504A253CFFFFFFFF2F541A4A2458010000BA
S3150202D1600050BB534424E1F3FFFFFFEEB03E7F259E
S3150202D1704FFDFFFFFFC4920C5D24C601000000EEC4
S3150202D1808BD57F240401000000410D914F247DFCC2
S3150202D190FFFFFF902C394E23C3FDFFFFFF327AC8F1
S3150202D1A055249FECFFFFFFB1BDD57426A0FFFFFFFA
S3150202D1B0FFD242CB562307FDFFFFFFF971B5752554
S3150202D1C0600B54F12D30F05F507111614050329173
S3150202D1D070D0F2D0B0A070F392E180D0C1F034F4F4
S3150202D1E0332202511540403087EFF9F6C00004207F
S3150202D1F0C126001836C24207530E00F865C4E57FFF
S3150202D200098FEF5802B65FC847C638FAC49AF2EDDA
S3150202D21062680420ECA8BD82690A512148954D6DC7
S3150202D2209F49394806845E6312D0D9E9212F00C18B
S3150202D230263B70A5A89CE6969A0BD6FB1F362200C1
S3150202D2403875FCD337451A7A80F09561D826418E15
S3150202D250ECF05E28E6C706031030169D3E332C70AC
S3150202D260004023E1200127042D64015860C5106C99
S3150202D2703144C203003C17D9C06CC0452CCD554679
S3150202D280AECB00809B864C648C45D1CB935100DC9D
S3150202D290C008DF6AAF28F6FF458BEBF6F9FBFF659E
S3150202D2A0550F251205FCFFFFFFFF03DC3000FCEBE6
S3150202D2B064DB9D1DF80300B0A5E93BD340251301AB
S3150202D2C0F810D121B1A6CEBFC981A1A90A9B0F80AE
S3150202D2D0F0B8A9C0C1B00740BF42C31E441606DE5B
S3150202D2E079B1D3F83500D836707E8146AE19A1E9F6
S3150202D2F09F9935000416671089A2070000A0053817
S3150202D30010BC12D07E05F800000472174C601BBBDB
S3150202D310E30160FA90A04A85E03B87421100FE7E55
S3150202D320FDD3F987F38790A42042E62810B86DB898
S3150202D33039CC4B018099F3DB5B83A0A9F5275A0B03
S3150202D3404284E781007A8A4AFA5904F0725F8A6352
S3150202D3500200F9B4691B132583C100A00A8D170EB8
S3150202D360005000E01F60E0FFFFFFFFFFFFFFFFFF2D
S3150202D3701FFEFFFFFFFC03176326BDFFFFFFFFFC35
S3150202D38003176326AC03000000FC0317632697FE0D
S3150202D390FFFFFFFC031763263702000000FC031798
S3150202D3A063260000000000000000000000000000EA
S3150202D3B0B01F50F1191D48913DCB70199433358433
S3150202D3C0040909F6314AA5591DB7855EE96C40B0D2
S3150202D3D0E97CB83925152DD70300D3534095373842
S3150202D3E00800D773E825C10DC8DF403405FCDFE526
S3150202D3F0C287C71BB2D9FFC38F30945695A68D003A
S3150202D400EF6FF7FD01A0EF15389480B9464C00F88C
S3150202D41091DFB762CC50FF7FD21DC784C03F68231B
S3150202D4200098F30E00CD0C20CE6042706074626DDD
S3150202D43000C06B0784C2D47B7301FE1F293DF1C46F
S3150202D440E0FEFF01206878F701E05F1EB759FEC5CC
S3150202D45076FEEAB90523007C5BFCAE78F00F9824CF
S3150202D4608C0971FC7F927D5D8420D423941F00E097
S3150202D470EFDF7B3711A2797700F00F3654B0C15D28
S3150202D480EAA5013CF861EC38A9CCF5FF7D511005FD
S3150202D49076FF016001E0FF2F00793F87E69F7B1F3F
S3150202D4A0C68B1B200600A72E13B8B0C4B46C889292
S3150202D4B099FC7FD651572CE8FF0340E0BB6F0B0065
S3150202D4C0CF970B153DFFB5DB1D3D49664008763306
S3150202D4D0F77CE01F982A5AB8F035FF1FDD35A1A462
S3150202D4E0FD01F01F02807BFFFF4383664ACFC7001E
S3150202D4F0F0FE96025C5530F620C01B642089F45574
S3150202D5007DFFFF9C671CEBFE0F890F80FCFD03006B
S3150202D5109EC75AD2F8733794777AB23900B032B6C6
S3150202D5205682AFE7FFC142BA8A60FCFFC72163AFE8
S3150202D5301201A0BFC1767F00F8BD210031E09D6FC6
S3150202D54074341200006F3FD62B90F00FB1488262FC
S3150202D55004A3FFB7C6E8DB59AD7B80BC0700FEF722
S3150202D5607F374A88DD7E00F8E7B092E30396DF63EF
S3150202D5700BF0FF750FE80636EE85FF0F8404F01FE7
S3150202D5800C25929E88170234D7DFFE00F1BFA676DB
S3150202D590E47DFB535F5CC0EF3D03C0BCB882E0F79B
S3150202D5A01BC1C1FFA32918949E6FFD3F0090BFFBCA
S3150202D5B0FE03C0369B012E7FB9D74C44560E00C0DD
S3150202D5C0D1B7E25A02FF4640CE4005ECFFC55F667E
S3150202D5D0E10D1F23FE0104FBEFDB9F201F777B1366
S3150202D5E000DAB7322452B41568D6000FB685198806
S3150202D5F06CC6FF0F6686B899F807810700EFEF043B
S3150202D600F03E240E88B97DEE7DB501FCFC43060090
S3150202D6104AE973595FD8B1FDF2FF619E1496D5FFAE
S3150202D620FF4039EE200100BE0F00B8BFFFDF7B8547
S3150202D630840F793D07040010DF50342B49F00F1492
S3150202D6404BF1D8640CFF4F37608AA8CCF000F80F72
S3150202D65000EFDD6F7772EEFE02C10341D402F220C1
S3150202D6609F0A0304E06341635A7C27C1E0FFFF87F6
S3150202D670F325080C5F08F07CBFFF0B00DD5F188BF9
S3150202D6801FEF5D338840C4B002807C965E581F1538
S3150202D690A0F9FF013006034DFE1F0020DFFE5F00E8
S3150202D6A0389B7291A1CCCE7DF4762EA40300AA2FCA
S3150202D6B0C8E90B847F531EA94218E3FF3F32F318CF
S3150202D6C0DCFD08730F00D86EFF7F917F5BCDDF050D
S3150202D6D0001E36E9004282EF35009E1CE74A81AE01
S3150202D6E04174FF1FF807E390DAF1123800A07FFFB8
S3150202D6F0370700DE4241B7FDA1A16BDB8D0110DCCB
S3150202D7000DB62222F3FF0037FD3AB3FAFF9EE17A03
S3150202D71015DD310090DB00E0FFFFB65F2F1939FB02
S3150202D720CBAD00040297D68E0312FE636BDBBD1CE1
S3150202D73076FF5F10C81133920F80BC00E136F77D87
S3150202D740075B5D9D03000176B51716017E02206E08
S3150202D750D2F12C03FFFF71D3531897A77FA028CECD
S3150202D760C90A00F03E00F0FFEFFB9E9E9AE5464E86
S3150202D770870800208162B22B01E3FFD1702E3A4F55
S3150202D78098FB7F745F9997DD3A00F87F00F8FEBD39
S3150202D790DB5DF7F15F7440C70C00E0ACBA30847F00
S3150202D7A030A0AE2EA8FCFFE274016339A6074840F8
S3150202D7B000E0DFDE2F471C271E4FF3460033B9F97E
S3150202D7C03D1BB2A9B5D401E0438A4E6E0000720037
S3150202D7D0FFFF8703FCFFFFFFFFFFFFFFFFFFFFFFC6
S3150202D7E0600E0000000000000000000000000000C1
S3150202D7F0000000000C0000001401010003000000FA
S3150202D80001000000000000000000000079EE0002A4
S3150202D810000000009403002203000000030000003F
S3150202D82029FD00029C0300220000000034D80202F5
S3150202D83001000000020000000000000001000000DA
S3150202D84029DB000215DC00025DDC000251DB00026C
S3150202D850ADDB000200000000000000000000005FD5
S3150202D86000000007000700147F147F14242A7F2A6F
S3150202D870122313086462364955225000050300003A
S3150202D880001C2241000041221C0014083E08140812
S3150202D890083E080800503000000808080808006020
S3150202D8A060000020100804023E5149453E00427FB4
S3150202D8B0400042615149462141454B311814127FBB
S3150202D8C01027454545393C4A494930017109050344
S3150202D8D03649494936064949291E003636000000AC
S3150202D8E0563600000814224100141414141400417E
S3150202D8F02214080201510906324979413E7E11116A
S3150202D900117E7F494949363E414141227F414122A8
S3150202D9101C7F494949417F090909013E4149497A20
S3150202D9207F0808087F00417F41002040413F017F76
S3150202D930081422417F404040407F020C027F7F044E
S3150202D94008107F3E4141413E7F090909063E415187
S3150202D950215E7F09192946464949493101017F015A
S3150202D960013F4040403F1F2040201F3F4038403F7A
S3150202D9706314081463070870080761514945430096
S3150202D9807F41410002040816200041417F00040241
S3150202D9900102044040404040000102040020545467
S3150202D9A054787F48444438384444442038444448EE
S3150202D9B07F3854545418087E0901020C5252523EC0
S3150202D9C07F0804047800447D40002040447D007FA5
S3150202D9D01028440000417F40007C041804787C0829
S3150202D9E004047838444444387C1414140808141481
S3150202D9F0187C7C080404084854545420043F4440CA
S3150202DA00203C4040207C1C2040201C3C4030403CB4
S3150202DA1044281028440C5050503C4464544C440050
S3150202DA200836410000007F00000041360800100857
S3150202DA30081008000000006800C01268008025680D
S3150202DA40000000000000F03F748515D3B0D9EF3F05
S3150202DA500F89F96C58B5EF3F515B12D00193EF3F34
S3150202DA607B517D3CB872EF3FAAB968318754EF3FCA
S3150202DA703862756E7A38EF3FE1DE1FF59D1EEF3F83
S3150202DA8015B7310AFE06EF3FCBA93A37A7F1EE3FA9
S3150202DA902234124CA6DEEE3F2D89616008CEEE3F9D
S3150202DAA0272A36D5DABFEE3F824F9D562BB4EE3F7A
S3150202DAB0295448DD07ABEE3F85553AB07EA4EE3FC8
S3150202DAC0CD3B7F669EA0EE3F745FECE8759FEE3F0C
S3150202DAD08701EB7314A1EE3F13CE4C9989A5EE3F53
S3150202DAE0DBA02A42E5ACEE3FE5C5CDB037B7EE3F45
S3150202DAF090F0A38291C4EE3F5D253EB203D5EE3F7E
S3150202DB00ADD35A999FE8EE3F475EFBF276FFEE3FB0
S3150202DB109C5285DD9B19EF3F6990EFDC2037EF3F80
S3150202DB2087A4FBDC1858EF3F5F9B7B33977CEF3F62
S3150202DB30DA90A4A2AFA4EF3F40456E5B76D0EF3FE8
S3150202DB40000000000000E8429423914BF86AAC3FC1
S3150202DB50F3C4FA50CEBFCE3FD6520CFF422EE63F58
S3150202DB600000000000003843FE822B65471547403D
S3150202DB709423914BF86ABC3EF3C4FA50CEBF2E3FB1
S3150202DB80D6520CFF422E963FA2000000F9A20000D6
S3150202DB9083F9A2006E83F9A24E6E83F9444E6E8316
S3150202DBA015444E6E2915444EFC29154427FC2915A7
S3150202DBB05727FC29D15727FCF5D1572734F5D157D8
S3150202DBC0DD34F5D1C0DD34F5DBC0DD3462DBC0DD28
S3150202DBD09562DBC0999562DB3C999562433C9995C5
S3150202DBE090433C994190433C000000000000F03F04
S3150202DBF0000000000000F0BF000000000000F0BFBD
S3150202DC00000000000000F03F83C8C96D305F644126
S3150202DC10182D4454FB21F93F000000000000F03F9A
S3150202DC201C620CFDFFFFDFBF198F06E15355A53FAC
S3150202DC309D359AE887C056BFC3F87B024393F93EE5
S3150202DC4003A695595455C5BFC40B23057610813FC9
S3150202DC5024CF7437EB9429BF000000000000F03F86
S3150202DC60000000000000F0BF000000000000F0BF4C
S3150202DC70000000000000F03F83C8C96D305F6441B6
S3150202DC80182D4454FB21F93F000000000000F0BFAA
S3150202DC901C620CFDFFFFDF3F198F06E15355A5BF3C
S3150202DCA09D359AE887C0563FC3F87B024393F9BE75
S3150202DCB003A695595455C5BFC40B23057610813F59
S3150202DCC024CF7437EB9429BF232D302B2000686CA6
S3150202DCD04C00656667454647003031323334353685
S3150202DCE037383941424344454600303132333435BE
S3150202DCF03637383961626364656600004275696C5B
S3150202DD007420776974682052656E65736173204167
S3150202DD106476616E63656420466C657869626C65D9
S3150202DD2020536F667477617265205061636B616717
S3150202DD30652076657273696F6E20362E342E300038
S3110202DD40362E342E3000000000000406CD
S3090202DD4CF8B500BF5D
S3090202DD50F8B500BF59
S3110202DD546D0500028DDC000205260102AC
S3090202DD604505000269
S30D0202DD649852FE7F0100000045
S30902C9F040FFFFFFFFFF
S30902C9F044EFFFFFFF0B
S30902C9F0C0FFFFFFFD81
S30902C9F0C4FFFFFFFF7B
S30902C9F120000000001A
S30902C9F1240000000016
S7050200A11146
